time_s,stress_mpa,displacement_m,displacement_y_m,deformation_m,idr
0.01,164.8703019126005,0.0005332956032571749,1.7370759966546133e-05,0.0003873798423907049,0.00011065567727866676
0.02,164.87030192136208,0.0005332956047073463,1.7370759920313272e-05,0.0003873798424289762,0.00011065567728960477
0.03,164.87030197219335,0.0005332956130750698,1.737075766863437e-05,0.000387379842718941,0.00011065567737245652
0.04,164.8703021156968,0.0005332956365433753,1.7370737237630032e-05,0.0003873798439856708,0.00011065567773426228
0.05,164.87030239735853,0.0005332956825786923,1.7370662717354818e-05,0.0003873798477906139,0.00011065567882044154
0.060000000000000005,164.87030289114443,0.000533295764136201,1.7370507175013644e-05,0.000387379856835447,0.00011065568140080552
0.07,164.8703036688094,0.0005332958945094764,1.7370283222793916e-05,0.00038737987538402637,0.00011065568668956608
0.08,164.8703047446859,0.0005332960781168404,1.7370066526817954e-05,0.0003873799094027426,0.00011065569638599401
0.09,164.87030617263713,0.000533296327376201,1.737002687980022e-05,0.0003873799662728864,0.00011065571259469609
0.09999999999999999,164.87030815279917,0.000533296680101456,1.737038642162534e-05,0.0003873800551213226,0.00011065573792477012
0.10999999999999999,164.87031099132162,0.0005332971914121736,1.7371367873508752e-05,0.0003873801882736317,0.00011065577591110512
0.11999999999999998,164.8703151217547,0.0005332979385768874,1.737317068943845e-05,0.0003873803831241093,0.0001106558315548675
0.12999999999999998,164.87032080949012,0.000533298975667754,1.7375842932071178e-05,0.0003873806633683824,0.00011065591168017782
0.13999999999999999,164.8703274105409,0.0005333002151627112,1.7379101519573937e-05,0.0003873810562188143,0.00011065602413785073
0.15,164.87033299413577,0.0005333013693878519,1.7382339625064743e-05,0.00038738158093408725,0.00011065617451847925
0.16,164.87033506909478,0.0005333020652442827,1.738483335112471e-05,0.0003873822303863491,0.0001106563608674217
0.17,164.8703320381428,0.0005333020605506415,1.7385984335289988e-05,0.0003873829560474409,0.00011065656937357068
0.18000000000000002,164.87032341885762,0.0005333012509224543,1.7385413245278512e-05,0.000387383663550532,0.00011065677308357806
0.19000000000000003,164.87030834454353,0.0005332994250706272,1.7382914302279466e-05,0.0003873842119352077,0.00011065693167513508
0.20000000000000004,164.87028449221134,0.0005332961290262986,1.7378350765714477e-05,0.00038738440744550046,0.0001106569896788141
0.21000000000000005,164.8702493171236,0.0005332908881463364,1.737179590616936e-05,0.0003873839996884587,0.00011065687537855174
0.22000000000000006,164.87020177140604,0.0005332834378534839,1.736403297158889e-05,0.00038738269484035005,0.00011065650459308583
0.23000000000000007,164.87014556676664,0.0005332742073716766,1.7356616395510786e-05,0.00038738019254744294,0.00011065579124692129
0.24000000000000007,164.87009423336542,0.0005332651735142543,1.735160488196693e-05,0.0003873762674900806,0.00011065467072583498
0.25000000000000006,164.87006211354165,0.000533258428465692,1.735070701490008e-05,0.00038737089306172705,0.00011065313527835933
0.26000000000000006,164.87004394724121,0.0005332529566383674,1.735458959680501e-05,0.00038736428900921507,0.00011065124767707494
0.2700000000000001,164.87001303177854,0.0005332445611168667,1.7364564182970807e-05,0.00038735677885422915,0.00011064910050352719
0.2800000000000001,164.86993655273088,0.0005332282964402143,1.738252405068338e-05,0.0003873485404737599,0.00011064674490273762
0.2900000000000001,164.86978974595638,0.0005332002458566247,1.7406839196151883e-05,0.00038733939904252125,0.00011064413143324416
0.3000000000000001,164.86956653778174,0.000533158867096,1.7430224860737876e-05,0.0003873286971047321,0.00011064107287443834
0.3100000000000001,164.86929124255985,0.0005331071306420069,1.7442876596163492e-05,0.0003873153053216539,0.00011063724710220298
0.3200000000000001,164.8690150625214,0.0005330523302304176,1.7437389860319825e-05,0.00038729792953870554,0.00011063228457534215
0.3300000000000001,164.8687887916861,0.0005330017056879879,1.7411656685630288e-05,0.00038727565794783144,0.0001106259244998665
0.34000000000000014,164.8686594633434,0.0005329621187522713,1.7370135347629932e-05,0.00038724847459035495,0.00011061816153654604
0.35000000000000014,164.86868424386708,0.0005329427006717576,1.732271921889991e-05,0.00038721768214146563,0.00011060936676038192
0.36000000000000015,164.8689177732401,0.0005329528602968871,1.7281602500993537e-05,0.00038718631065097443,0.00011060040474233838
0.37000000000000016,164.8693857432853,0.000532997992500667,1.725817365989222e-05,0.0003871592969430402,0.00011059268516230812
0.38000000000000017,164.87005217282018,0.0005330744067083737,1.7261446593336195e-05,0.00038714306794556725,0.00011058804407408805
0.3900000000000002,164.87081146133383,0.0005331682861359676,1.729592626885857e-05,0.0003871444336777521,0.00011058842780107472
0.4000000000000002,164.8715286128374,0.0005332617152123373,1.7357591117626063e-05,0.00038716909230406086,0.00011059546580668891
0.4100000000000002,164.87206990252386,0.0005333360766307171,1.7435238219701017e-05,0.0003872201120906567,0.00011061003675125642
0.4200000000000002,164.872308630512,0.0005333718167605292,1.75189290469878e-05,0.00038729649633822494,0.00011063185809571196
0.4300000000000002,164.872147371175,0.0005333524992506201,1.760362701632195e-05,0.000387392060003731,0.00011065916476035306
0.4400000000000002,164.87153905311865,0.0005332687837938359,1.7682194776301063e-05,0.0003874952214467976,0.00011068864937611119
0.45000000000000023,164.87049517315472,0.0005331190719696451,1.7741487131753363e-05,0.0003875900041986463,0.00011071574832393969
0.46000000000000024,164.86910175955032,0.0005329115045463261,1.7769911706079303e-05,0.0003876579299082213,0.00011073518235714607
0.47000000000000025,164.86751589709868,0.0005326644925322724,1.7764562014666167e-05,0.0003876805070778944,0.00011074166750027167
0.48000000000000026,164.86592332039808,0.0005324019599350638,1.7732975537227922e-05,0.00038764222263574106,0.00011073076988237681
0.49000000000000027,164.86450427623365,0.0005321491387249402,1.7687649991956382e-05,0.0003875336711354569,0.00011069980020901029
0.5000000000000002,164.86343943407516,0.0005319334730985433,1.7638778876073405e-05,0.00038735419605674784,0.00011064856893763916
0.5100000000000002,164.86290128080216,0.0005317828818416589,1.7600996088442463e-05,0.0003871135304823854,0.00011057985548315395
0.5200000000000002,164.862986520755,0.0005317154494531201,1.7590920963887864e-05,0.0003868319704037745,0.00011049945813703649
0.5300000000000002,164.86367214843932,0.0005317336137976539,1.7613498621539134e-05,0.00038653868863688636,0.00011041571264667174
0.5400000000000003,164.86483628859312,0.0005318270865569389,1.766849772378617e-05,0.00038626835505801873,0.0001103385265902047
0.5500000000000003,164.86630173409606,0.0005319769154972082,1.775969430401001e-05,0.0003860566851161203,0.0001102781072615808
0.5600000000000003,164.86786523044174,0.0005321575188188992,1.78930687768338e-05,0.0003859354039953925,0.00011024352257123925
0.5700000000000003,164.86931454402264,0.000532339313127237,1.8084492511275732e-05,0.0003859271075320481,0.00011024123263640877
0.5800000000000003,164.87048003172208,0.0005324978534737126,1.8362525258135074e-05,0.0003860410762146141,0.00011027389397306748
0.5900000000000003,164.87123289580052,0.0005326120515986861,1.874808618824252e-05,0.0003862711309452126,0.00011033974727104668
0.6000000000000003,164.87145200564044,0.0005326570198314127,1.9235432726393493e-05,0.00038659547446988677,0.000110432572395569
0.6100000000000003,164.8710668552789,0.0005326126675933971,1.9795252608436474e-05,0.0003869780571413388,0.00011054207842308483
0.6200000000000003,164.87010808021066,0.0005324747062070338,2.038892398656407e-05,0.0003873719533290915,0.00011065486758675633
0.6300000000000003,164.86868560546952,0.0005322513941817492,2.0974245851123906e-05,0.0003877250955026408,0.00011075607256116723
0.6400000000000003,164.86690302429145,0.0005319490469962268,2.1509088426389685e-05,0.0003879870484261112,0.0001108312909412659
0.6500000000000004,164.8648344259526,0.0005315708123854369,2.1963708770188478e-05,0.0003881150369955891,0.00011086830661676627
0.6600000000000004,164.86256334363912,0.0005311264644382244,2.2323387940233505e-05,0.0003880788958955322,0.00011085850330853984
0.6700000000000004,164.8601994787119,0.0005306344742305279,2.2570125553830884e-05,0.0003878652165110396,0.00011079804900113909
0.6800000000000004,164.85792597513515,0.0005301265837450124,2.2663517847355603e-05,0.00038748004739974954,0.00011068866714366145
0.6900000000000004,164.8559414684697,0.0005296375334688661,2.2559098888499764e-05,0.0003869491898254866,0.0001105377204653471
0.7000000000000004,164.85432036139716,0.0005291852556988921,2.2251305423963008e-05,0.0003863156855460198,0.00011035749258839996
0.7100000000000004,164.85309432057915,0.0005287865022419061,2.178988576946686e-05,0.0003856351908390037,0.0001101638666301587
0.7200000000000004,164.85235983834912,0.0005284696410063373,2.1267878173533446e-05,0.00038497064806544695,0.00010997480459149556
0.7300000000000004,164.85217339562124,0.0005282506921724574,2.0783690109238327e-05,0.0003843861805396258,0.00010980860571542891
0.7400000000000004,164.85249004882618,0.000528125510083491,2.0411192359139856e-05,0.00038393933003264013,0.00010968169099746894
0.7500000000000004,164.8532327155976,0.0005280879801708271,2.019943577397997e-05,0.0003836734126644619,0.00010960642068767162
0.7600000000000005,164.85436364537003,0.0005281396788507941,2.0157423099239075e-05,0.0003836130617849394,0.00010958982165346617
0.7700000000000005,164.8559038622942,0.0005282839383467461,2.023482554308616e-05,0.0003837630387003258,0.00010963324750503593
0.7800000000000005,164.85777357299696,0.0005284985166385553,2.035753675535848e-05,0.00038410790905308396,0.00010973228489971498
0.7900000000000005,164.85964708004957,0.0005287227356801861,2.0481620763136602e-05,0.0003846117265779086,0.00010987666149727996
0.8000000000000005,164.8610600656828,0.0005288815486571847,2.0595598183549168e-05,0.0003852197160171467,0.000110050725751913
0.8100000000000005,164.86165499177844,0.0005289157006121471,2.0699462984738214e-05,0.00038586347522981987,0.00011023493303751697
0.8200000000000005,164.86138535112707,0.000528803180631778,2.078545673483648e-05,0.0003864683068314259,0.00011040794039977976
0.8300000000000005,164.86036776905667,0.0005285400173451585,2.0841598175629857e-05,0.00038696056735863956,0.00011054870608790013
0.8400000000000005,164.85853891628292,0.0005281008656310708,2.0873097569023327e-05,0.0003872743430753378,0.00011063839674674825
0.8500000000000005,164.85574138273287,0.0005274589443874703,2.088679445776959e-05,0.00038735798530193006,0.00011066225479564456
0.8600000000000005,164.85212927294054,0.0005266385792196204,2.0870829271734735e-05,0.00038718105016063856,0.0001106115813830379
0.8700000000000006,164.8482122890826,0.0005257099104338377,2.0796438692066223e-05,0.00038674001190155483,0.0001104853685849106
0.8800000000000006,164.8445432666796,0.0005247494584693732,2.0626847280120212e-05,0.000386059801346485,0.00011029073846697334
0.8900000000000006,164.84155105084687,0.0005238344863014879,2.035474772128466e-05,0.00038519170320863635,0.00011004234186184298
0.9000000000000006,164.839599357063,0.0005230511404286654,2.0012121673723906e-05,0.00038421104777858065,0.00010976169882992724
0.9100000000000006,164.8391106983359,0.0005224926665353731,1.9651199338807554e-05,0.0003832143807193581,0.0001094763906204409
0.9200000000000006,164.84053823562198,0.0005222476964247219,1.9339967381377717e-05,0.00038231204355646605,0.00010921794094389703
0.9300000000000006,164.84407823174064,0.0005223717213621457,1.913288623629916e-05,0.0003816156200031777,0.00010901823061479864
0.9400000000000006,164.8494407337417,0.0005228625461747558,1.904285859831831e-05,0.0003812247501130499,0.00010890573130297356
0.9500000000000006,164.85605015374819,0.0005236766289704184,1.9035710145682994e-05,0.00038121672252244333,0.00010890253221106508
0.9600000000000006,164.86319338295237,0.000524726827064707,1.9049658308167645e-05,0.00038163711002644075,0.00010902166378072605
0.9700000000000006,164.86984889557408,0.0005258537786088287,1.901880239769301e-05,0.0003824881105018325,0.00010926376467886404
0.9800000000000006,164.87486316481747,0.0005268760438779456,1.8868407750976856e-05,0.00038371757373966054,0.00010961394385673091
0.9900000000000007,164.87722203783278,0.0005276338024697257,1.8511722892957957e-05,0.0003852170115544907,0.00011004120886235651
1.0000000000000007,164.8762616689892,0.0005279948493096308,1.7859372810412393e-05,0.0003868303751237252,0.0001105009705274213
1.0100000000000007,164.8719404497647,0.0005278881606896685,1.68160790453672e-05,0.00038836799439781456,0.00011093902250497487
1.0200000000000007,164.86482491831467,0.0005273279192727728,1.5291478330941557e-05,0.00038962429424448705,0.00011129659976058968
1.0300000000000007,164.85594567933566,0.0005264178419444901,1.3261479268427276e-05,0.0003904033714843208,0.00011151768365679662
1.0400000000000007,164.84668586825958,0.0005253287156180621,1.0822938633307778e-05,0.0003905515839976179,0.000111558312583812
1.0500000000000007,164.83877613354966,0.0005242843398284552,1.0603098390562917e-05,0.00038998818131383143,0.00011139533619859139
1.0600000000000007,164.83405901701502,0.0005235387289477546,1.3065118381868001e-05,0.0003887258855702941,0.00011103230203031106
1.0700000000000007,164.83374347140239,0.0005232876591612938,1.501812020823748e-05,0.0003868792667171217,0.00011050185914717307
1.0800000000000007,164.83774134304883,0.0005235699204245378,1.615774712807944e-05,0.0003846591160606641,0.00010986416585334769
1.0900000000000007,164.84500598554516,0.0005242994339088745,1.632271702796175e-05,0.0003823498822334065,0.00010920046058292974
1.1000000000000008,164.85439092377098,0.0005253772338415383,1.548340045849924e-05,0.00038027239532454916,0.0001086024287513337
1.1100000000000008,164.8646866311705,0.0005266870650487826,1.3763689618299565e-05,0.000378738550877695,0.00010815926799130312
1.1200000000000008,164.8744472467125,0.0005280719563792206,1.1419545516086339e-05,0.00037800401752857704,0.00010794417924232543
1.1300000000000008,164.8823107202104,0.0005293804132608719,9.433391729126895e-06,0.00037822704834345746,0.00010800258778143832
1.1400000000000008,164.88746018068284,0.0005305151742302711,1.1839719912617981e-05,0.00037944287963781074,0.00010834480279470772
1.1500000000000008,164.88990084801034,0.0005314602356682159,1.3723359934488456e-05,0.0003815571076959223,0.0001089440881146784
1.1600000000000008,164.89022305852797,0.0005322552964179022,1.4814356870360937e-05,0.0003843557229705223,0.00010973949060359867
1.1700000000000008,164.88909720962963,0.0005329417254710992,1.4994083116499381e-05,0.0003875304454007106,0.00011064305051971503
1.1800000000000008,164.88709526231216,0.0005335463003474898,1.4296424628798423e-05,0.00039071916311501914,0.00011155134530544417
1.1900000000000008,164.88472088932798,0.0005340792735012282,1.2977150967802215e-05,0.00039355584709754496,0.00011235976060369759
1.2000000000000008,164.88238237510484,0.0005345304095592583,1.1444270101055443e-05,0.0003957179698882917,0.00011297606428599621
1.2100000000000009,164.88071092736706,0.0005349440729606043,1.008524546319555e-05,0.00039696448370927666,0.00011333129111837716
1.2200000000000009,164.8804129938269,0.0005354124003447745,9.162791757051077e-06,0.00039716673009578473,0.00011338860601843954
1.2300000000000009,164.881188971649,0.0005358911056181148,8.803387537317985e-06,0.0003963281091214364,0.00011314894565183613
1.2400000000000009,164.88165977827546,0.0005361812756794063,9.034414693843613e-06,0.0003945793352774386,0.00011264967056308517
1.2500000000000009,164.88091560124832,0.0005361849650925108,9.844475309471868e-06,0.00039215140193938697,0.00011195683706417889
1.260000000000001,164.87922900028732,0.0005360032724378848,1.117555610147488e-05,0.00038934450087189606,0.00011115630773291347
1.270000000000001,164.8770291457776,0.0005357405487955375,1.2853430041238412e-05,0.00038649662689295325,0.00011034476532954133
1.280000000000001,164.87438216672328,0.0005354291030986375,1.4594225810507831e-05,0.00038394167897559564,0.00010961771481320432
1.290000000000001,164.87122103863086,0.000535095233265514,1.6043593371748308e-05,0.000381963389643796,0.00010905628620195845
1.300000000000001,164.86726412429638,0.0005347353817207998,1.6816472982487126e-05,0.00038076228280115493,0.00010871776254217279
1.310000000000001,164.86216602127985,0.0005343026996528019,1.6605457271207926e-05,0.00038043605529467905,0.00010862995433420768
1.320000000000001,164.85593375720129,0.0005337669410758872,1.530764007098627e-05,0.00038096511383550166,0.00010878706569395037
1.330000000000001,164.84892475038382,0.0005331442721019698,1.3107993986942016e-05,0.0003822090653662833,0.00010914871539595083
1.340000000000001,164.84158003709,0.0005324732449866318,1.0405747689880866e-05,0.0003839261001801223,0.00010964552044034665
1.350000000000001,164.83443663346213,0.000531799148446481,9.626706864894455e-06,0.00038581237535136113,0.00011019039871923021
1.360000000000001,164.82796980478972,0.0005311282450058794,1.2072876892707178e-05,0.00038754545010741737,0.0001106910156691741
1.370000000000001,164.82219044715322,0.0005303829876721608,1.3842034239123622e-05,0.0003888213316437928,0.00011106038483951571
1.380000000000001,164.81647242979318,0.0005294122226825505,1.459590199690171e-05,0.0003893871141926952,0.00011122619315835129
1.390000000000001,164.8098134769105,0.0005280297606290891,1.4111731049072634e-05,0.0003890710953321673,0.00011113939554039958
1.400000000000001,164.8013249094413,0.0005260516344992707,1.2399414127018911e-05,0.00038780247062462084,0.00011077982575972056
1.410000000000001,164.79020226270956,0.0005232768750501737,9.75643715770748e-06,0.00038561148057640913,0.00011015621881600413
1.420000000000001,164.7760489375826,0.0005195815272440916,1.0642136615872143e-05,0.0003826134385108902,0.00010930162772857001
1.430000000000001,164.75963010723126,0.0005150679405912935,1.3621904817962458e-05,0.00037899151063430504,0.00010826848711200828
1.440000000000001,164.74270689718966,0.000510000425650771,1.6047687086560353e-05,0.0003749847322976561,0.00010712517775971629
1.450000000000001,164.72759930191924,0.0005047091086059188,1.7569980079767896e-05,0.00037087237712336325,0.00010595155359073375
1.460000000000001,164.71658285730436,0.000499540814223045,1.7946306122194692e-05,0.00036695085740422775,0.00010483233818522428
1.470000000000001,164.71093212632937,0.0004947612499319709,1.7109910051933136e-05,0.0003635108991860827,0.0001038506035309986
1.480000000000001,164.71088737844346,0.0004905343788475541,1.523483130454024e-05,0.00036081819058685077,0.00010308224553558565
1.490000000000001,164.71633952908186,0.00048697179225225316,1.2750793474920517e-05,0.00035909297248352034,0.00010259016139073761
1.500000000000001,164.72660722202627,0.00048407815101607804,1.0236638891677554e-05,0.0003584853183150055,0.00010241719693724629
1.5100000000000011,164.7400055406781,0.0004817245164198806,9.803156684067506e-06,0.00035904915512091585,0.00010257873238964992
1.5200000000000011,164.75432322402682,0.0004797388441304953,1.1453578025289386e-05,0.0003607255582365267,0.0001030579129663474
1.5300000000000011,164.76710515579376,0.00047787919554815645,1.2236931266603726e-05,0.00036334254992134127,0.00010380559028949545
1.5400000000000011,164.775739472258,0.00047578395860623093,1.2311567127487382e-05,0.000366623809430508,0.00010474280737471756
1.5500000000000012,164.77784330229204,0.000473065262218072,1.2015313121927112e-05,0.00037019833554930353,0.00010576355512138199
1.5600000000000012,164.77227286885767,0.00046952812207965117,1.1731034900262181e-05,0.00037362157996138776,0.00010674080627470275
1.5700000000000012,164.75983271880486,0.00046525732861288,1.1797341364486395e-05,0.0003764230736113136,0.00010754011887512954
1.5800000000000012,164.74266106859685,0.0004604579503225715,1.2391072366495751e-05,0.00037817180141153133,0.0001080383107043565
1.5900000000000012,164.72295833611932,0.00045529178773426223,1.3444951485402901e-05,0.0003785327468772806,0.00010813961171532324
1.6000000000000012,164.70184644170837,0.00044980977822514444,1.4718483486606274e-05,0.00037730268932169986,0.00010778589115883566
1.6100000000000012,164.68014354251602,0.0004441168274142841,1.601855676734924e-05,0.0003744357275015113,0.0001069639531699147
1.6200000000000012,164.65965442826698,0.0004384979065471401,1.7373787551592545e-05,0.00037006541111741587,0.00010571186611168765
1.6300000000000012,164.642555248101,0.00043326216991454496,1.8969674064278706e-05,0.00036450650276896867,0.00010411947212919922
1.6400000000000012,164.63025551306504,0.00042864365067568774,2.1105648057978868e-05,0.00035821916825707126,0.00010231815883525283
1.6500000000000012,164.6232894889344,0.0004248785366287653,2.4148784615240007e-05,0.0003517526530808432,0.000100464764926282
1.6600000000000013,164.6220976806222,0.0004222659798844486,2.8296129379126852e-05,0.0003456978607955121,9.872802522799548e-05
1.6700000000000013,164.62814294964295,0.0004212056416834154,3.351667259656925e-05,0.00034064754249133914,9.72771894016368e-05
1.6800000000000013,164.64377274354402,0.00042215924129491116,3.957543720877346e-05,0.00033714571180305867,9.626756297027212e-05
1.6900000000000013,164.66990569923675,0.00042538680046691723,4.5970882397157426e-05,0.0003356296864697035,9.582394490044949e-05
1.7000000000000013,164.7045728179501,0.0004307584123360172,5.204369569246758e-05,0.00033638578029505825,9.60279743473315e-05
1.7100000000000013,164.74403566239886,0.00043782919197504836,5.725797357787125e-05,0.0003395255211722049,9.691135194728813e-05
1.7200000000000013,164.7843949030742,0.00044598433859495233,6.136881897594411e-05,0.0003449670356763803,9.845053514395279e-05
1.7300000000000013,164.8221243071632,0.00045456191726911356,6.4325211823892e-05,0.0003524124024474966,0.00010056026420312142
1.7400000000000013,164.85401940420073,0.00046295643780143306,6.624321623187982e-05,0.000361342350929291,0.00010309202658542095
1.7500000000000013,164.87705395137877,0.00047059586656447125,6.739562663621151e-05,0.0003710545526912218,0.00010584497318603112
1.7600000000000013,164.8890785809509,0.00047695978361086554,6.80048983379244e-05,0.000380736292939465,0.00010858666444616804
1.7700000000000014,164.89001604593193,0.0004817624159854303,6.833100535369166e-05,0.00038954265955430147,0.0001110753981516999
1.7800000000000014,164.88088931624708,0.0004849056598064831,6.885745273679679e-05,0.00039667181985933995,0.00011308170267378286
1.7900000000000014,164.8629144045903,0.00048642747960500886,7.015648656465145e-05,0.00040144686473936623,0.00011441170220935718
1.8000000000000014,164.83910761677066,0.0004867339743178775,7.266078920148034e-05,0.0004034077247433094,0.00011493336965951179
1.8100000000000014,164.81512925531538,0.0004866515194347265,7.639111396843012e-05,0.0004023973757978294,0.0001146011856616736
1.8200000000000014,164.79752169418688,0.00048716439651578933,8.102986925789367e-05,0.00039861243485781497,0.00011347068721530018
1.8300000000000014,164.79084958540872,0.0004890791577157835,8.631061921561644e-05,0.00039260178214696136,0.00011169823970825693
1.8400000000000014,164.79743049907415,0.000493033805123203,9.208479517053155e-05,0.00038522550502056936,0.00010952954106807324
1.8500000000000014,164.81962038461083,0.0004997503404270226,9.818705664211319e-05,0.00037759161617297916,0.00010728183492381005
1.8600000000000014,164.858990983506,0.0005097538988970844,0.00010430486775298395,0.0003709595002742275,0.00010531661109715972
1.8700000000000014,164.91330754089014,0.0005229149240261739,0.00010986568246778287,0.0003665860533336075,0.00010399574699286501
1.8800000000000014,164.97622324443915,0.0005385310382702089,0.00011423685713698409,0.00036553779954464195,0.0001036275455139984
1.8900000000000015,165.0389471482356,0.000555539563005335,0.0001169926460017848,0.0003685306881656558,0.00010442026903914551
1.9000000000000015,165.0926397759529,0.0005726660618828988,0.00011810828922271926,0.00037581704418595445,0.00010644890724786693
1.9100000000000015,165.13087598733347,0.000588718223226537,0.00011806778797242556,0.00038709971529876197,0.00010962978535007291
1.9200000000000015,165.15065252996095,0.0006028928996860871,0.00011749213371318203,0.0004014949883192894,0.00011370957365632658
1.9300000000000015,165.15291221829148,0.0006150007551047762,0.00011682444581136949,0.00041760682657603006,0.00011828683005873797
1.9400000000000015,165.1411963015331,0.0006251693185410777,0.0001164625595636679,0.00043372136037965394,0.00012286841073892282
1.9500000000000015,165.11926418597784,0.0006333665469903292,0.00011677106679741471,0.0004480434714598931,0.00012693785618160552
1.9600000000000015,165.0902300567099,0.0006394242549273393,0.00011773232919057208,0.00045890726995152873,0.000130015944317847
1.9700000000000015,165.05634509412323,0.0006432466533085672,0.00011881024659214474,0.00046497013512730067,0.00013171631296239193
1.9800000000000015,165.02042913339008,0.0006450430972133871,0.0001194212984663765,0.00046540662232724884,0.00013180105581875478
1.9900000000000015,164.98719339842023,0.0006453506819770104,0.00011919474406748622,0.0004600565532506805,0.00013022330241265989
2.0000000000000013,164.96170212968138,0.0006447613666893477,0.00011795888752635177,0.00044946605178692293,0.00012713925273822688
2.010000000000001,164.9474487418477,0.00064384538734339,0.00011630701145324854,0.00043482192634613473,0.00012288983187747678
2.020000000000001,164.94748664715613,0.0006434590583429639,0.00011486876907464316,0.0004178337776070027,0.00011796761220579111
2.0300000000000007,164.96496845531777,0.0006445973042742137,0.00011337022223159801,0.0004005868542140677,0.00011297546443888245
2.0400000000000005,165.00124489295132,0.0006478408484324043,0.00011209616362391838,0.0003853281454762288,0.00010856557187215147
2.0500000000000003,165.05432153243282,0.0006532348184411412,0.00011119028166487542,0.0003741796761966822,0.00010535614996848464
2.06,165.11797556115036,0.0006603706031640041,0.00011050335969261578,0.0003688568622503624,0.00010384779008353017
2.07,165.18293302194013,0.0006684307552468774,0.00010984951707669328,0.0003704595059324414,0.00010435973886075075
2.0799999999999996,165.24105762698184,0.000676493391282523,0.00010956053898843621,0.00037932518435511116,0.00010698531428710972
2.0899999999999994,165.28802560779545,0.0006838790107688125,0.00011043066964477557,0.0003949288414799145,0.00011156379265524673
2.099999999999999,165.3209357657772,0.0006900270216336663,0.00011304347722374137,0.0004158686286047269,0.00011768016846855781
2.109999999999999,165.33721607931602,0.0006944840703455694,0.00011733515935689613,0.0004399902214776827,0.00012470533865163906
2.1199999999999988,165.3366794034615,0.000697042801202563,0.00012278351134198005,0.0004646492124320192,0.00013187404015858753
2.1299999999999986,165.3219868839994,0.0006976159563823465,0.00012872173950161838,0.0004870468601315462,0.00013838133103165765
2.1399999999999983,165.29693161792898,0.0006961605672984686,0.0001344304659379233,0.0005045634003546784,0.00014347685897559223
2.149999999999998,165.2643183111065,0.0006926968028023541,0.0001391233068271781,0.0005150621522589316,0.00014655044061737796
2.159999999999998,165.22554291913974,0.0006872555726929038,0.00014206713930107467,0.0005171617791688719,0.00014720882689168188
2.1699999999999977,165.18178691235096,0.0006798030633519488,0.00014288868897360574,0.0005104324162255277,0.00014533110620160074
2.1799999999999975,165.13496665554138,0.000670354099997455,0.0001416268750457554,0.0004954473654383705,0.00014108313217059542
2.1899999999999973,165.08681466732165,0.0006591064789300831,0.00013830649531461757,0.00047368012931606543,0.00013488797552086766
2.199999999999997,165.03810560938237,0.0006464595516078622,0.00013296174393223704,0.00044730770160248084,0.00012736978241581788
2.209999999999997,164.98997622329327,0.0006329913616682569,0.00012580308197274656,0.000418973203585438,0.00011928615959346383
2.2199999999999966,164.94542599609403,0.0006194521494996786,0.00011768240996471101,0.0003959005337228123,0.00011144785669323261
2.2299999999999964,164.90839228956597,0.0006067134549405667,0.00010868746367827472,0.0003779328638035683,0.00010462371563924253
2.239999999999996,164.88087220971636,0.0005955249110380247,9.845690803089788e-05,0.00036148136949705175,9.94469218788862e-05
2.249999999999996,164.8618903367225,0.0005862810686131639,8.804242643206644e-05,0.00035785071987282655,9.634623323742143e-05
2.259999999999996,164.84870928744704,0.0005789179380004286,7.838740491292579e-05,0.00036762484029766293,9.550826556291218e-05
2.2699999999999956,164.83721001920998,0.0005728548578790698,7.005464228584676e-05,0.0003712398364294765,9.685848150904137e-05
2.2799999999999954,164.82192411189138,0.0005671756030546756,6.36269514666924e-05,0.00036848907568699536,0.00010005730916005584
2.289999999999995,164.79706797995803,0.0005609045832091985,5.967798114479273e-05,0.0003665431348837764,0.00010452850603515433
2.299999999999995,164.75758563469793,0.0005529862887393979,5.832098052827735e-05,0.000383903665325777,0.00010952892906228549
2.3099999999999947,164.70123352633829,0.0005424435152244251,5.930919444233147e-05,0.0004002665338544732,0.00011423954608100302
2.3199999999999945,164.63019241875645,0.0005287805001019545,6.191688680134681e-05,0.00042010314217747185,0.00011785527425340956
2.3299999999999943,164.54946191315963,0.0005119980457151266,6.431202069888997e-05,0.00044374552347719096,0.00011967516809501013
2.339999999999994,164.46354412393435,0.0004921263732115035,6.397698992070239e-05,0.0004652240357832111,0.00011919616798723204
2.349999999999994,164.41310149862406,0.00046903246525648485,5.879063748028711e-05,0.0004826470638530369,0.00011618887084111829
2.3599999999999937,164.48830902128216,0.0004428572064574092,4.7670894708061934e-05,0.0004945205188349676,0.00011072928293065063
2.3699999999999934,164.55850860511802,0.00041403588303654757,3.6585824016027236e-05,0.0004998762034331008,0.00010318585376018719
2.3799999999999932,164.62201402089258,0.00040190691834873245,6.146629538696547e-05,0.0004983428939967531,9.417676831095952e-05
2.389999999999993,164.67754091021533,0.0004261717852454645,8.793624612479606e-05,0.0004901561672524477,8.450510217141218e-05
2.399999999999993,164.72462448293837,0.0004453303783230651,0.0001132557574964829,0.00047611052855489497,7.506905244846085e-05
2.4099999999999926,164.76463435298746,0.0004601726296330954,0.00013458922773258426,0.00045746133647979383,7.826954581124904e-05
2.4199999999999924,164.79975380591327,0.0004717754796298112,0.00014961024377237685,0.00043578710241453365,8.406838388725576e-05
2.429999999999992,164.83172964831613,0.0004812426279898718,0.0001572742586791498,0.0004128271740306417,8.908693350712652e-05
2.439999999999992,164.86188950733546,0.0004897875255822483,0.00015796963356411338,0.00039031173391782285,9.301181288849303e-05
2.4499999999999917,164.8906395667536,0.000498580860543311,0.00015329633473109812,0.000369798690979999,9.565291740885067e-05
2.4599999999999915,164.91634134052066,0.0005147647783408432,0.00014559382914518758,0.0003525299036833283,9.696125519226572e-05
2.4699999999999913,164.93828681832608,0.0005383617275066069,0.00013702331743433425,0.0003408361387361879,9.70305984510968e-05
2.479999999999991,164.95788528297228,0.0005601553569643083,0.00012883080559900057,0.0003362971197845277,9.608293211460527e-05
2.489999999999991,164.9757196829741,0.0005805406375471266,0.00012129549221027743,0.0003305432224251192,9.444090773250265e-05
2.4999999999999907,164.99115099658542,0.0005997989305804748,0.00011433964527832325,0.00032461374796553664,9.249091108199205e-05
2.5099999999999905,165.0034191812135,0.000618116772496691,0.00010798980876557712,0.0003469025380705491,9.86707795786014e-05
2.5199999999999902,165.01213970877396,0.0006356213369030139,0.00010236062817399439,0.00036516983491534805,0.00010379924606750748
2.52999999999999,165.016745314956,0.0006523303365425514,9.744581871946948e-05,0.0003767675115830999,0.0001070043521765858
2.53999999999999,165.01666722376484,0.0006681622204647849,9.281337784692236e-05,0.0003815370096479681,0.00010823583523117656
2.5499999999999896,165.01215023544043,0.0006829706613557431,8.763654063346998e-05,0.00038003643833389885,0.00010764790403253859
2.5599999999999894,165.00379790169146,0.0006964431937212096,8.082987740467023e-05,0.00037345141649985366,0.00010557433922465717
2.569999999999989,164.99314430230007,0.0007083216945853749,7.155132041019463e-05,0.00036344060759862054,0.0001024854869708223
2.579999999999989,164.98281034853665,0.0007185376565620928,6.374466911316394e-05,0.0003520646399909596,0.00010048486488988716
2.5899999999999888,164.97468498028283,0.0007268890104648851,7.603802372179058e-05,0.0003667647856412048,0.00010466902195034983
2.5999999999999885,164.96919531420468,0.0007329206811626898,8.832146708426556e-05,0.0003808782865064668,0.00010868574709945251
2.6099999999999883,164.96648920771105,0.0007362549375552697,0.00010016829226236266,0.0003930753969224451,0.00011215470128102614
2.619999999999988,164.96642033713894,0.0007366942217033659,0.0001115656041880983,0.0004021950268982184,0.00011474361218304206
2.629999999999988,164.96892257226233,0.0007342334209870468,0.00012287801755312756,0.0004073653129264861,0.00011620277988551155
2.6399999999999877,164.97667619195025,0.0007294219933057096,0.0001346260983251271,0.00040808969887114714,0.00011638970875572697
2.6499999999999875,164.99384035759292,0.0007231774683231313,0.00014748799663817525,0.00040428805221337174,0.00011528088339459404
2.6599999999999873,165.0231117822619,0.0007163816075001787,0.00016225257301433985,0.0003962895065642068,0.0001129697564313528
2.669999999999987,165.06543922829678,0.0007098220677292991,0.00017964750671956036,0.00038477999227555884,0.00010965180746127511
2.679999999999987,165.12057091118092,0.0007039024079480735,0.00020029902733951057,0.00041210472116328376,0.0001055987710015035
2.6899999999999866,165.24210158468355,0.0006983204601883745,0.00022487935657691306,0.00044125980907942807,0.00010112494189325312
2.6999999999999864,165.35433953209846,0.0006922472429661548,0.00025410574097012263,0.0004682421238178721,0.00010275469521604635
2.709999999999986,165.44651591460877,0.0006849352449051746,0.0002883930109650612,0.0004922704668654877,0.0001048575707031906
2.719999999999986,165.51144034478511,0.0006758768673637386,0.0003275559393863295,0.0005133671291434055,0.00011450194476122985
2.7299999999999858,165.54795495069735,0.0006649570591030426,0.0003706771805496009,0.0005341492764489175,0.00012695997318332765
2.7399999999999856,165.55852848649732,0.000652269182749575,0.0004159091097654062,0.0005636445237075934,0.00013973597177011546
2.7499999999999853,165.54449177852194,0.0006373547454840273,0.0004604587582271815,0.0005917034025741681,0.00015200555767123905
2.759999999999985,165.50635809228098,0.0006197418866692627,0.0005013680294598625,0.0006165797282757407,0.00016289858876061895
2.769999999999985,165.4476298960002,0.0005994279559060127,0.0005363436219163507,0.0006366947196379499,0.00017173814977537442
2.7799999999999847,165.37360106110202,0.0005764770174942417,0.0005641167212808698,0.0006509084147613384,0.00017814476386469275
2.7899999999999845,165.29147982325017,0.0005513837147368344,0.0005844404439972874,0.0006588334380072398,0.00018203637473416222
2.7999999999999843,165.21033116222995,0.0005253116790280538,0.0005976249528007947,0.0006605954878444201,0.00018349574676274476
2.809999999999984,165.1363572858024,0.0004992956245995816,0.0006118433299107988,0.0006569529232531977,0.00018282104734157782
2.819999999999984,165.07150442127588,0.0004738907245052152,0.0006237368394683935,0.0006495686964527623,0.000180586769186311
2.8299999999999836,165.0159130307896,0.0004495874853570037,0.0006337720679288986,0.0006402219064777635,0.00017738628075307313
2.8399999999999834,164.96755885391403,0.0004268043963827548,0.0006439504267171755,0.0006306135795170016,0.0001738102998136329
2.849999999999983,164.92227837186994,0.00040578994195727063,0.0006568906302167191,0.0006228247020730041,0.00017062738152575057
2.859999999999983,164.87583313707555,0.00038671528558326693,0.0006751837213021005,0.0006186771733996562,0.00016859809288297155
2.869999999999983,164.8307142700826,0.0003694329507529517,0.000700786688144973,0.0006192227547309129,0.0001683002339078072
2.8799999999999826,164.92707517092916,0.0003534951645006178,0.0007351438455909979,0.0006251557912545642,0.00017016230061669217
2.8899999999999824,165.01591369608738,0.0003386786182991984,0.0007789437499021018,0.0006370558496312232,0.00017439315669983896
2.899999999999982,165.09455008774844,0.0003250894203071206,0.0008316074551996052,0.0006550052222939606,0.00018083546478515363
2.909999999999982,165.15899749173906,0.0003327448269654491,0.0008910038876301311,0.0006779342088236158,0.0001888848927384055
2.9199999999999817,165.20741410604657,0.0003456963335418945,0.0009533447345722196,0.0007030024415505988,0.0001974616584883631
2.9299999999999815,165.24396763813346,0.0003579683264041221,0.0010137518322245263,0.0007258503893387472,0.00020517504831764818
2.9399999999999813,165.27858311161177,0.0003714269031026142,0.0010676295607350184,0.0007420169150414165,0.00021071818261376635
2.949999999999981,165.3232685262811,0.0003884059266965898,0.0011115413076596395,0.0007496606724564601,0.0002131207699387036
2.959999999999981,165.38841759151234,0.00041122525230047753,0.0011436563701109643,0.0007486383236056153,0.00021187866863331775
2.9699999999999807,165.48007820589967,0.00044158708655006455,0.0011642295813715084,0.0007366922567326391,0.00020709216134056239
2.9799999999999804,165.59946459043735,0.00048030937908927126,0.0011759495470056714,0.0007166728387109151,0.00019956538314128608
2.9899999999999802,165.74602426639592,0.0005278732606983518,0.0011835059116570216,0.0006931614505583757,0.00019068080380245462
2.99999999999998,165.91821755656144,0.0005846264330873719,0.001191893721744353,0.00067080786095163,0.00018191171164248204
3.00999999999998,166.1096050570319,0.0006499855156315543,0.0012045254846230198,0.0006740881013124861,0.00017428010719756814
3.0199999999999796,166.30811914085749,0.000722111716000222,0.0012224863740185397,0.0007084276766319571,0.00017226151718897
3.0299999999999794,166.49846486908802,0.0007983045986775247,0.0012449946099667216,0.0007551186330243578,0.0001797573345623799
3.039999999999979,166.66353880085776,0.0008753234854750635,0.0012703505949207496,0.0008019754191435194,0.00018699718428808845
3.049999999999979,166.7875895808581,0.00094985027997258,0.0012964159756990168,0.000846802773570183,0.00019395205960226543
3.0599999999999787,166.8608105088467,0.0010190956669007334,0.00132030210168472,0.0008873439379651325,0.00020059483008243002
3.0699999999999785,166.8827539821235,0.001081390519496329,0.0013389148306997716,0.0009216252561097417,0.0002068990970161426
3.0799999999999783,166.86272305346466,0.001136513652879599,0.0013502272224176566,0.0009482798398058656,0.0002128377100981999
3.089999999999978,166.81572945427337,0.0011852823023121954,0.001353831647732171,0.0009667951324126738,0.00021838114558117005
3.099999999999978,166.75976211852782,0.0012292208015703243,0.0013505064525197827,0.0009776299266521292,0.00022349675997188962
3.1099999999999777,166.71362192184955,0.001270300155442339,0.0013412533668974924,0.000982151863492351,0.00022814960099006845
3.1199999999999775,166.69352079636133,0.001310580639291833,0.0013271506156883408,0.0009823920440393539,0.00023230413677809413
3.1299999999999772,166.7104856149956,0.0013519718185452027,0.001309526566149142,0.0009806831955386755,0.00023592558554531994
3.139999999999977,166.7661186411541,0.0013954849857619137,0.0012895867469751624,0.000979289703638638,0.00023898035537397742
3.149999999999977,166.85164181569937,0.0014408758719224816,0.001268307959884604,0.0009801334586109316,0.00024143638263024488
3.1599999999999766,166.95197060880383,0.001487152152581254,0.0012468936163681117,0.0009846806364578172,0.00024326431144867594
3.1699999999999764,167.04831442680606,0.0015328152446216813,0.0012271283415713583,0.0009939647437390603,0.00024443935829212844
3.179999999999976,167.1207389700068,0.0015759904289203905,0.0012113066004987415,0.0010086065362290971,0.00024494291067219217
3.189999999999976,167.15182958708263,0.0016147349308687307,0.0012014738139812416,0.001028667531939819,0.00024476347723078717
3.1999999999999758,167.13094592327792,0.001647578360224181,0.0011977745103487962,0.0010533103735505703,0.00024389742562709528
3.2099999999999755,167.0591442478208,0.0016742827591375749,0.0011983008677836486,0.0010804546758207152,0.0002423496019301929
3.2199999999999753,166.94728214571776,0.0016955004771030885,0.0012007189178497137,0.001106721187513137,0.00024013308404345206
3.229999999999975,166.80951110186095,0.0017118064625040589,0.001202669210696592,0.0011278233773182027,0.0002438544323537751
3.239999999999975,166.65952154436786,0.0017234024759047938,0.0012202648912437541,0.0011393119332078084,0.0002518453293943896
3.2499999999999747,166.50946603110665,0.0017302641166195315,0.0012437742372993946,0.001137438494844433,0.00025495590034875585
3.2599999999999745,166.38221769336735,0.0017320964352495508,0.0012641949865719966,0.0011199238957463953,0.00025250709286566244
3.2699999999999743,166.36375145999855,0.0017280414144362323,0.0012815612116296876,0.0010864680583718184,0.00024443822557562695
3.279999999999974,166.3690120123441,0.0017168880804039244,0.0012960713104186953,0.0010388789881075164,0.000231317950225056
3.289999999999974,166.3913471588061,0.001697573893251575,0.0013081788395100157,0.0009807790942754308,0.00021428191016705327
3.2999999999999736,166.4234796870266,0.0016696681444027394,0.0013184282013112506,0.0009169543245208766,0.00020119166690870966
3.3099999999999734,166.46316188239527,0.0016339928128299972,0.0013271642241250723,0.0009279731712508499,0.00019409551852256219
3.319999999999973,166.5133453074283,0.0015924841735099832,0.001335271794557226,0.0009381324105291417,0.00018660795332953528
3.329999999999973,166.57666343917396,0.001547374270260729,0.0013447473531472064,0.0009402686344967071,0.00017945146701553338
3.3399999999999728,166.65039428854004,0.001500361866810567,0.001357132073779515,0.0009356119799021834,0.00018618005370586702
3.3499999999999726,166.72597235285016,0.0014521998191686948,0.0013729577893461544,0.0009261180782752491,0.00019264896679852393
3.3599999999999723,166.79402082511433,0.0014031262633825397,0.0013917071087203516,0.0009141794551490166,0.0001987913421615587
3.369999999999972,166.84736168222705,0.0013532234215266337,0.0014124434821156213,0.0009022706679638257,0.0002045767633622966
3.379999999999972,166.88310894616967,0.00130282418600335,0.0014342852681900886,0.0008925771527356129,0.00020997570298622503
3.3899999999999717,166.90084031505683,0.001252175007030189,0.001456058223604451,0.0008866625938346178,0.000214959894115864
3.3999999999999715,166.89720642120318,0.0012004572835510614,0.0014760631170644912,0.0008852237419427086,0.00021950256328066725
3.4099999999999713,166.86702919770272,0.0011461112638925348,0.001492127668211176,0.0008879683075244293,0.0002235785274537705
3.419999999999971,166.8065162587092,0.0010876444432315574,0.0015017674098994488,0.0008936355495536412,0.00022716435412206232
3.429999999999971,166.71454126237694,0.0010239741539538655,0.0015034818195278662,0.0009001587754594011,0.00023023868841592774
3.4399999999999706,166.59176679175363,0.0009543215066661028,0.0014979986962137656,0.0009049466208502657,0.00023278257221975477
3.4499999999999704,166.44129806260852,0.0008785356812752877,0.001487576934317834,0.0009052434454984949,0.00023477950130936014
3.45999999999997,166.27122731612798,0.0007978353267109778,0.0014743837070281176,0.0009151682374456724,0.00023621522272956915
3.46999999999997,166.09415703399668,0.0007148128686635775,0.0014597880380060714,0.000949371732945497,0.00023707754745243463
3.47999999999997,165.92295625733914,0.0006325885727885224,0.0014441723822149418,0.0009815323609799868,0.00023735639430881066
3.4899999999999696,165.76533600221538,0.0005615744162250389,0.001426717233797379,0.001011425705377479,0.0002370439787464818
3.4999999999999694,165.623536531018,0.0005900486220192045,0.0014053255233959438,0.0010388355085866664,0.00023613491735195488
3.509999999999969,165.4975982844119,0.00060332437840781,0.001377494449722074,0.0010635555960872016,0.00023462620663619577
3.519999999999969,165.38353773071236,0.0006027377069252351,0.00134161200875225,0.0010853916057167528,0.00023251725824110302
3.5299999999999687,165.27225781746534,0.0005914739317856074,0.0012969294016885267,0.0011041624177386676,0.00022981009768228693
3.5399999999999685,165.15491360262962,0.0005732746117242721,0.0012435641374464817,0.0011197017145181348,0.00022650956143334533
3.5499999999999683,165.02680352983603,0.0005514881008644262,0.0011826773793171582,0.0011318596957690485,0.0002226232496058493
3.559999999999968,164.88777656645874,0.0005290654374594095,0.00111532800630181,0.0011405044225659003,0.00021816124547049276
3.569999999999968,164.74166018687419,0.0005085950090655692,0.0010417767557143616,0.0011455226743698975,0.00021313587030501947
3.5799999999999677,164.59809456077713,0.0004923276418045027,0.000962140100184104,0.0011468208421147531,0.00020756164867127106
3.5899999999999674,164.64113838996485,0.0004822432850480322,0.0008770176922692626,0.001144326025538475,0.00020145533808324162
3.5999999999999672,164.6855019312668,0.00047973221951607136,0.0007877985253734515,0.0011379868006288832,0.0001948357579164137
3.609999999999967,164.7389073124116,0.0004852553842451064,0.0006966650386252529,0.0011277734238158302,0.00018772338394858892
3.619999999999967,164.80287957081293,0.0004978871109273596,0.0006060456498471567,0.0011136780133840147,0.0001801399409920595
3.6299999999999666,164.87549649301755,0.0005155138052282015,0.0005832529512041089,0.0010957150199307501,0.00017210817917402842
3.6399999999999664,164.9572473140809,0.0005358405237508856,0.0006454575688120834,0.0010739215225666582,0.00016365174377366035
3.649999999999966,165.04925463222042,0.0005566331849160597,0.000699119658796403,0.0010483571378851397,0.0001547949363159216
3.659999999999966,165.14780172868828,0.0005752741705694445,0.0007450795060413703,0.001019104087647642,0.00014647510692849882
3.6699999999999657,165.24281123118755,0.0005884964638239422,0.0007852541974739221,0.000986267625468611,0.0001511253693645189
3.6799999999999655,165.32439356476922,0.000593320609744499,0.0008216258991299244,0.0009499762672886998,0.00015494830020000496
3.6899999999999653,165.38848784476653,0.0006268450657493794,0.0008556604800550277,0.0009103817214566815,0.00015833784782607688
3.699999999999965,165.43238846807594,0.0006597181940100482,0.0008870295226427991,0.0008676592371781488,0.00016117500732705254
3.709999999999965,165.44802361891976,0.0006865645874159026,0.000913615043878881,0.0008220086748964325,0.0001628277095505878
3.7199999999999647,165.4254561824045,0.0007045534642462636,0.0009334078460841024,0.0007736558222225453,0.00016269224228850922
3.7299999999999645,165.36400737526372,0.0007125472264342042,0.0009456716685291366,0.0007228540196277513,0.00016052748433897134
3.7399999999999642,165.27094023270828,0.0007108367746139422,0.0009505331609487357,0.0006698873283600141,0.0001563408409704882
3.749999999999964,165.15864339374488,0.0007002220891244403,0.0009481826546853649,0.0006150765228501817,0.00015781120709443372
3.759999999999964,165.03940217746907,0.0006828115810489905,0.000939279161549787,0.0005587888324846476,0.0001575011244822123
3.7699999999999636,164.92835246300726,0.0006617252635200554,0.0009257871212478424,0.0005338975251853576,0.00015211794532843923
3.7799999999999634,164.83579212722827,0.0006393218888597989,0.0009108350882492756,0.0005661780657762802,0.0001424084282803695
3.789999999999963,164.7639106520454,0.0006167469028727241,0.0008977655897066874,0.0006303758896232755,0.0001390898152851915
3.799999999999963,164.7095986190165,0.0005945343230988379,0.0008890970046410514,0.0006832803862967292,0.00014877911709955613
3.8099999999999627,164.66466980196725,0.000572613069431235,0.0008857798100828313,0.0007209567554609728,0.0001585062619394428
3.8199999999999625,164.61631270334075,0.0005499601602146564,0.0008872665930365013,0.0007417027915724069,0.0001674256939569232
3.8299999999999623,164.5500813084526,0.0005247151831087453,0.0008923179970657865,0.0007464469454313282,0.00017535569294836335
3.839999999999962,164.45332477738,0.0004948468011766091,0.0008994285916357206,0.0007386703326017513,0.0001822181246261201
3.849999999999962,164.3184248244887,0.0004589649315464788,0.000940415644154832,0.0007236068567745385,0.00018795667903988799
3.8599999999999617,164.55488798551875,0.00047978792146808014,0.0010064234472668219,0.0007067304812895204,0.00019251616115394509
3.8699999999999615,164.81835724367897,0.0005415996011156535,0.001067955690172386,0.0007028831355377978,0.00019585746026635882
3.8799999999999613,165.07148126819126,0.0006118449764933982,0.0011262981611792108,0.0007050078665509723,0.00019795205762398497
3.889999999999961,165.292860351036,0.0006891100939520445,0.0011838736622926081,0.0007079843601636717,0.00019878374590508746
3.899999999999961,165.46802131168715,0.0007712736664746232,0.0012429249197556547,0.0007098030490294801,0.00019835164073768566
3.9099999999999606,165.58471947644327,0.0008550974710130873,0.00130520218474136,0.0007380295807231265,0.00019667339241225825
3.9199999999999604,165.7454719913674,0.0009371197624239145,0.001372315016094411,0.0007677351806707839,0.0001937876349633383
3.92999999999996,165.89712261300073,0.001014184508476457,0.001445994374950794,0.0007922582156663744,0.00018975556229513347
3.93999999999996,166.01728924978624,0.001083102459439194,0.0015279151005492112,0.0008082921532022427,0.000184662311101088
3.9499999999999598,166.1091114934663,0.0011406843247567357,0.0016184142909229243,0.0008129545323836095,0.00017980027305218864
3.9599999999999596,166.17016845407232,0.0011837315078160238,0.0017153938577978598,0.0008041291496997836,0.00018975209539347853
3.9699999999999593,166.1917020494189,0.0012092778931452244,0.0018146878220054205,0.0008465704717549792,0.0001994378943506385
3.979999999999959,166.17004264100882,0.0012159155490776247,0.001910764718931815,0.000888842061408863,0.00021416734205808856
3.989999999999959,166.1112011544655,0.0012042606017487595,0.001998333386006097,0.0009127254480010878,0.00022736244036662394
3.9999999999999587,166.02549045878067,0.0011766185700501724,0.0020746093830056084,0.0009124224745613474,0.00023197299259420105
4.009999999999959,165.9229512835618,0.0011366259989053075,0.0021391642116841453,0.0008945883495550172,0.00023518675709071067
4.019999999999959,165.81076288180262,0.0010881374762245243,0.002193078634971791,0.0009189638651052123,0.00024329825870118984
4.0299999999999585,165.6960137480944,0.0010346733468650116,0.0022394109831309697,0.0009538074842309133,0.00025105201397201217
4.039999999999958,165.59156283849833,0.0010253480297427627,0.002281960824603972,0.0009830832094128296,0.00025843583762515934
4.049999999999958,165.51317762822003,0.00105025288375064,0.002323651839110474,0.0010055083330046306,0.0002654381664777302
4.059999999999958,165.47113995695184,0.001074969665270128,0.0023666013152563604,0.0010448744565695431,0.00027204793436597
4.069999999999958,165.4738787799331,0.0011011653678744825,0.002411823638963032,0.0010925458986172157,0.00027825447883942544
4.079999999999957,165.53215056260996,0.0011308488022102258,0.002458155118473322,0.0011346833035716093,0.00028404747844327686
4.089999999999957,165.65439965789614,0.0011658713298843618,0.002502405735913597,0.0011669659738181954,0.0002894169798718084
4.099999999999957,165.84047857403698,0.0012070926651270007,0.002541287318333021,0.0011862297933709286,0.0002943535628528059
4.109999999999957,166.0724592568977,0.0012525585227108067,0.0025717872038986764,0.0011913295059774588,0.0002988485936229786
4.119999999999957,166.31676415152467,0.0012974621972476382,0.0025907376745879524,0.0011836056020441284,0.0003028944521694998
4.129999999999956,166.53650016930752,0.0013360808828202168,0.0025966234435176854,0.0011667935505334179,0.00030648466221885466
4.139999999999956,166.69666049135182,0.0013625808965547345,0.002590359024643173,0.0011462559417863493,0.00030961394459265337
4.149999999999956,166.7673879426348,0.0013713936445565148,0.002574208115650785,0.0011275674266728976,0.0003122782413309201
4.159999999999956,166.7316114382907,0.0013584016902863712,0.002551127683313288,0.0011153237481842445,0.00031447469651655095
4.1699999999999555,166.59360881827084,0.0013224862185677601,0.002523942787512258,0.0011134813428129227,0.00031620154398384484
4.179999999999955,166.37661276468395,0.0012653610414753715,0.0024945746333468275,0.001120431552433622,0.0003174579264054146
4.189999999999955,166.11361926755998,0.001190407711258989,0.0024647081730615476,0.0011225929178650517,0.0003182437506545801
4.199999999999955,165.84281453669465,0.0011024411202537887,0.0024359897366017487,0.0011204095034166401,0.0003185596378787774
4.209999999999955,165.60069635450688,0.0010069855316834281,0.0024089487861705264,0.0011162101770375637,0.00031840691101755493
4.2199999999999545,165.4153788328403,0.0009093015355292957,0.00238330537279552,0.0011146415748384654,0.0003177875366842473
4.229999999999954,165.30398225802222,0.0008139829022519076,0.002358405355626802,0.0011117876342240207,0.0003167040371943376
4.239999999999954,165.27376326700278,0.0007249395939611313,0.002332781126883384,0.0011151703088375308,0.00031515947737846393
4.249999999999954,165.32269883071325,0.0006456649117854282,0.002304008693612396,0.0011241529593836127,0.000313157578399726
4.259999999999954,165.43361331003734,0.0005789271276647078,0.0022688213724761613,0.0011350611662850189,0.00031070288291371533
4.269999999999953,165.58930391232684,0.0005266144150029577,0.0022241566759960505,0.00114275775505269,0.0003078008661733675
4.279999999999953,165.859817343963,0.0004898921016395614,0.002168619379711794,0.0011415013836888544,0.000304457976200248
4.289999999999953,166.10134140764418,0.0004848154774528984,0.002102544568471908,0.001127197145869439,0.0003006816508654499
4.299999999999953,166.29974107976878,0.0004885859730355814,0.0020284053728302563,0.0010992077637526519,0.0002964803079108037
4.3099999999999525,166.45347248406705,0.0004978030398422045,0.001951304743351176,0.0011059361933522124,0.00029186321512731316
4.319999999999952,166.56752137025757,0.0005137691070822572,0.0018767502167375402,0.0010919057206555977,0.0002868492716702555
4.329999999999952,166.6560971399146,0.0005362050238028574,0.0018087415346542096,0.0010571087773794303,0.00028150597181372014
4.339999999999952,166.737079878548,0.0005702371918446184,0.001750072812592117,0.0010996303232604229,0.00027577711843010063
4.349999999999952,166.8265207377949,0.0006238102946860094,0.0017007640587735112,0.0011332580516143277,0.0002696718763617031
4.3599999999999515,166.93106434060726,0.0006826880766439199,0.0016603636369825437,0.001148855092340002,0.00026319919292126825
4.369999999999951,167.0466953804228,0.000742137807996078,0.0016279257493422004,0.001141045133240027,0.0002563678118457856
4.379999999999951,167.16218238391377,0.000797621325903215,0.0016027369008867662,0.0011676765685592603,0.00024918623629441257
4.389999999999951,167.25991271391436,0.0008449892014626098,0.0015840503989536145,0.0012231572604112563,0.00024166273283130778
4.399999999999951,167.32085122900148,0.0008799676206154171,0.001570183043097786,0.0012583009746244237,0.00023444191909379757
4.40999999999995,167.30861693673114,0.0008986794992318865,0.0015590326227238802,0.0012702648590697046,0.00022795467615655712
4.41999999999995,167.1914590181456,0.0008987065416126844,0.0015493134778804736,0.0012583049622406218,0.00022098682253971212
4.42999999999995,166.9499003830991,0.0008802246579859178,0.0015414083948343173,0.0012238234264648432,0.00021358679719705317
4.43999999999995,166.58893421651615,0.000847191619264909,0.0015356183908758901,0.0011701829830805949,0.00020580635942187784
4.4499999999999496,166.13989961045368,0.0008070536522899041,0.001529991087916777,0.0011023188865874683,0.00019770062838546357
4.459999999999949,165.64818678942572,0.0007687757353413089,0.0015202271559504566,0.0010261984791776185,0.00018932659110272267
4.469999999999949,165.1588018532262,0.000740498653987358,0.0015011464300394696,0.0009591718995413845,0.00018073972727270676
4.479999999999949,165.09525518618992,0.0007279046955647238,0.0014683169645612743,0.0009652938051603462,0.0001799472640800084
4.489999999999949,165.3205775315422,0.000734143322004068,0.0014184859295476029,0.0009757731587585411,0.0001939635453910411
4.4999999999999485,165.41702077081854,0.0007609787511637351,0.0013497784354004401,0.0009654456888286739,0.00019707350259734433
4.509999999999948,165.375222046687,0.000809365759841152,0.001262364922501579,0.0009335509906601092,0.00018972414001905156
4.519999999999948,165.25340237581972,0.0008782328454763423,0.001159488461099127,0.0008811217050997836,0.00017327087886317768
4.529999999999948,165.35918289733604,0.0009633784019050766,0.0010467831375088545,0.0008524190411555791,0.00016190031413666864
4.539999999999948,165.40830233000324,0.0010578642025648051,0.0009295845720625284,0.0008279218033515258,0.00017056272108853925
4.549999999999947,165.39461790033232,0.001152779522247251,0.0008116835887142158,0.0008015632799090295,0.0001743148834907644
4.559999999999947,165.31829453531398,0.0012384084271240222,0.0006949447906210469,0.0007734705136251468,0.00017551282459660252
4.569999999999947,165.43147098596836,0.0013060964263789435,0.0005788183137065687,0.0008000581101883616,0.00019156575735374207
4.579999999999947,165.77257958255643,0.0013504103526018369,0.00046096882635476437,0.0008242651082357138,0.00020648296530406733
4.589999999999947,166.0617356296525,0.0013700925462579291,0.0003390583198964015,0.0008383091147055859,0.0002139759892721893
4.599999999999946,166.30150522628222,0.0013673254354221959,0.00042093475827446,0.0008372566997005443,0.00021340101534117272
4.609999999999946,166.51094858370593,0.001347436609892321,0.0005168985111228225,0.000816854276942811,0.00020477991728966316
4.619999999999946,166.71691225468462,0.0013179244251501582,0.000615526816862013,0.0007738284492484312,0.00018878551612989077
4.629999999999946,166.93664646217732,0.0012866193200813674,0.0007147340171752802,0.0007061794375030605,0.00017279050406551584
4.6399999999999455,167.19101417203194,0.0012609025418037405,0.0008117898661400595,0.0006260950163374617,0.0001658824995506364
4.649999999999945,167.49700081802334,0.0012463713692997013,0.000904178374598339,0.0007034667138008854,0.00015174163166819214
4.659999999999945,167.84661092450324,0.0012455514259185993,0.0009901878693962319,0.0007905336300256122,0.00016180111363126156
4.669999999999945,168.21451836364122,0.0012582661967335874,0.0010700229345932065,0.0008648966021586504,0.00018272076021859894
4.679999999999945,168.56918618586195,0.0012822967032114151,0.0011443018176031901,0.0009183409799747036,0.00019860234802441797
4.689999999999944,168.87615756043525,0.001428996442564729,0.0012117326380193568,0.0009438897004971176,0.00020890024082611196
4.699999999999944,169.104294871847,0.0016170745054301403,0.0012737988171754363,0.0009383427667565968,0.00023761146019448185
4.709999999999944,169.23241279208983,0.0017878275136810502,0.0013328861684725715,0.0010088128148355098,0.00026692647217003957
4.719999999999944,169.2515420311929,0.0019309282079650774,0.001390334941127896,0.0011091719657809857,0.0002946541314185089
4.729999999999944,169.16312661409134,0.0020384946416504746,0.001445147829106046,0.0011974696105952875,0.0003184876047259376
4.739999999999943,168.97534468480777,0.0021055581046932237,0.0014941931369679723,0.0012664386363691427,0.0003362345264327673
4.749999999999943,168.69969133975195,0.002130556424788538,0.0015343788080490156,0.0013101301200719039,0.00034605036879474467
4.759999999999943,168.35611825961473,0.002116581296465755,0.0015640141632943525,0.0013928960168581445,0.0003678151150741557
4.769999999999943,167.9768768061223,0.002071652206017457,0.0015830130247624918,0.0014313890053854496,0.00037580860388659415
4.7799999999999425,167.6001566877622,0.00200714889057564,0.0015923414839497262,0.0014126885145359289,0.0003657754169562489
4.789999999999942,167.26198666808588,0.001936103180835356,0.0015968511122888035,0.0013396862081684817,0.00033789881473632723
4.799999999999942,166.98784800162323,0.001871052135551342,0.001615857543466626,0.0012234276141854764,0.00029426140221316006
4.809999999999942,166.7861789881981,0.0018215159679943126,0.0016327118461858783,0.0012299734182904696,0.0002910964235883324
4.819999999999942,166.65116433483544,0.0017929592101627748,0.001650393172216915,0.00130100162167817,0.00031016338641779817
4.8299999999999415,166.57049664515768,0.0017871399917507172,0.0016706517292336199,0.001322158213288076,0.0003122605296588578
4.839999999999941,166.52896983006914,0.0018021926275869572,0.0016933220587483598,0.0012914369315625575,0.00029618491847218146
4.849999999999941,166.51442397655188,0.0018332676676745636,0.0017161284231417009,0.0012168797964583874,0.00026314082763084426
4.859999999999941,166.5224230606752,0.0018733569300068383,0.0017356217666282428,0.0011866358539307663,0.0002652190348729802
4.869999999999941,166.5499398750619,0.001913093329363335,0.0017488029208296717,0.0011895399164076105,0.00027567445548187553
4.87999999999994,166.59334024647953,0.001958158205279406,0.001754708305687871,0.0011655127632885561,0.0002907193466898045
4.88999999999994,166.64940245865662,0.0020248246043124405,0.0017550553960053038,0.0011458879029089656,0.0003124600912228023
4.89999999999994,166.8133953674564,0.0020846582736907112,0.001753438684952196,0.0012031404174316488,0.00032697278931007485
4.90999999999994,166.9527232504828,0.0021299445085274176,0.0017535210240512509,0.0012312027275483905,0.00033283347619152685
4.9199999999999395,167.03189448442424,0.002151825659908857,0.0017577202847876734,0.0012705491423036478,0.00032903147828884194
4.929999999999939,167.02286009448318,0.002143231352352273,0.0017678855615905536,0.0013375044368363507,0.0003219612656690584
4.939999999999939,166.91745067156387,0.0021008163669127525,0.0017855353161414277,0.0014149331111627933,0.000326440288587748
4.949999999999939,166.72645771103944,0.0020247497398934874,0.0018109718423144257,0.001511248531873363,0.0003298990974808351
4.959999999999939,166.47101053613235,0.0019178297095534238,0.0018438675549984234,0.0015730819900182022,0.00033232428472699464
4.9699999999999385,166.80136446371003,0.0017850697891183115,0.0018837731850208392,0.0015896960021259694,0.00033371259909164533
4.979999999999938,167.01902941226598,0.0016326121300455224,0.0019292911919977745,0.0015591538733770458,0.0003340715540494021
4.989999999999938,167.0838245475007,0.0014663788150177793,0.00197887445551641,0.001488402606113535,0.0003334191925485075
4.999999999999938,166.99660458494344,0.0012927358932463835,0.002032884079923358,0.0013921388310919683,0.00033178258547489115
5.009999999999938,166.76804895668636,0.0011183525918087907,0.002092690177136018,0.0012993834370563027,0.0003291966750691724
5.019999999999937,166.41649980641398,0.0009499452355131625,0.0021586349844146735,0.0013032506404627273,0.00032570489501932575
5.029999999999937,165.96562348550117,0.0007946277075868502,0.0022302648942322018,0.001362174261909235,0.00032136076734381265
5.039999999999937,165.5910916049443,0.0006575347161836651,0.0023070947278534784,0.0013944144707009872,0.0003162283351535746
5.049999999999937,165.52249247927944,0.0005400624206149763,0.002387629496382329,0.0013915017076330865,0.0003134845926497109
5.0599999999999365,165.41213317153597,0.0004412521483976908,0.0024685809915723543,0.0013520056068483603,0.0003145571816021383
5.069999999999936,165.25059630409618,0.00035917604305454756,0.0025459309818238215,0.0012832106617962637,0.0003152503806820207
5.079999999999936,165.13185954365628,0.00030655826278105095,0.0026153537270525774,0.0012018438843733686,0.0003155504925200416
5.089999999999936,165.2312695005098,0.00037602185838151857,0.00267287372926268,0.0011324846095125748,0.00031544388808122054
5.099999999999936,165.32372969710008,0.0004429093233444615,0.002716162893736857,0.0011817277396426282,0.0003149174668187238
5.1099999999999355,165.418951885225,0.0005099373407525886,0.0027448043170694297,0.0012342354872562809,0.00031395909746311526
5.119999999999935,165.53790987977968,0.0005816218345073663,0.0027605885284337954,0.0012858589420679924,0.0003125578076455873
5.129999999999935,165.6963312362593,0.0008027636741809838,0.0027677690412181563,0.0013363098073309013,0.0003107037180765412
5.139999999999935,165.90330291682608,0.001058530698436918,0.0027716238496967695,0.001385300872731807,0.0003083879257023582
5.149999999999935,166.16675741155598,0.001325722727607415,0.002776393188831357,0.0014325479022559559,0.0003056024862945402
5.159999999999934,166.49818375581393,0.0015976220138650093,0.0027851802121171155,0.001477771823452205,0.0003023404404799352
5.169999999999934,166.89895872429562,0.0018677973969103252,0.0028007594468300407,0.0015207012274843247,0.00029859576155659933
5.179999999999934,167.3520881003306,0.002129410309804741,0.0028243616044955925,0.0015610745965743261,0.0002943962997238533
5.189999999999934,167.82587714351055,0.0023755382300128776,0.0028535697555968145,0.001598642133090313,0.00028972929024945947
5.199999999999934,168.2859354561225,0.002600344565460605,0.0028833127278020338,0.001633167599360307,0.00028456387864686647
5.209999999999933,168.7035322889677,0.002799868864578992,0.0029087772253938646,0.0016644303086045577,0.0002788976762471585
5.219999999999933,169.05176106238997,0.0029711478477696396,0.0029275232209071108,0.0016922268960718409,0.0002959834502965363
5.229999999999933,169.31072298317198,0.003112803342979987,0.0029396541039086862,0.0017163725990303285,0.00032600503650784723
5.239999999999933,169.4750804227555,0.003225768297982148,0.0029459344721326853,0.0017367022716302525,0.000339872150381956
5.2499999999999325,169.86645823800956,0.003310638380408043,0.002947523563061895,0.0017530712984269823,0.00033678759600690584
5.259999999999932,170.47802826490334,0.003367217215257156,0.002946175209526643,0.0017653559806455423,0.0003701828435684249
5.269999999999932,170.98072116963667,0.0033972505630065378,0.0029424947049760406,0.001773453162134023,0.000409670276262081
5.279999999999932,171.31534049857078,0.0034042680333839143,0.0029371804634332893,0.0017772798122048293,0.00043457317056012977
5.289999999999932,171.50954686229147,0.0033928013119059216,0.002928732285925235,0.0017767730954593554,0.000441631236162855
5.299999999999931,171.5671776388838,0.0033701359701638622,0.0029184670234641327,0.001771890246100631,0.00043001814302408964
5.309999999999931,171.50404236840896,0.0033463408939910584,0.0029078316050257136,0.001762607726346677,0.0004130420924316868
5.319999999999931,171.38261325401518,0.0033313368880815326,0.002897648028267364,0.0017489204007957752,0.0004181923892542699
5.329999999999931,171.26797928279123,0.003332003110303014,0.0028889020782593717,0.0017308412356168376,0.00042128771551559334
5.339999999999931,171.2033486469821,0.0033501530563420576,0.0028826597880505147,0.0017131645476134258,0.0004339923446106965
5.34999999999993,171.2068396527063,0.0033814213470877447,0.0028780039451408524,0.0017461497141738737,0.00044686097699594014
5.35999999999993,171.28618075975052,0.0034167201187698436,0.002871588468120772,0.0018097020405731202,0.0004588899435225303
5.36999999999993,171.4367238663081,0.0034445221921716746,0.002858168490655224,0.0019189792600732137,0.0004685357639308188
5.37999999999993,171.5831481855773,0.0034509127879714667,0.0028320050794909393,0.001998713957661871,0.00047411950361495443
5.3899999999999295,171.72948389525803,0.003420170395802576,0.0027891046448710994,0.002033323957882175,0.000474469685930179
5.399999999999929,171.8475778527353,0.003364498841069218,0.0027275455368917676,0.002014316202633535,0.00046901832330204304
5.409999999999929,171.92008183435834,0.003384720069539872,0.0026467407810601773,0.0019415048809962078,0.0004575919811426305
5.419999999999929,171.90972591755266,0.003379148901772942,0.0025476278004942132,0.001989073051481215,0.0004805117991864615
5.429999999999929,171.78192074652432,0.0033470468054849975,0.0024335786776673403,0.0020686857958160105,0.000505459762158376
5.4399999999999284,171.56577508237194,0.0032916092401340954,0.0023101973073612336,0.0020818401958602587,0.0005093723997231077
5.449999999999928,171.2920679447215,0.003218534663551375,0.0021841628982072394,0.0020238978823685122,0.0004908243125586315
5.459999999999928,170.98836165393107,0.003134125286557324,0.002062523270501,0.0018983143073039556,0.0004504921449319918
5.469999999999928,170.68754296937496,0.0030437408953730245,0.0019526016411014677,0.0017501077654431922,0.0004032464569117771
5.479999999999928,170.4249621261285,0.0029519158522671894,0.0018611849260667319,0.0017117259739128344,0.0003480623359569039
5.489999999999927,170.22328980622706,0.002862973533234067,0.0017926930719408226,0.00180596118216396,0.00033554946344634476
5.499999999999927,170.08032168283225,0.0027792393887600434,0.0017486912530829102,0.0018334581251320764,0.0003343924100546099
5.509999999999927,169.9829632497643,0.0027002847129158187,0.0017279057357380203,0.001794661769680536,0.00032944183727361956
5.519999999999927,169.9254782774508,0.0026247416421782675,0.0017258257949886637,0.0016971235857799543,0.0003247493813733395
5.5299999999999265,169.89981997127336,0.002551113145239117,0.0017343226364592978,0.001554927042834493,0.0003134264579610358
5.539999999999926,169.88753537349766,0.0024780469246351846,0.0017424250104520116,0.0013872308229998852,0.0003175411383786162
5.549999999999926,169.869497222246,0.0024038596772823656,0.001740303847641897,0.001358417268373375,0.0003237382531841885
5.559999999999926,169.82641736434843,0.002324316433573513,0.0017224148491323196,0.0013841720961426322,0.0003427977741183299
5.569999999999926,169.72875281720678,0.002232192485119584,0.0016872219417829026,0.0014614384151830967,0.0004141225224053888
5.5799999999999255,169.5354379857046,0.002119420983017547,0.0016362059095462289,0.00157573393812133,0.0004499821259997104
5.589999999999925,169.21205963520208,0.00197946439912727,0.001573106906239088,0.0015607034467927977,0.0004452704431028898
5.599999999999925,168.75259720331022,0.0018086325139592117,0.0015037264785722957,0.0015401704448441977,0.00039959762543841147
5.609999999999925,168.18153643604882,0.001606794778761974,0.001501125043626218,0.001565769524616409,0.0003495225450995134
5.619999999999925,167.72997617287564,0.001377220808203094,0.001517676354388882,0.0015850506454105583,0.00035334536461195854
5.629999999999924,168.07593318947136,0.0011247692743904555,0.001546403968906508,0.0015976364297468526,0.00035632225403551746
5.639999999999924,168.2631485514123,0.0009990150998052327,0.0015931876645627985,0.0016032124802045041,0.0003584141655925716
5.649999999999924,168.2501569873389,0.0014222661317051832,0.0016614833458744314,0.0016977668971780995,0.00035960099328406943
5.659999999999924,168.01290840481548,0.0018062960404047238,0.0017500360950484396,0.001795543412087702,0.0003598828029958972
5.6699999999999235,167.5439538553619,0.0021300422240721636,0.001852852193710067,0.0018378084509150857,0.00037643021298925316
5.679999999999923,166.8708056049873,0.0023807513416777477,0.001961827603691566,0.0018198434600279118,0.0003978057334073361
5.689999999999923,167.3303269792914,0.0025562076905222253,0.002068599340402681,0.0017448239434682948,0.00038151032182219736
5.699999999999923,167.70495972730066,0.002662524245884095,0.0021647356864605244,0.001623259316828296,0.00035256373783158686
5.709999999999923,167.9849683986692,0.0027111837010501826,0.002241849322167981,0.0014799171946236905,0.00034886341558197637
5.7199999999999225,168.17205634235526,0.0027197068822263732,0.0022922095995345274,0.0015864841712603505,0.00034451436497721027
5.729999999999922,168.28994130758787,0.0027111946683505803,0.002310694249359487,0.0016533553719794316,0.0003440303447914574
5.739999999999922,168.37885747015875,0.002710332244585339,0.0022956419030168832,0.0016995142740220826,0.00039668299120095013
5.749999999999922,168.486076749582,0.0027389883431866826,0.002247252449649907,0.0017137128101321357,0.0004492212365309338
5.759999999999922,168.64629473639894,0.002811597145589965,0.002167480017908484,0.0017885662758896088,0.0004773552369990061
5.769999999999921,168.96061299682017,0.0029314012751617095,0.002061371322574089,0.0018365071697363441,0.00048098616729121363
5.779999999999921,169.2705141664353,0.003090568025885485,0.0019373690547481504,0.0019440992056789037,0.00047909987515126334
5.789999999999921,169.55912754626007,0.0032735779502151767,0.0018065629174631843,0.002010207180085276,0.0005057939193689605
5.799999999999921,169.83931245719015,0.003461505865084579,0.0016804984944767463,0.0020172937896611324,0.0005128479500861934
5.809999999999921,170.114865099865,0.003635621280087345,0.0015688776937229222,0.001955347649218029,0.0004977961930056732
5.81999999999992,170.37724965857703,0.003779273439699965,0.0014781222201571442,0.001824279373580262,0.00050787914500693
5.82999999999992,170.60664862231397,0.0038790355866558436,0.001410699883324404,0.0018319664988898031,0.0005142787626937887
5.83999999999992,170.77636361350565,0.003925783096485313,0.0013651454143400825,0.0017732359813783613,0.0004988970402398623
5.84999999999992,170.8509467428111,0.003914155297559329,0.001336295347811106,0.0016525895322856297,0.0004654161089481409
5.8599999999999195,170.8141909911835,0.0038423841666039064,0.001316062327526045,0.0016084198842946508,0.0004461036208719798
5.869999999999919,170.67884185563014,0.0037126405464025496,0.001295536023925789,0.0017146106612583583,0.0004319264679438453
5.879999999999919,170.91744466565223,0.003587842725665984,0.0012679667416726854,0.0018367201156917288,0.0004637744522291203
5.889999999999919,170.96979821524806,0.0037552103488886733,0.0012292700868278912,0.001952771821610327,0.0004972260289714112
5.899999999999919,170.88550960589941,0.003898223462125045,0.0011755871888211014,0.0020074548034534124,0.0005119975515872167
5.909999999999918,170.86233078772946,0.004001794220883097,0.0011033149161758027,0.001993239342694193,0.0005057831542660964
5.919999999999918,170.66265355138188,0.004051985107202246,0.0010185239721696502,0.0019104881474212743,0.00047846383337092976
5.929999999999918,170.26393933469066,0.004038896338447198,0.0009813811624995639,0.002109728380265959,0.00048245737614902864
5.939999999999918,169.74807627469036,0.0039583150856018325,0.0009326493706016493,0.002436606877752937,0.0004889343179128719
5.949999999999918,169.61271231292568,0.0038102911142452144,0.0008817596030555746,0.002701817205392909,0.0004784194117727392
5.959999999999917,169.22897806140287,0.0035986097705807693,0.0008370446002539503,0.002898036001754165,0.00045284668192263405
5.969999999999917,168.59804082471857,0.0033310810999549784,0.0008033421617578808,0.003021964863331168,0.00042538395267774034
5.979999999999917,168.81561646295583,0.0030196968687538563,0.0007836894129025765,0.003074219151542089,0.00038809181498953617
5.989999999999917,169.003259774603,0.0026801827602982737,0.0007789090463378511,0.003059137618751079,0.00034873269954374843
5.9999999999999165,169.01408620857245,0.002328543555600757,0.0007868404169687438,0.0029845498857109533,0.00036651580307258015
6.009999999999916,168.83454396489992,0.0019769222238063167,0.0008043095690642329,0.0028614906613103033,0.00037050978663038413
6.019999999999916,168.46328476430668,0.0016335165694374132,0.0008268390277291437,0.0027038134508281693,0.0003588331978859394
6.029999999999916,167.9114324033085,0.0014729934685026552,0.0008485498129301009,0.002527634064729883,0.0003462993650974544
6.039999999999916,167.2146209014224,0.001604288197048106,0.0008639186725423288,0.002484980110697956,0.000451006533123619
6.0499999999999154,167.31142599771692,0.0017270241044484386,0.0008669683281938614,0.002669827308362676,0.0005222294190958275
6.059999999999915,167.2699125013159,0.0018560198476588398,0.0008513055886736023,0.0028173798872222593,0.0005552931411726188
6.069999999999915,167.05957301793563,0.0020049623704358603,0.0008137366664122952,0.0029164908122046866,0.0005505418814395076
6.079999999999915,166.66733497065474,0.002185954516993074,0.0007554698766982728,0.0029576838148999748,0.0005130251313337132
6.089999999999915,166.33633471265625,0.0024092529183378187,0.0006809255616033579,0.002934738061939076,0.0004515460390488686
6.099999999999914,167.1606277476845,0.0026815306023391613,0.0005974971053683793,0.0028461890359263884,0.0004499235316141487
6.109999999999914,167.86983244774882,0.003001573609595677,0.0005132748351733372,0.0026964605892990704,0.00046313994257613596
6.119999999999914,168.46189260693293,0.0033578919020408587,0.0004334049382567188,0.002496310454168743,0.00045010915483708453
6.129999999999914,168.9425932912122,0.0037313752208718077,0.00036094106146963536,0.002642360974655701,0.0004129889859631309
6.1399999999999135,169.32486526482293,0.004098243221562891,0.00034743582673607613,0.00282191177988799,0.0003775976126103086
6.149999999999913,169.82107131818466,0.004432316742235698,0.0003528702254029297,0.0029587168303853734,0.0005032912330153416
6.159999999999913,170.36345795966102,0.00470662035256059,0.00034092339644758464,0.003027900684012593,0.0006022076189899783
6.169999999999913,170.78445173593917,0.004895934961546021,0.00031497005216165583,0.003009873590863704,0.0006621328465294063
6.179999999999913,171.07002940453523,0.0049809438596243386,0.00027839034505660037,0.002893021619349479,0.0006746119964908471
6.1899999999999125,171.21873769578164,0.00495089214616467,0.0002349436146172026,0.0026756148516650616,0.0006362323204453126
6.199999999999912,171.24271804441844,0.0048053222962748145,0.0001896189364879459,0.0023666283109074087,0.0005493224249327029
6.209999999999912,171.15811333047088,0.004554469729333188,0.00014817644061373628,0.002040701148876686,0.0004562842448823803
6.219999999999912,170.97797643162696,0.004217879010035485,0.00011495650075371967,0.0019133886330642885,0.0004925532408383168
6.229999999999912,170.71481362353163,0.0038235359574495375,9.208050157760052e-05,0.0019348939359890415,0.0005151222359586541
6.239999999999911,170.39240643054373,0.003406561439176443,8.174784263725411e-05,0.002000301836934981,0.0005238156771892195
6.249999999999911,170.15851187926256,0.0030961955695657218,0.00010012303003231774,0.0020909675086947257,0.0005196403827012495
6.259999999999911,169.81047588909217,0.0030156435919775084,0.00018640292854409975,0.0021059792034925705,0.0005250540313607036
6.269999999999911,169.34104566641727,0.0029074789547637657,0.00029853426255216706,0.0020294530142442803,0.000533419452165088
6.2799999999999105,168.74906182085468,0.002778995386794119,0.0004390031643532761,0.0018547866772518902,0.0005072014831429587
6.28999999999991,168.80588353750625,0.0026328469968747645,0.0006049078028145354,0.001643032345972433,0.0004473918578856538
6.29999999999991,169.07754693503213,0.0024682875263510326,0.0007905090009203968,0.001445315295521917,0.0003633643670635754
6.30999999999991,169.3613735606501,0.0022852513735607525,0.0009882818234163366,0.0012797422705355583,0.0003129636748585967
6.31999999999991,169.6100145852132,0.00222726443930042,0.0011888602951797848,0.001345947739630546,0.0003486969299978668
6.3299999999999095,169.7874359046515,0.0022586093771065864,0.0013834722719147888,0.001472563538643278,0.00038326228982704235
6.339999999999909,169.89015315569742,0.0022357780484329706,0.0015674431557305497,0.0015776986836392815,0.0004137569519549155
6.349999999999909,169.92574356798596,0.002134766876381387,0.0017375086163051176,0.0018343416675315404,0.000499033199065099
6.359999999999909,169.88934158713178,0.001939876516458168,0.0018898363286432472,0.001952233120798776,0.0005363546234908083
6.369999999999909,169.78072460354284,0.001646533140390734,0.0020221893819182667,0.0018924936497101378,0.0005212383647056152
6.379999999999908,169.61953323103342,0.0012619733416828823,0.002133908002294569,0.0018050804489659086,0.0004780341970840211
6.389999999999908,169.42883159948164,0.0008029821342553333,0.002226639747129255,0.0017703170112261986,0.00047808426100351056
6.399999999999908,169.2114262748943,0.0004638407522711709,0.0023034462646769013,0.0017266246892516405,0.00047283071347245384
6.409999999999908,168.95225201436224,0.0005679364917117191,0.0023680390555407414,0.0016910576805402588,0.00046338755554733454
6.419999999999908,168.6372830042539,0.001099061742184202,0.002425085754813326,0.0016483049796379168,0.00045115361052206106
6.429999999999907,168.26124574269534,0.0015994636292479057,0.0024797365272157266,0.0016026457975324804,0.00043767383036133104
6.439999999999907,167.94069862344898,0.002047105256424965,0.0025381078633486738,0.0017850255460251988,0.00042477063085366725
6.449999999999907,168.08178126883476,0.0024260515549825745,0.0026067447825338604,0.002088948022699702,0.0004927367473712893
6.459999999999907,168.03848799258583,0.00272565099714959,0.0026896359344758757,0.002316084453445126,0.0005219768777110957
6.4699999999999065,167.81160031872557,0.0029393522178935184,0.002787155201222463,0.0024623401818010117,0.0005085189917235017
6.479999999999906,167.44169053190714,0.003064907755778404,0.0028979208192934855,0.0025321050218238953,0.00045691755607721204
6.489999999999906,166.98453836912844,0.0031055791017304286,0.0030200902195996844,0.002537005057881252,0.0004099111010162261
6.499999999999906,166.48780026418993,0.0030722557477573897,0.0031510192154013007,0.002493992849726558,0.00041629482970266063
6.509999999999906,166.1538883640268,0.00298393459862468,0.0032882415914574138,0.002423062509827208,0.0004240585974640002
6.519999999999905,165.9771604636272,0.0028644038518985298,0.0034272096443832664,0.0023658919175656642,0.00043218754460277537
6.529999999999905,165.78118151239025,0.0027375346431896845,0.003565091962742803,0.0025548474221284106,0.00044548857782063256
6.539999999999905,165.5756124394966,0.002624187989762985,0.003700001448604554,0.0026983918072512924,0.0005257610334681239
6.549999999999905,165.36845694952464,0.002540934256248258,0.0038296338663676567,0.0027897475359876323,0.0006057269951226956
6.559999999999905,165.35586862991946,0.002499162787762567,0.003951422203690339,0.002826107390262593,0.0006486580779752599
6.569999999999904,165.61617889284204,0.0025036222219350385,0.00406331476549904,0.00280822762249326,0.0006479593765891456
6.579999999999904,165.8176133012832,0.0025517704662489913,0.0041639240462057105,0.002739858941785393,0.0006027735785445907
6.589999999999904,165.96525771626636,0.002635935851895417,0.004253471667104121,0.0026838463294591853,0.00051819101362328
6.599999999999904,166.06404003391899,0.0027443640529846666,0.00433417846476037,0.002868321311231858,0.00046940809415157704
6.6099999999999035,166.11962684279555,0.002860139940536915,0.004408759412695869,0.003053606473013636,0.0004604158059524516
6.619999999999903,166.139398549193,0.0029619710736208515,0.004478706333070747,0.0032207637653014153,0.0004498585427161637
6.629999999999903,166.1317106419061,0.0030265518959193506,0.004545340746710226,0.0033503428435488264,0.00043825924692761733
6.639999999999903,166.10412909241288,0.003031889312059707,0.004612296306518106,0.003423907298180504,0.0004295139403201882
6.649999999999903,166.0627158270481,0.0029586942044374587,0.004683779679851982,0.0034256500175703273,0.0004889614667924313
6.659999999999902,166.0123412772782,0.002791465837940975,0.0047608058012860235,0.0033439972583845694,0.0005168600440615664
6.669999999999902,165.95627548566708,0.002523363827542366,0.004842416733603593,0.00317304849218321,0.0005078565876371813
6.679999999999902,165.89512314527414,0.002159247905326,0.004929671243639219,0.0029136823950572243,0.0004595955870147862
6.689999999999902,166.11767606205024,0.0017144168896670849,0.005025510809137687,0.0025741620533347763,0.0004355262066142642
6.699999999999902,166.28761411282161,0.0012132931058639643,0.005132579554986976,0.002170079178909994,0.00045031835096349005
6.709999999999901,166.47845817865277,0.001293512831499783,0.005251537140205239,0.001727633689754456,0.0004652794594123967
6.719999999999901,166.9513106154108,0.0013600011564824594,0.005379403218683612,0.0018272624641217175,0.00048040570507911715
6.729999999999901,167.26265620756607,0.0014143658069676155,0.005511275681540845,0.0018949849076623166,0.0004956761832195856
6.739999999999901,167.42487462464902,0.0014600954218807597,0.00564156255431376,0.0019231757539058788,0.0005110854884760826
6.7499999999999005,167.47713993093546,0.0015021101388633584,0.005765078750425781,0.0019390257836674318,0.0005266265241408527
6.7599999999999,167.4624405150673,0.001728029291898882,0.005872021387906007,0.002013121015596982,0.0005522998269480971
6.7699999999999,167.41442350775955,0.0019254145538560722,0.0059591168788117035,0.002063710643868508,0.0005617980382598651
6.7799999999999,167.35727395091038,0.0020257177234859454,0.006027515554671478,0.002111792735906047,0.0005739253926671645
6.7899999999999,167.30785047838296,0.0020378601597865922,0.006080422429961926,0.002151845445946573,0.0005898337800030907
6.7999999999998995,167.27828828113783,0.0019796240537659723,0.006123255347263181,0.0022032597067369263,0.0006057292851090724
6.809999999999899,167.27337391911976,0.0018760789982416616,0.006163560164245343,0.0023056977724126705,0.0006215573171089889
6.819999999999899,167.48499950113828,0.0017706925671924392,0.006207157378902841,0.002399715424415776,0.0006372655172684409
6.829999999999899,167.6583344183268,0.001785364832674869,0.006255847108444977,0.002482544515219479,0.000652803800261214
6.839999999999899,167.7458713593414,0.001788936550023663,0.0063086834896251415,0.0025558859325080746,0.0006681230698229861
6.849999999999898,167.7211028704245,0.0017795025819346921,0.006364123708225742,0.002623259084089671,0.0006831768753500407
6.859999999999898,167.55253860823314,0.0017540151180942894,0.006421635007095895,0.0026877112091524993,0.0006979250350340395
6.869999999999898,167.30157476220649,0.0018157027966430766,0.006480533933764973,0.002750319899215271,0.000712334387845908
6.879999999999898,167.13568908194586,0.002021298605042388,0.006540201315150856,0.002809553715504,0.0007263751526024274
6.8899999999998975,166.89497010027594,0.0022688027787426514,0.00660188634603157,0.002861544310900874,0.0007400179516275537
6.899999999999897,166.60401268393002,0.0025349361842223637,0.0066670973786707045,0.0029013506892227206,0.0007532361546204918
6.909999999999897,166.35258226473823,0.0027964359236168704,0.006736828601786947,0.0029250919971097805,0.000766010609779929
6.919999999999897,166.65621522411317,0.003031008788241778,0.006812514380619471,0.002932314240947036,0.0007783309721112937
6.929999999999897,166.8752423391263,0.003216370076811,0.006895605843839953,0.0029273677016748473,0.0007901931365507557
6.9399999999998965,166.98493324533257,0.0033324442258935755,0.006986864946350165,0.002918563395280012,0.000801597354663575
6.949999999999896,166.97153361491695,0.003364881990626731,0.0070860521983782225,0.002914964325511923,0.0008125502933460712
6.959999999999896,166.83721228808767,0.003309826772071364,0.007190566792617221,0.002922475109157737,0.0008230682534616323
6.969999999999896,166.60007577841102,0.003171428704096873,0.007294720779896911,0.0029420206570940507,0.0008331755637427629
6.979999999999896,166.28498223578273,0.0029621792784798443,0.007391802663021926,0.0029717032462779048,0.0008428971343172682
6.989999999999895,166.38087886441778,0.002706406900521452,0.007476082957386064,0.003010791334765946,0.0008522512409929001
6.999999999999895,166.64717465126174,0.0024347543487470147,0.007543748956116314,0.0030636174464926283,0.0008612477420899189
7.009999999999895,166.8846120537526,0.0021786287280618167,0.007593087703085674,0.0031380895842038907,0.0008698895400727084
7.019999999999895,167.06159500991896,0.0019657289979129362,0.007624941520038477,0.003239617575829869,0.0008781718542404533
7.0299999999998946,167.15090716015402,0.001819127037915517,0.00764454901792147,0.0033639762678070815,0.0008860794753778537
7.039999999999894,167.13236137413696,0.0017575971433283464,0.0076591798577218765,0.0034946722630456455,0.0008935877510619785
7.049999999999894,167.018921849401,0.0017922836078591215,0.007673279040238862,0.0036073602701883426,0.0009006689214831744
7.059999999999894,167.23681290309085,0.0019223464101548887,0.0076882941677863855,0.003678717055874352,0.0009072981599133292
7.069999999999894,167.28718311725802,0.002134727172415182,0.0077022030280909206,0.003695040914292648,0.0009134538678859758
7.0799999999998935,168.00206808781027,0.0024076909425235346,0.007709358159291995,0.0036572117937768095,0.0009191127731509461
7.089999999999893,169.07626793185543,0.002715957668644503,0.007704075303758492,0.003580615418914625,0.0009242455287136237
7.099999999999893,170.14878940571597,0.003032833308399481,0.007682300991472438,0.0034898519079992084,0.0009288169189738368
7.109999999999893,171.02312662785982,0.0033303772759097827,0.007641376771012622,0.0034094601849697535,0.0009327873677023475
7.119999999999893,171.57647621820144,0.0035819765285244453,0.007581226424027605,0.0033544662682742045,0.0009361430598421891
7.129999999999892,172.00146900035844,0.003763622799098939,0.007506322561031275,0.003364401155022302,0.0009387980533033733
7.139999999999892,172.1429228336516,0.0038556531040064633,0.007425080689514868,0.0034047553757428025,0.0009406783066532455
7.149999999999892,171.87567542661608,0.003847086531316505,0.007347080243185556,0.0034387197030451267,0.000941715390717106
7.159999999999892,171.20083217832138,0.003737613628574139,0.00728086188496772,0.0034603579716452944,0.0009418457921997001
7.169999999999892,170.21338189062195,0.003537151905758142,0.007232211277268066,0.0034680360232758802,0.0009410175992486388
7.179999999999891,169.36122927532045,0.0032641950435839625,0.007202929167481193,0.0034599938487824104,0.0009391968370544092
7.189999999999891,169.85776800835157,0.002942319807234802,0.007190670027381831,0.0034811131290674287,0.0009363700212369385
7.199999999999891,170.1121223350715,0.002596530706296802,0.0071898495200886925,0.003538751887501675,0.0009325408037564928
7.209999999999891,170.10429139216046,0.002250032900202869,0.007193174226524002,0.0035684341864603217,0.0009277231478825948
7.2199999999998905,169.83014139620767,0.0019209028943826835,0.007194234153501539,0.0035521992947561486,0.0009219362999702119
7.22999999999989,169.31495962415374,0.00162109273313234,0.007189265868151768,0.0034848645434419428,0.0009152037822910429
7.23999999999989,168.6180247361761,0.0013571607556500662,0.007177426640047387,0.0033773899509301347,0.0009075533071940612
7.24999999999989,168.992917301305,0.0011651771257921006,0.007162343738680062,0.003254521184522948,0.0008990147530549053
7.25999999999989,169.75775727310196,0.0012325303553911674,0.007150187746352086,0.0031553389387072813,0.0008896189503303484
7.269999999999889,170.32699624864665,0.0012953978284446766,0.007144134778922269,0.003148003437851032,0.0008794013096802099
7.279999999999889,170.68637052309307,0.0013494884807819217,0.007143597952932124,0.003131587273357685,0.0008684078683406707
7.289999999999889,170.81700781202497,0.0013901974571904805,0.007145669026746281,0.003101515990078769,0.0008566964611688448
7.299999999999889,171.00608580834637,0.001410151991955513,0.007144994055091594,0.0031078004596895173,0.0008443303637980969
7.309999999999889,171.2126841431191,0.0013985241407722508,0.0071347210478499125,0.003123106590361545,0.0008313705124500487
7.319999999999888,171.2411550382697,0.0013429737737356777,0.0071088557396910826,0.0031114500648123378,0.0008178923429046966
7.329999999999888,171.09524467759258,0.0012325207076187208,0.0070632665545712625,0.0030697271226519957,0.0008039317148471231
7.339999999999888,170.96785195636622,0.0012624023906859516,0.006995498410786783,0.003003861173545863,0.0007895293584375542
7.349999999999888,171.20318405548022,0.001776741986489668,0.006904913001501147,0.0029245257387993445,0.000774709356964164
7.3599999999998875,171.37938671914839,0.0023669174722307637,0.006791066492162748,0.0028426660925359856,0.0007595000537968053
7.369999999999887,171.4892455774292,0.003009832806340623,0.006653506667579242,0.002809859690009454,0.0007439149124500031
7.379999999999887,171.52954112141435,0.003674925871850469,0.0064945515926224,0.003080993752042338,0.000727946123017234
7.389999999999887,171.4999559356077,0.004326340907049984,0.0063185616705826175,0.003303155240486561,0.0007115702970439774
7.399999999999887,171.40823504357897,0.004926573560006542,0.006130024872721097,0.003452172194429053,0.0006947693018917476
7.4099999999998865,171.25019378163114,0.0054397180220579185,0.005933592308292313,0.0035072422892016247,0.000677531893120679
7.419999999999886,170.99188073069723,0.005835927295473805,0.005731857061066252,0.0034538889446629633,0.0007539956380150675
7.429999999999886,170.62891671513432,0.0060954012430131585,0.005524696952483845,0.00328633270228922,0.000793303517334551
7.439999999999886,170.16601951494306,0.006210046148542195,0.005311236788853241,0.003008930731518641,0.0007767022926617653
7.449999999999886,170.54773315342402,0.0061850616055362335,0.005089677320450198,0.0026430002706015494,0.0007066278176613956
7.459999999999885,172.11150163535265,0.006040196622452348,0.004858223866330859,0.0026076754125008163,0.000591509903376579
7.469999999999885,173.42850748881722,0.005808063640803391,0.004617781705323854,0.0026159917826840138,0.000620629829666491
7.479999999999885,174.42067568500707,0.005529420416420669,0.004373293873485386,0.002622196194397797,0.0006493864190186849
7.489999999999885,175.17387129975475,0.005245931948867161,0.004132298569582031,0.0026645149487244998,0.0006613880652385015
7.4999999999998845,175.74993595500985,0.004993425773619195,0.0039011768132590718,0.0028096538481529815,0.00069007307177874
7.509999999999884,176.1736590894806,0.00496110835333169,0.0036826167803167284,0.002865178370805525,0.0007102650585282168
7.519999999999884,176.43884123482394,0.005039902364256355,0.003476755662298075,0.0028143038154589805,0.0006954817607542256
7.529999999999884,176.53512989807794,0.005088783849401107,0.0032844836583969385,0.002747023907972922,0.0006756832403767916
7.539999999999884,176.43875091724362,0.005111626793072944,0.0031083431984289156,0.0028863379032549254,0.0007239656685170813
7.5499999999998835,175.98498910618204,0.005113245997404202,0.002949689826286535,0.0029679675853394693,0.0007531039137462499
7.559999999999883,175.15937717362814,0.005097189314785862,0.0028072463278499215,0.002984155640051548,0.0007611964334078247
7.569999999999883,174.03448774718416,0.005065741334994538,0.002678224135916758,0.0029336120968464384,0.0007481726903434599
7.579999999999883,172.69767604954396,0.005165315408701707,0.002558074332941952,0.0028212790251647708,0.0007156312301953565
7.589999999999883,172.103184600493,0.005255578662114105,0.0024404132747119374,0.0026573020924627573,0.0006672264908562245
7.599999999999882,171.95291136058933,0.005281591347365197,0.0023190006153609227,0.0024556238245470353,0.0006070326462444904
7.609999999999882,172.11653959050298,0.005230363957507407,0.0021897120069528575,0.002323490259813462,0.0005824358100585483
7.619999999999882,172.30616675931896,0.005097920487625392,0.002051465932192837,0.002299395266397162,0.0006391013189615105
7.629999999999882,172.47965796927528,0.00488932292921077,0.0019069194077194634,0.0024063077187995805,0.0006744007256160667
7.6399999999998816,172.54524199041248,0.004617676960592141,0.0017618815157351574,0.002466868478261612,0.0006852171003720152
7.649999999999881,172.70146520217156,0.004301017198113966,0.0016209898711532738,0.0024464559493295587,0.00067116309542884
7.659999999999881,172.74680561374186,0.004126379645863899,0.0014830133506445922,0.002354926469670639,0.0006344886586493382
7.669999999999881,172.72398856852632,0.003962149506546561,0.0013422296667609495,0.002211009227488576,0.0005798250291910608
7.679999999999881,172.97705743177863,0.003796269127891661,0.0011930002333660728,0.002069276984603766,0.0005230650834286536
7.6899999999998805,173.6629687202113,0.0036362747711527303,0.001033211374802783,0.001968433343562995,0.00046046580301405013
7.69999999999988,174.29802426198506,0.0034867669386630107,0.0009317071788864024,0.0019531467877657535,0.00045890706684754675
7.70999999999988,174.8566522803549,0.0033484599378080957,0.0010949562538288258,0.002052576108291535,0.0004815527853905353
7.71999999999988,175.2823192287996,0.0032222011965681997,0.001255525378483122,0.002159858178771645,0.0005152677016036369
7.72999999999988,175.51439552988853,0.003109697834688877,0.0014072799306412936,0.002313109154922924,0.0005415372077593693
7.739999999999879,175.5375228113503,0.0030102590772164393,0.001544006518332948,0.0023103492662836667,0.000550171789427874
7.749999999999879,175.31351610453623,0.002919958874024254,0.0016615385736756816,0.002160075327038227,0.0005391533196201901
7.759999999999879,174.74586128586125,0.002832978085674119,0.0017590480473881165,0.0022761083886567056,0.0005078586877649834
7.769999999999879,173.81415696201302,0.0027424656569649134,0.0018402701846909752,0.0024949497356386687,0.0004574035322531366
7.779999999999879,173.03647737576935,0.0026413351777692913,0.0019114848954837477,0.0026922817109006148,0.0005072310188518667
7.789999999999878,172.0874327747323,0.0025231800466377265,0.0019787825131852457,0.0028474451192379404,0.0005635464522283451
7.799999999999878,170.82944001486075,0.0023832046277495393,0.002047776057516001,0.002941987947119283,0.0006033401807689363
7.809999999999878,169.6687286100615,0.0022186934700372113,0.0021215355985269237,0.0029612247612054053,0.0006187553790470233
7.819999999999878,170.12277350899467,0.0020316413968394596,0.002199101102094706,0.002997810341831411,0.0006042921690220937
7.8299999999998775,170.12734202327013,0.0018303896256748114,0.00227616924659477,0.0031369713614673757,0.0005572292113753225
7.839999999999877,169.6829783447433,0.0016271373849839994,0.0023461791929073918,0.0032497878121826055,0.0004856123328975497
7.849999999999877,168.87109190302453,0.0018826883094607246,0.002403976430697054,0.0033356018061697357,0.00040110065949658076
7.859999999999877,167.72388965879043,0.002552416431747437,0.002449685125430795,0.0035794818934832824,0.00036250210870779126
7.869999999999877,168.6338843038611,0.0031948867145885746,0.002487811640542358,0.0040777617309168445,0.00037144649336900515
7.879999999999876,170.19324516975598,0.0037913695023335556,0.0025233229038329552,0.004556207264574124,0.00037905230020099037
7.889999999999876,171.55895413707202,0.004325426222994076,0.002559855089115448,0.004995841678737623,0.00041925155737833786
7.899999999999876,172.64055137579874,0.004782571786380036,0.0026010222649999197,0.005378925339866407,0.00048248694816945757
7.909999999999876,173.35858755054784,0.005151966129516725,0.002650539524840737,0.0056900763844143065,0.0005262641483125069
7.919999999999876,173.6437248483781,0.005429487512769559,0.002709608850877481,0.00591714345092049,0.0005408421235191208
7.929999999999875,173.51586735728338,0.005618201106356167,0.0027764657004485916,0.00605193184023923,0.0005259581903836506
7.939999999999875,172.97415512928671,0.005725747032924736,0.0028498963108956822,0.006090807779994058,0.0005275118013326967
7.949999999999875,172.37465251414605,0.005761433919693891,0.0029297481511476138,0.006034979526249968,0.0005908402120998834
7.959999999999875,172.1766416522039,0.0057361880241174985,0.0030158078875290872,0.005890224014520979,0.0006383528749207438
7.9699999999998745,171.8815089650758,0.005665398694056986,0.0032365968811312864,0.005666018280895167,0.0006665980727454841
7.979999999999874,171.55774766619322,0.005573365543273971,0.0034854230099019092,0.005374249156551678,0.0006861215983612642
7.989999999999874,171.27016503298674,0.005483906862870203,0.0037437422174323776,0.005027789811037607,0.000723848352289628
7.999999999999874,171.03507265868916,0.005408663138241739,0.004012126761203532,0.004639187353938157,0.0007405875877039158
8.009999999999874,170.84620044014954,0.005357889904979673,0.0042915823834165975,0.0042195431585084235,0.0007318286896713116
8.019999999999873,170.71227749181324,0.005335526893916094,0.004582400056311849,0.0037775998858979288,0.0006955387639768011
8.029999999999873,170.67066142214622,0.005339933770188478,0.004882708412788659,0.0033191674260168616,0.000632705036883265
8.039999999999873,171.39128129009222,0.005366345407641118,0.005187025581669414,0.002847101963956932,0.0006200666830112767
8.049999999999873,172.25434193050805,0.005405699201390289,0.005486865976456088,0.0026744877473052443,0.000667358282646974
8.059999999999873,172.82946244408268,0.0054418983087014695,0.005773699388619339,0.0029022920255812046,0.0007087043126653838
8.069999999999872,173.1738734621478,0.005453867342014272,0.0060415764874723575,0.0030975071137596226,0.0007433111960548888
8.079999999999872,173.3531395797629,0.005420885551341619,0.006288030623918035,0.0032491025724955577,0.0007710752499390236
8.089999999999872,173.6631680152382,0.005557670067995589,0.006512724814865572,0.0033494631667366744,0.0008522222560659382
8.099999999999872,173.88500986452615,0.005873742999887831,0.0067173768997366694,0.003394158363332072,0.0009119849469321765
8.109999999999872,174.03948700659828,0.0060979929614248625,0.006906922837369065,0.003383851284155695,0.0009565882576834948
8.119999999999871,174.11996280967384,0.0062233162713032164,0.007087564197042634,0.003392143619335627,0.000963743041688925
8.129999999999871,174.14464219197956,0.0062506889201805246,0.007265104467058408,0.003285763562027714,0.0009339883711052748
8.139999999999871,174.09947245504543,0.006187739092704312,0.007444000156575179,0.0031230936152056303,0.0008704482832478445
8.14999999999987,174.14192458953698,0.006046987289346861,0.007625721022686166,0.0031965904829739044,0.0008332377494604761
8.15999999999987,174.2866885273569,0.005844344928293566,0.007808500314866873,0.003430690305441542,0.0008629167342594388
8.16999999999987,174.58489482312274,0.00559841808314488,0.007989086825586572,0.003644446689291114,0.0008919925585230199
8.17999999999987,174.68014785776975,0.005329149855264718,0.008164287812115967,0.0038108585395386003,0.0009195447100628849
8.18999999999987,174.51256355897664,0.00505558118625406,0.00833101400141012,0.00390771547401195,0.0009446884493667416
8.19999999999987,174.0961365717117,0.004794081653872669,0.008486757828210921,0.003920725359814492,0.0009667073334474861
8.20999999999987,173.46270995087565,0.00455683394509306,0.008630080670247467,0.003845422629067263,0.0009851955725547381
8.21999999999987,172.88752417472713,0.004350289312621195,0.008759681588008304,0.003772158964778849,0.0009998003332823086
8.229999999999869,173.20181047644226,0.004175226985160158,0.008873809433107841,0.0036088925705715347,0.0010100549753580444
8.239999999999869,173.44742301875112,0.004028696615021746,0.008971194430339578,0.0035782549828211577,0.0010156359708808197
8.249999999999869,173.61649342438534,0.003904517843403476,0.009052783985598969,0.003580850578651072,0.001016851913480342
8.259999999999868,173.6208114453825,0.003793230072247438,0.009122553045672884,0.0037357394695388007,0.0010148810441304652
8.269999999999868,174.03446414490455,0.003684462638954728,0.009187113650065604,0.0039019968117856023,0.0010116700059489595
8.279999999999868,174.46396043563055,0.0035683491919452325,0.009254165305746303,0.004009643840701915,0.0010094888162061558
8.289999999999868,174.8746890277167,0.0034354108943389166,0.009329918012676021,0.004072675410024758,0.0010101787890139274
8.299999999999867,175.27621427675237,0.0032777778626008713,0.009417341897965503,0.004136735716472851,0.0010186012208279155
8.309999999999867,175.69309223223755,0.0030904472721038265,0.009512865602972022,0.004135526826088547,0.0010330374548645498
8.319999999999867,176.0909918440496,0.002872349558780734,0.00960624741654214,0.004076919654725669,0.001042214323395954
8.329999999999867,176.3910889958217,0.002626520677266609,0.009685628851904188,0.003976461670703766,0.0010461815069788747
8.339999999999867,176.4926119182535,0.002357079274675524,0.009740099000941868,0.003872063066399207,0.0010450391955871528
8.349999999999866,176.33249948561402,0.0023619555041591465,0.009761903167608397,0.004129173765536994,0.0010389268286395777
8.359999999999866,175.86670628186835,0.0030286680982667146,0.009749426083055804,0.0044773614427722035,0.0010368124971852164
8.369999999999866,175.0430110642364,0.0036327360155499213,0.009706575334862062,0.004742647640167887,0.001075962203644207
8.379999999999866,173.85317837768372,0.0041553069726179975,0.00963888514675037,0.004915875965941837,0.001114683609978653
8.389999999999866,172.35953747810132,0.004584892986120359,0.009551058834146418,0.004995945367509138,0.0011527241759232882
8.399999999999865,170.64179394487093,0.004918418698041101,0.009448925537790805,0.005007823134937103,0.0011899470305411543
8.409999999999865,170.05393752046513,0.005160938567569211,0.009341792343873239,0.004963140904449454,0.0012259799279046117
8.419999999999865,170.21348737308153,0.005324617518937367,0.00924072048685219,0.004859446089962096,0.0012605602467933115
8.429999999999865,170.78429196509268,0.0054284494084087,0.009153947247784408,0.004808024657597334,0.0012934333475814446
8.439999999999864,171.39416733428064,0.005495798542551975,0.009084029763410247,0.0050116785454605425,0.0013243931511180162
8.449999999999864,171.9557999594619,0.00555127140328835,0.00902883363997004,0.005205732666354725,0.0013532474945898991
8.459999999999864,172.39049455502513,0.0056184138035193475,0.008982672829972758,0.00537531237783241,0.0013797961706217476
8.469999999999864,172.72264564292496,0.005717467276088517,0.00893737270554573,0.005508121625280334,0.0014038765043430897
8.479999999999864,172.82754220054076,0.005861192597747036,0.008885204206548123,0.00559767992164873,0.0014253437856929113
8.489999999999863,172.67188165251582,0.006050847554796581,0.00882086222160926,0.0056447452147044075,0.0014440675890274746
8.499999999999863,172.37001537429683,0.006275624209525821,0.008743098241782035,0.005656543236787871,0.0014599283727655449
8.509999999999863,173.76070224552336,0.006514113180825681,0.008655061202417462,0.005644223893991368,0.0014728232493407014
8.519999999999863,174.85103733609452,0.006739423786509945,0.00856103353388967,0.00561958707036231,0.0014826254863001965
8.529999999999863,175.10578949263362,0.006925653392928578,0.008463665826405689,0.005592341369203772,0.0014892326447411817
8.539999999999862,175.04030491990918,0.007051861469048209,0.00836477466781143,0.005606607051057926,0.00149256845576515
8.549999999999862,175.64239432472758,0.007103296926325088,0.008267857494534146,0.005745557170260367,0.0014925787969715467
8.559999999999862,176.7682516541569,0.007074539907348849,0.008177103315076702,0.005860011383187724,0.0014892191230363454
8.569999999999862,177.57557085022898,0.0069667091082807105,0.00809423428912598,0.005966474935821143,0.001482451091731179
8.579999999999862,178.23178065477148,0.006778582818991643,0.008017491811360883,0.0061050358289350334,0.001472259874418928
8.589999999999861,178.71070443695646,0.006525429854384423,0.007943036145757486,0.006178020061074139,0.0014586745241534336
8.599999999999861,179.00675350838836,0.006230186729150059,0.00786762540133096,0.006170433800773791,0.0014417659209729613
8.60999999999986,179.18083373754493,0.005921507189417412,0.00778971840246334,0.006080274144961561,0.0014216226559866894
8.61999999999986,179.19140391451788,0.005772217560643866,0.00770918790829737,0.005918156087168345,0.0013983350970149394
8.62999999999986,178.82985399551052,0.006229527159548736,0.0076268906261183576,0.005705317120814614,0.0013720025876705277
8.63999999999986,178.07483445298033,0.006747528530777798,0.007544085568652066,0.005536893813121875,0.0013427388771327514
8.64999999999986,177.04577162521696,0.007319184433828046,0.007460840553486211,0.005477972657131451,0.0013106679453632358
8.65999999999986,177.11938785922771,0.007933793770517464,0.007374930994836165,0.005395886724784819,0.001275910332952992
8.66999999999986,177.25828131324442,0.0085768559059402,0.007284638264252963,0.00529108071167885,0.0012385947876747537
8.67999999999986,177.27344159285607,0.009230903162072887,0.0071909079046257795,0.005164319573640946,0.0011988789690360394
8.68999999999986,177.4137482756137,0.009878052020662985,0.007094847754590829,0.005016025519802352,0.0011570092777745916
8.699999999999859,177.8452357654351,0.010501756515440578,0.006997346162845818,0.0049293989395897625,0.001113086806234407
8.709999999999859,178.1818603545375,0.011088731672284337,0.006901520229347338,0.0050397915363317985,0.0010672946987058992
8.719999999999859,178.48553851921642,0.011628178604082232,0.006812111261980528,0.0051748442470498845,0.0011102158997136947
8.729999999999858,178.8097918313998,0.012108222158041143,0.006732610564425864,0.0053063733184005694,0.00119937301170066
8.739999999999858,179.18757347281223,0.012515366437692153,0.00666418363576511,0.005404097626278053,0.001270905524240398
8.749999999999858,179.61187693344928,0.01283719263131655,0.006607879555543417,0.005519929956984793,0.001349244250701334
8.759999999999858,180.06770607139927,0.013065667645432261,0.0065655600788561905,0.0057024010091533345,0.0014389403312153215
8.769999999999857,180.55977375267005,0.013198934974739195,0.006537496950427758,0.0057979450117682015,0.001495972983004099
8.779999999999857,181.09433552077493,0.01324069672642401,0.006519489522930777,0.005933889661931395,0.0015146295907659943
8.789999999999857,181.63225601311996,0.01319905895662441,0.006503568452969417,0.006152306182699353,0.0014941247905577355
8.799999999999857,182.16626880656412,0.013087369120534594,0.006480695897771451,0.006385293171045401,0.0014386388216000132
8.809999999999857,182.67449097555425,0.012923000577260367,0.006439734011607731,0.0066281993842514176,0.001355561294592057
8.819999999999856,183.1253335246419,0.012723022618356557,0.006368671292306986,0.006876303142327097,0.0014482010174797595
8.829999999999856,183.48402168174732,0.012502913273442459,0.006258183263323165,0.007125822682594414,0.001516588832733719
8.839999999999856,183.71727758419644,0.012276773119377164,0.00610271313019528,0.007374682753579796,0.0015906658971498666
8.849999999999856,183.71577475282945,0.012055847276935793,0.005901344020766927,0.007622676154634714,0.0016505714811359275
8.859999999999856,183.34436402076508,0.01184838268244859,0.005658392556285613,0.007870879813301073,0.0016684438947120704
8.869999999999855,182.61469452061593,0.01166099959840376,0.005383364277381574,0.008120806337702348,0.0016405947598860649
8.879999999999855,181.586769590698,0.011498119767545742,0.005089776987608011,0.008373743088806753,0.0015671974780990937
8.889999999999855,180.3326614651063,0.011359150081328888,0.004794187513806778,0.008630086778421057,0.0014521410903906278
8.899999999999855,178.91035869031083,0.011238016897099492,0.004514138270282968,0.008888426288314412,0.0013027486978002443
8.909999999999854,177.36476448826645,0.011125513938775656,0.004264291512496636,0.009144690748903866,0.0011296337995001032
8.919999999999854,175.75920534110506,0.011008785157451831,0.004053480491539005,0.009391772907151227,0.001091425609991043
8.929999999999854,174.17965128608125,0.01087026725847935,0.003882229054315276,0.009619644229683796,0.0011539353396815093
8.939999999999854,173.0457060577091,0.010689727916680056,0.003743010772616704,0.00981589021836847,0.0012061269183986285
8.949999999999854,173.73592249094074,0.010448959744556046,0.0036239655612655512,0.009966689554200724,0.0012344982650763353
8.959999999999853,174.40289313675785,0.0101362069992168,0.0035117496618378885,0.010058003040356115,0.001232742306219893
8.969999999999853,174.93955956052022,0.009745897392852932,0.0033945491501489876,0.01007656026192201,0.0011986615224286545
8.979999999999853,175.40321910208772,0.009275604889328265,0.0032646375704682077,0.01001065125754537,0.0011343191508583327
8.989999999999853,175.69823081678217,0.008725564568660178,0.0031173568304533237,0.009851064101773867,0.0010443979332544467
8.999999999999853,175.60889689726412,0.008100885698928471,0.0029501915131055667,0.00959211094109984,0.0009354148301429777
9.009999999999852,175.0189326701837,0.0074110394877471425,0.0027638819957038745,0.009232273979507443,0.0008163589797245516
9.019999999999852,173.99221258319383,0.006669124989350171,0.002564164622670923,0.00877431724495589,0.0006982873605569411
9.029999999999852,172.6092445863609,0.005892263476970215,0.002361033453312505,0.00822516271913284,0.0006429435497363095
9.039999999999852,170.82878921346844,0.0051003778420288855,0.002164282918595864,0.0075957255529708525,0.0005963648764637531
9.049999999999851,168.61006886321232,0.004315880479896487,0.001979238952447763,0.0069006393034754645,0.0005309150637054561
9.059999999999851,168.39073300596328,0.0035608246964928037,0.0018049321735785586,0.006157871179104503,0.0005553822767504686
9.069999999999851,169.4141068281778,0.0032005352953837973,0.0016345530358230383,0.005817420746974665,0.0005537930876761006
9.07999999999985,170.2363662363411,0.0031011040532916262,0.0014578385176704232,0.005649845675153902,0.0005792655011528824
9.08999999999985,170.79651091605265,0.0029632915962927364,0.0012713716103389557,0.005449563923738762,0.000590745730416658
9.09999999999985,171.03508723981744,0.0028128528396365064,0.0010640604698023267,0.005211954304327961,0.0005684756984048654
9.10999999999985,170.92870755368077,0.0026775438971028387,0.0008243494614991072,0.004931952725437792,0.0006654886180154177
9.11999999999985,170.53103703276625,0.002585474003295098,0.0007656486580454445,0.004604302458515652,0.000754162114184382
9.12999999999985,171.82731778820133,0.002561456350992713,0.0008143539194458386,0.004224188477789331,0.0008141066231070001
9.13999999999985,173.30350209933857,0.002626454014176157,0.0008984231943804605,0.003788561068562459,0.000844067057485414
9.14999999999985,174.3461139283735,0.002797439302774912,0.0010171003338825476,0.0033103418892309897,0.0008461625024202067
9.15999999999985,175.2535029314536,0.0030834562377428845,0.0011642727896753013,0.0032619770898540015,0.0008252659948321356
9.169999999999849,175.4006650351444,0.0034836676364023663,0.001453101177523589,0.003158841283710392,0.0007880848337694711
9.179999999999849,175.29239570336395,0.003988395034266643,0.001899861339107869,0.003025413436501321,0.0007421068076195691
9.189999999999849,175.53743051971668,0.004579853841284266,0.0023404546546188613,0.0033020156896407735,0.0008324294874840543
9.199999999999848,175.98282039752962,0.005232257679528597,0.002763684339484003,0.003630899098180977,0.0009387234480983418
9.209999999999848,176.47076049296513,0.005911970904858451,0.003161099212579271,0.0038730744965765874,0.0010167267409768338
9.219999999999848,176.90834705866175,0.006581021279133578,0.0035300647262926873,0.004021405670709729,0.0010654442397552704
9.229999999999848,177.25920130418737,0.007201575261142481,0.0038727998267564915,0.004159003331391244,0.0011108752080014295
9.239999999999847,177.55652312866212,0.007739735761882775,0.004193366805168617,0.004379771133322689,0.0011815484520194925
9.249999999999847,177.8296526041123,0.008170509428798383,0.004496554363416678,0.004468755768786257,0.001212068149441999
9.259999999999847,177.99728447941862,0.008478559342538557,0.0047876643395114455,0.004432145857342924,0.001204842117985765
9.269999999999847,177.99182620902383,0.009173803430114223,0.005072154572200025,0.004293419723642186,0.0011670889810576636
9.279999999999847,177.88166594648337,0.009948844755185237,0.0053538207676757255,0.004083465489009231,0.0011080269332096099
9.289999999999846,178.53582489722496,0.010717835615308926,0.005633248169930063,0.003882724640027599,0.0010371114180040375
9.299999999999846,179.51983991996804,0.011463301402083136,0.005908263174735828,0.004007836514811604,0.00101272075031326
9.309999999999846,180.1933293581724,0.01217014747767899,0.006175598822741151,0.004179087283149723,0.0010676540108968883
9.319999999999846,179.9039586370472,0.01282550770485056,0.006431806107930529,0.004864134257338682,0.0011299658009190474
9.329999999999846,180.14985484653468,0.013418550823735078,0.006673038970356473,0.005751586903229658,0.001156276250996498
9.339999999999845,180.30765477310712,0.013941532261013663,0.006896369576528306,0.006560815936708642,0.0011792711386628114
9.349999999999845,180.48575279527213,0.014390432550051428,0.007102937092483918,0.007270532969411876,0.001231617422253947
9.359999999999845,181.22664665442835,0.014764956477254534,0.0072992937604719685,0.00787052360922982,0.0012766879033926566
9.369999999999845,181.96470158086692,0.015067500805387511,0.007491815968976397,0.008361671796248601,0.0013092123861657549
9.379999999999844,182.7010064921163,0.01530045672539067,0.007680695825686672,0.008754793354609111,0.0013267755976739157
9.389999999999844,183.4345784470791,0.015464430555349384,0.00786186715929453,0.00906842458016657,0.0013302412029101267
9.399999999999844,184.1281535507008,0.015560354028981664,0.008030876543218705,0.009326059667645922,0.001337918627221939
9.409999999999844,184.7330672874472,0.015591962980140603,0.008185685397400114,0.009553094789476075,0.0014427054807345469
9.419999999999844,185.23722566484514,0.01556442745499212,0.008328368365601795,0.009773304970655119,0.0015461234245787373
9.429999999999843,185.6664893512401,0.015484180258547347,0.008461474141228954,0.010005143808866157,0.0016403353055062136
9.439999999999843,186.01150173973025,0.015359883663771518,0.008584279787477297,0.010259000758551337,0.0017168698512967041
9.449999999999843,186.2039364253732,0.015200253628040327,0.008707683169628968,0.01053614646260644,0.001769237827340695
9.459999999999843,186.17612624588008,0.015012000355105744,0.008818973639443993,0.010828849454782722,0.0017942388858210364
9.469999999999843,185.93020431114564,0.014799462183771024,0.008918935739559292,0.01112107187012604,0.0017905682594049495
9.479999999999842,185.49655502283292,0.014564348562207095,0.009010524579787722,0.011390043499416183,0.0017576031399699008
9.489999999999842,184.85450164318223,0.014305782920139346,0.009096127144496053,0.011608892174365502,0.0016964831543962362
9.499999999999842,183.97659254752534,0.014021455483170431,0.009176709297788825,0.011749644364613628,0.0016162677164848612
9.509999999999842,182.91006205358215,0.013710629944174635,0.00925067610433899,0.011786096961467946,0.0015723494170065539
9.519999999999841,181.74483360080978,0.013376369947084767,0.009315264739253707,0.011696778266789842,0.0014991025253176828
9.529999999999841,180.5120572159907,0.013023313058011042,0.009370398239932003,0.011467788727094013,0.0014375416202415607
9.539999999999841,179.1814605270823,0.012654615473915713,0.00941914108180532,0.011094594066156791,0.0014114791363033488
9.54999999999984,177.75710754199747,0.012270715847414387,0.009462877024202041,0.010582526542747078,0.0013599480003569826
9.55999999999984,176.3058157785372,0.011868229387272198,0.009499428320262793,0.009946675524100184,0.001283212148669323
9.56999999999984,174.96533906951,0.011440679004299957,0.009525827724052504,0.009211294766634561,0.0011845759804955294
9.57999999999984,174.64925784448027,0.01097954157913934,0.00954033867498017,0.008408097425212544,0.0010708286169459293
9.58999999999984,174.2577587117425,0.0104754060753027,0.009543151629902215,0.007573464552876589,0.0009586837808300424
9.59999999999984,173.78194516544718,0.009920738553010205,0.009534160247128522,0.006879196199788149,0.0009863641703622365
9.60999999999984,173.03887964810767,0.00931123022673035,0.009512703144542466,0.0067812472403600416,0.0010132408536211836
9.61999999999984,172.24560871881755,0.008647093597835253,0.009480051845238006,0.006642913920981154,0.0010392467432432024
9.62999999999984,171.1704623512301,0.007933212435579177,0.009439525094872645,0.006449685884904089,0.0010641956731429754
9.639999999999839,169.88524460931336,0.0071776148740366605,0.009394395263152356,0.006191674078330986,0.0010880556419579372
9.649999999999839,168.35415909618447,0.006390413776937385,0.00934684167428335,0.005865090685663152,0.0011108091585213128
9.659999999999838,166.64237673415101,0.005582850714001027,0.009299043624238376,0.005473616274685558,0.0011321658437556071
9.669999999999838,164.86597528850496,0.004767073526800339,0.0092529423124275,0.005028858170692304,0.0011520372779913984
9.679999999999838,164.18713046532667,0.003955632391463537,0.009209095470449433,0.004548911346901533,0.0011704238986333724
9.689999999999838,165.01298326942637,0.003160894496627213,0.009164716025169748,0.004478366167234141,0.0011872102361524662
9.699999999999838,165.73029682693587,0.002394215985439582,0.009113385169255727,0.004516804354829451,0.0012023000493026285
9.709999999999837,166.27840791656385,0.0018903714498239217,0.009048466561839065,0.0045257902904364995,0.0012157442016582625
9.719999999999837,166.59230263307816,0.00253291798441869,0.008966832672670056,0.004505291720812833,0.0012273470486167995
9.729999999999837,166.6555090499783,0.003065377240680755,0.008870324106209564,0.0044641220475020145,0.0012370601978564228
9.739999999999837,166.52574609914774,0.0034714960313898167,0.008764761266021522,0.004417959012826789,0.0012448914312033802
9.749999999999837,166.28484815597915,0.003746138277453027,0.008670164747495077,0.004394813891158499,0.001250875648088959
9.759999999999836,165.97256278951596,0.0038979323142286307,0.008583042499836841,0.004421237694647346,0.0012548734968269152
9.769999999999836,165.5992294876906,0.00394820744655245,0.008514863274993513,0.00444745202187173,0.0012568694202531728
9.779999999999836,165.78567691885468,0.003926587118926847,0.008474442916705634,0.004532485933034252,0.0012568724786055122
9.789999999999836,167.09896367854589,0.003994369683455446,0.008466278943850446,0.004636972107784886,0.0012550038828860383
9.799999999999836,168.38776527899196,0.004375559302323777,0.008490377027705266,0.0047421424953282,0.0012511895882535988
9.809999999999835,169.63807022122137,0.004773892713146871,0.008541858824967318,0.004832002724588449,0.001245457465711109
9.819999999999835,170.9251521880029,0.005195583499244286,0.008612734500516096,0.004896261936511352,0.0012380059813059839
9.829999999999835,172.30093985946766,0.005642368735337324,0.008693561932982758,0.004930623444675886,0.0012291054385919994
9.839999999999835,173.7110136948282,0.006114347593333187,0.008772436308367458,0.004953961512496975,0.0012187059197790603
9.849999999999834,175.0746541902643,0.00661134080550016,0.00883585605964329,0.0051346048841079345,0.0012070101351633288
9.859999999999834,176.3885889166592,0.0071337209137552005,0.008871733388154135,0.005338396637851722,0.0011945229692537484
9.869999999999834,177.90771114755083,0.007681817056201993,0.008871651209378054,0.005552383437830813,0.001181186423981456
9.879999999999834,179.14385970939847,0.008253437612211954,0.008833761087904317,0.005814969729533177,0.0011788658361378517
9.889999999999834,180.12539618455332,0.008842471972863265,0.008762520284558931,0.006371101354243052,0.0012645031060178492
9.899999999999833,180.80159595172432,0.009441551271317293,0.008665938198615478,0.00682924374342746,0.0013338153650912373
9.909999999999833,181.1782244781158,0.010046036912789429,0.008554000534832091,0.00717557772863705,0.0013839139078533453
9.919999999999833,181.3619617235521,0.010653481795007368,0.008436544883556848,0.007406494884647298,0.0014136598157953497
9.929999999999833,181.39080010764897,0.011260735020791774,0.00832192023203748,0.007857923387035896,0.0014240231369138728
9.939999999999833,181.21970539090276,0.011862356488210907,0.008218140958705695,0.008794206189737879,0.0014170519870240089
9.949999999999832,181.3136458890797,0.01245030218277823,0.008133338294634793,0.00971297807155576,0.0013957880161364422
9.959999999999832,181.5667394451822,0.013014200146471174,0.008072474526148614,0.010570680442931144,0.0013654025534008795
9.969999999999832,181.79994985227785,0.013540570912137584,0.008034303006910826,0.011323653534786204,0.0013551298021726027
9.979999999999832,182.1077545096736,0.014013287393218459,0.00801340575471191,0.011932480346230805,0.0013739344998113907
9.989999999999831,182.48529227102992,0.014417397376410627,0.008002566957525912,0.012365988700621099,0.001373076418844348
9.999999999999831,182.7623239187072,0.014742119525918985,0.007992092463975767,0.012604129210580153,0.0013553754635721189
10.009999999999831,182.61462116059923,0.014981786161890555,0.00797115205871079,0.012639567346023466,0.0013247405910166345
10.01999999999983,182.87631395955773,0.015136333145593825,0.007928833777842646,0.012478097276509545,0.0013118217166845465
10.02999999999983,183.312440011571,0.015210557757022708,0.007854012671635845,0.01213782931808411,0.00134282144742009
10.03999999999983,183.6360961495129,0.015212554696205454,0.007739477999626027,0.011647297338379256,0.0013814041334454749
10.04999999999983,183.81683588542072,0.015150721083447078,0.007585484584547492,0.011043024145751052,0.001422029812659461
10.05999999999983,183.9043172647893,0.01503024857634651,0.007397630784134007,0.010366759000506055,0.0014591183964069822
10.06999999999983,183.9876627746193,0.014855162327229497,0.007184206319691664,0.009662063401541831,0.0014876845881739347
10.07999999999983,184.0515805762778,0.014630933084254576,0.006956162099629589,0.00897049518436175,0.001502776550326015
10.08999999999983,184.0187067825696,0.014362229785361242,0.006727375974498486,0.009001342224063347,0.0014999486380531972
10.09999999999983,184.02090681933123,0.01405324981158793,0.006512404195757996,0.009014835061278146,0.0014771790888355176
10.109999999999829,183.7521702871729,0.013709080229691447,0.006321612820717406,0.008945872912814585,0.0014358545346082959
10.119999999999829,183.07724754439633,0.013334839319928833,0.0061591958526568645,0.008793749127042576,0.0014330792895743659
10.129999999999828,182.0804422749013,0.012934769692707605,0.006024332899054557,0.008563196279885447,0.0014216882001337927
10.139999999999828,181.2563220242069,0.01250973343568495,0.0059122261436637975,0.00825775430015541,0.0013949436531057323
10.149999999999828,180.38784795539345,0.012055746427934971,0.005815329323402812,0.007884598100322392,0.0013501546575364436
10.159999999999828,179.4853397518553,0.011565265035723516,0.005724122864371903,0.007454280768156037,0.00128583059455799
10.169999999999828,178.46886306008716,0.011029964006497462,0.00562687216295429,0.006982740288808896,0.001202046048747951
10.179999999999827,177.24758897939893,0.010444109719782131,0.005510443840738418,0.006981241062015281,0.0011001635970230026
10.189999999999827,175.83347006471877,0.009805768379950135,0.0053625115325061715,0.007139117519403373,0.0009830265067581035
10.199999999999827,174.33814354126113,0.009115440871881542,0.005172951826706089,0.007262942306815704,0.0008552298317507946
10.209999999999827,172.90394592553136,0.008376443228220481,0.004937490407109505,0.007322777506549313,0.0007392981410695243
10.219999999999827,171.3174736190423,0.007596594213702429,0.004651815109966322,0.007292805345106244,0.0006920804630793643
10.229999999999826,169.68883642026074,0.006785417712543003,0.004322137756034568,0.007153344888222272,0.0006434002572534719
10.239999999999826,168.05348691617974,0.005951040632450689,0.003959944036916364,0.0068921062596295464,0.000590137624436512
10.249999999999826,166.32260606664923,0.0050998795612316955,0.003578136029022635,0.006505271636572325,0.000531405560245957
10.259999999999826,164.46095992522092,0.004235873712058654,0.0031901966130519323,0.00599818215470034,0.00047062275684393076
10.269999999999825,162.64698410645337,0.003360466392476378,0.002809533208797396,0.005384898599678737,0.0004559273614939801
10.279999999999825,161.84192840134463,0.003337080463099743,0.002445628642158639,0.004686736327029912,0.0006003215677184117
10.289999999999825,163.45842935837965,0.003466857811035805,0.0020999664241242817,0.003930261448363878,0.0007396374236362792
10.299999999999825,164.95261049459532,0.0035659200210714005,0.001767382973978658,0.0031445379425414934,0.0008624641768175313
10.309999999999825,166.3288753653536,0.003654666183019593,0.0014420183828261835,0.0034151121321166537,0.000957194631588716
10.319999999999824,167.6486899525767,0.0037499048868210906,0.0011208469285365888,0.003588549596852977,0.0010127150055627967
10.329999999999824,168.9297631977674,0.003917930354466577,0.0008012249072869509,0.0035994005975828218,0.0010201663551431762
10.339999999999824,170.09223475615084,0.004670018215615896,0.0009608571004321738,0.003429814705845835,0.0009745826031209577
10.349999999999824,171.0441733970386,0.005386167368741252,0.0011503260460327834,0.003081329048535764,0.0008761086381809646
10.359999999999824,171.77861488702126,0.006060291975913127,0.0013317543590624897,0.0028190218570823037,0.0007987714192661088
10.369999999999823,172.33843591348452,0.006684666853586818,0.0015030645804904924,0.0030261223125537863,0.0008614801467559245
10.379999999999823,173.20466079158118,0.007251327622311097,0.0016650952741867054,0.003163913351487661,0.0009030056626796251
10.389999999999823,174.56580186209874,0.007755630863912578,0.001821855343624294,0.0036164863196056374,0.0009231345574511354
10.399999999999823,175.54225468646382,0.00819710286316094,0.0019786110336962536,0.004303976850768908,0.0009227928767278045
10.409999999999823,176.37861750077627,0.008578107530120513,0.0021409214157876635,0.005057237246266686,0.0009036653195858182
10.419999999999822,176.84183467423728,0.008904264340436303,0.002312265898836879,0.005871394536650516,0.0008772637180209453
10.429999999999822,176.8882017490313,0.009184665453464124,0.0024927154687980897,0.006728658177447482,0.000879066552957165
10.439999999999822,176.543238019401,0.009430988351238475,0.0028288229260084365,0.0075992542987376455,0.0008838107337817941
10.449999999999822,175.87288775878966,0.009656311098665412,0.0031691419100581633,0.00844396237829728,0.0009205433699309755
10.459999999999821,174.9933889697815,0.009871036695066067,0.0034986410267164474,0.00921787851428046,0.0009818783258644713
10.469999999999821,174.07333590700011,0.010079966528231754,0.0038114311544854337,0.009875263539063045,0.0010269085110090465
10.479999999999821,175.22269421245088,0.010284288520594294,0.004102366148108449,0.01037490742013097,0.0010579190431848546
10.48999999999982,177.2179653188169,0.010483520530019792,0.004368775771597866,0.010685099997200588,0.001091397740516914
10.49999999999982,179.81581511103136,0.010675852191462318,0.004610606120871817,0.01078768751576278,0.0011293029429896803
10.50999999999982,182.32364494319913,0.010860630261400026,0.004828643064971031,0.010680959688775202,0.0011384115851572774
10.51999999999982,183.36794353678818,0.011040639476512085,0.005024744091094073,0.010380707534999093,0.0012295750756638713
10.52999999999982,183.92631901186326,0.011221248078630367,0.005203280301629006,0.009918738741211705,0.0013064079685865112
10.53999999999982,184.4421880858813,0.011407923584629772,0.00537376028028282,0.009339115324023674,0.0013663747907158592
10.54999999999982,184.88106859622008,0.011603289413699782,0.005536393000358495,0.008693294091254728,0.0014086621425212793
10.55999999999982,185.15610907661164,0.011807820584803942,0.005691614802345408,0.008428036933637946,0.0014328773866050042
10.569999999999819,185.30357220006363,0.012022886495952166,0.0058387291787608065,0.00867604323675948,0.0014389690089224463
10.579999999999819,185.44124978611626,0.01224915881614749,0.0059789795361661485,0.00881937219213906,0.0014987645706549793
10.589999999999819,185.96994265547255,0.01248361237912262,0.00611668825179231,0.008848876082541887,0.0015591666817861176
10.599999999999818,186.49272828643228,0.012719777795775869,0.006259547361470746,0.008766148377221828,0.0016063945966439108
10.609999999999818,186.8012998834485,0.012950074787627667,0.0064165765229034786,0.008585388476958224,0.0016354245225884089
10.619999999999818,186.9935095209032,0.013167419681806876,0.006594150449699564,0.008333074514142481,0.0016429969935189306
10.629999999999818,187.0763450369469,0.01336565448903765,0.006795063877344049,0.008273201620103912,0.0016278084932355933
10.639999999999818,187.19927587234406,0.013540766625961322,0.007020794895740047,0.008273475661833082,0.00159044983548195
10.649999999999817,187.0689752443134,0.013689261187560076,0.007272063257266872,0.00809628258932417,0.0015336423459896898
10.659999999999817,186.7675431864047,0.013804731219843628,0.007547518285749762,0.007749441911988804,0.001462139923811732
10.669999999999817,186.34836313851238,0.013878147297883572,0.007844208485144456,0.007254070494839891,0.0013818113592596753
10.679999999999817,185.7884915219242,0.013900584234716242,0.008158292215220955,0.007434257389919609,0.001298552919631516
10.689999999999817,185.12058737875483,0.01386559343616184,0.00848387760837698,0.0077108332246522224,0.001319372927617916
10.699999999999816,184.4654116105462,0.013770919709110669,0.008813220758703723,0.007960554006368036,0.0013899448789015207
10.709999999999816,183.8762272720714,0.013617452491089928,0.009137791900297024,0.00817959895865074,0.0014472161163801645
10.719999999999816,183.2536771547779,0.013406735091483766,0.009449479290485447,0.008366822004351808,0.0014886104020518183
10.729999999999816,183.17227254573044,0.013140746215898209,0.00974159354857124,0.008522045394477382,0.0015117914271565351
10.739999999999815,183.4529770807965,0.01282292895085612,0.010009363136741974,0.008644576578905423,0.001515299265892551
10.749999999999815,183.59726165550043,0.012458056268702857,0.01025120564168288,0.008732502434654352,0.0014992255609643658
10.759999999999815,183.60825088189563,0.012049598968998593,0.010467882805786456,0.008782515914332267,0.0014652303173700993
10.769999999999815,183.52134267621412,0.01159819004211525,0.010661441146905207,0.008789781574714647,0.0014160560725320762
10.779999999999815,183.30753841175056,0.011102873198573894,0.010835610123591554,0.008748081910098144,0.001382760409894399
10.789999999999814,182.84618002558594,0.01056057006706593,0.010996099417589434,0.008650645472388394,0.0013607117724870321
10.799999999999814,181.98806032237073,0.009965015950356001,0.011151762603183697,0.008491151563676037,0.0013122134546745593
10.809999999999814,180.72877629093048,0.009309050383572283,0.01131355946865576,0.008264066218278118,0.0012442548499099434
10.819999999999814,179.13436605355136,0.008587878204399135,0.011491419643295912,0.007964297939822946,0.0012533036261296638
10.829999999999814,177.46100904682706,0.007800655841921943,0.01169194985799305,0.007586672663273851,0.0012621915997553927
10.839999999999813,175.86343418335767,0.006950002375853106,0.011916924657668868,0.007125352424351655,0.0012709961061339275
10.849999999999813,173.99556506698232,0.006039617959455435,0.012163193815943147,0.006573273485804856,0.001279780793716741
10.859999999999813,171.84141534186526,0.005073336099154441,0.012423587172130067,0.005922135564988645,0.0012886191866888271
10.869999999999813,169.42787435205815,0.004055821370733756,0.012688533296843463,0.005163243261943458,0.0012976171397552274
10.879999999999812,166.98528863501446,0.0029929669784186682,0.012948120914786053,0.0050256376525765565,0.001306903054520274
10.889999999999812,164.50603134580652,0.001893469576617361,0.013193993199408933,0.004964013659605689,0.001316609863731216
10.899999999999812,162.6738602341037,0.0016444313246089855,0.013420994917807029,0.004856438692041653,0.0013267796286517426
10.909999999999812,165.39022492114603,0.0015479212524144989,0.01362593473381043,0.004758909953107497,0.00133749243040213
10.919999999999812,168.02058549490692,0.0024601890859710894,0.01380687587307074,0.004725738765409879,0.0013488342444614152
10.929999999999811,170.53174237000533,0.0036148250249030105,0.013965850689442,0.00479075826641391,0.001360839310216985
10.939999999999811,172.84093943926538,0.00476014844065745,0.014107580158474426,0.004981377827953959,0.0013735037318071159
10.949999999999811,175.1664210663134,0.005877431902461508,0.01423593892112053,0.005611089485165316,0.0013867821954630642
10.95999999999981,177.5797251135367,0.006946028691735103,0.014352859841492148,0.007059035389370157,0.001400640289052039
10.96999999999981,179.55694373455634,0.00794578367654102,0.014458010464045786,0.008391786250093902,0.0014150827570640217
10.97999999999981,181.07201375187807,0.008859677915149205,0.014551108254744094,0.00954647537640327,0.0014301144817446725
10.98999999999981,182.1956288848595,0.009675218212524265,0.01463460014343605,0.010467766957972911,0.0014456840009670368
10.99999999999981,182.9925982799109,0.010385325248676244,0.014713648466794292,0.011113726497765033,0.001461687685811657
11.00999999999981,183.579999733931,0.010987313505858538,0.014794115019171569,0.011460591966745993,0.001478028778595199
11.01999999999981,184.1025793063447,0.011481997737024342,0.014878551316932486,0.011505531675616966,0.0014946490279311236
11.02999999999981,184.5496981680952,0.011874286482630348,0.014965317279510618,0.011267328578987648,0.001511494650442097
11.039999999999809,184.87197804171933,0.01217332924491827,0.01505117327594071,0.010785323124689201,0.0015284772438692567
11.049999999999809,185.03314357013312,0.012392235322924142,0.015132557964813007,0.01011619039129591,0.0015454940178367743
11.059999999999809,185.025203112367,0.012546595091233544,0.015207492655827241,0.009328140777073066,0.0015625090792842843
11.069999999999808,184.85348151955145,0.012651956943741525,0.015277020221834357,0.008493581747192364,0.0015794047095647305
11.079999999999808,184.49508965624156,0.012722643811206013,0.015344661807244293,0.007718625844971527,0.0015961380706810621
11.089999999999808,183.89566686542335,0.012770374711645995,0.015415714201424947,0.00811464427862022,0.0016126113060929647
11.099999999999808,185.88587061521045,0.012803945080982728,0.015494995403409354,0.00834156853886432,0.0016286408082144428
11.109999999999808,187.81459531150412,0.012831589217057779,0.015583963096681934,0.008396549442804374,0.0016442207117979678
11.119999999999807,189.2748442796678,0.012862614510506146,0.015679247884945208,0.008290862823595566,0.0016592445476959863
11.129999999999807,190.0778687288952,0.012905243390323519,0.015773774419276174,0.008054399094970476,0.001673562458382306
11.139999999999807,190.59923155529268,0.01296444454474752,0.01585976783852385,0.007754537481428839,0.001687033041516201
11.149999999999807,191.318755289794,0.013042431909706876,0.015930044691497135,0.008108544851683686,0.0016995446529485764
11.159999999999807,194.54037249254074,0.013138183843890086,0.01597802507990056,0.00846235239102362,0.001739070786567519
11.169999999999806,197.0264202345627,0.0132476565849571,0.016000652432905688,0.00878989381857609,0.0018549732727912577
11.179999999999806,198.8709072364261,0.013365698903288288,0.01600160948336935,0.009067692279203624,0.0019509571238677727
11.189999999999806,200.04330590628518,0.013487469348379837,0.01598804735007033,0.009277144592479405,0.002019812307688088
11.199999999999806,200.61127729971003,0.0136090079074161,0.015966688292164518,0.009404723730048463,0.002057958334853453
11.209999999999805,200.32498537391186,0.013727154064113262,0.015943713862459068,0.009443803942334341,0.002065296199976109
11.219999999999805,198.54074223265314,0.013840392376955495,0.015923029078474572,0.009397439770079726,0.0020435892134882546
11.229999999999805,196.7736253384559,0.01394948918172875,0.015906263879648858,0.009278182140390686,0.0019956868760561434
11.239999999999805,197.67703724104615,0.014056513195805437,0.015895241794732767,0.009104175702630288,0.0019261601686271538
11.249999999999805,198.74963775403342,0.01416307898018804,0.01589085063524214,0.00889532457853875,0.0018419587329008686
11.259999999999804,199.49248390414306,0.014269701973619353,0.01589132261238428,0.00867257271035607,0.0017790487293238614
11.269999999999804,199.94516781813482,0.014376708206625564,0.015894023295020304,0.008457895588628864,0.001780196730914528
11.279999999999804,199.8677383754019,0.01448442500642156,0.01589695818204073,0.008270881378672726,0.001780162794102057
11.289999999999804,198.84972253520317,0.01459228823313926,0.01589793157320209,0.008123715786163931,0.0017789738916560791
11.299999999999804,196.65854816829298,0.01469758663232715,0.01589377859621313,0.008020042865377724,0.0017766862395510964
11.309999999999803,193.22022284327215,0.01479433083075944,0.015879856089976788,0.007958033631735894,0.0017733589104875298
11.319999999999803,188.5877978715796,0.014873357133065404,0.015851178324329477,0.008256192578837956,0.0017690372553319103
11.329999999999803,183.56297525876883,0.014924613537264438,0.015804331752634314,0.008575410193066938,0.0017637489400814145
11.339999999999803,184.54685046710398,0.014938994165644521,0.015737984119700323,0.00883061975332153,0.001757511071485161
11.349999999999802,185.27853087298743,0.014908695490941409,0.01565351782508438,0.00899451196624505,0.001750347117261028
11.359999999999802,185.7201905063821,0.014827783961701597,0.015555767037120227,0.009044110868237401,0.0017422574420230769
11.369999999999802,185.85941054612132,0.014692667816714931,0.01545221014571762,0.008962104004232406,0.001733292194189164
11.379999999999802,185.85190774796686,0.01450149669710564,0.015349559935452452,0.008737387303568015,0.001723489978954986
11.389999999999802,185.75152671815653,0.01425132553002346,0.01525108486528212,0.008365470200050927,0.001712919171732055
11.399999999999801,185.57427467811462,0.013937158985609101,0.015157139530065075,0.007849073025786324,0.0017017023505927888
11.409999999999801,185.2917344899174,0.013554419679442896,0.015066762833136899,0.007198330763046511,0.001689845898075384
11.419999999999801,184.86411202234373,0.013099245556684616,0.014978943235860534,0.006908597451962649,0.0016773964341313698
11.4299999999998,184.25523135536662,0.012568417577774512,0.014892145275527846,0.006631037611190732,0.0016644129688671973
11.4399999999998,183.4189856521051,0.011961569647874922,0.014804321428926752,0.006377735987409915,0.0016509421934149666
11.4499999999998,182.32914798424562,0.011281972758708514,0.014713026613507957,0.006157507707428977,0.0016370522359172718
11.4599999999998,180.958072164317,0.010535076075332151,0.014613824653693822,0.005978344112153804,0.0016228779521963491
11.4699999999998,179.24850672289077,0.00972709769897274,0.014500111165586457,0.005839606398568404,0.001608595589194391
11.4799999999998,177.14083556910785,0.008864997623931576,0.014363396476959616,0.00573457033660569,0.001594326424725541
11.4899999999998,174.61922322750593,0.007957516225269997,0.014195753343296369,0.00566468850506845,0.0015842762432328292
11.4999999999998,171.70915333572037,0.007317230096481692,0.013993030433488941,0.005625358728306713,0.0015768568512777293
11.509999999999799,168.44841448062533,0.00679335828476758,0.013754713635551342,0.005549824336075094,0.0015588096306316437
11.519999999999799,164.8906311365897,0.006109235403008954,0.013483248961666493,0.005515906728594274,0.0015370242375035783
11.529999999999799,161.2599750507217,0.0052832374348771305,0.013183202445070385,0.005488696704813861,0.0015226175893750687
11.539999999999798,158.39906714026571,0.0043413637122520264,0.012860813759113436,0.005462183817565462,0.001508164474621371
11.549999999999798,159.5235938298688,0.00331765242957585,0.012524813408724736,0.00542895210818403,0.0014935971646794714
11.559999999999798,162.15990751886125,0.002254329315055458,0.012185944334266863,0.005380981188315915,0.00147886589415866
11.569999999999798,164.62087044959566,0.0026504650022446826,0.011855796221154341,0.0053122093975727265,0.0014639206675908173
11.579999999999798,166.85212468654424,0.0036733045436047464,0.01154567752832016,0.0052220410391600755,0.0014486569079913572
11.589999999999797,169.03609065190668,0.004671398026631699,0.011263984658111615,0.005116756869913489,0.0014329303594789093
11.599999999999797,171.26357875923796,0.005639840448027867,0.011014075171315913,0.005008041223547781,0.0014166534279236977
11.609999999999797,172.9930001624684,0.006574935045255453,0.010794268514138183,0.0049107813288451485,0.0013999154726352853
11.619999999999797,174.21513055810416,0.007472219763310745,0.01059930701383126,0.004853202238525807,0.0013827379028972908
11.629999999999797,174.9828967364292,0.00832539734343588,0.01042158783105847,0.004883411736360162,0.0013734879531213723
11.639999999999796,175.543661211918,0.009127385154562084,0.010253228550152453,0.004994477767859419,0.001379399148983553
11.649999999999796,175.86798234715732,0.009869929613850853,0.010089114287377729,0.005132647106017942,0.001380570643816264
11.659999999999796,176.3118857959829,0.010542882762523745,0.009926670839911963,0.005478597711352641,0.0013768534330928302
11.669999999999796,176.44185756378093,0.011135686742677724,0.009763592358866584,0.005754788320786232,0.0013681668743709707
11.679999999999795,178.3193861481346,0.011640053578126799,0.009596452406868737,0.005922602321517238,0.001354509942044449
11.689999999999795,180.12972145222517,0.012050880131851061,0.009420692549130808,0.005970466311734769,0.0013359396403999065
11.699999999999795,181.65878614947525,0.0123676488816495,0.009231945766967738,0.005986547073744391,0.0013125259065350583
11.709999999999795,182.9806481697956,0.012597421630119711,0.009026948770931487,0.006101191146493423,0.0012843531912499005
11.719999999999795,184.07960733248717,0.012753726658949967,0.008804428434987806,0.006171600676912591,0.0012966335266477761
11.729999999999794,184.7885576853926,0.012853193181760487,0.008566333727549554,0.006193802523486662,0.0013241295836766915
11.739999999999794,185.06131217123144,0.01291535725945225,0.008318537497941658,0.0061683779735841795,0.0013483092310013457
11.749999999999794,185.09543122539668,0.01296058910495121,0.008069125945415359,0.006101047334812292,0.0013659938776180854
11.759999999999794,185.10798088622653,0.013005270773746429,0.007823221772438394,0.006002992865296812,0.001374245065054769
11.769999999999794,185.04284297879474,0.013060785607454889,0.007581829100887089,0.005900662449592173,0.0013710241855098913
11.779999999999793,184.85583832987794,0.013135151717010117,0.007345762591161337,0.005874898526134645,0.0013549266795044317
11.789999999999793,184.5414044762759,0.013232874343672941,0.007118364675215236,0.005795897677793689,0.0013380933534608602
11.799999999999793,184.760596466376,0.013353405504146064,0.00690619967770289,0.005771304020472975,0.0013494469944492435
11.809999999999793,185.28301396451107,0.013489323287731761,0.006716563223106117,0.005822442767129366,0.0013705383926665698
11.819999999999792,185.5995953287907,0.013628498971034065,0.006553817865079894,0.00590809954114152,0.0014040275431934964
11.829999999999792,185.83179770724288,0.01375874426819201,0.006419394338093262,0.0059815492320785795,0.0014467395916536387
11.839999999999792,185.94280579007295,0.013870085478676408,0.006313366096256444,0.006094201964116766,0.00148182144037775
11.849999999999792,185.97352762502993,0.013956514672624988,0.0062342166327234785,0.006291740960393477,0.0015230925986632032
11.859999999999792,185.97756532899777,0.01401564149615185,0.006177916135669304,0.006397913006529297,0.0015603340761385929
11.869999999999791,186.028469230054,0.014045799570750424,0.006137067403179253,0.006399167106700902,0.0015871218526530262
11.879999999999791,186.61846342392403,0.01404357105054231,0.006101796345046103,0.006290540603523445,0.0015980694268475412
11.889999999999791,187.13412040975632,0.014005327813190757,0.006062219582835442,0.006075189190489087,0.0015900960059117759
11.89999999999979,187.3732083263849,0.013930127544523814,0.006009893211152083,0.005897757199540358,0.001562636012529557
11.90999999999979,187.1861474940828,0.013819815664031386,0.005940020056127441,0.005700761036048168,0.0015165235218824132
11.91999999999979,186.54746132089113,0.013677925069669505,0.005852888482045682,0.005450180944917383,0.0014536860970998013
11.92999999999979,185.4088651168286,0.0135087337613715,0.0057514520618723985,0.005159799203914932,0.0013779365149184071
11.93999999999979,183.69195901266784,0.013316502405647856,0.005638699290726117,0.00484554093136825,0.0012949538758666138
11.94999999999979,181.27328969584008,0.013103453407509557,0.005518133306742653,0.00452638301287909,0.0012334477765501232
11.95999999999979,180.69265337900939,0.01286839610682813,0.005394496842273198,0.00462438775526885,0.0013111633820429899
11.96999999999979,180.23552697536275,0.012609356343875559,0.005272116684410378,0.004834817887687225,0.0013756477761369278
11.979999999999789,179.6630156863509,0.012327656861552119,0.005153924516785854,0.004986187221162461,0.0014219242771961016
11.989999999999789,179.04761496287145,0.012028322759130308,0.005040341627761038,0.0050648319583675785,0.001446252434336966
11.999999999999789,178.3286115324496,0.011716185614612372,0.0049295254106079475,0.005065131897945483,0.0014471378080694345
12.009999999999788,177.38283640794998,0.011392737792504548,0.004820939808701591,0.004989398082039915,0.0014252919700087465
12.019999999999788,176.1692072354466,0.011056947975990921,0.004715214330906667,0.004843925323790088,0.0013825095304207523
12.029999999999788,174.73311488641446,0.010706078034761344,0.004611987756005871,0.004637385730298492,0.0013212202879239333
12.039999999999788,174.11222247050924,0.010335917418624309,0.0045113438533348205,0.004383372049713545,0.001245223490497405
12.049999999999788,173.42151440194914,0.009942602604792024,0.004413851542501858,0.004100495906277836,0.0011597360793190153
12.059999999999787,172.635647769808,0.009522366163436222,0.004318637449964211,0.0040278384548768885,0.0010697105392534331
12.069999999999787,171.77583475247175,0.00906950975602167,0.004223058769779939,0.004378619517728133,0.00097832226701638
12.079999999999787,171.35895854790317,0.008576854375858234,0.0041228275333562705,0.004639141235549337,0.0008874894232557396
12.089999999999787,170.80308272674247,0.00803720687555167,0.004013017046278444,0.004774793631300865,0.0008725301665846974
12.099999999999786,170.12237890208687,0.007444487464394376,0.003888874982633049,0.004761589027682543,0.0008527783294554008
12.109999999999786,169.16303872542954,0.006795224200557426,0.003744381987281173,0.0045888291075813865,0.0008120035401609442
12.119999999999786,167.9055157983976,0.006089145786920913,0.00357245865949208,0.004259967791306999,0.0007505721940305616
12.129999999999786,166.46110303432792,0.005328337241457931,0.003367341044362619,0.0037922393597856173,0.0006900828183192895
12.139999999999786,164.7650198823767,0.004516353221728805,0.0031248046168181297,0.0032147910611995934,0.0006270030012907395
12.149999999999785,162.80438953099494,0.003659096814702225,0.002842634664892525,0.0026131026864698414,0.0005969040470610539
12.159999999999785,160.67478280299505,0.0027659149685587236,0.0025221203149536756,0.0024052811478548005,0.0006355501964233867
12.169999999999785,158.4721537616949,0.0018482337575650382,0.0021686619358596286,0.002425807439343525,0.0006706827269210174
12.179999999999785,157.52495351575413,0.0009164911552066741,0.0017920465764559037,0.002539288003989162,0.0007015057961442663
12.189999999999785,160.20320485284978,0.0011823702210394574,0.0014045313166733716,0.0026212716906620507,0.0007272769042462062
12.199999999999784,162.76236855366201,0.002144008098663088,0.0010177595405601145,0.002667353195225536,0.0007473404033963515
12.209999999999784,165.0679309143575,0.0031103910058866407,0.0013182691347553785,0.002683357601349217,0.0007611187511977432
12.219999999999784,167.0758968896203,0.004069500923866068,0.0016095470945136025,0.002704161518850387,0.0007681270247965272
12.229999999999784,168.78587816491918,0.005009655534444357,0.001867937643456646,0.0029931613107998713,0.0007679862577529579
12.239999999999783,170.2309340143696,0.005920710347629504,0.0020906465507653698,0.0032783709773314775,0.0007957147890889385
12.249999999999783,171.66019500318063,0.006794191616649458,0.0022768624701935596,0.0035049137974595993,0.0008675958879612905
12.259999999999783,172.75259543586932,0.007621869285146889,0.0024289517646125837,0.003847255405730356,0.0009195933951325567
12.269999999999783,173.47095051568752,0.008394388407639739,0.0025522553397717496,0.004335087346164876,0.0009501224891696676
12.279999999999783,173.83092740820828,0.009102236344228923,0.002653093048079991,0.0048549410129192045,0.0009857640601812648
12.289999999999782,173.8692083575433,0.009737802085145235,0.002738141548383392,0.005387197268253845,0.0009983091276083457
12.299999999999782,173.60625478125365,0.010298010736385753,0.0028132818725819793,0.005902139934868555,0.0009825987422488768
12.309999999999782,173.09020915559938,0.010786768316915309,0.0028834022640351607,0.006363766799378444,0.0009694056703294969
12.319999999999782,172.44700737098603,0.011212633777488538,0.0029531973581661507,0.006734459812621037,0.0010842056310425188
12.329999999999782,171.82463367689425,0.011584548406148275,0.003229115087326387,0.006979818116772741,0.0011871507749196854
12.339999999999781,172.64366112855507,0.011910747268793664,0.0035285469790453834,0.007073506106861512,0.001276525568133353
12.349999999999781,173.80722601727834,0.01219778660268241,0.0038403136631061903,0.007001363366336885,0.0013520497239927355
12.359999999999781,175.37991892667495,0.012451026632501564,0.004161973007459413,0.006763623935316349,0.0014143177480277628
12.36999999999978,180.85342933022918,0.012677558700028495,0.004488057618432001,0.0063751036581476085,0.0014653786805983054
12.37999999999978,186.2806192820326,0.012886299927241465,0.004809845542424453,0.005864055756413225,0.0015092030302680814
12.38999999999978,189.9422672038369,0.013087357789398762,0.005117955631977694,0.0057210496161683435,0.0015503736880335373
12.39999999999978,192.84835018438193,0.013291997840067366,0.005405535840198097,0.005958683937629889,0.0015918101546193884
12.40999999999978,195.3836298068944,0.013509360365874065,0.005668203227673312,0.006203258834258053,0.0016339527772158925
12.41999999999978,197.35517306948225,0.013744843778360605,0.005903609679432956,0.00644919811488806,0.001676053223788436
12.42999999999978,198.64276726693114,0.014001809648691086,0.006113401199701381,0.006692014605022398,0.001717630735044327
12.43999999999978,199.53286240786497,0.01428136665147231,0.006302256451799222,0.006927707857938959,0.0017582662039000543
12.449999999999779,200.08711270954765,0.014581293440303794,0.006474188226211209,0.007148819973581151,0.0017963178850707374
12.459999999999779,200.3517769998093,0.014896517308494334,0.0066323284208329985,0.007343575814960077,0.001828598036240115
12.469999999999779,200.3777038866281,0.015219790881087348,0.006779461545503582,0.007499952888076782,0.0018516590494123367
12.479999999999778,200.0826500031734,0.015541368765617769,0.006916426982512384,0.007609444836456499,0.0018630353114392976
12.489999999999778,199.5125818357917,0.01584785861898248,0.0070426786799635465,0.007666340952438576,0.0018610508875981113
12.499999999999778,198.6643377158906,0.016121842028692993,0.007158194150168313,0.007666186694553086,0.0018443338584171825
12.509999999999778,197.5286151064994,0.016345120869701274,0.007263839816733915,0.007608268061448652,0.0018126624575753119
12.519999999999778,196.4627884819881,0.01650247088180223,0.007361502895555069,0.007498782380978818,0.0017681113365771758
12.529999999999777,195.73910111917874,0.016582774312769145,0.007453575187363278,0.007348195568195967,0.0017142570038456391
12.539999999999777,194.47579876654078,0.01658067098001834,0.007541511735717567,0.007164976509977888,0.0016540265105863454
12.549999999999777,192.5688600345753,0.01649688180518686,0.007627185757252902,0.006954413910102988,0.0015892082791473395
12.559999999999777,190.03398714632465,0.01633577298862278,0.007713948608238851,0.006723755643145869,0.0015222561505334933
12.569999999999776,187.0151016555844,0.016105137569075303,0.007803693275891508,0.007078847216081142,0.0014573263637688676
12.579999999999776,183.71222628203415,0.015816961626178228,0.007896212910540712,0.00747428354473643,0.0013986147399683594
12.589999999999776,180.37421104060923,0.01548598921886464,0.007990482599807506,0.007793938942375977,0.0013856086591728563
12.599999999999776,180.56956757742688,0.015128081731790498,0.008085562219177077,0.008028906726437269,0.0014383183501637507
12.609999999999776,180.565733228683,0.014758076923267659,0.00818197029112394,0.008174385462215187,0.001476222662286546
12.619999999999775,180.41830883378728,0.014386868838945677,0.008281593484487476,0.008230797007779013,0.0014971022381373425
12.629999999999775,180.1593517477371,0.01401912615834478,0.008385139949062845,0.008204484319620294,0.001497180880745247
12.639999999999775,179.74941577530078,0.013652119062510164,0.00849075098536769,0.008107266128552788,0.0014765626717325024
12.649999999999775,179.1289219301087,0.01327733148752388,0.00859750458533116,0.007955082303626286,0.0014343473991534428
12.659999999999775,178.2802485381191,0.012884478100609161,0.008706637641411812,0.007766245844812806,0.0013712880625574436
12.669999999999774,177.21928037402063,0.012463997730984439,0.008819876321413888,0.007559144370445741,0.0012903690280892974
12.679999999999774,177.29118227424206,0.012008002206671187,0.008939978002617019,0.007349192570449405,0.001248826420834984
12.689999999999774,179.16467290873703,0.01151084750575336,0.009070691774146168,0.00714571360219533,0.0012420688272866231
12.699999999999774,180.49610760833534,0.010969448232165111,0.009216938133237826,0.006949680571747716,0.00122729806373458
12.709999999999773,181.1634520946083,0.010383914386615085,0.009384498102017186,0.006752603948742876,0.0012600436502519696
12.719999999999773,180.94713340066923,0.009756648743128923,0.009722333163352501,0.00653671717626718,0.0012911526741429214
12.729999999999773,179.72307248653695,0.00909110124360969,0.010126430532113274,0.006277027014296494,0.001320613876697503
12.739999999999773,177.5447951484918,0.008391748545282296,0.010531499660494782,0.005945302273151471,0.0013484232175940381
12.749999999999773,174.51091214509623,0.007665462851593469,0.010926756502809963,0.005693669102528037,0.0013745591508137712
12.759999999999772,170.79167750566072,0.006920986064531786,0.011299590474843675,0.005581610076857496,0.001398980312215295
12.769999999999772,166.7008553403406,0.006165266613069985,0.011637577385558633,0.005479768632756143,0.0014216493005053956
12.779999999999772,167.96821029928805,0.005403715686904377,0.01193113696159685,0.005399614969846189,0.001442564762816715
12.789999999999772,169.45065960164135,0.00464242811722246,0.012176440104565058,0.005347051837555226,0.0014617708412650655
12.799999999999772,170.31442863005321,0.0038870170372063465,0.012374574785641386,0.005322006965903326,0.0014793269372671365
12.809999999999771,170.42208749170078,0.003142157029314364,0.01252949365662952,0.0053785576518162225,0.0014952602657238743
12.819999999999771,169.60301860170813,0.002721804790167098,0.012646273812845362,0.005447882962988133,0.001509547512538489
12.829999999999771,167.75007847031952,0.0028397144365813706,0.012729154055537735,0.005487515974427785,0.0015221421853691037
12.83999999999977,165.88525723934524,0.0028078076008493436,0.012780846371241482,0.0055331341939849725,0.0015330121138095471
12.84999999999977,167.28114518422623,0.0025779481739015998,0.012804761764976948,0.005715913926775369,0.0015421482619067367
12.85999999999977,168.49437089963374,0.002365346307695452,0.012806360419712092,0.005615670362197517,0.0015495556438119033
12.86999999999977,169.4838321933478,0.002958238993617144,0.012792340852522283,0.005559258175706059,0.0015552626027995572
12.87999999999977,170.09634173958847,0.003547403262240988,0.012769631180817278,0.005587952282008358,0.0015593446892634203
12.88999999999977,170.28145979871397,0.004133469421499754,0.012837095294759347,0.005624333879767724,0.0015619183719352424
12.89999999999977,171.56637333705473,0.0047129764058974795,0.01307708664943659,0.005665518295548622,0.001563092959687731
12.90999999999977,177.88644692295304,0.005280410041634112,0.013346945859741085,0.00570444446216493,0.0015629372626628213
12.919999999999769,183.46217806304233,0.005830275308463074,0.013643606781680917,0.005731055775141596,0.0015615133311987833
12.929999999999769,187.78638501475666,0.006357501277134687,0.013958018834417779,0.005736176638119766,0.0015589434998038293
12.939999999999769,190.9083334217439,0.0071380182025627065,0.014278968419783326,0.005715965704732245,0.001555427569730713
12.949999999999768,192.8031200431845,0.00791878850261419,0.014596766433337738,0.005796286564886145,0.0015511892586319233
12.959999999999768,193.60519038100026,0.00847312794406835,0.014904562254326799,0.0060115511681543355,0.0015464206489381657
12.969999999999768,193.60482443244732,0.008803978104276104,0.015198977052835903,0.006264434451982175,0.0015412858188246588
12.979999999999768,193.17012101571484,0.008934655869355143,0.015479945510669307,0.006525267542999004,0.0015359542574694667
12.989999999999768,192.67821071537597,0.008901838114633166,0.015749960090666187,0.006760641167658146,0.0015305984736579024
12.999999999999767,192.40135241397087,0.009053790837964922,0.016012562161585402,0.006939821650000217,0.0015346735757831296
13.009999999999767,193.3714868539134,0.009310942691102872,0.01627105720988974,0.00704165773552173,0.0015824703111279614
13.019999999999767,193.87644401165,0.009552926292332162,0.01652808723097656,0.007188050209887908,0.0016364913966728902
13.029999999999767,195.68424419477412,0.009789768804458013,0.016784380599205714,0.007284359008826246,0.0016858164589567861
13.039999999999766,198.18306097258994,0.010031571443410868,0.01703784855919072,0.007352245473189808,0.0017301214714042085
13.049999999999766,200.74667896303552,0.01028732858475277,0.01729270445292329,0.007376439030193276,0.0017691362698154982
13.059999999999766,203.38285188494334,0.010564083472044652,0.017543212246381053,0.007360658548217341,0.0018026534728662182
13.069999999999766,205.63411554971955,0.010865250477223752,0.017777704987129526,0.007386419304110555,0.0018304763958588524
13.079999999999766,207.789973435327,0.01119007561747914,0.017992700935867415,0.007441021159354937,0.0018524289671009448
13.089999999999765,209.59452103334826,0.011535311920688806,0.018185721457212478,0.007386236917635637,0.0018684285622249089
13.099999999999765,210.78259710421918,0.01189543198476575,0.018355450892534996,0.007247217804568521,0.0018784834777077497
13.109999999999765,211.59679124691206,0.012261338625035778,0.018501757743940757,0.007264637108345769,0.0018826253015580881
13.119999999999765,211.9919736791814,0.012619093249604434,0.018625684595075978,0.007275672587429689,0.001887628952729687
13.129999999999765,211.72873469734174,0.01294985411116434,0.018730319742996084,0.007399540772290335,0.0018934961570787855
13.139999999999764,210.3821670451175,0.013232008943370175,0.018820524707030217,0.007530928526639018,0.001897093580896037
13.149999999999764,208.07770750376685,0.013445538568177396,0.018901824569342977,0.007760067089351324,0.0019000538201926936
13.159999999999764,205.0224093905763,0.013574740682904677,0.018977784079862968,0.008403187485546061,0.0019034126297731624
13.169999999999764,201.5225912006816,0.013607070009994247,0.01904778664414038,0.008978879468031001,0.0019070276462592648
13.179999999999763,197.9496411063417,0.013533751523508752,0.019108012946805204,0.00945383240508436,0.0019098450089561627
13.189999999999763,194.61618587093403,0.013351940771362527,0.019155162636798784,0.009798481479722083,0.0019109211297631565
13.199999999999763,191.71819088243657,0.013065468911404062,0.019188435588045935,0.009989548448169908,0.0019100059795663265
13.209999999999763,190.49137262326613,0.012684237320286222,0.01920833014660331,0.010011660417383848,0.001907257017677939
13.219999999999763,188.4853138582909,0.012222189549491615,0.019214968635597164,0.009857797290308471,0.0019027614433224339
13.229999999999762,187.37226326743055,0.0116958831699723,0.019209051865990985,0.009529222989739596,0.001896740740317372
13.239999999999762,187.65277505739374,0.011125220284843354,0.01919439257119346,0.009035270026632387,0.0018902344081758965
13.249999999999762,188.5993027269535,0.010532790259675951,0.019175357739150196,0.008392794319604449,0.001884410900953149
13.259999999999762,189.9499205335222,0.009939286910068497,0.019152920018968962,0.0076254873936654095,0.0018794940786034527
13.269999999999762,191.38631736337007,0.009359971365465545,0.019123964656203127,0.006777270198802666,0.001874557294524413
13.279999999999761,192.5463021028078,0.008804599078978619,0.019083082931191916,0.006770600503144023,0.001867998978378356
13.289999999999761,193.10194152700547,0.008277760937208188,0.019027774024452465,0.006748559493313831,0.0018590362398022617
13.299999999999761,192.836449680806,0.007778068334678974,0.018961177026240467,0.006710810869585651,0.0018485209023972118
13.30999999999976,191.6562634247641,0.007298850045386648,0.018889465865299118,0.006662231340371324,0.001838184222485908
13.31999999999976,189.57181827391003,0.006830275520626623,0.018818077681780117,0.0067109665108555676,0.0018431152347870752
13.32999999999976,186.71778067845585,0.00636170430079958,0.01874906906576842,0.006848865401156184,0.001862304605448389
13.33999999999976,183.41516573717783,0.005885218154705346,0.018681312408757957,0.00699022129748778,0.0018810578064225793
13.34999999999976,180.11469591036231,0.005396927517382163,0.018612312476129746,0.007118117646031543,0.0018993252403657571
13.35999999999976,183.84538085312062,0.004897061306049924,0.018538606524194597,0.007214509751731612,0.0019170274088378119
13.36999999999976,186.86009918531565,0.004390158774812981,0.018455875350122827,0.007265458551242624,0.001934037837070352
13.37999999999976,188.21415736702784,0.0038817729263354696,0.01835976842656625,0.007266680897849382,0.0019502071593644043
13.389999999999759,187.59297776103625,0.003374646198177414,0.01824751827260918,0.007226495262672449,0.0019653965272072916
13.399999999999759,184.97679820404946,0.0028689527998887795,0.018120337931160024,0.007163715911445328,0.001979488119733368
13.409999999999759,181.65027965715535,0.0023634207897942363,0.017983505692363008,0.007101894290599204,0.001992389343158557
13.419999999999758,184.91985102899523,0.0018554231422435376,0.017843622053421757,0.007062197742751166,0.0020040479615900607
13.429999999999758,187.64733319299168,0.0023940800307896233,0.017705823655010482,0.007071715407027073,0.0020144428675405615
13.439999999999758,189.23332507014098,0.0029350209099334714,0.017571879521500525,0.007089452047317839,0.002023521972253892
13.449999999999758,189.13849769864632,0.003297707662206162,0.01743980510203871,0.007152513441862483,0.002031147039130652
13.459999999999757,187.8705111398311,0.0034823131636950977,0.01730609291146844,0.007228720215164709,0.002037132500627704
13.469999999999757,186.23609383134453,0.0035070737844331997,0.01716856190838948,0.007296612698831828,0.0020413522034522635
13.479999999999757,182.7574821842305,0.003405179561958472,0.01702731574503165,0.007340553835358014,0.002043785363106431
13.489999999999757,179.20222370666875,0.0034250881427665193,0.016884558314466776,0.007353135491586578,0.0020444490725682767
13.499999999999757,174.50933014340583,0.003927395463329921,0.016743267796897998,0.0073357958119965126,0.002043321003735859
13.509999999999756,169.27660051884135,0.004390890347174338,0.01660482708476284,0.007296708784474502,0.002040355096979471
13.519999999999756,172.21236476161636,0.004808174127378319,0.016480202250840067,0.007246679700258248,0.002035535992831205
13.529999999999756,178.08251822577765,0.005173862579684411,0.016353277465043364,0.007194808734995502,0.0020288571556354995
13.539999999999756,182.53473457933137,0.005486891316159726,0.016220027139546248,0.007146487158316012,0.002020245316934808
13.549999999999756,185.80582267847865,0.0057501010778707685,0.0160801396098725,0.007106795310867467,0.0020095693644627917
13.559999999999755,188.61283369009575,0.005969247180043837,0.01593541932699534,0.007106960298706858,0.001996763963036824
13.569999999999755,189.51795860796526,0.006153824893287747,0.015788828649012078,0.007099342494380542,0.0019819115470357538
13.579999999999755,188.6040783110793,0.006315496904701297,0.01564500402963394,0.00706871043099702,0.0019651549635911684
13.589999999999755,186.12597356361488,0.0064656810822693615,0.01550850268416762,0.007104502023464669,0.001946544820655597
13.599999999999755,185.7885140406875,0.006615353201432237,0.015382481411019245,0.007192403778944371,0.0019260243452852324
13.609999999999754,190.47657968650606,0.0067748514367618655,0.015268521539439318,0.007323534524507998,0.001903566770572589
13.619999999999754,194.26017771318323,0.0069546048716410186,0.015166402635827551,0.007483878225291976,0.0018792763954992864
13.629999999999754,196.36871002455126,0.007165215403949079,0.01507433055198481,0.0076489964268745,0.0018533304385609708
13.639999999999754,197.20943255167583,0.007414645621837515,0.01499054170313581,0.007790864403454363,0.0018258661382097017
13.649999999999753,196.72280188924296,0.0077058293697520345,0.014913458219716128,0.00788379941660221,0.0017969769038686488
13.659999999999753,194.048861214529,0.008037185516700308,0.014838429512423252,0.007908304401254437,0.001766801625974229
13.669999999999753,193.59295238152515,0.00840434481665581,0.0147596365695543,0.007854890757701629,0.0017356685478246369
13.679999999999753,192.26255425775506,0.008800739636501784,0.014680557252370883,0.007726413784367219,0.0017035003989696994
13.689999999999753,189.72609415254635,0.009217620011747151,0.014588703263484458,0.007588057932360555,0.0016705284723931755
13.699999999999752,190.18351687156434,0.009645474357345493,0.014483907118442744,0.007984877719276789,0.0016368684721264955
13.709999999999752,192.9327286326685,0.010076959276393377,0.014368178394527257,0.008258632994043303,0.0016024725955009092
13.719999999999752,194.16554798109829,0.010506423493769304,0.01424682470075741,0.008405831471033508,0.001567405399611064
13.729999999999752,194.28977887381194,0.01092687379534275,0.014126897270891337,0.008432359418325805,0.0015317487752740456
13.739999999999752,193.0161175400616,0.011330584892989238,0.014013648651582515,0.008351267862591879,0.0014956007431299635
13.749999999999751,192.8060800243067,0.011710455016588513,0.013909790427181426,0.00818008599498245,0.0014612807990324102
13.759999999999751,191.3781673412851,0.01206056074092345,0.013814460531282812,0.007938595932395551,0.0014603477472594564
13.76999999999975,188.88433652577376,0.012376133869391773,0.013722608445188505,0.007647173497984892,0.001467177701108583
13.77999999999975,185.5716901345251,0.012651383221179808,0.013627726302320302,0.007325380475848193,0.0014738642507084766
13.78999999999975,181.6872159037926,0.012877357038869485,0.013523484669108896,0.0069911989213642676,0.001478578789426674
13.79999999999975,182.66318470292586,0.0130417125069828,0.013402625472821726,0.006661383571024285,0.0014792590325020836
13.80999999999975,183.33800028260447,0.013131643410791637,0.013258417026394343,0.00635229703782989,0.0014739856642789091
13.81999999999975,182.3123619153504,0.01313769043957661,0.013087776042452447,0.006161312900000654,0.0014618424408932127
13.82999999999975,180.1628465926265,0.013054119651126498,0.012891362818001061,0.006178618559094392,0.001442993601501873
13.83999999999975,180.5130652503215,0.012878314878592059,0.012671706503719458,0.006204523811208818,0.001418213300593348
13.84999999999975,180.76338749356583,0.0126107133709281,0.012431283284820478,0.006212655302720269,0.0013883097263005834
13.859999999999749,180.92722251649423,0.012254584622060449,0.012172404865400898,0.006183275289230107,0.00135400652493577
13.869999999999749,180.98008587366178,0.011817459315678357,0.011898298908257181,0.00610061481420578,0.0013162312593132993
13.879999999999749,180.78674309246713,0.011312318151398654,0.011613132520646378,0.005952862628693182,0.0012761882116019924
13.889999999999748,180.2860703679045,0.010754907588826,0.011322250756188415,0.0061652894317288645,0.0012656300099468166
13.899999999999748,179.46268707954346,0.01016045835060819,0.011032233658955263,0.006436799050269172,0.0012794496545532026
13.909999999999748,178.31586751626222,0.009542924568981174,0.010748036351207638,0.006706880664341031,0.0012729000478589898
13.919999999999748,176.82772376834322,0.00891277605641494,0.010470121975137359,0.0069366289465014955,0.0012375533916921264
13.929999999999747,175.1690306040507,0.00827474231048749,0.010195368177115053,0.007087272271074702,0.0011706667189555864
13.939999999999747,173.22177279537667,0.0076283927791817654,0.009920183342386632,0.007124603718616825,0.0010780233604431857
13.949999999999747,170.96004271606816,0.0069699776924457375,0.009648646695030044,0.0070231872839547314,0.001067302619877915
13.959999999999747,168.4747253007098,0.006294230875944578,0.009387033244329598,0.006770217446687288,0.0010520829003110561
13.969999999999747,165.88208827275974,0.005594808230827817,0.009116790080335321,0.006368056398237226,0.0010312747433364547
13.979999999999746,163.27198510734914,0.0048649347020509204,0.008834470953493124,0.005834319407495843,0.0010038795884054986
13.989999999999746,161.11330582251756,0.004100518614211579,0.008536546477340349,0.005199501301551881,0.0009689010871940156
13.999999999999746,162.83595048748265,0.003302075285076589,0.00821963977438756,0.004502895639974499,0.0009254568653967048
14.009999999999746,164.46711152108008,0.002473341529041983,0.007882299726699767,0.003787243439446036,0.0008732839471468557
14.019999999999746,165.75099022165077,0.0021390586523103703,0.007526440938068177,0.0038703101817407293,0.0009958678921874976
14.029999999999745,166.64775571948803,0.0023348459670818624,0.0071563009560951145,0.0041051549339732206,0.0010757465685416127
14.039999999999745,167.21008914870447,0.0026042378191087393,0.006776794842427829,0.00407035391913509,0.001070586073200792
14.049999999999745,167.52099052127159,0.0029388434472423456,0.006392209684716484,0.0037588149382700854,0.0009791193020970543
14.059999999999745,167.64531344258978,0.00373733570761795,0.006005582206889657,0.00321253746218842,0.0008117312377129886
14.069999999999744,167.7586928764116,0.004532409409311411,0.005620131950494311,0.002783387567786563,0.0005917832062621146
14.079999999999744,167.9864833546039,0.005269846638489262,0.0052396580258653805,0.0027956212905740595,0.0006595820593605754
14.089999999999744,168.19646862205192,0.005944491755641346,0.004866168409384386,0.00280032092510573,0.0007382894487927977
14.099999999999744,169.0362272259413,0.006551320014732349,0.004499556568939425,0.0028727945135792123,0.0007966414518451488
14.109999999999744,170.35979687587232,0.007089199775719638,0.0041382097964181765,0.0029609303868375967,0.0008325920771199757
14.119999999999743,171.45548825745902,0.007561774034234215,0.0037768338583691894,0.0031335338056850863,0.000846187386770742
14.129999999999743,172.35259445011272,0.007974238823691207,0.0034070484771759305,0.003808753392073756,0.0008788422977032151
14.139999999999743,173.10489282647012,0.008333069593882437,0.0030211087424486614,0.004544918115906678,0.0009430788479055855
14.149999999999743,173.53536563075025,0.00864617524472528,0.002613434286140108,0.005305972147088843,0.0010146074000520308
14.159999999999743,173.60354102391685,0.00892131599549453,0.002180361466985135,0.006045495093681636,0.0010725195417879611
14.169999999999742,173.40762869255497,0.009164794211662981,0.0017208682926971117,0.006712190385950024,0.0011106173152265315
14.179999999999742,173.03441940905302,0.00938094634507056,0.0012368546763076632,0.007256543876660104,0.0011235702550786587
14.189999999999742,172.35602696098738,0.009571994260077208,0.001448112502846801,0.007637677836695946,0.0011093447679884137
14.199999999999742,171.48727746409878,0.009737701709490565,0.0018207444147171732,0.007828652953095535,0.0010701425251721042
14.209999999999742,174.94056237556774,0.009875907820542665,0.0022444527895385527,0.007819560035698236,0.001010812297577987
14.219999999999741,178.306831498409,0.009984820571413604,0.0026524162788272845,0.007618700865123762,0.0009373033541354495
14.229999999999741,179.77839277981704,0.010065071348668544,0.0030347230713234706,0.007251552106503501,0.0009883564481924928
14.23999999999974,179.60024522896353,0.010119152609766681,0.003389245990411018,0.006757080888013212,0.0011521047487077524
14.24999999999974,178.2056417753195,0.010149704325732447,0.003715878979015299,0.00618244956463692,0.0012980940292763674
14.25999999999974,176.46240341651946,0.01015944107554007,0.004017044434403868,0.005577782603165388,0.0014136096867326522
14.26999999999974,177.80741615561638,0.010151620624809805,0.004298739468270233,0.005724432486516195,0.001489440930463451
14.27999999999974,179.1601823119183,0.010129182127449841,0.0045671199325922444,0.006002808750458005,0.0015208499092376467
14.28999999999974,179.9471889101433,0.010094236036087226,0.004826051726932771,0.0062032497965242425,0.0015072044797576143
14.29999999999974,180.45620736768072,0.010049278522268619,0.00507878386742891,0.006330088708984902,0.0014668348893518064
14.30999999999974,180.38119786934183,0.009998851075808295,0.005327856670040083,0.006393588266729071,0.0014626431400255435
14.31999999999974,181.52256831331707,0.009950539417247318,0.005572533468651837,0.006406479038794163,0.0014139018109065175
14.329999999999739,186.45710103733845,0.009913878956077803,0.005970733154878298,0.006382348915750711,0.0013278843550876755
14.339999999999739,190.72481601381713,0.009898494750666249,0.006376271485662781,0.006334072295355707,0.0012112907042927802
14.349999999999739,193.4590492595849,0.009912230378989018,0.006769799029151647,0.006270785502370346,0.0011945658482647432
14.359999999999738,194.44836454525077,0.009959088794062418,0.007150845421968307,0.006195111138828896,0.0011964615206991735
14.369999999999738,194.83259667769423,0.010038767043493301,0.0075213618595953175,0.0061034515853668585,0.0011916337618513048
14.379999999999738,195.17919142792067,0.010147779111826854,0.007882587088092568,0.005989244700660993,0.0011807858726988016
14.389999999999738,195.77421632528532,0.010280881228569468,0.008233900097941572,0.0058464127106656405,0.00116413352052483
14.399999999999737,195.91460537318778,0.010430033648529981,0.00857507037247955,0.006268647045709068,0.0011419819568278212
14.409999999999737,194.98994187779115,0.010582772817960497,0.008908349905842662,0.006817958678563285,0.0011153977769445536
14.419999999999737,192.7588466933781,0.010723988383471862,0.009238457307507417,0.0073403137912094055,0.001093060388068118
14.429999999999737,189.48608263904552,0.010838354099297674,0.009571105643622518,0.007807282020059554,0.0011046452032665009
14.439999999999737,185.46485566017975,0.010910028209453637,0.009910857462604047,0.008190633375299121,0.0011183672662947197
14.449999999999736,180.9306554328414,0.010922522163000197,0.010260131277087066,0.008464973449628233,0.0011349236736434884
14.459999999999736,176.1084363428248,0.010861434106443251,0.010618228368972386,0.008610850886655766,0.001170766281172263
14.469999999999736,179.56275834430335,0.01071752226356692,0.010980471796686736,0.0086173854625505,0.0012372101130887637
14.479999999999736,182.4309551204361,0.010488014033779764,0.011339737583883944,0.00848375456626772,0.0012987972031446395
14.489999999999736,183.78163920149677,0.010176071580944744,0.011687934487448856,0.008219721356762718,0.0013541185854180418
14.499999999999735,183.82292068310505,0.009788556029619385,0.012016599359718674,0.007845112370129213,0.0014027677516584105
14.509999999999735,182.15094353622052,0.00933481002467829,0.012319055287579376,0.007387475411141999,0.0014443516290539703
14.519999999999735,179.0243473547627,0.008827755829658229,0.012593282730411352,0.006877838387808949,0.001494024886274276
14.529999999999735,175.35233084164665,0.008283319034258971,0.01284221231898055,0.006345842374485643,0.0015468396182540915
14.539999999999734,172.335374868623,0.0077170814326733075,0.013071741836320901,0.005968754111370906,0.001599119392405922
14.549999999999734,171.6927117830392,0.007143404809749578,0.013288684809207987,0.006250100435549479,0.0016507414214596635
14.559999999999734,172.707049234599,0.0065759241876100815,0.013499312873055388,0.006456717074712472,0.001701518951559482
14.569999999999734,172.83987852292324,0.006023777526413082,0.013710754932773081,0.006575892771282501,0.0017512755348413054
14.579999999999734,171.65650887116072,0.005488393000060289,0.013931617534307017,0.006627190446586266,0.0017998940736110355
14.589999999999733,171.2719792911662,0.004964872233924492,0.014168391765534244,0.006653310966424266,0.0018472735248320326
14.599999999999733,171.24566070238143,0.0044442132020624785,0.014423265552847018,0.00671209550461629,0.0018932802980600471
14.609999999999733,169.45437829597864,0.0039148807690139835,0.014695171717623075,0.006882859266862414,0.001937786146674585
14.619999999999733,166.89978064673238,0.0033653467949757926,0.0149806942205981,0.007041312772419495,0.0019807304971618937
14.629999999999733,165.38739472271502,0.0027872060224776434,0.015273710246519242,0.007181981291173399,0.002022093593631257
14.639999999999732,164.102807898871,0.002474654575932197,0.015565521288952056,0.007302527693929033,0.0020618126109676347
14.649999999999732,168.0623225855205,0.002749877166797337,0.015847148118383676,0.0074057015117374395,0.0020997746794065328
14.659999999999732,171.0496381918613,0.0029879892347475148,0.016111919967801876,0.007521390070076643,0.00213589931684095
14.669999999999732,172.51219626708195,0.0031451003287975205,0.016357319783967206,0.007624267765060987,0.0021701731519016576
14.679999999999731,172.36444392908544,0.003180061373317818,0.01658441710407494,0.007722911322868225,0.0022025755762616604
14.689999999999731,174.7688742520148,0.0030583956185539435,0.0167944987416071,0.007848361115875354,0.0022330148742550153
14.699999999999731,176.0227923993422,0.003642295705397749,0.016988672110043315,0.008006567030322978,0.0022613776807624743
14.70999999999973,178.53144925428882,0.004401764389529831,0.01716942216875236,0.008176554331322855,0.002287605508298053
14.71999999999973,183.88110385100043,0.0051797531402270666,0.01733971552366393,0.008348323220763941,0.0023116676814611305
14.72999999999973,187.59396898963678,0.005968506051760962,0.017502453600558805,0.008502790812534786,0.002333476785257803
14.73999999999973,189.40532732096233,0.006757224516864512,0.017661086734875243,0.00872917732987295,0.0023528948346074477
14.74999999999973,189.4008033628778,0.007531831388202213,0.0178188425711439,0.008947924404802615,0.0023698324190930685
14.75999999999973,191.1630794884028,0.008276548812579257,0.017978222191078887,0.009128011436769005,0.0023842888199367227
14.76999999999973,192.7961699486132,0.008975248580152494,0.018142007021053393,0.009251313776215672,0.0023962730214352585
14.77999999999973,192.50671680129875,0.009612996430857992,0.018312942757938218,0.009309189412414919,0.0024057339877496743
14.78999999999973,190.14669785469812,0.010178077328487078,0.018492472889058476,0.009302882970498935,0.002412609565747232
14.799999999999729,186.06453497289394,0.010662500933971414,0.01868051740312063,0.009243607601515155,0.0024169126506308107
14.809999999999729,183.22727673811144,0.011060948942689686,0.0188756045422038,0.009150224133628867,0.002418719216738751
14.819999999999729,183.71292195060184,0.011371566587911346,0.019074641810207946,0.009043564802827468,0.002418085738943118
14.829999999999728,183.8847146896247,0.01159785530317159,0.01927366031263474,0.00894444242636143,0.0024150350183776183
14.839999999999728,184.14141634789115,0.011747899979102947,0.019469223327509774,0.008861835497441429,0.002409631695469768
14.849999999999728,187.68444737395546,0.011832467020706111,0.019658741112885698,0.008802875064151436,0.002402030195266192
14.859999999999728,189.92397425303508,0.011863919305743485,0.019839596908748904,0.00886287226020642,0.002392343921300672
14.869999999999727,190.5047658630295,0.011855537055074292,0.02000909449199988,0.008963167859726175,0.002380696858657124
14.879999999999727,192.82972788160754,0.011820897088143626,0.02016618165384441,0.009072312712314016,0.002367138714431779
14.889999999999727,197.00103153060965,0.011772013114231008,0.02031107935801674,0.009174749010930868,0.0023517854429871273
14.899999999999727,199.4378508927353,0.01171715921572969,0.020443899001313118,0.009251915559975656,0.002334807970480725
14.909999999999727,200.51727764546717,0.01166029464819544,0.020565220803287338,0.009287873751714215,0.002316366788670446
14.919999999999726,200.6310058014205,0.011601399144666168,0.020676623075787083,0.009373229329025718,0.0022966323143379565
14.929999999999726,199.24359673692283,0.011538276316095171,0.02078007893470783,0.009546836239931241,0.002275747401550194
14.939999999999726,197.04053736723557,0.011468790935212667,0.020877607321655875,0.00968183583228814,0.0022537881737051844
14.949999999999726,198.9291160725465,0.011390152368758573,0.020971548819685572,0.009752231395669997,0.0022308960845246733
14.959999999999726,199.33955513008428,0.011298131418368768,0.021063833624542012,0.009738892166156077,0.0022073925477676267
14.969999999999725,197.9875748054206,0.011188526676839696,0.021155946467695252,0.009633466934231916,0.0021833438471067163
14.979999999999725,197.09730383090553,0.011059006441736966,0.02124931410716152,0.00944137533965377,0.0021588809714887702
14.989999999999725,199.31264723876416,0.01090993023598166,0.021344322699192564,0.00918024523400737,0.0021342766546001207
14.999999999999725,200.59456268273496,0.010743911219852619,0.02143979617356504,0.008874703307728,0.002109836782969837
15.009999999999724,201.0087757175474,0.010565551012644777,0.02153257116573677,0.008551786336597898,0.0020855344726256196
15.019999999999724,200.54319507552736,0.010381464681075571,0.02161737776425192,0.008517440267332017,0.0020614975410920273
15.029999999999724,200.4731968652508,0.010200390987549799,0.021688815078160062,0.008637962264097788,0.0020394441584741505
15.039999999999724,203.3069862982554,0.01003287508981722,0.021743061931253825,0.00873768016414357,0.0020188986364316204
15.049999999999724,205.27561241462047,0.009889099700468421,0.021778268466588986,0.008815410588288036,0.0019993493573179587
15.059999999999723,206.33649073705652,0.009774730163407292,0.02179526034588375,0.008870133077362763,0.001980827619278538
15.069999999999723,206.7149353938507,0.009687845412347547,0.021795839579195737,0.008901129346697767,0.0019634415862554697
15.079999999999723,206.31639388490805,0.00961959314243774,0.02178023752233978,0.008907686928595442,0.0019472998900313561
15.089999999999723,205.05299061117725,0.009557358808523434,0.021746989039081104,0.00888924110688379,0.0019328426924798945
15.099999999999723,202.9623778843794,0.00948777144887325,0.021693544366046973,0.008845470812417044,0.001949229728188178
15.109999999999722,200.10185163259274,0.009398103436071262,0.02161768073368712,0.008776240430606427,0.001966958209681393
15.119999999999722,199.1974042712778,0.00927672721799358,0.021519057390910937,0.008681599787224822,0.0019801464751953396
15.129999999999722,200.7604514178117,0.009113589085417984,0.02139898949771754,0.008561781622926652,0.001989048656717313
15.139999999999722,201.77936740153723,0.008901807038699704,0.021259090750033027,0.00841720135389174,0.001994058107911796
15.149999999999721,201.98802223028034,0.008638790798027856,0.021100769490189013,0.00824846202658926,0.001995520870942545
15.159999999999721,201.210281133304,0.00832612857757502,0.020924974083996215,0.00805635634097328,0.001998104854131115
15.169999999999721,199.43394844889997,0.007970179004903464,0.0207319106660981,0.007938816582763063,0.0020018344662773345
15.17999999999972,196.7734258587343,0.0075818226063550575,0.02052129436264922,0.007852464564536378,0.001998854681840173
15.18999999999972,193.346116050777,0.007374860006871526,0.02029287533823382,0.007713509294267079,0.0019892060232143943
15.19999999999972,189.35826560368258,0.007307756778892738,0.020046999435012845,0.007536052224409034,0.0019729759224310426
15.20999999999972,185.17313806882788,0.007104079028928757,0.019785065556474767,0.0073352471985809915,0.0019503248145562046
15.21999999999972,183.4984222208538,0.006780889896918874,0.019510747863659045,0.007164613587677459,0.0019214888756897853
15.22999999999972,183.59616767454168,0.006364832973276179,0.019229781270784844,0.007111477275486795,0.0018866848741679152
15.23999999999972,183.17344282012655,0.005889581727813808,0.018946178350238055,0.007096637120627264,0.0018906257486997287
15.24999999999972,181.94156211600549,0.005392559723159424,0.018659556332965167,0.007080619483758337,0.0018965703199201255
15.25999999999972,179.83472860930883,0.005041775117521286,0.01836548964422905,0.007056472831906248,0.001902746723309071
15.269999999999719,177.09310473245557,0.004905423068799108,0.018056897117653726,0.007015223692886642,0.0019090463770942972
15.279999999999719,174.37232830706222,0.00479076614857457,0.017727387630901745,0.006964419059034076,0.001915704610514445
15.289999999999718,172.317864222518,0.004680444724498223,0.017374462476828768,0.006919165524659764,0.001922220435729318
15.299999999999718,172.39862557984645,0.004554531659080849,0.016999146047445502,0.006960905817277799,0.0019297188741824848
15.309999999999718,172.2900815904843,0.004393555730826299,0.0166038295025864,0.007006046332318951,0.0019394825726862905
15.319999999999718,171.4723103151021,0.004180844858091228,0.01619169315842674,0.007049796932179819,0.0019489434739617024
15.329999999999718,169.8229802843103,0.0039029388134806534,0.015766610243295103,0.0071244444808293015,0.001957668246362533
15.339999999999717,167.36489955083144,0.003551616890308329,0.015332864882722154,0.007206295606131175,0.001965417628675266
15.349999999999717,165.40710554419894,0.0031265841508997475,0.014895184115153899,0.007259955931630679,0.001971968848512606
15.359999999999717,163.90466627313643,0.0029255492772326955,0.014458020384357183,0.00726736842606972,0.0019770401874767045
15.369999999999717,161.6447799198833,0.0026660104863328927,0.014025044181028755,0.007223187346649829,0.0019803096035518617
15.379999999999717,161.23987138091695,0.0023488404680833694,0.013598354427290679,0.007139377306155827,0.001981521312587332
15.389999999999716,161.82851005822727,0.0019915994043211145,0.013177952421265501,0.007041411282673177,0.0019805240770602657
15.399999999999716,165.4862869464311,0.0016202963646947482,0.012762176100427028,0.006956527496643022,0.001977183871665274
15.409999999999716,170.69477019279591,0.0016280627671437405,0.012347313902346106,0.006959553064912437,0.0019713018797577232
15.419999999999716,174.76970110680128,0.002134857983507279,0.011954748057206949,0.006981640847113829,0.0019626479895732503
15.429999999999715,177.2010100309645,0.002632083630139469,0.011805741271843322,0.006987489773529499,0.0019510381872892752
15.439999999999715,177.9273395603913,0.0031157679975118507,0.011626683696561306,0.006962560789605714,0.0019363305384011533
15.449999999999715,176.9694731885037,0.0035828186827623317,0.011415109527643604,0.006899002310143541,0.0019183600713671798
15.459999999999715,174.19589679426204,0.004031170670111689,0.011171249485850535,0.006797937761212514,0.0018969397074354694
15.469999999999715,169.94221063134873,0.004459338088790234,0.010897658868762,0.006668417694734924,0.0018719365438285573
15.479999999999714,166.63094717778992,0.004866126740828629,0.010599524718401324,0.006593374205541534,0.0018433006643873544
15.489999999999714,167.2468639957218,0.005250886100256827,0.01028175550511175,0.006505125224878666,0.0018109399784539007
15.499999999999714,167.6974333860154,0.005613165599118546,0.009947297108678277,0.006398759840370575,0.001774755525823364
15.509999999999714,167.9787348956962,0.005952724651682538,0.009598148897560667,0.006272703790517734,0.001734605151387291
15.519999999999714,168.21828371251775,0.006269433938341425,0.009235586760571705,0.006151788378915509,0.0016904315254257125
15.529999999999713,168.4605881256272,0.006562310280230275,0.008860229870726658,0.00609219087244896,0.001642244261090656
15.539999999999713,168.6054044278768,0.006828843241303839,0.008471902007610006,0.0059019505080290064,0.0015900577436049783
15.549999999999713,168.60839480751983,0.007064828455756116,0.008069470770473817,0.005598949097985124,0.0015338927789479214
15.559999999999713,168.61056003008423,0.007266145353127022,0.007651850025108649,0.005521811520986931,0.0014738832951826971
15.569999999999713,168.7828022761843,0.007430772703055489,0.0072183836596679245,0.005486070588867058,0.001410070871456108
15.579999999999712,169.12843879075567,0.0075573565290512875,0.0067681110754056265,0.005390847669789125,0.0013425636804995297
15.589999999999712,169.52803727282821,0.007644572442800282,0.0062992097885923625,0.005191763816899749,0.00127153154328586
15.599999999999712,169.91515840161014,0.007692486321979277,0.0058102788335265216,0.004873662765905082,0.0011970057146955435
15.609999999999712,170.29314051252965,0.007701987364008972,0.005303353710403706,0.004803661903634527,0.0011191608463857596
15.619999999999711,170.7205888242462,0.007674270490217402,0.004784208798578996,0.004699629015982916,0.0010382203286651583
15.629999999999711,170.68305553681483,0.007612367374700334,0.004259599289292646,0.004508189722249384,0.000954381547532616
15.639999999999711,170.42910768908425,0.007521918458234729,0.0037359854085858126,0.004209901092501971,0.000867828610617766
15.64999999999971,169.84554605151115,0.007408516777111051,0.0032193175613605372,0.003803713707210943,0.0008540571712594562
15.65999999999971,168.96937450161795,0.007274892579043362,0.0027135598696129163,0.003544305917534824,0.0009259983798140957
15.66999999999971,168.41253147872558,0.007122543094857633,0.0022197844399672447,0.0035352668677647208,0.0009431090256838874
15.67999999999971,167.6679622612987,0.006954120203970134,0.0017360802689944438,0.0033635074371628254,0.0009064368331730305
15.68999999999971,166.61790822518415,0.006773305276173265,0.0012585784157937642,0.003047992918542488,0.00082487652567998
15.69999999999971,165.3706266302982,0.0065839697632810714,0.0007954188891015662,0.002634821548998338,0.0007134620200050887
15.70999999999971,164.52741456107012,0.006389162198995632,0.0005338334138233575,0.0024423337424492085,0.0006389826044141728
15.71999999999971,164.35567262423208,0.006196334369742985,0.0009237742826541086,0.002742182829734311,0.0006722693799302278
15.729999999999709,163.94231149268379,0.006045399235479603,0.0013195364903111138,0.0029553377208649746,0.0007606092942932362
15.739999999999709,163.2478603412048,0.005829939491968443,0.0017225675334774048,0.003025384266582161,0.0008002881416656816
15.749999999999709,162.52774608725235,0.005610467574829671,0.0021324732685619563,0.0029330726769504624,0.0007889798387751083
15.759999999999708,162.51480115459046,0.005416181422346032,0.0025493844585835657,0.0027330222836732913,0.0007334724745597719
15.769999999999708,162.31200046479964,0.005215793939257831,0.002974491100511689,0.002637632610024437,0.0006482029650029556
15.779999999999708,162.0314677630845,0.005005478367045103,0.0034090006674545336,0.002692381640141457,0.0006047030711277556
15.789999999999708,161.7945295143282,0.004783474521275783,0.003852650377363732,0.0027248574305469226,0.0005808345234816428
15.799999999999708,162.17475665995406,0.004551606946577909,0.004302363647947079,0.0031677153606066194,0.0006603524155774565
15.809999999999707,162.24704188640942,0.0043144885555259525,0.0047846721129407846,0.003530063696092576,0.0007503528398216777
15.819999999999707,163.31580025280908,0.004077287054848803,0.005295664031484902,0.003794318206183758,0.0008382910764684988
15.829999999999707,163.98698508545235,0.0038444491185769774,0.0057899575597318035,0.003967730587119932,0.0009240063600680006
15.839999999999707,162.7987024146852,0.003664874731311646,0.006260848172191107,0.004112504039723048,0.00100733716532299
15.849999999999707,163.34653511744213,0.003738097316467084,0.00670207876919234,0.004495799521585102,0.0010881998581316985
15.859999999999706,164.10135121091236,0.003834683598145169,0.007110108829830333,0.004912960277025548,0.0011664297352818552
15.869999999999706,164.49493247161297,0.00393119051082976,0.007484555715188888,0.005267278161827825,0.0012419094837528126
15.879999999999706,164.50663015656636,0.0040092327004896886,0.007826702838265287,0.005526460894546918,0.001314624930947323
15.889999999999706,164.22926659957326,0.004057442163056733,0.0081375927619479,0.005680387872951181,0.0013843297230792875
15.899999999999705,163.69041764415923,0.0040721539030315786,0.008418767722612817,0.005746213891890745,0.0014510058600007323
15.909999999999705,162.83260695823486,0.004058244990048414,0.00867424129184146,0.005763699820018688,0.0015144050079604393
15.919999999999705,161.69690434865845,0.00402757709344917,0.008909096389978215,0.005780782866323333,0.001574408460764574
15.929999999999705,161.5003885052646,0.003995420688973504,0.0091281412911777,0.005834343852881816,0.0016309702954250029
15.939999999999705,162.7243356516266,0.003976885338447281,0.009336496515382675,0.005936427928786313,0.0016840284481374312
15.949999999999704,163.7273205822591,0.003983887215045166,0.00953840141007112,0.00608401105268571,0.0017334812527900498
15.959999999999704,164.48707759585702,0.004020723871653773,0.00983386661207488,0.006231282001986077,0.001779260861144206
15.969999999999704,165.03980480386085,0.004079667938812421,0.010210624022662193,0.00637735327249473,0.0018213693763232644
15.979999999999704,168.1964626402007,0.004141992743656189,0.010587342756912983,0.006511561127466697,0.0018598083300350073
15.989999999999704,170.99551039528848,0.0041821655258421015,0.010961962673931479,0.006639101075823166,0.0018945190334146596
15.999999999999703,171.99894790590614,0.004170943152482588,0.011333069955479263,0.006766106290243719,0.0019254446097891423
16.009999999999703,171.19032982376882,0.00407902565042519,0.011699416432110293,0.006887302220690071,0.0019526277033832453
16.019999999999705,168.57647939810786,0.0038816724442216474,0.012076195160965973,0.006991394857891871,0.0019761917941509438
16.029999999999706,165.0857524510239,0.003562783924706322,0.012456470670800053,0.0070662595826497575,0.0019962303181383693
16.039999999999708,165.11630780577704,0.0031182060708197807,0.01282884752354737,0.007112566412963122,0.0020127658504506883
16.04999999999971,168.84216300897316,0.002556935759062977,0.01319165479722299,0.0072291939753824355,0.0020258248511284696
16.05999999999971,174.50123709492283,0.0019000719694473162,0.013543317091396001,0.007352532182019512,0.002035495342091516
16.069999999999713,179.31310323615614,0.0018980412202309394,0.01388306925029083,0.007466970792178672,0.002041879021248643
16.079999999999714,182.6896645289943,0.0023753208693416497,0.014210854452211928,0.0075613082085698845,0.002045032608251471
16.089999999999716,184.2718572046946,0.002831699556469841,0.014526908364669782,0.007616924448439212,0.002046395250668362
16.099999999999717,183.98024193062543,0.0032526577700065624,0.0148317937971992,0.007618489198179208,0.0020464648130246493
16.10999999999972,181.81155185439718,0.0036284428894686437,0.015126715689665738,0.007565702373562484,0.002043466771535415
16.11999999999972,178.87731010937517,0.003953366990825738,0.01541370943782962,0.007468954265294774,0.00203730156640969
16.129999999999722,178.5178482339255,0.004226223336701049,0.01569466412527319,0.007346391842505941,0.0020280452375280116
16.139999999999723,177.2380759719939,0.00444952145630881,0.015970614682221967,0.007217235956797614,0.0020160540908503517
16.149999999999725,175.10847562234989,0.004626737910155185,0.016241865189017064,0.007137248108156243,0.0020014483383114347
16.159999999999727,172.27906173462526,0.00476175244749663,0.01650766049058344,0.007046649333538131,0.0019840555506269687
16.169999999999728,170.28085896188767,0.004860095216456369,0.01676657350359529,0.006947261810021852,0.00196401858883893
16.17999999999973,171.98910566376458,0.00492898310001037,0.01701713399086577,0.006843985366114097,0.0019416524154361899
16.18999999999973,173.52972866014238,0.004977621667243592,0.01725880060082966,0.00674015699458853,0.0019175192650324351
16.199999999999733,174.823891382171,0.00501636652947369,0.01749151083088315,0.006637004096570645,0.001891385775397441
16.209999999999734,175.83727327337303,0.005053673017097346,0.017714188009927502,0.006553295961816891,0.0018634467917132513
16.219999999999736,176.59241706808865,0.005094550645577303,0.017925760940675023,0.0064886128732051795,0.0018341777659894095
16.229999999999738,177.09449958150842,0.00514098711410233,0.018125736022539033,0.006463088099200968,0.0018036866767685228
16.23999999999974,177.30957252318774,0.00519197986743032,0.018313660238370347,0.006451020370890496,0.0017720279604825034
16.24999999999974,177.23520469899307,0.005244058428570236,0.01848917105318884,0.006428578621416863,0.0017393519460039677
16.259999999999742,176.94435547366226,0.005293404827669397,0.018651863721551365,0.006458121244595011,0.0017390327647122297
16.269999999999744,176.53212378645748,0.005336743805958635,0.018800927050561026,0.006539917460183825,0.0017800181974679428
16.279999999999745,176.04518850821353,0.005370452496821863,0.018935301812704013,0.0066099947590634615,0.0018188395112482137
16.289999999999747,175.48308291763266,0.005390597068294581,0.01905486909266291,0.00668215142333504,0.0018553114982775766
16.29999999999975,174.8453818773302,0.005394306697386976,0.01916103155885516,0.0067722104020521146,0.0018892556716570297
16.30999999999975,174.15175554286756,0.005379645589274093,0.019255706582497593,0.006862925897908586,0.001920517767101742
16.31999999999975,173.42667178054836,0.005345501560035809,0.019340955681473083,0.006950250067095681,0.001948961820987516
16.329999999999753,172.6868723553428,0.005292847798814319,0.019428314008310868,0.0071015599212907515,0.0019744666414402996
16.339999999999755,171.94272966131192,0.00522396349943334,0.019527213424609644,0.0073451925115833915,0.001996933070143102
16.349999999999756,176.10621632403002,0.005140841678295821,0.019627679175262827,0.007578926874254962,0.002016280795839041
16.359999999999758,181.48778630797256,0.005045002147086105,0.019729845559138925,0.007800958678626381,0.0020324254643354404
16.36999999999976,185.36047017835025,0.004938653494497588,0.01983162885917231,0.008009488848882114,0.002045260366657639
16.37999999999976,187.54574008192088,0.004824867023140607,0.019930401383192242,0.008202758175901267,0.0020546682910245226
16.389999999999763,188.08242349190596,0.0047053433677770075,0.02002330893631179,0.00837906100826275,0.0020605546565825696
16.399999999999764,187.04051553751748,0.004579491390372821,0.020105509498763056,0.00853674707410582,0.002062868933923088
16.409999999999766,184.49689289926988,0.0044455805270479515,0.02017010352343144,0.008674242494566149,0.002061597147371313
16.419999999999767,182.13763152294595,0.004422848339690556,0.020210624429057418,0.008790078246767351,0.00205674075495966
16.42999999999977,180.85300206704235,0.004670489150480197,0.02022246813947595,0.008882900658382289,0.002048304380165815
16.43999999999977,178.48459947099283,0.004880525741128991,0.020203276375210757,0.008951485937487744,0.0020362938728693174
16.449999999999772,175.2652295527836,0.005055519132432606,0.020152543298543175,0.008994771086625768,0.002020714835817039
16.459999999999773,171.59300181072732,0.005200386007819961,0.020070610650953516,0.00901186566430194,0.0020015755594137105
16.469999999999775,170.12431169799402,0.0053185209970034045,0.019958715803656244,0.009002038231717389,0.0019789041013873053
16.479999999999777,170.88082837796716,0.005409173480306432,0.0198193066320787,0.008964721276032648,0.0019527679878795434
16.489999999999778,170.0716334214321,0.00546666929005575,0.01965647607114041,0.008899547923049223,0.001923273022715961
16.49999999999978,167.91351466751885,0.005481808829608111,0.019475830678424764,0.00880637616418265,0.0018926144263933854
16.50999999999978,165.52784713366853,0.005443289898336444,0.019282602829080606,0.008685270875232827,0.0018592485962858824
16.519999999999783,165.69798430481063,0.0053383845409187315,0.019080814476929702,0.008536482409362075,0.0018230098146176299
16.529999999999784,168.3161841931526,0.005154642613201975,0.01887431419950546,0.008360463277343399,0.001783982975488294
16.539999999999786,171.65158354289866,0.004881099765154793,0.01866646621732329,0.008157887403736663,0.0017422180935809826
16.549999999999788,174.48487957819367,0.0045097745323423605,0.01845813597043114,0.007929631710816561,0.0016978029688902963
16.55999999999979,176.35637769857928,0.0040382857085994334,0.018246599169298237,0.007676757760599833,0.0016508907873834262
16.56999999999979,176.72627333497044,0.004120524497610518,0.018026983824408746,0.007400519968753016,0.001601661560385385
16.579999999999792,175.2555066513279,0.004367089550888121,0.017794678006727134,0.007153587890814647,0.0015502920968025287
16.589999999999794,173.7066850161188,0.004576302404328221,0.017546197907348158,0.00696056423108323,0.0015245685174666958
16.599999999999795,174.1005956329942,0.004727160465009824,0.017290126176742852,0.006747051390459421,0.0015182929447314086
16.609999999999797,174.17920283990614,0.0048038166409317936,0.017019279691356873,0.006513312611322706,0.0015080264676058809
16.6199999999998,173.9099580277387,0.004795465059959581,0.016727430031069405,0.006259772377607054,0.0015066327548352019
16.6299999999998,173.31397640037525,0.00469558107270025,0.016414812500347598,0.005987035620013074,0.0015312387998008953
16.6399999999998,175.94478094311611,0.004502079776120502,0.01608311239085387,0.00571388199990893,0.0015577906900060392
16.649999999999803,177.59120232376105,0.004218319482167495,0.015735059399625176,0.005825238004510064,0.0015843686661184007
16.659999999999805,177.59766123226012,0.0038531842061068247,0.015374405707706987,0.0058946484941744485,0.0016107766275277634
16.669999999999806,176.63717290396318,0.003420253240977171,0.015006377383845637,0.005927426700911358,0.0016365520463171458
16.679999999999808,174.14061532026878,0.0029367695961373497,0.01463674952766873,0.0059402098333490895,0.001661687650532023
16.68999999999981,170.32263123433694,0.0029460887948916242,0.014269976147956158,0.005954649876509397,0.0016857190063608218
16.69999999999981,165.71807307980407,0.0030031730474723226,0.0139080453967736,0.006012468640027629,0.001708337244723463
16.709999999999813,164.58210136378077,0.0030309881197990375,0.013549895151190216,0.006061949152181732,0.0017293150704567827
16.719999999999814,168.19179145476193,0.0030418884265683344,0.01319231062555261,0.006134203704907038,0.001748453157381879
16.729999999999816,172.5985505339161,0.003041835853453496,0.012831748971086967,0.006221020899886498,0.0017655344486359806
16.739999999999817,174.9460846612406,0.003031493743804387,0.012464241432388307,0.0063341067003336755,0.0017804511891050348
16.74999999999982,175.0469691998678,0.0030076193975050285,0.012085459986383922,0.006467504924903894,0.0017929296559171816
16.75999999999982,172.9301526204718,0.0029648107766511757,0.011692233398173251,0.006588886260020329,0.0018026668004069166
16.769999999999822,169.1854588720426,0.0028989887730439573,0.011282900007540978,0.006672216329340181,0.001809432917972392
16.779999999999824,164.16850233098052,0.0028873557130840973,0.011112038562142027,0.006701566667777825,0.0018130472261072737
16.789999999999825,164.31670810939994,0.0031506973048056734,0.010968366662428007,0.006676316254204422,0.0018133108664736897
16.799999999999827,165.633001113988,0.0033785798607907504,0.010795957778820158,0.006609347912843338,0.00180999257760998
16.809999999999828,166.9225493844163,0.0035779346264916724,0.010598285737218872,0.006519814765892761,0.0018028987241043562
16.81999999999983,168.07796713979016,0.0037548014446122475,0.010377879554138368,0.006424618593253587,0.0017919271422547687
16.82999999999983,171.633337406205,0.003914267236998337,0.010137084038400686,0.006352400384820095,0.0017769014908609552
16.839999999999833,174.34805323736606,0.004060149564367165,0.0098776183366487,0.006278655292434772,0.0017576925321866473
16.849999999999834,175.08447879672067,0.004193685190618889,0.009598971616557154,0.006169948761098252,0.0017340807534936586
16.859999999999836,173.93215217943364,0.004313504046917085,0.009299309321959121,0.006099333436002867,0.0017059552634652434
16.869999999999838,172.5483596332922,0.0044174406953712084,0.009069062111694544,0.006039039530669041,0.0016732973787971245
16.87999999999984,169.9497195041659,0.004502790927871555,0.008827306444749832,0.005988046960645364,0.0016360876670130974
16.88999999999984,169.26659277358564,0.004565189052076864,0.008563523794718263,0.005935947223017482,0.0015942687178754507
16.899999999999842,170.39926881258376,0.004600013650554759,0.008279614959374149,0.005861265119769334,0.0015478134891196294
16.909999999999844,173.77590702555642,0.004604969593569682,0.007977097268018816,0.0057369868470767485,0.001496773725329637
16.919999999999845,174.8471602276951,0.004579492063524085,0.007656311283656308,0.005541219618433176,0.001441222686482178
16.929999999999847,173.20788908598308,0.004523465239305836,0.007318080636286632,0.005267492930952088,0.0013811903974932204
16.93999999999985,168.86462237740278,0.004437280804772327,0.00696451316279615,0.004929648868265494,0.0013167096586377222
16.94999999999985,163.67424422737477,0.00432157317715162,0.006598760448877341,0.004728696590802183,0.0012479120170313016
16.95999999999985,163.01642895332373,0.004329940970212898,0.0062253745958081525,0.004562672213327357,0.0011750278762656032
16.969999999999853,162.57862667280605,0.0044270852120336865,0.0058492609548856,0.0043757354322933465,0.00109829271187232
16.979999999999855,162.22287267119722,0.004503717617638372,0.005473179804123211,0.004168638933287616,0.0010179029938893705
16.989999999999856,161.65058474825065,0.004557215099123957,0.005097570798953409,0.003942243191441281,0.0009340775698764161
16.999999999999858,160.8727019513052,0.0045809596328493215,0.004721916513245361,0.003697521562653973,0.000847113546857571
17.00999999999986,164.82710594982132,0.004563943273545176,0.0043450283617826446,0.0034354314638215073,0.0007573490509123937
17.01999999999986,167.90706563171327,0.004493217780181932,0.003965423508499591,0.0031569310665250914,0.0006651074912767675
17.029999999999863,168.70916581816357,0.004356960986699844,0.0035821125882125964,0.002863285952428703,0.0006716198946026063
17.039999999999864,167.4108969860647,0.004146232006938444,0.0031945002827559526,0.00282041543978323,0.000676600956402457
17.049999999999866,164.28263213257225,0.0038556055064581877,0.0028016751902175206,0.0028030612609938384,0.0006601582260766717
17.059999999999867,163.9002498770302,0.0034832769976801013,0.0024023509936744367,0.002736275401256918,0.0006245262711406727
17.06999999999987,164.03970163888806,0.0030330872344923668,0.0019949986708542315,0.0026337547143432095,0.0005737740238147708
17.07999999999987,163.90374975317434,0.00251739473402098,0.0015779409253943008,0.002510530450427398,0.0006005123006800149
17.089999999999872,163.53091875481212,0.00220056865555892,0.0011488461915536998,0.002499848299922783,0.000709380779500717
17.099999999999874,163.618628600265,0.002179535072359622,0.0007048049036088522,0.00278507608799295,0.0007922833066459289
17.109999999999875,164.42636209448352,0.002169595343380923,0.0002530305627931103,0.003017050359523832,0.0008401711968695521
17.119999999999877,164.8340819029059,0.0021701056635688993,0.0002399008402535692,0.0031339556974272686,0.00084735046608859
17.129999999999878,164.81682507269477,0.0021840906661286037,0.0007307031344790412,0.0030888901222404916,0.0008114769298794677
17.13999999999988,164.37129750444484,0.0022178980534145083,0.0012269068562783649,0.003016135440272569,0.0007385968292104093
17.14999999999988,163.49462886394477,0.002279991286513168,0.0017196781468515115,0.003046252820542677,0.0007299517223054142
17.159999999999883,162.23324634469978,0.0023778016537186033,0.0022004029413993154,0.003265127402633091,0.0006761431152724262
17.169999999999884,160.92532648476887,0.0025159464482483415,0.0026622564780890627,0.003411964652696753,0.0007577488137102561
17.179999999999886,159.9234162290052,0.002696609149153742,0.0031009367228748874,0.0035057907212821147,0.0008360910836599019
17.189999999999888,161.99839602940463,0.0029183889762669692,0.0035142104165012218,0.0035696470100242336,0.0009110020575901577
17.19999999999989,163.81405336312895,0.0031742385444543256,0.0039012487221814843,0.0037452029734178836,0.0009823083053010055
17.20999999999989,165.45554355861762,0.0034505349296650406,0.004262029457766002,0.004102287661437628,0.0010498153692026942
17.219999999999892,166.69760712396098,0.00372815672699351,0.004596440301003147,0.004367288427422319,0.0011133803094674586
17.229999999999894,167.50587254608317,0.003985371572237126,0.004903842846297137,0.004534903617247379,0.0011728726963362833
17.239999999999895,168.04304303608987,0.004200537473951581,0.005184670642564891,0.00462659421961246,0.0012281743848615886
17.249999999999897,168.17597379120636,0.0043530688301565475,0.005441412974066158,0.004679498815357304,0.0012790627505934226
17.2599999999999,167.9581488621567,0.004424488978513362,0.005677499228992302,0.004755428736255071,0.0013253570852624387
17.2699999999999,167.46604927450872,0.004400513621718045,0.005896358841950973,0.004941359769509693,0.0013670132926993938
17.2799999999999,166.95721247753372,0.004271343024068482,0.0061003102982918585,0.005090807359103849,0.0014041269585352214
17.289999999999903,166.51625563215637,0.004031429637836146,0.006290138314844323,0.0051988501859319605,0.0014366839011977998
17.299999999999905,165.78145395948843,0.003681661740910109,0.006466117748542998,0.005269752300893219,0.0014645708488980466
17.309999999999906,164.90924395177547,0.0032308808899237174,0.006628120157738553,0.005314223111518923,0.0014878788844603157
17.319999999999908,163.86612794809025,0.0026939992608510216,0.006775621112830375,0.005344091728935141,0.0015067475253852975
17.32999999999991,162.86347664712562,0.002089652445030808,0.006908360363581251,0.005367593427647063,0.001521193061131591
17.33999999999991,161.9586901407144,0.0015147875868975467,0.007025942651493582,0.005387851510221728,0.0015312574800608804
17.349999999999913,161.0404430176031,0.0016432647137598635,0.007127167605773221,0.00546399535635272,0.0015370397749960283
17.359999999999914,160.89087130708776,0.00179136163772811,0.007209934716042478,0.0055855910334977965,0.0015387687927095972
17.369999999999916,165.32605079569353,0.0023912576457499925,0.007271606295514869,0.005726043525971779,0.001536798030935515
17.379999999999917,167.94667079993664,0.003024273405485906,0.007309892590529107,0.0058528542757592394,0.0015311124452363804
17.38999999999992,168.33053289479278,0.003590713585996122,0.007324256573831633,0.005930212880334278,0.0015220691216613709
17.39999999999992,166.26620755198954,0.004077577111212906,0.007317855301240889,0.005931174887437033,0.0015097329837570096
17.409999999999922,161.72513299963248,0.004478570214894738,0.007297840447843115,0.005845342180647639,0.0014943155932355997
17.419999999999924,161.0056718943495,0.004794612549316909,0.007416248758869868,0.005681991557316145,0.001476045666279843
17.429999999999925,162.5038778736462,0.005033263713814132,0.007691650423727229,0.005567104890461494,0.0014551345375775151
17.439999999999927,163.95883187987206,0.005206915260098376,0.007978408574485592,0.005448718984266186,0.0014318717928906565
17.44999999999993,166.4225714196067,0.005331569603613442,0.008280010198463108,0.0052722739033589155,0.001406655531764483
17.45999999999993,169.1678291776794,0.0054258615449530685,0.00859894711984821,0.0050625456673409515,0.0013795204397245983
17.46999999999993,171.50168211666403,0.005508244015468175,0.008936018356077314,0.004852271233259127,0.001350933225664743
17.479999999999933,173.2975909324506,0.00559450815987999,0.009290869961958883,0.004669063725580284,0.0013212189476767306
17.489999999999934,174.53971290071212,0.005696420864901935,0.009661764418465507,0.004960883426722533,0.001317330184030061
17.499999999999936,175.251335716706,0.0058205996834777025,0.010045419973823274,0.0051621924068026995,0.0013686686466397736
17.509999999999938,175.44040095774528,0.00596824717530742,0.010436834182559713,0.005166415885795762,0.0013592261190711944
17.51999999999994,175.13599486338694,0.00613558715383304,0.010828717433535355,0.004992281532170311,0.0012926455427972276
17.52999999999994,174.4274834116857,0.006314141108541938,0.011212268052153695,0.00475212730194609,0.0013349117438973572
17.539999999999942,173.42814075315744,0.006491731556174722,0.011579885208998053,0.0049881617711099065,0.001408560848134389
17.549999999999944,178.4404599721562,0.006654671369991126,0.01192687781752532,0.005244665223677225,0.001475559956097705
17.559999999999945,182.91298155572815,0.006789544086318213,0.012251206393303233,0.005481233906735183,0.0015353421126157692
17.569999999999947,185.31217881750607,0.006883533086281811,0.012552323763334256,0.005652786009243664,0.0015877637748284068
17.57999999999995,185.34382454335247,0.006924774863470835,0.012830454850843716,0.0057322994665276045,0.0016328394284879212
17.58999999999995,182.92159583789729,0.006903917257403315,0.013086535930269847,0.005849410298714599,0.0016707847550632513
17.59999999999995,178.21037582131382,0.006815244164787631,0.013322812204113651,0.0059625802733752845,0.0017022823890824258
17.609999999999953,174.18862754131217,0.006656265946637863,0.01354349147436903,0.006089828829282026,0.0017286516047402426
17.619999999999955,182.62334743311737,0.006427606901372291,0.01375431122622694,0.006247368382978192,0.001751619161279151
17.629999999999956,190.93603366029177,0.006134068246230413,0.013961858737764028,0.006439311171784119,0.001773089496502506
17.639999999999958,198.452592159444,0.005785145727823313,0.014172321103806772,0.006655735993580274,0.0017948615038815541
17.64999999999996,204.0276490968581,0.005394490816335902,0.014389499500297468,0.006875841665815477,0.0018181119067110446
17.65999999999996,208.6199172463846,0.00497788296778786,0.014613652105973114,0.007073696569523065,0.0018430238176099388
17.669999999999963,210.86477697832981,0.00455059279917903,0.01484190185040545,0.007224690661585305,0.001868845429982023
17.679999999999964,211.47864792973465,0.004126715514463653,0.01506970399951893,0.007312611691705884,0.0018943066332876867
17.689999999999966,209.48770915369866,0.0037191692937558578,0.015292068372803735,0.007334438535931637,0.001918026917768605
17.699999999999967,204.94749132741185,0.003338938117632127,0.015504236794827427,0.007300041206242998,0.0019387421748097594
17.70999999999997,198.39550060789676,0.0029949677184705607,0.015702339589082678,0.007228170788690848,0.0019554307781668025
17.71999999999997,192.06045328766825,0.0026948851552114346,0.015883108091078353,0.007140227644113339,0.001967171817711997
17.729999999999972,186.16056568884315,0.002445460723576048,0.016043649945685034,0.007053754324798747,0.0019731225535400665
17.739999999999974,180.76817258072953,0.002252415114402017,0.01618238275247586,0.00697805834614538,0.001972866643530501
17.749999999999975,181.22714588483828,0.002120648866697107,0.016299599935127473,0.006913294084618099,0.0019665865239840434
17.759999999999977,184.94914834400421,0.002053693261781677,0.016396841333004276,0.006852892566839443,0.0019548253780027475
17.76999999999998,186.0682641961314,0.0020521437958904284,0.016476129800790964,0.006788649211568595,0.001938235043999243
17.77999999999998,184.62046144496048,0.0021141980296641655,0.0165404556120487,0.006728636500828761,0.0019177423124913282
17.78999999999998,180.6855510419458,0.0022371219592758635,0.016594141444522186,0.006664015595940799,0.0018946828789012421
17.799999999999983,176.9115459929909,0.002416589096256878,0.016642116378193225,0.006597679721436516,0.0018705678646774213
17.809999999999985,180.09860028654813,0.002646002683229015,0.016688500015643412,0.006536140406428526,0.0018466381516319356
17.819999999999986,183.43847408569533,0.0029180958139138876,0.016735186232718136,0.006502190693055732,0.0018238884284374067
17.829999999999988,186.5001766594324,0.003225649522603282,0.01678266685407524,0.006492872123242848,0.0018021540628028322
17.83999999999999,188.39057148219024,0.003560271864084464,0.016831217025799587,0.006487091018587149,0.0017812564778946736
17.84999999999999,190.3343064345006,0.003911512839190375,0.016880031674811162,0.006467419306025169,0.00176103688633777
17.859999999999992,191.07512755205215,0.004266774936601096,0.016926630563336566,0.006417221143212432,0.001740819974593364
17.869999999999994,189.37077894994144,0.004611749450557566,0.01696771946708194,0.006326489649717764,0.0017201623624557882
17.879999999999995,185.16392360722466,0.004930980454358641,0.01700015929263871,0.006195404967609113,0.0017389008764196303
17.889999999999997,178.71548383460222,0.0052087683373552305,0.017021156746152573,0.0062776807591396425,0.0017925855145552725
17.9,170.56702489489513,0.005429926967342318,0.01702798579769389,0.006469957368270277,0.001845898558687393
17.91,169.35469083480643,0.00558055399509543,0.017017968439325428,0.0066884493884084625,0.0018987020067121672
17.92,171.119058073085,0.00564904640751764,0.01698833117475045,0.006951229828277755,0.0019508226076829175
17.930000000000003,174.29141792932194,0.005626442475771701,0.016936321276933303,0.007233457993531163,0.0020018651389484246
17.940000000000005,176.73613577184412,0.00550701843369087,0.016860019139210862,0.007504456024809599,0.0020515994539297153
17.950000000000006,179.52205989735188,0.00528994994097452,0.016758672123697537,0.007734353577706514,0.002099767055239755
17.960000000000008,180.11977252739578,0.004980368224129597,0.016633803185614804,0.007904728914271315,0.0021460541317998546
17.97000000000001,178.52545120880393,0.004589155560061098,0.016490422397644675,0.008013520261409978,0.0021901470288051453
17.98000000000001,174.95550901606018,0.004132815382669071,0.016336518608763083,0.008074423404912667,0.0022317989314176562
17.990000000000013,169.76586827688703,0.0036327761329269922,0.01618206773603433,0.008111739941832069,0.0022708071303867896
18.000000000000014,172.37462995584076,0.0031131491901624903,0.016036834387762537,0.008212242466325547,0.0023069310899243947
18.010000000000016,178.64100722030452,0.002598117634135318,0.015907934883655137,0.008365819363678365,0.0023398802630667866
18.020000000000017,183.14810949398964,0.0021101679642153725,0.015799359785002534,0.008478410893334468,0.0023694048871042302
18.03000000000002,185.18793914061607,0.0016689539699595683,0.01571234524681107,0.008544350063764755,0.0023953676432869517
18.04000000000002,185.61764170956693,0.0012893941833942942,0.015645942891868922,0.008571798457239982,0.0024177061845265754
18.050000000000022,186.1740479155274,0.0009791787713126806,0.015597688462837938,0.008579769385533188,0.0024363332530970617
18.060000000000024,185.020381895361,0.0011496918817507204,0.015563798318715337,0.008603822468386278,0.0024511091212017035
18.070000000000025,181.66955753359497,0.0013735734147951012,0.015539136587613332,0.008628790718021735,0.002461951622728277
18.080000000000027,177.1655234896212,0.001736529659239663,0.015518129108388238,0.00865668422460689,0.0024689051151150086
18.09000000000003,176.57238504073135,0.0020730591245870463,0.015495859881575048,0.008695627585813465,0.0024720316828897157
18.10000000000003,181.20407040511498,0.002365774476349111,0.015467516017024256,0.008712022834892433,0.0024729777286633383
18.11000000000003,184.55484412889135,0.0025988188048313406,0.015427702298103476,0.008729827820976623,0.0024716748584716884
18.120000000000033,186.3254539426555,0.002758665509879711,0.015371364098066678,0.008760326066247503,0.0024660511112992133
18.130000000000035,189.64633087644688,0.002836024957472631,0.01529540457398747,0.008763983224285976,0.0024562257677940105
18.140000000000036,191.4519337452658,0.002827778783186922,0.015199899954273104,0.00872683903616028,0.002442266572234437
18.150000000000038,191.78230501652413,0.002819376095254911,0.015087618009953582,0.008643515063956112,0.0024241213010530046
18.16000000000004,189.6888199684292,0.003078428826710113,0.014963239053646547,0.00852031222356416,0.0024017677106312803
18.17000000000004,185.2330369998807,0.0033441799744134246,0.014832695160601714,0.00837374069842143,0.0023753284826364598
18.180000000000042,178.91066424717133,0.003605014333442855,0.014701265624539724,0.008280656601957334,0.002344964307807604
18.190000000000044,171.24663354506345,0.003848506159699743,0.014572848731098308,0.008161289334882037,0.0023107186770279318
18.200000000000045,176.75371289123584,0.004062852180262795,0.014450429734837525,0.008029916164010553,0.0022725624653165987
18.210000000000047,181.36321700840972,0.004237570353738483,0.014336165532617191,0.007902634079472838,0.002230572063306439
18.22000000000005,183.71263840758195,0.004363774945504707,0.01423142223881366,0.007745104928856543,0.0021849779760487104
18.23000000000005,183.5720277059631,0.004433678527226066,0.014136222250196841,0.007578468455200995,0.002136031618488171
18.24000000000005,180.6725687305809,0.004440412054725738,0.014048436033563347,0.00739045886230146,0.002083905116784868
18.250000000000053,175.20450401600843,0.004379362841280412,0.013963950373482794,0.007168645455414114,0.0020287556740200747
18.260000000000055,167.91275850027674,0.004250361208239341,0.013877736834078737,0.006927962291085351,0.0019708169009923283
18.270000000000056,164.3805273816283,0.004057790861376883,0.013785546208062762,0.00669075134147357,0.0019103632416093733
18.280000000000058,164.2384311873649,0.0038086957253038,0.01368438296479213,0.006480631731907901,0.0018507225575092507
18.29000000000006,163.86709282091448,0.0035124338734031616,0.013572144387687194,0.006295153025372782,0.001789390007215593
18.30000000000006,165.99847827795188,0.0031804681465043166,0.0134484567836224,0.006123406056746447,0.001726400339074504
18.310000000000063,167.0188091832087,0.0028247034068566946,0.013314447871588845,0.005943375951523907,0.001661961906276224
18.320000000000064,168.35636935364872,0.0024572925037126734,0.013171160626791512,0.0057321732133887495,0.0015962597268059718
18.330000000000066,167.22619955412534,0.0020914937222404387,0.013019557808733302,0.005478235827641158,0.0015294806797482294
18.340000000000067,163.77671468952974,0.0017409295296972591,0.01286155811989626,0.005189767075334461,0.0014618519411284709
18.35000000000007,160.1068114590537,0.0014182507108340308,0.012699669631405227,0.004982551498625218,0.0013936173123856657
18.36000000000007,162.2100660046424,0.001134429869221271,0.012536110384433623,0.004858210597825078,0.0013249794768051587
18.370000000000072,164.13336038847746,0.0011444699766452006,0.012372832624943717,0.0047597373646277395,0.0012561098264936483
18.380000000000074,165.7344809828696,0.001169914820998187,0.012211330015096753,0.0046578569243171455,0.0011873676837181985
18.390000000000075,167.05926454082214,0.0012251841140805534,0.012052117916157795,0.0045188600131925915,0.0011552840348612722
18.400000000000077,167.84601092692304,0.0012604761754223084,0.011894979564902883,0.004442175303130804,0.0011426151120845502
18.41000000000008,167.96278256744094,0.0012272860727567953,0.011739929366039913,0.004626945549833679,0.001128227382384223
18.42000000000008,167.5696092495517,0.0011322765380112002,0.011587644848594359,0.004802150572263634,0.001121544028783328
18.43000000000008,166.15930094628982,0.000983567695129754,0.011439083163988466,0.0049663242261112645,0.001140194131972851
18.440000000000083,164.30336761670705,0.0009037251812556625,0.011294900994376841,0.005118026002468939,0.001158459451065353
18.450000000000085,161.9668456138152,0.0011224501667046866,0.011154272866271792,0.005255874469941303,0.001176092831752099
18.460000000000086,159.31911426936256,0.001379652987858089,0.01101472330037524,0.005378579216983557,0.001192422337205965
18.470000000000088,162.51956621553595,0.0016661814700485568,0.010873081427807163,0.005484940118039223,0.0012065673042281658
18.48000000000009,165.51416288896874,0.0019714112501206574,0.010725751119955277,0.005573826927921291,0.001217525917667914
18.49000000000009,169.03660561763974,0.0022835851871608965,0.010569007085847446,0.005644179652913267,0.0012242890522886347
18.500000000000092,173.27295635461246,0.0025891914278477497,0.010399392454629336,0.005695042236071914,0.001225934905908426
18.510000000000094,175.18139034530148,0.002873637963684781,0.010213910038703604,0.005725597950413813,0.0012217146926641587
18.520000000000095,174.56938043855672,0.003123219707563728,0.010010521822877294,0.005735168733626654,0.0012112110228880049
18.530000000000097,171.46608677549287,0.003326182547262884,0.009788722810792008,0.005723184987919694,0.0011943642663181727
18.5400000000001,167.51828695638025,0.0034726184525323616,0.009548853375947514,0.0056891819144295605,0.0011715419813460757
18.5500000000001,167.29987802056658,0.0035540594776251725,0.00929088131224573,0.005632839069953453,0.0011429283002142596
18.5600000000001,166.81733065724657,0.0035650791059171705,0.009014745721012239,0.005553997153071192,0.0011087198060324187
18.570000000000103,166.15572552610155,0.0035052052648608415,0.008720816259687503,0.005452631590539564,0.001069285943202026
18.580000000000105,165.38199944744264,0.003389099865856452,0.00840974037743492,0.0053288514956200345,0.001025070072643651
18.590000000000106,164.59105649295913,0.0037726158100749043,0.008082817281756754,0.005182926539913691,0.000976749279299874
18.600000000000108,163.8878014593795,0.004076266767744865,0.007741833631833316,0.005015275743953188,0.0009321100782819061
18.61000000000011,165.59929617218953,0.004299215280231027,0.0073880613032468465,0.004826441141071333,0.0009112028443483571
18.62000000000011,165.69590292923397,0.004444708265785903,0.00702177228419138,0.004617104794080589,0.0008874355460060192
18.630000000000113,163.4818326831553,0.004518959804280479,0.006643222910010588,0.004388111403965385,0.0008607882898506995
18.640000000000114,163.25307429064472,0.004528691245472299,0.00625372480214158,0.004140447007195338,0.0008316035630964822
18.650000000000116,163.54103241795775,0.004479423325636442,0.005855122426634496,0.004019931308813233,0.0008095891607263417
18.660000000000117,163.83611270046435,0.004376098911975879,0.005448940057272651,0.004196130362986449,0.000808570274277498
18.67000000000012,164.05777140074113,0.004224034422014714,0.0050364932248346955,0.004289000928964358,0.0007685465681309374
18.68000000000012,164.0729893391256,0.004029498304699473,0.004619665708646311,0.004297336504273289,0.0007491721646851647
18.690000000000122,163.75830914718892,0.0038000239799686054,0.004200937758742944,0.004224637495638635,0.0006965817696343264
18.700000000000124,163.40835999196614,0.003544246893051405,0.003782757777381413,0.004079882576076979,0.0006264704061081528
18.710000000000125,162.8527981393763,0.003271514683271931,0.0033676003496590145,0.003877456311461631,0.0005917657145470092
18.720000000000127,162.17141948840975,0.0029909527572804066,0.0029578401544863124,0.003635741114642445,0.0005607115647891529
18.73000000000013,161.2373690114885,0.0027106159990204722,0.0025546883715250207,0.003375133210074667,0.0005397954255217831
18.74000000000013,160.05378069883432,0.0024365479400517477,0.0021575865494966886,0.003572000642443407,0.0005152745909346973
18.75000000000013,159.38847571073967,0.0021719780660955958,0.0017644633920041854,0.00376076598744937,0.0004872374839615215
18.760000000000133,160.29109525862904,0.00191740929101536,0.0013725435100932467,0.003880585069689357,0.0005709677831511089
18.770000000000135,161.05062823447486,0.0016708900409382092,0.0009792955209311199,0.003919852619562385,0.0007282927327490063
18.780000000000136,161.66179782850764,0.001428082858028654,0.000916428054634634,0.003875757846357821,0.0008402810915530913
18.790000000000138,162.51965667677635,0.0015299829606568059,0.0008756910459921294,0.003754371910942961,0.0008993500185300855
18.80000000000014,163.26733829031102,0.00179738594614903,0.0008245301544060523,0.0035699191443764647,0.0009034516223048333
18.81000000000014,163.76452520134603,0.002120970025070404,0.0007880980887063799,0.003342418862076109,0.0008542016061719267
18.820000000000142,164.02466484846116,0.002493400247145504,0.001182445453564203,0.0030954628658071545,0.0007587879557865234
18.830000000000144,164.12802421973834,0.002902316669036296,0.0015721660823593353,0.002851622046269382,0.0006284735927896046
18.840000000000146,164.20430279285276,0.003330075590437449,0.0019539908232623017,0.002690536792336934,0.000520592945256192
18.850000000000147,164.17281288755694,0.003754307525015079,0.002325684537145099,0.002772132509399946,0.0005964072198540466
18.86000000000015,164.14396832097094,0.004149915818105698,0.002685331949322582,0.003141638893966536,0.0007535156394512879
18.87000000000015,164.14754009293543,0.004491850248447663,0.0030306200152901805,0.0036186319175744285,0.0008914920581224949
18.88000000000015,164.2768178999431,0.0047573366088758595,0.0033596994122922852,0.00397614943880577,0.0009888577197850474
18.890000000000153,164.2332004517906,0.0049282410768493965,0.00367180322275924,0.004186287754351508,0.0010382185857511638
18.900000000000155,163.99439854424622,0.004993144195252281,0.003980334313834503,0.0044145491412386165,0.0010354228122766201
18.910000000000156,163.80021654971054,0.00494736347246635,0.0042781435416329805,0.0046854161257781895,0.0009800441905102166
18.920000000000158,163.44292029912538,0.004792369280653048,0.004560918342624884,0.004932261567514384,0.0008753913582168235
18.93000000000016,162.7665607782366,0.00453608881570875,0.0048294572736870284,0.005153474333441144,0.0007724607231287862
18.94000000000016,161.7738722634996,0.004192776134689362,0.005085522011747465,0.005347587707690076,0.0007942061751627902
18.950000000000163,160.50526093964527,0.0037817111578998543,0.005331402660072203,0.0055133140590399084,0.0008120922541487781
18.960000000000164,159.02338750436124,0.003325831230004502,0.005569378860241153,0.005649601567373304,0.0008260597795098173
18.970000000000166,157.41648852891538,0.0028512791954790314,0.005801646323971804,0.005755628812864046,0.0008360497278286751
18.980000000000167,158.61058983090933,0.0023856779720934952,0.006029970809636048,0.005830782328997447,0.0009074014787997789
18.99000000000017,160.09863327736957,0.001955008625109248,0.006255155174294206,0.005874683244890878,0.0009154656238503557
19.00000000000017,161.5960486925552,0.001581906952717821,0.006477141188873235,0.005887214184861614,0.0008536380562152127
19.010000000000172,162.82482108079637,0.0012842804229048204,0.006695363981313233,0.00586850352165127,0.000858671077160852
19.020000000000174,163.66246820459415,0.0010739312265891005,0.00690850377780276,0.0058189106481096615,0.000867672378147413
19.030000000000175,164.1301276233027,0.0012989803114258995,0.007114791774614629,0.0057390334966733745,0.0008859669131908366
19.040000000000177,164.1480064441121,0.001961891571662972,0.00731244940442495,0.005629716802566408,0.00086525535997958
19.05000000000018,163.72927284895638,0.002629642116415301,0.007499046475960284,0.005492048816633561,0.0008917149630795448
19.06000000000018,163.3550919395915,0.003258951934777513,0.007671468715953346,0.00532733216413521,0.0009012727535636619
19.07000000000018,162.76933366787532,0.0038121404746809767,0.007827431317558049,0.005137051138944479,0.0008672433528149391
19.080000000000183,161.73403087025133,0.004260668258502965,0.007966350088079574,0.004922882205560269,0.0008646075892299554
19.090000000000185,160.2761718320718,0.004588352691528995,0.008088310959805296,0.004686701549919213,0.0008704378101986653
19.100000000000186,159.18886907171762,0.004792300120504887,0.008193341918328085,0.004430538407452878,0.0008716152789003377
19.110000000000188,160.67636588908516,0.004881604293616315,0.008282717379656088,0.004156549653184045,0.0008683928715558233
19.12000000000019,163.05503493198202,0.0048746465757295784,0.008359128022892346,0.0038670393085655152,0.0008614354267590298
19.13000000000019,168.43775952785555,0.00479564115816485,0.008424199114341124,0.003655167191312531,0.0008511646477076303
19.140000000000192,171.926334244036,0.004671137772599807,0.008477591154539069,0.0038657979663396973,0.0008374725734285335
19.150000000000194,173.0777702572859,0.004526009893109048,0.008518658736212638,0.003990348451006581,0.0008592441896190152
19.160000000000196,171.74206210973912,0.004380149829908914,0.008547770136961466,0.004003585211148401,0.0008798901282648928
19.170000000000197,168.03790062842313,0.0042473832193323955,0.008566744960032718,0.003901718717357341,0.0008581491096735681
19.1800000000002,165.63675453751907,0.004134084146185084,0.008578587723669632,0.003699521085229964,0.0008403903304635673
19.1900000000002,165.65369158640655,0.00404712362487539,0.008586787751050066,0.003425026023779583,0.0008462138588081719
19.200000000000202,165.54979457017595,0.003952787879343601,0.008594939931945341,0.0035247057083299103,0.0008522977247303515
19.210000000000203,165.38670707701954,0.0038635726454850287,0.008606429951628587,0.0036445927056008094,0.0008837959680448604
19.220000000000205,165.54137533976635,0.0037556148059390156,0.008624003924927777,0.0037145638318696306,0.0009497791008913622
19.230000000000206,167.33448554072513,0.0036138114995900635,0.008649424961723074,0.003915582727656099,0.0010153019159286586
19.240000000000208,172.77439383493373,0.0034256651337150356,0.008683593227362394,0.004183695040871511,0.0010801290297405871
19.25000000000021,176.42074551442158,0.0031832153581197575,0.008908075217932689,0.004394014476905651,0.0011438952447975857
19.26000000000021,178.00365973089822,0.0028835805787896375,0.009209468517632512,0.004550117763612336,0.0012062913301822105
19.270000000000213,177.6432197253671,0.0025283322359251426,0.009500713194512568,0.004669332451194185,0.0012671680011380108
19.280000000000214,175.51013257641736,0.0021230897071153696,0.009779755551066785,0.004776837627550893,0.001326424039912933
19.290000000000216,172.3227392548478,0.0016770042333377803,0.010044174415686783,0.0049184333249838565,0.0013838621473030927
19.300000000000217,170.7198824238357,0.001439651680268955,0.010291284329850969,0.0051099187265273285,0.0014392182952356536
19.31000000000022,169.54073924200054,0.0013274114988735901,0.010518183678431086,0.005278799045818503,0.0014924083862471417
19.32000000000022,168.54967546338312,0.001256162805555628,0.010721468216517222,0.005432710478690658,0.0015432130328052896
19.330000000000222,168.1328191523278,0.0012172033368111248,0.010898237970188253,0.0056358549572732295,0.0015914329815929563
19.340000000000224,170.0378848541968,0.0015802112522329233,0.011047470819137385,0.005865155121988089,0.0016369494100985217
19.350000000000225,171.15310878726737,0.0019260576148212654,0.011169731214111689,0.00607894128999828,0.0016796500224495476
19.360000000000227,170.72920625945804,0.0021933293848621347,0.011265820838895161,0.006249967350143082,0.0017193912559708402
19.37000000000023,169.96308933296137,0.002367290652749678,0.01133629922666979,0.006363492533648512,0.0017560340287658426
19.38000000000023,174.7449033247108,0.002436840175301271,0.011381750474768589,0.00642424101832963,0.00178948020166635
19.39000000000023,177.50301188121037,0.0023967942365321826,0.01140327897713808,0.00645459884444987,0.0018196514936138935
19.400000000000233,178.14079857299583,0.0022505227487833054,0.011402464913018844,0.006485177039010446,0.0018464580224182112
19.410000000000235,180.32535440666794,0.0020109641378670833,0.011380673658818957,0.006594292002037203,0.0018698099015246837
19.420000000000236,181.7609305523077,0.0018520192084454808,0.011339863982945493,0.0066923302766601425,0.0018896399851784055
19.430000000000238,181.1997816491451,0.0022292103757236047,0.011282742550559534,0.006782839005526107,0.0019058939699167037
19.44000000000024,178.49660992341657,0.002626774864112467,0.011212169340681257,0.006907385276763497,0.0019185183211610504
19.45000000000024,173.9432591897046,0.003026914882258621,0.011130753088041354,0.007001733008512831,0.0019274859683546702
19.460000000000242,169.69653623948727,0.0034102304823056483,0.01104037819772739,0.007049728833216721,0.0019328192605510568
19.470000000000244,169.49559609512522,0.0037578602206105624,0.010942013783317097,0.007048671206518684,0.0019345540616231484
19.480000000000246,167.49227026709355,0.0040522659807772496,0.010836589092628864,0.0070073313787773536,0.0019326882753026256
19.490000000000247,167.8136880996038,0.00427725271098965,0.010768699521582468,0.006940105849545009,0.001927204848969666
19.50000000000025,168.89994686936555,0.004419664537396111,0.010763734766001658,0.00686058057106959,0.0019181497941537597
19.51000000000025,170.50711383174541,0.004471029809802824,0.010872611682159701,0.006777573587283155,0.0019056450024431527
19.520000000000252,170.69599170303422,0.00442808035730005,0.010984620618069202,0.006694691441732945,0.001889805313081698
19.530000000000253,170.83761270800687,0.004292899603724535,0.011100610375847504,0.006612022344829285,0.0018706866441045317
19.540000000000255,173.85675444543844,0.004072637277591065,0.011220604609086351,0.006527942450254777,0.0018483560260485598
19.550000000000257,175.15280586272763,0.0037786807683838452,0.01134421514284708,0.0064401803765252895,0.0018229785228028898
19.560000000000258,174.44073767971784,0.0034898677183707863,0.01147041185066395,0.006346387010784344,0.0017947731013935634
19.57000000000026,172.01948690036332,0.0038751209094052956,0.011596958561707414,0.006244451803924676,0.0017638925958066698
19.58000000000026,169.91127455192262,0.004143830559323977,0.011721758472081704,0.006132549976799158,0.0017304179039053296
19.590000000000263,171.67905351742374,0.004284788454966425,0.011843889339071998,0.006009220412681364,0.0016944881441815773
19.600000000000264,172.3266788767886,0.004300957468462544,0.011963372943583902,0.005873954596701384,0.001656444378361473
19.610000000000266,171.82310662244205,0.004208819749348067,0.012080513444453683,0.005728030459605002,0.0016164256445959087
19.620000000000267,170.20970503709796,0.004034962715073594,0.012195220871117806,0.005653548620115395,0.0015746016708878285
19.63000000000027,167.56595221184875,0.0038114000483267427,0.012307114248019276,0.005594781313614213,0.0015313125596094477
19.64000000000027,166.61103114612914,0.003571636063296173,0.012416319857107262,0.005518643109983261,0.001486767589056426
19.650000000000272,167.51114016997923,0.0033464602167200923,0.01252355508879159,0.005402610991340007,0.0014410426060954063
19.660000000000274,167.99237400602092,0.0031595230699458746,0.01262924588321404,0.005233385805917654,0.0013942802011849816
19.670000000000275,168.08114214610563,0.003024282945824959,0.012733368715742906,0.005011739796286127,0.001346799893170939
19.680000000000277,167.77632795481506,0.002942661139515039,0.01283528505610964,0.004753823446600635,0.0012993207393870022
19.69000000000028,167.11471704075225,0.0029046674954267626,0.01293329876420114,0.004659224803188074,0.0013111946151822737
19.70000000000028,166.2233059921855,0.0028898627216245175,0.013025380009627633,0.004675300222601379,0.0013225343938736804
19.71000000000028,166.13125017707094,0.0028714715963323737,0.013109131557045692,0.004756971310333687,0.001332648812537471
19.720000000000283,171.44166912804224,0.002820959178275403,0.013181602440535106,0.0048436447025476765,0.001340764406867828
19.730000000000285,175.75362868463475,0.002711658101098004,0.01324029942932146,0.004918325692037478,0.0013462077312109211
19.740000000000286,178.55454720260528,0.002522158269776873,0.013283690617745526,0.004965861962968624,0.0013484949198515816
19.750000000000288,179.4170777234779,0.0022393834197173778,0.013311787289256114,0.004975721877802811,0.0013475751505696715
19.76000000000029,179.6802601670274,0.0018604488442495036,0.013325976993220657,0.005053200613885114,0.0013438627480711462
19.77000000000029,183.5390897742518,0.0013935121584395865,0.01332745015119965,0.005231070918169762,0.0013568345505506375
19.780000000000292,185.79434398088213,0.001334229878528187,0.013316729846772634,0.0053967364391622,0.0013768426454820219
19.790000000000294,186.05415482057674,0.0014200439110044535,0.013293875076393697,0.00554916048840058,0.0013918820100363102
19.800000000000296,184.13746295829216,0.0014441956154255754,0.013258608837917261,0.005687352756590909,0.001401715563014401
19.810000000000297,180.13206639974499,0.0014029440939377974,0.013220164127458082,0.005810394984295626,0.0014062473978486893
19.8200000000003,174.29501734302104,0.001755805438815027,0.013175273287921684,0.005917448120642207,0.001405702123962694
19.8300000000003,166.9959703609362,0.002173980184631462,0.013119137402009928,0.006007746410878505,0.0014004206406192867
19.840000000000302,166.01595239992497,0.0024839948316398874,0.013052314498595062,0.00608060275899887,0.001390539241378422
19.850000000000303,167.31888791883677,0.002672418598233615,0.012975128750259796,0.006135411475117813,0.0013761258505470841
19.860000000000305,169.18853245504994,0.002735281043559796,0.012887762494602776,0.006171661963886278,0.0013572719354142569
19.870000000000307,175.6318820596396,0.002677807848033655,0.01278984332696163,0.006188966964325622,0.0013339625725164608
19.880000000000308,180.31602195750375,0.0025128191560507356,0.012680789051722418,0.0061870563278862275,0.0013061156557691643
19.89000000000031,182.87016689889455,0.0022592223025022892,0.01255981122948262,0.006165749998423128,0.0012735981225358594
19.90000000000031,183.09210833463692,0.001940651973535615,0.012425849631362883,0.006124964974690482,0.0012757414981400704
19.910000000000313,180.94772377799453,0.0019117427497348286,0.012277924369469772,0.006064734456650557,0.001279743656405568
19.920000000000314,176.64563902017252,0.002026203459659683,0.012116235133033481,0.005985214494486306,0.0012811521795461766
19.930000000000316,170.62806504721775,0.002105465182281076,0.01194261024794087,0.005886692540176528,0.0012799554411881409
19.940000000000317,163.47591336158303,0.0021497637837335696,0.011759454943401764,0.005769577686889002,0.0012761441406573006
19.95000000000032,162.53447549539612,0.002160791519162455,0.011569327824352538,0.0056343722581459876,0.00127063394378843
19.96000000000032,161.46765572091294,0.0021420520167814592,0.011374916569379332,0.005481671039826573,0.0012634161270134103
19.970000000000322,161.70014749112735,0.002099415784787164,0.011178354051922782,0.005312182157648897,0.0012537408934573193
19.980000000000324,162.51540645329175,0.0020415924865104544,0.010981128667936029,0.0051267319687111415,0.0012415892435724033
19.990000000000325,163.22041276713006,0.001980114370234054,0.01078449194343521,0.00493926118028759,0.0012269260483305483
20.000000000000327,163.81917801759988,0.0019286597489633136,0.010600031471120661,0.0048387315492149745,0.0012097799970018296
20.01000000000033,164.27574625118356,0.0019016503120285052,0.010420529349758508,0.004727046099223222,0.0011902382550995523
20.02000000000033,164.53084551160794,0.0019125156230060175,0.010246289769613537,0.004604019118547543,0.001168385238845199
20.03000000000033,164.58853631252825,0.0019722056906683653,0.01007900557324485,0.00455690238651324,0.001144288888954107
20.040000000000333,164.5324344611701,0.002287781265095239,0.009919687887122932,0.004683436893553772,0.0011180392392838947
20.050000000000335,164.44589591289173,0.0026950733710159307,0.009768266445556277,0.004761844427237584,0.0010897529216483813
20.060000000000336,164.37165753419578,0.0030489885524541084,0.009623453493324571,0.0047606725778887105,0.0010595259758933732
20.070000000000338,164.36737092991763,0.003328705509916171,0.009483645795572215,0.004662227422661152,0.0010274180727179647
20.08000000000034,164.53157352101087,0.003520287717509639,0.009348216765821454,0.004463700426382185,0.0009935048911929162
20.09000000000034,164.9247010277968,0.0036179522882713476,0.009217071923198228,0.004177958240389139,0.0009579212527215896
20.100000000000342,165.50432000340217,0.0038261452196730666,0.009089145787750707,0.0038334127663746972,0.0009208323535322474
20.110000000000344,166.23196923574602,0.0041605896911707215,0.008962504923057996,0.0034703225633104695,0.0008823867019103277
20.120000000000346,167.15219344803907,0.004450478188428602,0.008835026647600478,0.003364344620043273,0.0008427224384071992
20.130000000000347,167.96078823100868,0.0046740404495450956,0.008704440329577129,0.0035038046892556457,0.0008771739874460697
20.14000000000035,168.52486521707894,0.004813584331588488,0.008568908417466832,0.003671310872389537,0.0009968454805438377
20.15000000000035,168.77350131990517,0.004856754252981319,0.008427293181557117,0.003940066303253619,0.0010710752582592208
20.160000000000352,168.66230379242,0.0047970945045367405,0.008278701886813235,0.0040338859849404505,0.0010931699432371108
20.170000000000353,168.26183733583764,0.004634021822038573,0.008122186096238725,0.003944457814475985,0.0010602186582589952
20.180000000000355,167.38665382504766,0.004373401316667771,0.007956949851067681,0.0037250367966947663,0.0009982521057862281
20.190000000000357,165.9960850232067,0.004027776243531996,0.00801746684118619,0.0037562712567089573,0.0010210993269558553
20.200000000000358,164.10042158133882,0.0036148571818992114,0.008068412301606962,0.003775519950019169,0.0010424802268125149
20.21000000000036,161.80634840619146,0.0031557420060261713,0.008104933847800273,0.00379568329898421,0.0010623068899753409
20.22000000000036,159.27646898805702,0.003046532411885091,0.00813044681474652,0.003824117735186673,0.001080519209645732
20.230000000000363,157.39127849463628,0.0029891765253766247,0.008147624601915471,0.0038613688948904525,0.0010968947945611475
20.240000000000364,159.50828742447158,0.0028353524844838183,0.008157900966731956,0.003960206880413324,0.00111120045062221
20.250000000000366,161.42206903655662,0.002571480356220514,0.008161886057884772,0.004111593794165684,0.0011232900155761251
20.260000000000367,162.99556073393126,0.002195969147937893,0.008159220725125649,0.0042841994692769505,0.0011331787470827217
20.27000000000037,164.16987284626572,0.0017199398245460607,0.00814917754501073,0.004447212740209031,0.0011406931909564444
20.28000000000037,167.23718744473422,0.001167384408650958,0.008131195366029256,0.004568679389189207,0.0011458143896763931
20.290000000000372,168.5835817335097,0.0011168614813064064,0.008104579465270248,0.004624994784855496,0.0011485100895086918
20.300000000000374,167.77106904071533,0.0011485409679525861,0.008068556551422728,0.0046068057716484225,0.0011486969110162419
20.310000000000375,164.92630195681664,0.0014127527205442317,0.00802275579700091,0.004639342804720636,0.0011463012693983276
20.320000000000377,164.82066920818477,0.0018629244392740984,0.007967306065964515,0.004794958011010315,0.0011413090824608967
20.33000000000038,164.7561731313448,0.0021855629040502503,0.007902740456295857,0.004894769229865314,0.0011337342298058698
20.34000000000038,164.3037291438114,0.0023550396590394274,0.007829603068207234,0.0049102059168680675,0.001124859292210419
20.35000000000038,163.49125919549462,0.0023595117869952063,0.0077477079122154815,0.004825558294779806,0.0011154408900893435
20.360000000000383,162.4690401970523,0.0022021822384359017,0.0076560061091217385,0.0046433730264924256,0.0011034866035285818
20.370000000000385,161.1909967746595,0.0019005264530089522,0.007553237257925331,0.00439215654050597,0.0010890224795037863
20.380000000000386,159.70764708336355,0.0020171634708101055,0.0074384794243416335,0.004118160273107648,0.0010720434065201695
20.390000000000388,160.0746322640953,0.002278016996127572,0.007311519853394953,0.0038588269905673114,0.0010525662895772947
20.40000000000039,159.26396486489475,0.0025107931377454248,0.007197311398608884,0.0036547413944031716,0.0010306837065549716
20.41000000000039,163.27035309198553,0.0027080904411798503,0.007076904378806486,0.0035410071521622642,0.0010065171241173398
20.420000000000393,166.09916078501607,0.002864278366326341,0.006940695065828394,0.003485488956157774,0.0009801264201403106
20.430000000000394,166.91604584249924,0.0029755335600129113,0.006790852043861424,0.0034943390167285326,0.0009515204837109153
20.440000000000396,165.43786148460867,0.003039930952184124,0.006629258204416613,0.003524295210854103,0.0009207681591195993
20.450000000000397,162.1909057081561,0.0030570921250796953,0.00645791370489415,0.0035334299919381434,0.0008880441504592403
20.4600000000004,162.52180710807536,0.0030278327092309793,0.00627869409016668,0.0034834933906584043,0.0008612704516171331
20.4700000000004,162.63249056258735,0.002954623433395875,0.006092636312979641,0.0033534599862788885,0.0008695205924079475
20.480000000000402,162.45495839147546,0.0028417275550615385,0.005904840163810067,0.0032546025386823185,0.0008780321210608345
20.490000000000403,162.08544414196814,0.002694843539574284,0.005750658010744489,0.0033419789986236076,0.0008867191247096109
20.500000000000405,163.9762986353725,0.0025210354073161153,0.005599264616291639,0.0034081292811416527,0.0008951158774986134
20.510000000000407,171.7529284243088,0.002328853969635307,0.005449696211308139,0.003574105910365742,0.0009026671008203444
20.520000000000408,177.6488686885024,0.002128358931960418,0.005301263106309506,0.0037227794529175614,0.0009089952775384346
20.53000000000041,181.18262496782788,0.0019302171377300324,0.005153243706690657,0.0038106482318575434,0.0009137397597689411
20.54000000000041,182.0397456585177,0.0017436792092936312,0.005004802596137318,0.0038134408306468703,0.0009164467980977742
20.550000000000413,180.16379944798817,0.0019687828341717097,0.004855649121286512,0.0037275630982002523,0.0009167949059564988
20.560000000000414,175.7938303175841,0.0021967259006359144,0.004706657850947018,0.0035765844285859908,0.0009148789546781729
20.570000000000416,169.4004127997325,0.0023533926092218238,0.0045590087662775655,0.0034249323997102062,0.0009109738715357257
20.580000000000418,161.6260576956834,0.002446035086268293,0.004413714938097277,0.003275152069485304,0.0009052989215152903
20.59000000000042,160.87398831778566,0.0024879986317355835,0.004272024719123236,0.0031848029882717605,0.0008980829387825718
20.60000000000042,160.16100589256374,0.002496926322681845,0.004135190351878869,0.003143294758728052,0.0008895750910378094
20.610000000000422,159.76308448735617,0.00249197146258799,0.004003943219156166,0.0032050502762865562,0.0008799756774677283
20.620000000000424,159.11648331186313,0.0024916829375031474,0.0038780583344570382,0.003281511781224504,0.0008692714114016829
20.630000000000425,158.37373699497908,0.002512345089039643,0.0037904790967595247,0.003324123725910465,0.0008571962005547607
20.640000000000427,159.30234667323285,0.0025656834586601403,0.003723826841678823,0.0033037152693347655,0.0008433893543261981
20.65000000000043,160.21187479000398,0.002657051285002212,0.0036542175785972742,0.003212842990586398,0.0008272940135217037
20.66000000000043,160.9616778964251,0.0027842225106044414,0.0035789396537294466,0.003063469600739703,0.0008081871953510181
20.67000000000043,161.54268326526457,0.002936684612790159,0.0034960684972444697,0.0030119582413358,0.0007855883930279386
20.680000000000433,162.0787614636881,0.0030963996935596907,0.003405137891289322,0.0029554326391174383,0.0007593856411121793
20.690000000000435,162.48632868572196,0.003239575573602064,0.0033065065695558667,0.0028325544715565726,0.0007579125514110828
20.700000000000436,163.61981696272696,0.003339336933652975,0.0032010976235476653,0.0029103511264234254,0.0008102847125315823
20.710000000000438,164.81664603445637,0.003369195631385203,0.0030902906364529185,0.002944445674553055,0.000815519146385893
20.72000000000044,165.65255059994217,0.003306129347891446,0.0029747913954539665,0.0028195213431125273,0.0007735240732012782
20.73000000000044,166.07148803117553,0.0032680135799248305,0.0028541622397568814,0.0026683697817889724,0.0007051516138901563
20.740000000000443,166.4213717903707,0.0035719131026820073,0.0027280447199788276,0.0026814871631402936,0.000716385637541969
20.750000000000444,166.52087462766858,0.003820844676059958,0.0025970131968165813,0.0029895204946931383,0.0008164909305081939
20.760000000000446,166.39552611974312,0.004002972115169581,0.002462779004146989,0.003191766553777084,0.0008831091297075835
20.770000000000447,166.0559088149714,0.004110227439685082,0.0023281689074072264,0.0035433305800822517,0.0009923311603547325
20.78000000000045,165.7169762612331,0.004138756773799987,0.0021961841495301347,0.0038297065398703767,0.0010804816594534546
20.79000000000045,165.76605512062025,0.0040882739410122455,0.0020689314774350724,0.003958568789515539,0.0011219049934620019
20.800000000000452,165.59464412598845,0.003962026509506315,0.0019475819079379038,0.0042838942506632,0.0011108099775935286
20.810000000000453,165.13208980787704,0.0037674423287173036,0.0018326479632715194,0.004514627247069115,0.001045058480911906
20.820000000000455,164.32561543765738,0.003515494078145302,0.0017237793069903343,0.004551752411293865,0.0009460005288837046
20.830000000000457,163.16714659551047,0.003219230445051042,0.0016192696990747464,0.004383960874332019,0.0010019633487859214
20.840000000000458,161.67263177876563,0.002893210705242801,0.001515960090757808,0.004015241369704339,0.0009779821905854258
20.85000000000046,159.87784059012625,0.0025534661616150854,0.001409791659898314,0.0034657244845424933,0.0008755247461755507
20.86000000000046,157.87267732744772,0.00221675400020713,0.0012965568004220654,0.0027707673426978423,0.0007040184813406938
20.870000000000463,157.80480432702427,0.0018992550102000286,0.0011727874201601157,0.0019779540613060445,0.0004816142745308472
20.880000000000464,159.632712344677,0.001615118583780907,0.0010363960180241544,0.0018589241746846843,0.0004974779718498768
20.890000000000466,161.74665507799477,0.0013755622101017714,0.0008871375819844627,0.0024236443461186784,0.0006813544523717154
20.900000000000468,163.56171217038286,0.001608600392910533,0.0007265618364500357,0.002908922343291312,0.0008224486405036405
20.91000000000047,164.894831860836,0.0021003549809906746,0.000557361613578055,0.00322163639687207,0.0009132780743617034
20.92000000000047,165.63692546376862,0.0024894369559256275,0.0006269201617778788,0.003347722113402307,0.0009502730693601542
20.930000000000472,165.7695735976491,0.002750399777014108,0.0007455254552698083,0.003434519516816366,0.0009336254274861388
20.940000000000474,165.33074286121538,0.0028714026489395764,0.0008682073762288567,0.003490357482343328,0.0008669493712232875
20.950000000000475,164.36248281471669,0.0028542715128912614,0.0009928937686009534,0.003320712551381712,0.0007925970421643066
20.960000000000477,162.9281053701983,0.0027124065280533715,0.0011174774208131174,0.0031119537435614656,0.0007037279465636656
20.97000000000048,161.16006291769355,0.0024683823839235924,0.0012605709922529848,0.003161612343644306,0.0005774976611377101
20.98000000000048,159.23182312777087,0.0021509327940834686,0.0014251752119106564,0.0031653007938371993,0.0006067654115256113
20.99000000000048,158.56624081474857,0.0019285912890664434,0.0015827277857345232,0.0032027245941519994,0.0006430729593751801
21.000000000000483,159.4592440011685,0.0021667749557147636,0.001735029332970688,0.003075096022208463,0.0006764789883616697
21.010000000000485,162.44835769584105,0.0023960402421169444,0.0018850709136845843,0.00314188840878975,0.0007078366709329465
21.020000000000486,163.6137767611711,0.002603010483599854,0.002036955826580431,0.003284750526670397,0.0007382984295673502
21.030000000000488,163.02179103403572,0.0027747969489606873,0.0021950762776042384,0.0032228029793707155,0.0007690591051342971
21.04000000000049,161.12988765502234,0.002899946727555011,0.002363337817355637,0.003224096086009058,0.0008011805556852077
21.05000000000049,161.49132268398117,0.00296973845038939,0.002544418950712057,0.0032372708943045744,0.0008354316394239393
21.060000000000493,163.39476347819738,0.0029793211350408076,0.002738658617318221,0.003235510366591272,0.000871930643969983
21.070000000000494,164.9575559623753,0.0029277523821979656,0.0029446008715147093,0.003319599635339162,0.0009102222624733665
21.080000000000496,164.74848523621486,0.002817424479023993,0.003160579739921474,0.003401502635316973,0.0009497393150052873
21.090000000000497,163.67040458210818,0.0026533875620825213,0.00339330064036438,0.003495653812378589,0.000989828606051299
21.1000000000005,163.5191759903011,0.0024420956747039915,0.0036725251257144565,0.0036790979496544216,0.001029501334591927
21.1100000000005,164.23911503558134,0.0021908063345768367,0.00395727501049115,0.003902865707055713,0.001067388930144379
21.120000000000502,166.95772948773094,0.0019199278561074814,0.004242330481164691,0.004103629672630866,0.0011020725072749128
21.130000000000503,168.19224627792886,0.002184219677120726,0.004523872973901705,0.004249633817358828,0.0011325580712984336
21.140000000000505,168.14619995876265,0.002472601971122566,0.004799342801833244,0.004354022228273899,0.0011583121895821233
21.150000000000507,173.83806587894773,0.0027751978585517506,0.005066718281058559,0.0045662533058732115,0.001179020776782433
21.160000000000508,179.4103696236525,0.0030766369989869325,0.00532483251926645,0.00474010200953288,0.0011945706592112304
21.17000000000051,182.72572174980544,0.00335752030695467,0.005573643778320717,0.004851196184694241,0.0012050967563163061
21.18000000000051,183.42481133525038,0.00359616783639117,0.005813649376895299,0.0048847993616218215,0.0012109136316213597
21.190000000000513,181.49864139322818,0.0037707654596314108,0.006045456189807341,0.004839449245218159,0.0012135597620651223
21.200000000000514,177.19158041691372,0.0038617668141281885,0.006269904828219988,0.004727337544494913,0.0012129618463938157
21.210000000000516,170.86546748163258,0.0038541504333570657,0.006487889430762901,0.004571980227213741,0.0012090582423780992
21.220000000000518,163.04671926690034,0.0037389964530830195,0.006700198810156994,0.004407287319805915,0.0012022554801617456
21.23000000000052,157.40912777277853,0.003514571482401381,0.006908036825300938,0.004331930323885554,0.0011931204097505245
21.24000000000052,157.3484141318178,0.0031869599333376603,0.007112952052515552,0.004295128443048137,0.0011823889292514197
21.250000000000522,160.27590388057234,0.002770139478272925,0.0073163420515731815,0.0042351799023308085,0.0011707454664959499
21.260000000000524,165.18112710575943,0.0029314454682919967,0.00751942449502386,0.004163382634514847,0.0011587396886645852
21.270000000000525,168.38244268295995,0.0031394351750637668,0.007723102557306997,0.0040911086446769294,0.001146784741871393
21.280000000000527,169.68578733067457,0.00335642649208792,0.007927699245928468,0.004033266097117591,0.001135175171294965
21.29000000000053,169.05937102018945,0.003584527127654254,0.008132956685767198,0.0040002815354383695,0.0011240902717886614
21.30000000000053,166.68356318750705,0.003825507888237748,0.008338152930974067,0.00395202966132223,0.0011135342571749287
21.31000000000053,164.87393306099358,0.004079818003828844,0.008541847946907818,0.004123890317271723,0.0011032263504691206
21.320000000000533,164.62181019118657,0.00434616238344395,0.008742073542399198,0.0046001852961916915,0.0010927291143357284
21.330000000000535,165.11299538485497,0.00462154007127872,0.008937111665567005,0.004943247335017617,0.0010817283097703146
21.340000000000536,166.30315017654652,0.004901159809819054,0.009125815613463697,0.005143641965203413,0.001070079530984734
21.350000000000538,167.50478572287287,0.005178498771262289,0.009307600258062211,0.005202971072143288,0.001057740353098902
21.36000000000054,168.46318209857475,0.005444901923484955,0.0094826512825358,0.005133356406350508,0.0010871881704138887
21.37000000000054,169.11630933488905,0.005689155424729298,0.00965159813766957,0.004955783769367579,0.0011350055740459843
21.380000000000543,169.46534794070834,0.005898193717290505,0.009814559430969405,0.004697865872355388,0.001182474137637571
21.390000000000544,169.5408974986383,0.0060583662515825264,0.00997078219093731,0.0045395305188874035,0.0012294313935048318
21.400000000000546,169.2641014077736,0.006156165729395072,0.010119260701741739,0.004630566557055187,0.0012757505796884914
21.410000000000547,168.72033602329427,0.006178939636856225,0.010269462537456106,0.004729649032824218,0.0013212822314697717
21.42000000000055,167.88065759499398,0.006116295282412424,0.010497209603103665,0.004960954111308289,0.0013658472472212113
21.43000000000055,166.79124232642863,0.005961581877973422,0.010725204990842343,0.005197346365272602,0.0014092956410836656
21.440000000000552,165.51255546060355,0.005712393992668486,0.010954759570529242,0.005420812308869983,0.001451527800481446
21.450000000000554,164.11010981815642,0.00537075104738978,0.01118653427077141,0.005613609391853988,0.0014924444941508152
21.460000000000555,163.6732459019491,0.004943955412732655,0.01142103003886479,0.005764671892835455,0.0015319167704593466
21.470000000000557,163.65818890593246,0.004444956804782553,0.011658187405973365,0.005873052351051916,0.0015698257031365069
21.480000000000558,162.24208083405003,0.003891592347269561,0.011897626931290749,0.005946785543413184,0.001606092676813982
21.49000000000056,159.6878065509454,0.0033054146606617965,0.012145983761036264,0.00599905143503404,0.0016406392887438755
21.50000000000056,158.265265139345,0.0027102172445016026,0.01239723384220564,0.006044014023492188,0.0016733537975988878
21.510000000000563,160.87125116413176,0.0021301393902311916,0.012648358542356025,0.006093038443883358,0.0017041453542390888
21.520000000000564,165.81478103026492,0.001588094021741388,0.012897910469599719,0.006228423387145738,0.0017330094022145234
21.530000000000566,170.36519426117056,0.0011639971836882323,0.013144672409095953,0.0064036328555968445,0.0017599816198428772
21.540000000000568,174.0776832502871,0.001344665915611148,0.013388068898147488,0.006561645517068654,0.0017850324774316068
21.55000000000057,176.5804024651545,0.001480475255972712,0.013628265173522237,0.0066848065002717855,0.0018080695760882754
21.56000000000057,177.66119366100216,0.0015900312982803414,0.013866014015255751,0.006761828821271753,0.0018290546713710556
21.570000000000572,177.24092230766198,0.0016945265605521893,0.014102344412187613,0.006791763856353972,0.0018480510241832538
21.580000000000574,175.37295108386635,0.0018142786967589902,0.014338015786257444,0.006783840383071659,0.0018651215655423913
21.590000000000575,172.28744125874454,0.0019651030921126107,0.014573135499696644,0.006794307418689851,0.0018802454685836246
21.600000000000577,169.8191949710198,0.0021554879795186816,0.014807241828768119,0.006906479011099685,0.0018933990295116215
21.61000000000058,170.5017113856344,0.0023856396260224897,0.015039559031313819,0.0070025975387140995,0.001904675004330382
21.62000000000058,172.94945621712623,0.0026478220088192576,0.015268928908543073,0.007068468941260867,0.001914237328437339
21.63000000000058,173.82904186614283,0.002927215667097833,0.01549427942660357,0.0070932567056755476,0.0019221673762406424
21.640000000000583,172.93506722849375,0.003203639873844803,0.015714929883980107,0.007074035980850636,0.001928440926554749
21.650000000000585,170.2329082708187,0.0034535661625246803,0.015929964198442326,0.007018109408541745,0.001933078269591042
21.660000000000586,167.5689502865554,0.0036523147962644257,0.016138020586178334,0.006941916482842796,0.0019362391431652422
21.670000000000588,165.7871222940435,0.0037765317710775404,0.016337806424579018,0.006866655245618749,0.001938118763851758
21.68000000000059,162.73710370905496,0.003806702144469069,0.01652807456226494,0.006811235796167991,0.001938807875155161
21.69000000000059,160.19425416745008,0.0037296013075090117,0.01670714256309335,0.006802881184869793,0.001938327475918547
21.700000000000593,165.60987027617475,0.0035397212021969645,0.016883257083074414,0.00682136858585802,0.0019367701215282755
21.710000000000594,169.88001840340792,0.0032393804509322135,0.017047456427565177,0.0068286678162679205,0.0019343173121890533
21.720000000000596,172.20699605071283,0.002838428604084221,0.0171992175282222,0.006815034339501462,0.001931106217338347
21.730000000000597,172.28971533117547,0.002353073616661561,0.01733840279299444,0.006807426426635547,0.0019271597569461803
21.7400000000006,170.19448876905656,0.00180401930270107,0.017464740904439804,0.006792869777826878,0.0019233339028821195
21.7500000000006,172.56354404773458,0.0013880720396615422,0.01757770779139172,0.006763670633854672,0.001921466697420275
21.760000000000602,174.3517749415555,0.0012523460003801188,0.017676540890538137,0.006741480800903682,0.001919040294882015
21.770000000000604,174.61734300249523,0.0011170379382901491,0.01776094466768046,0.006788124642074182,0.0019159609075093214
21.780000000000605,173.59970159567064,0.0010154066142651743,0.017831387917366538,0.006852737340832991,0.0019123206710357735
21.790000000000607,176.59099564424668,0.0014708641002807517,0.017889035567037494,0.006912597894177472,0.001908141630807919
21.80000000000061,181.2597611563146,0.0018251317516874122,0.01793537574931084,0.006943938585417806,0.001903457256774384
21.81000000000061,184.02387452629196,0.0020593855556638526,0.01797205633357011,0.006931300627578344,0.0018983301950479287
21.82000000000061,184.55069280086352,0.002161836338703062,0.018001037544591803,0.006873393507100198,0.0018927833174898281
21.830000000000613,182.8014538863593,0.002129165778491252,0.018024132791388717,0.006783547972930089,0.0018868176450338018
21.840000000000614,178.9210819756275,0.001966932420197519,0.01804237346398687,0.0067421077444162585,0.001880463489766752
21.850000000000616,173.28880278274374,0.0016890701207602401,0.018055969714134593,0.006702336936107634,0.0018737642733723868
21.860000000000618,166.4057809583752,0.0014074750329132841,0.0180649906885,0.006644583635378724,0.0018667228568549266
21.87000000000062,164.3118274104997,0.0014015028656334757,0.018069635832489175,0.006579328318884886,0.0018593500852229574
21.88000000000062,168.08475873250046,0.0014081651764942904,0.018069963947755587,0.0065367293064069795,0.0018516842545640475
21.890000000000622,171.02913034105413,0.0014395283879240536,0.018065880636607537,0.006561164118650334,0.00184380508307611
21.900000000000624,173.6381317714411,0.001506287197984078,0.018056838759302658,0.006578468477132272,0.0018357997584238634
21.910000000000625,175.59092610369564,0.0016168424716310804,0.018041827358589307,0.006604563212957859,0.0018276997547105656
21.920000000000627,175.28366586134683,0.001776603651138778,0.01801988243223127,0.006647180922060384,0.0018194713365838912
21.93000000000063,172.69433369778463,0.0019868024842865017,0.01799031573308684,0.006675756433446373,0.0018110968651939942
21.94000000000063,168.0699944699414,0.0022434776580449764,0.017953274102139694,0.006690234928381168,0.0018026520255993268
21.95000000000063,168.40423972903716,0.0025377846314094503,0.01791021346029502,0.00669065621525363,0.0017942632390682773
21.960000000000633,169.9421948431317,0.0028572721535397726,0.017863502581737637,0.006677119610928564,0.0017859910889743082
21.970000000000635,172.16844890850865,0.003186422124784571,0.017815618875429557,0.006649817015690005,0.0017778068648494397
21.980000000000636,174.19736547347,0.003506895688898427,0.017768429107638303,0.00660912207444752,0.0017697036890647957
21.990000000000638,175.87155928883135,0.0037990283341774074,0.017738019893126948,0.006555355831908931,0.0017633709550064808
22.00000000000064,177.04441650773643,0.004043704136946088,0.017713616653697733,0.006489023728162601,0.0017589720376909915
22.01000000000064,177.6385238659218,0.004224103818470993,0.017690204351623162,0.006410668168132961,0.0017549421414986349
22.020000000000643,177.65638335698216,0.00432691832919042,0.0176651332791139,0.006324434242146111,0.001751179659192653
22.030000000000644,177.1212533265729,0.004342776686435496,0.017635297558907644,0.006274781299097072,0.001747657784676253
22.040000000000646,176.16873781997901,0.004267032425348523,0.01759761543653941,0.006210090900198732,0.0017444707906966105
22.050000000000647,174.86604287783211,0.004100733973808342,0.017548741423115518,0.006147659280640224,0.0017416872196432355
22.06000000000065,173.21640096354005,0.003850324324377001,0.01748511915394731,0.0061135140071703975,0.0017392418561069922
22.07000000000065,171.30626005043166,0.003526388703690554,0.017403705519395754,0.006107424613948137,0.0017370434866499308
22.080000000000652,173.04405234657048,0.003142631242487728,0.017302462770300446,0.006120081455321668,0.0017351304849632589
22.090000000000654,174.78986297254144,0.002715177607544438,0.017180638030382733,0.006130879831135084,0.0017336151082949743
22.100000000000655,175.2804884764641,0.0022616457584759947,0.017039142162766245,0.006129663807328866,0.0017324810084439633
22.110000000000657,174.55649156598903,0.001925889620414505,0.01688042736028404,0.00611444350082011,0.0017315387267834526
22.12000000000066,172.86992298734341,0.002281587953980677,0.01670771750912833,0.006102112438761481,0.0017306172873076781
22.13000000000066,170.5039232529826,0.0026519610001046,0.016524397860117147,0.0060977220488007,0.0017297169845066742
22.14000000000066,167.69431060214148,0.0030072364276515916,0.016333324600387337,0.0060884705851717074,0.001728908959837204
22.150000000000663,167.9638385743446,0.0033142658542945594,0.016136307158580415,0.006074574868632781,0.0017281446644165667
22.160000000000664,171.61554353376084,0.003539951448039881,0.015934472312862036,0.00607696511449985,0.0017272574244069445
22.170000000000666,174.81488723318967,0.0036558123500006,0.015728575372269293,0.006110283534001126,0.001726132946442503
22.180000000000668,177.22252429608756,0.0036420267528164637,0.01551883032245163,0.006142422930079915,0.0017248271329545846
22.19000000000067,178.52405391078887,0.0034893911034089373,0.015304832010656763,0.006160377672086973,0.001723183373000019
22.20000000000067,178.55880636365913,0.003199696738998005,0.015085586672701025,0.006155585539322825,0.0017212176490159759
22.210000000000672,177.36044915325277,0.0030631291096983684,0.014859588331084582,0.0061274162652458445,0.0017187179416784004
22.220000000000674,175.07754885271348,0.0030314803001947823,0.014625265778506048,0.0060827022150317924,0.0017157308103366341
22.230000000000675,171.94705918883432,0.002934667443213441,0.014381148032196471,0.006045311649727439,0.001712200286526226
22.240000000000677,174.3409549108683,0.0027892897441028916,0.014125963519816037,0.006010885326096335,0.0017080073012180038
22.25000000000068,177.3166996377319,0.002613032037848528,0.013858964739148898,0.005992892162392251,0.0017031361307798538
22.26000000000068,179.3453167692198,0.002423966871059816,0.013579954822233701,0.00599346219396477,0.0016975339786875988
22.27000000000068,180.12010434188792,0.0022396683857071062,0.013289562131601672,0.00597814094694802,0.0016910779846045533
22.280000000000683,179.4396638698721,0.0020760306927450627,0.01298956307255147,0.005955587232630067,0.001683648069880828
22.290000000000685,177.20054548184055,0.002158987584810029,0.012682511517379326,0.005984942382433787,0.0016751839196494315
22.300000000000686,173.41594196724344,0.0023880436931921285,0.012370778414860619,0.006006461526119614,0.0016656460707079512
22.310000000000688,168.23225484725543,0.002498150659164719,0.012056136421146292,0.006000683262625947,0.001654962042654154
22.32000000000069,161.96353259661007,0.0024937059581196298,0.011740129708595396,0.0059559867579209785,0.0016449036981897405
22.33000000000069,161.95338515056932,0.002384705349040626,0.011424285254835532,0.005884875805453765,0.001635252474292411
22.340000000000693,162.27140671803232,0.0021858887647187813,0.011110118188184928,0.005995802736395223,0.001624166485678248
22.350000000000694,164.1367547422726,0.0019215002139720664,0.010799179511894142,0.006117556282160171,0.001611537022883029
22.360000000000696,165.7337951293537,0.0019883276441470745,0.010493208407314445,0.006214349198710746,0.0015972709498467596
22.370000000000697,166.9233808997547,0.002052017308737447,0.010193905424012821,0.0062539176585862544,0.001581322039176966
22.3800000000007,168.53830362699873,0.002106491914112883,0.009902574981420397,0.0062160449896851615,0.0015636551877461725
22.3900000000007,169.16409292944726,0.0021490252433066736,0.009620155669561706,0.00609746869373004,0.0015441916913784604
22.400000000000702,168.64913784871575,0.002180470637106211,0.009346929397966204,0.005912214752038812,0.0015228349265804164
22.410000000000704,167.20550498498585,0.0022044558271850406,0.009082218751918161,0.0056869852488622115,0.0014995557111308667
22.420000000000705,166.34522663755556,0.002226041218568671,0.008824865624763043,0.005453032272057704,0.0014744070395012554
22.430000000000707,169.21024893131394,0.002250848305532621,0.008573944220497441,0.005244596428019334,0.0014474332731404182
22.44000000000071,173.30707882296582,0.002284815769326759,0.00832898756139783,0.005201769877504286,0.001418606998444058
22.45000000000071,175.80848416227497,0.00233396966076043,0.008089489708971016,0.00514493571183437,0.0013878935575001327
22.46000000000071,176.34625081285964,0.002403708518206598,0.007854452988491556,0.0050649251585797184,0.0013553434942314496
22.470000000000713,174.6632753577418,0.002497816225205077,0.007622712480826263,0.004955235432080942,0.0013210630022827611
22.480000000000715,170.67615956110052,0.0026181214951266772,0.007406555832015145,0.0048140959149103775,0.001285104577234555
22.490000000000716,164.58775427912386,0.002764998864487922,0.007210382107223087,0.004645642176716601,0.0012474533660922242
22.500000000000718,159.7834859620107,0.0029376825111649494,0.00700293773169908,0.0044779885359154245,0.001208137728434575
22.51000000000072,159.4275096245827,0.0031340346232742048,0.006783121930415113,0.004469776268429039,0.001167291282199032
22.52000000000072,159.10596332276356,0.0033504735773077546,0.00655066547539702,0.004451817277175424,0.0011250617560925416
22.530000000000722,160.60214605347406,0.003582244340564184,0.006306618291764115,0.0045305833770664,0.0010814996934585387
22.540000000000724,161.84305362913292,0.0038235523448296965,0.0060533101238106415,0.004591512092435896,0.0010365947574910016
22.550000000000725,162.68016061640617,0.004067874704191496,0.005793779385481256,0.004590975373667065,0.0009904028970259598
22.560000000000727,163.6585382047744,0.004308927922703402,0.00553096020408216,0.004495383851100437,0.0009430733765562347
22.57000000000073,164.86349339498312,0.0045415306914290705,0.005300143103861604,0.004287864132848602,0.0008947448907247362
22.58000000000073,165.94679152123425,0.004761389377829401,0.00508009726100068,0.0041575087517329535,0.0008454788603182334
22.59000000000073,166.84208848913025,0.004964589867932788,0.0048666554591558515,0.004605561635560585,0.0007953293261690401
22.600000000000733,167.50820419204695,0.005147891549372924,0.004659604083203887,0.005080596765702687,0.0007444315723822157
22.610000000000735,168.33983852019816,0.005309021757963068,0.004458713798707394,0.005571796812113531,0.0007556055433252127
22.620000000000736,169.48633661890798,0.005446019532610657,0.004264062283294972,0.006061208638385601,0.0008211792437254415
22.630000000000738,170.3793681817633,0.005556289105977506,0.0040759575836376355,0.006523805545290181,0.000862684845168519
22.64000000000074,170.95072951186572,0.005636263414716579,0.003894673293383292,0.006928894617241418,0.0008744483942628508
22.65000000000074,171.1442045116254,0.0056813675102300445,0.0037201670468723228,0.0072427006539101816,0.0008529680373036318
22.660000000000743,170.9317397333476,0.0056859752379637245,0.003552138402789918,0.007431445952935631,0.0008470819982687211
22.670000000000744,170.30537095930111,0.0056438116266272105,0.0033897779985654834,0.007464764385315257,0.0008245190025481916
22.680000000000746,169.28105578148097,0.0055490997807351354,0.003231611374645446,0.007319377269944141,0.0008021277559627815
22.690000000000747,167.91734618210506,0.005397637094633624,0.0030762014092859504,0.006982191109257225,0.0008031067494814294
22.70000000000075,166.34480907370397,0.005186880609493382,0.002922441395669323,0.006452024243071029,0.0007966049933756272
22.71000000000075,164.55540510976152,0.0049156557234785545,0.002769118590106262,0.005740211580436262,0.0007633416340622075
22.720000000000752,162.7385174560528,0.004584541511942794,0.002614608999333434,0.00487050037008401,0.0007004459290048117
22.730000000000754,161.4132409047615,0.004196714217390516,0.0024570325845946306,0.0038778290572349435,0.0006070139644660667
22.740000000000755,159.9465935215487,0.0037585982809962143,0.0022947193362200806,0.0028056239784625785,0.0006549227954467435
22.750000000000757,158.3650435562644,0.003279663127716043,0.0021264779766376665,0.002466286961243604,0.0006903567200048967
22.76000000000076,158.29474107039005,0.0027718226878839635,0.0019514167375629073,0.002459061107126782,0.0006879056641727329
22.77000000000076,159.68706958957503,0.002652378714798004,0.0017688614914021206,0.0025755817890846587,0.0006508766050544047
22.78000000000076,160.82146551074786,0.003044870794780098,0.001579002677988863,0.0027549587492114603,0.0007230055230509873
22.790000000000763,161.8550344461558,0.0033169836119564815,0.0013830959547441824,0.0031556998628673514,0.0007642897703902221
22.800000000000765,163.18464778250518,0.003464087022862311,0.0011828087897766423,0.003585125204801059,0.0007579534309997594
22.810000000000766,164.20156764062753,0.00349091619197067,0.0009798482450113525,0.003861595569550197,0.0007994294275704486
22.820000000000768,164.8560453339515,0.0034098815174043546,0.0007754276264318007,0.003996597813805065,0.0008961891761969951
22.83000000000077,165.26205265298097,0.0032398907951487256,0.000569771588260945,0.004008110242852205,0.0009530365829704616
22.84000000000077,165.27499036162195,0.003004158437369563,0.0006300256538913947,0.003917662431224657,0.0009671204219733103
22.850000000000772,164.89833312882493,0.002727243797864449,0.0008325863571726906,0.0037476177899248213,0.0009383454707345255
22.860000000000774,164.19077471063352,0.0024323024329455066,0.0010336878225118283,0.0035194310064457297,0.0008696556193603962
22.870000000000775,163.5385658730268,0.0021389265208723524,0.0012336055274919633,0.003252371361783074,0.000766967470042425
22.880000000000777,163.29215183799275,0.001862285655955746,0.0014328104822121479,0.00296219708198787,0.0006384441423750101
22.89000000000078,162.90201382566875,0.0016128527286903651,0.0016317412060738127,0.0029582857495447546,0.0004935166010342212
22.90000000000078,162.2942777678489,0.0014310966697643453,0.0018304341053596667,0.0029729146579158977,0.0004946343762160374
22.91000000000078,161.4764016772953,0.0013060112118046653,0.0020285697764163826,0.002978576643053665,0.0005118022446837139
22.920000000000783,160.47130150315502,0.0011534516615508323,0.002225621140947432,0.0029756232407278102,0.000530751174741281
22.930000000000785,159.24607531525407,0.0009799833731753153,0.002420606585783584,0.002964474391928934,0.0005410491548890889
22.940000000000786,159.45018633855648,0.0009696470250350891,0.002611656735602754,0.0029455602457384355,0.0005547791999197377
22.950000000000788,160.35102958008136,0.0011768913089872774,0.0027963079865187426,0.0029193286595151796,0.0005672805154782703
22.96000000000079,161.09455884607567,0.0013512061286733543,0.0029724385100684658,0.0028863669723501297,0.000578393206427495
22.97000000000079,161.70712441331898,0.0014901169776484133,0.0031386249382408197,0.0028473544532260876,0.0006035346820750777
22.980000000000793,162.25892127650704,0.0015945427419384855,0.0033417062151762183,0.002864159957331267,0.0006384148307523155
22.990000000000794,162.83063061760285,0.001668061056898046,0.003616805344903436,0.002947983445403994,0.000638608966586148
23.000000000000796,163.46888025419662,0.001715933715977552,0.003893126128729249,0.0029500640781603797,0.0006100367730252046
23.010000000000797,164.18375228563332,0.0017442177967475767,0.004171187938089475,0.0031580541177878654,0.0006444724890793382
23.0200000000008,164.97011303911344,0.001758844136872963,0.004451816333947819,0.0032996301299534326,0.0006790039725850359
23.0300000000008,165.8077215998267,0.0017647438560433996,0.004736480663511131,0.003308180919642093,0.0007137993198851022
23.040000000000802,166.65248829878064,0.0017653859320482276,0.00502696030050938,0.003178848627169464,0.0007494017994938504
23.050000000000804,167.45204518070065,0.0017622528925601963,0.005324897406518315,0.0030946359404324408,0.0007862961920617053
23.060000000000805,168.1653992322185,0.0017547363489137289,0.005631227115603133,0.003062901338671857,0.0008247815171977304
23.070000000000807,168.75021700120502,0.0017409976114773006,0.00594564325716613,0.003203828494431483,0.0008648316536768809
23.08000000000081,170.42469930840986,0.0017188671236412377,0.0062669739005136935,0.003425185845784758,0.000906162592095878
23.09000000000081,175.0103475252668,0.0020260937906158277,0.0065940493368890985,0.003628708906309136,0.0009484513503262923
23.10000000000081,177.94613764394097,0.0024076574963192605,0.00692595867812925,0.0037988962286597417,0.0009914450027348276
23.110000000000813,179.23457050126427,0.002798926268900731,0.007261659110296641,0.003928667647132928,0.0010348987274388884
23.120000000000815,178.59529180868535,0.0031777935394270863,0.00759964450626486,0.004021284522120811,0.0010784661229443454
23.130000000000816,176.0403034250545,0.0035186991418930695,0.007938180148112033,0.004090408907766179,0.0011217049856731428
23.140000000000818,171.8708774192452,0.0037943759953626985,0.008275967938353623,0.004156965286314276,0.0011642510783798383
23.15000000000082,166.6164153823474,0.0039779445250878445,0.008612505238279012,0.004261730127094603,0.00120597570568325
23.16000000000082,162.8576599416203,0.004045425226481364,0.008947581646919571,0.004399956873058432,0.0012468854913432084
23.170000000000822,161.52533511645095,0.003978213539914802,0.009280767997469113,0.004533356637632382,0.0012869385210486223
23.180000000000824,165.64417842330047,0.003765287061789962,0.009611550743760739,0.0047011901607672876,0.0013260192824696725
23.190000000000826,172.280343903212,0.0034050748885902527,0.009939789130098223,0.004891840494199153,0.0013640841266367241
23.200000000000827,177.2061364446503,0.002906815761189121,0.010265943335039905,0.005071768116984911,0.0014013041881070117
23.21000000000083,180.1835021186606,0.0022905372532666213,0.010590554273277831,0.005227687358108073,0.0014379327243973846
23.22000000000083,181.18200799151035,0.0015853755389277084,0.010913678632919184,0.0053542151821392376,0.0014740609374941677
23.23000000000083,180.33418394425186,0.0015680432242598163,0.011234639688870677,0.005453389254773341,0.0015094887067349761
23.240000000000833,177.89636992938847,0.001781355795819884,0.011551811878022802,0.005532482135342594,0.0015437233447021838
23.250000000000835,174.2870417526722,0.0019884539541575683,0.011862809875176824,0.005600875388056368,0.001576121564262189
23.260000000000836,173.795525731244,0.0021797590206275924,0.012164929210754693,0.005666338752233218,0.0016059971745483632
23.270000000000838,174.96744823027794,0.0024523857860361707,0.012455568711969883,0.005739494331679805,0.0016326528457078038
23.28000000000084,175.51562192842965,0.002929889734677517,0.012732680591689614,0.005816501243001058,0.0016554912232763863
23.29000000000084,179.20713264207117,0.0032765276907949633,0.012995107284171496,0.005875699751845564,0.0016741859182703009
23.300000000000843,181.3754803422078,0.003490824584544818,0.013242878260374343,0.005934565299941383,0.0016888099493694926
23.310000000000844,181.9593204421339,0.0035816659879656315,0.013477142183498114,0.005993587162262694,0.0016997647289539646
23.320000000000846,181.05289066980743,0.003566264355793034,0.013699538516843484,0.006042799762774528,0.0017075418160154307
23.330000000000847,178.86257028861255,0.003467481640239092,0.013911432676879004,0.006080191934543201,0.0017125290314239808
23.34000000000085,175.7164937622858,0.0033107106771596536,0.014113638044967304,0.006103126329918679,0.0017149936376064127
23.35000000000085,172.05724658359875,0.003120750741320683,0.014306910550783501,0.006109232381732084,0.0017152262371147636
23.360000000000852,171.88927101416442,0.0029191658540595276,0.01449210662610595,0.006097194740857498,0.0017135315738679973
23.370000000000854,174.05441033640292,0.0027221941287742246,0.014669762520893557,0.006067419234709571,0.001710083878846201
23.380000000000855,175.9204754515427,0.002539625805355805,0.014839954889785296,0.006022866403561834,0.0017049206937594153
23.390000000000857,176.57331396397544,0.002374994974911258,0.015002617848762351,0.005990933241519417,0.0016980615784726047
23.40000000000086,175.8833830316059,0.002226350875357879,0.015158016725307963,0.005957876364762191,0.0016896245022788347
23.41000000000086,173.85260252658364,0.002087517568894471,0.015306908471522176,0.005912776312682222,0.0016798481405931995
23.42000000000086,170.63967559749136,0.0019499182475691587,0.015450155468891235,0.0058602392692328545,0.0016689965735543402
23.430000000000863,168.66289106418046,0.0019556591163637726,0.01558859496238798,0.005867902125426089,0.0016573461670403111
23.440000000000865,172.37948074867438,0.002350953151267017,0.015723270082769646,0.005901148206675993,0.0016452413309849224
23.450000000000866,176.11962309977574,0.0026929223887824645,0.01585484224184075,0.005950461899594708,0.0016329005327757082
23.460000000000868,179.39884045869186,0.0029656959023605725,0.01598321537780898,0.006000426845428178,0.0016203100470512611
23.47000000000087,181.85966851091678,0.0031569143120175427,0.01610790189257116,0.0060332584843927626,0.0016413384724653782
23.48000000000087,183.27186949643544,0.003259287225602612,0.016228446268551626,0.00603350690414991,0.0016893566555962031
23.490000000000872,183.48366376157145,0.003271230250579653,0.01634471911162925,0.006168295853034865,0.0017369223105485468
23.500000000000874,182.46618318736986,0.003196482596357047,0.016456553423736493,0.006308832940459589,0.0017838293964615119
23.510000000000876,180.37651274226405,0.003043642930184652,0.01656805210055755,0.006498405821183034,0.0018299704045689254
23.520000000000877,177.5046769325756,0.0028257497274707714,0.016683825395478528,0.006696416204499282,0.0018752678298151564
23.53000000000088,175.01830070470766,0.0025593015614661227,0.01679468455029036,0.006898369546871346,0.0019195639689100622
23.54000000000088,176.25905133343466,0.0022626634510331963,0.016900822246092306,0.007095078673592779,0.001962631046490129
23.550000000000882,176.4575579991794,0.0019546747503707057,0.017002061281196107,0.0072746953539998315,0.0020042901493047423
23.560000000000883,178.87169181734947,0.0016532504297259608,0.01709808412409063,0.0074263867480448865,0.0020444553469655792
23.570000000000885,180.78041182907108,0.0014791003376324239,0.017188845167503252,0.007544038608599569,0.0020830273896076147
23.580000000000886,180.81386562327432,0.0019150436928060297,0.017275042485305488,0.00762878985893564,0.002119801385419232
23.590000000000888,178.95080500959412,0.0023887642443105404,0.0173580764714296,0.007689548730369416,0.002154547048564831
23.60000000000089,175.3722168224463,0.0028766239536657297,0.01743974664063551,0.007740681915074911,0.0021871690630241203
23.61000000000089,170.56924922995424,0.0033527575385354463,0.017521886166731292,0.0077968875786947915,0.0022177420545437766
23.620000000000893,167.6135230438304,0.003790301879264314,0.017606002332436047,0.007894418799104075,0.0022459681815283836
23.630000000000894,169.20620539312873,0.004163160743361449,0.017693152522988254,0.00803158688723641,0.0022718606069211827
23.640000000000896,174.39410072013195,0.004447795775942839,0.017783674389301608,0.008169625301055446,0.002295234613903146
23.650000000000897,178.41091471130733,0.004624369639747141,0.01787723796917463,0.008293872031674004,0.002316100565808402
23.6600000000009,181.4518075285268,0.004677629569850018,0.0179730477484085,0.008389623854884473,0.002334324342827323
23.6700000000009,182.64024412551726,0.00459806400130829,0.018069607845183095,0.008447398299778952,0.002349839113814667
23.680000000000902,181.83531875955907,0.004382717744608611,0.018164895837898012,0.008466383112017993,0.0023626926341236507
23.690000000000904,180.35060729369872,0.00403571495411245,0.01825653712125805,0.008454541131637204,0.002372915418291423
23.700000000000905,179.26946111913193,0.0035685239138717453,0.01834183450079674,0.008425584519173121,0.002380457249196576
23.710000000000907,181.29789796924172,0.0029998604890361293,0.018418305733365736,0.008393882411556933,0.0023852582761854525
23.72000000000091,182.74658790450266,0.0023551095607440113,0.018484224610534644,0.008396527385299297,0.0023873334680437727
23.73000000000091,182.95246073815127,0.001778489823068623,0.018538662717677592,0.00839720653275816,0.0023867423813590497
23.74000000000091,185.7923320987844,0.0018249777871844298,0.0185813908362995,0.008386704114386034,0.0023835046013975436
23.750000000000913,188.24346904999766,0.001864424019228108,0.01861301390238902,0.008374364561697316,0.0023775978929050905
23.760000000000915,188.56090319784653,0.0018909576186165445,0.018634962277170524,0.008344548199418756,0.0023690331073368525
23.770000000000916,186.66968278407288,0.0018980201634395107,0.018648931206472256,0.0082983166071911,0.0023578813816978166
23.780000000000918,182.73935971667302,0.0021832178871982553,0.01865620374179375,0.00823876167249863,0.002344216392385548
23.79000000000092,177.1305892108978,0.0025388521414618555,0.018657616646746797,0.00816967112427688,0.0023280681451222506
23.80000000000092,170.38989948203303,0.0027863416351606636,0.018653883576532363,0.008100018717698962,0.0023094537465484285
23.810000000000922,168.6510359962791,0.0029314208280979666,0.018645655196929616,0.008061692053580058,0.002288427496030485
23.820000000000924,169.89736560022914,0.002986765545903479,0.0186332661952731,0.008029925593435077,0.002265129712164881
23.830000000000926,174.37170041184802,0.002970201911847566,0.018616519567655625,0.007993295160318215,0.0022395817875831957
23.840000000000927,177.85655011637718,0.0029023597685658557,0.018594617958722727,0.007937043274810405,0.0022118788216879642
23.85000000000093,180.24163272025316,0.002803818283315357,0.01856623386076948,0.007848200820755317,0.0021821523979723835
23.86000000000093,180.85204827455166,0.0026927198606563024,0.01852999752837227,0.00772059653124966,0.0021505398728913264
23.870000000000932,179.69021856863685,0.002582909570332218,0.018484877234564136,0.00755836801926788,0.0021171539005151833
23.880000000000933,176.93423642981207,0.0024823551215431864,0.018429712360562556,0.0073757937808859335,0.0020820715012846384
23.890000000000935,172.88924982029496,0.0023925814617366246,0.018363015956628703,0.007192665330840327,0.0020453607124658216
23.900000000000936,169.89137182850612,0.0023095048747023856,0.018283582272502152,0.00704342258461577,0.0020071326079322024
23.910000000000938,169.71504915012,0.0023315945119504696,0.018190858096495288,0.006908615123746049,0.001967560699244282
23.92000000000094,174.36963329590958,0.002503037666164442,0.01808505840385359,0.006773604335134639,0.001926826986647346
23.93000000000094,177.6096984275157,0.002651995630525039,0.017967022535097923,0.0066681666561366855,0.0018850494460230243
23.940000000000943,179.03541519748947,0.0027746241272128902,0.017837783793643553,0.006553202596418112,0.00184229025730853
23.950000000000944,178.56931215718728,0.002866515526156584,0.017698290287478397,0.006413158170328692,0.0017986414557046668
23.960000000000946,176.20343809463373,0.002922879431073601,0.017549346320539297,0.006242106633204727,0.0017542644257812834
23.970000000000947,171.67034908381623,0.0029388584698813,0.0173915592328685,0.006046805792824057,0.001709318252255916
23.98000000000095,171.31060154075888,0.002909897470349081,0.01722529528958331,0.005886099685382201,0.0016638863010733716
23.99000000000095,171.0519259321525,0.002831807925103722,0.017050991071754673,0.005741592898644906,0.0016180285430408706
24.000000000000952,170.48250872765183,0.00270118454135206,0.01686925243037253,0.005603256085250345,0.0015718932353110664
24.010000000000954,169.5895837385169,0.0025165881032438294,0.01668035986648515,0.0054731474440437205,0.0015257080890106734
24.020000000000955,168.3844025182541,0.0022799387051186,0.016484014808659454,0.005351784379145821,0.00147963951885529
24.030000000000957,166.92854428156969,0.001997290323259053,0.016279612579106564,0.005390551125333416,0.001442794005208355
24.04000000000096,167.67253649172102,0.0016783888676721718,0.016066649236453633,0.00547734731043234,0.0014273406196305437
24.05000000000096,167.17138169210125,0.0013356466792019909,0.015845004769355145,0.005552479355170301,0.0014104352765779984
24.06000000000096,165.31941101454126,0.0009835876665427036,0.015615014165539464,0.0056153467101486085,0.0013920649930098921
24.070000000000963,163.67683665128925,0.00128448748112604,0.015377210315178776,0.005665400425167843,0.0013722191607285694
24.080000000000965,165.10301316402925,0.0017421477024032808,0.015132024114881104,0.005702170245264492,0.0013508986059789663
24.090000000000966,166.24470899848285,0.0022340993813801057,0.014879527169720179,0.005725275916576105,0.0013281115046097727
24.100000000000968,167.0568878160794,0.0027293705524853735,0.01461931842591225,0.005734413125471877,0.0013038625361609791
24.11000000000097,167.51459386132439,0.0031964325443630125,0.014350848126897225,0.005729350617659648,0.0012781505540219108
24.12000000000097,167.60812082579517,0.0036052336821252575,0.014073866480936014,0.005709942672354991,0.0012509770321596867
24.130000000000972,167.35292393830716,0.0039290405191113814,0.013788745774028513,0.0056761376007094,0.0012223535934237433
24.140000000000974,167.02453760480387,0.004146191189393631,0.013496155473469686,0.005627971896439438,0.001192300956107881
24.150000000000976,166.90760149244457,0.004241112965601791,0.01319635969367332,0.00556555311424166,0.001160843899306551
24.160000000000977,165.5962999328653,0.004205075723377223,0.012889235921449837,0.005489064026655949,0.0011280084779131021
24.17000000000098,164.39687975178396,0.004036812758519251,0.012574382429790728,0.005398792092947069,0.0010938212905734406
24.18000000000098,163.46021796236445,0.003742491670885112,0.012250792960136233,0.005295121348065373,0.0010640231720905151
24.190000000000982,162.61645374542468,0.0033352009376072505,0.011917133080217534,0.005178489531492045,0.001053188353738308
24.200000000000983,161.8994168344996,0.0028337573986825875,0.011572428360539701,0.005049394230484428,0.0010462052296754494
24.210000000000985,161.2891948031598,0.002261167587820048,0.01121630328619172,0.004908426667387987,0.0010373018912582445
24.220000000000987,161.56847363371216,0.0018274200995435845,0.010849032153803506,0.004756253435588513,0.0010263958253623842
24.230000000000988,161.82558301595816,0.0020630321584009475,0.010471490579190121,0.00459358838008523,0.001013571101294387
24.24000000000099,162.080587885183,0.002253506601629026,0.01008482586825979,0.00442120484422172,0.0009990152662708487
24.25000000000099,162.35709702233547,0.002396591159791419,0.009690214618855664,0.00423993616369178,0.0009829321089593467
24.260000000000993,162.61048309104896,0.002493693316853434,0.009288676677774804,0.00405065306569829,0.0009654632029535834
24.270000000000994,162.87939628861122,0.0025494827419593577,0.008880966243944513,0.0038542620872472418,0.000946668879985702
24.280000000000996,163.27793041977827,0.0025708471574846107,0.008467690625162012,0.00416177321723108,0.000926586123003314
24.290000000000997,163.7189987829657,0.002566034736520166,0.008049381314026723,0.004453226201852923,0.0009052408650964431
24.300000000001,164.19354950314315,0.002582152467429193,0.007626253747331563,0.004643309495017139,0.000882556861667808
24.310000000001,164.6898971028041,0.0027228855835504046,0.007198032751064911,0.004748172744132379,0.0008583129706987316
24.320000000001002,165.1660440152006,0.0027970002243920037,0.006764345798145575,0.004787150325896837,0.0008322770926054389
24.330000000001004,165.5540050364608,0.002817229944950165,0.006324987592731385,0.0047802693152526905,0.0008042699447574082
24.340000000001005,165.7931672999974,0.0027969189133240416,0.00587997783050379,0.004746029381487793,0.0007741547405835146
24.350000000001007,165.8468577846716,0.0027484032143761804,0.005429680201612679,0.004699407914108166,0.0007418916625061661
24.36000000000101,165.69383827964324,0.0026818584182198325,0.004974865128115328,0.0046500849498995155,0.0007094963827483752
24.37000000000101,165.32659266514665,0.002604205134512736,0.004516942580373468,0.0046014504571435634,0.000671649368445416
24.38000000000101,164.7560133642175,0.0025983844673814083,0.00405804732202354,0.0045506449663377324,0.0006345528884132482
24.390000000001013,164.00140152090086,0.002643728050165122,0.0036007924618876226,0.0044891508720038675,0.0005969378901498101
24.400000000001015,163.08204442506474,0.002679964942758866,0.003147904536698253,0.004403780535209194,0.0005594730822985955
24.410000000001016,162.02780957838303,0.0026992539807664485,0.0027058869735777143,0.004278593318379825,0.0005228038987306431
24.420000000001018,160.88221313233115,0.002694633960984848,0.0022780701425817416,0.004097743257141606,0.0004878060763770725
24.43000000000102,159.68353147779396,0.002660692017177382,0.0018582643582021597,0.0038483617798886582,0.00045494306803767204
24.44000000000102,158.487660324727,0.002593822191848621,0.001446516571455671,0.0035229005125844157,0.00042324328571675
24.450000000001022,157.74268541052263,0.0024924816970268034,0.001042806122292899,0.0032455739219575757,0.0004177581695260545
24.460000000001024,157.8315116497571,0.0023573600142621364,0.0006470325278371943,0.0035296471784522806,0.00044849984892608925
24.470000000001026,158.42822901974586,0.0021911573733638646,0.00036026821651926217,0.0037451989632015237,0.0004780200826528363
24.480000000001027,158.9761582478852,0.0019982397160595,0.00036525239157871064,0.003897659869211136,0.00047970747595031785
24.49000000000103,159.44822132324623,0.0017845461304453838,0.0005663936330789969,0.003996073642585922,0.0005061235130421656
24.50000000000103,159.85837652797755,0.0015576341768190815,0.0009255580305354726,0.0040529259640039225,0.0005440625828124206
24.510000000001032,160.49407674810516,0.0013259622393880061,0.0012872982910870114,0.004073057525324013,0.000644829861752799
24.520000000001033,161.19781868530646,0.0013582280744557464,0.0016421734732230563,0.004063112466110014,0.0007123636938840731
24.530000000001035,162.47525490218794,0.0013603487045467278,0.0019902450407653805,0.0040244383245682585,0.0007369337652973954
24.540000000001037,163.62380215478942,0.0012428970077141813,0.002331338175891024,0.003953106027868027,0.0007125757082848408
24.550000000001038,164.59797377671862,0.0012226138327148548,0.0026652045304296885,0.003845152667965465,0.0006379102825689724
24.56000000000104,165.3983567514319,0.0013391262485394015,0.0029915855178331854,0.003687291542018183,0.000590415577927207
24.57000000000104,165.8610751363414,0.00141036095042414,0.0033104985850152457,0.0034674533618091817,0.0006298832900367825
24.580000000001043,165.94558073944748,0.001434237331925179,0.0036224755201200126,0.0031766283050729525,0.0006894762419771451
24.590000000001044,165.6423785165297,0.0015301533521144108,0.003928038823366278,0.0028107743907639033,0.0007143795733167524
24.600000000001046,164.96621303907133,0.002035134493432328,0.004227290139537307,0.0025725255271466284,0.000700556914973881
24.610000000001047,163.9620573178536,0.002495232100360398,0.004524241659615322,0.002598740113840665,0.0007160492511572623
24.62000000000105,162.6925683619145,0.002881478846436692,0.004815876356787261,0.002715651236106006,0.0007356716635459937
24.63000000000105,161.21177307613974,0.0031711831351186348,0.0051001204020425855,0.0029966109952965863,0.0007534406052652909
24.640000000001052,159.81026568182605,0.0033489433687170188,0.005376995229987041,0.003237512556652526,0.0008088048902000044
24.650000000001054,158.66308557319334,0.003406964884043218,0.005646554066468758,0.0035056936229109544,0.0008259898889527294
24.660000000001055,157.4292368431277,0.003345082461854568,0.005908773586341732,0.003679261361560258,0.000798932709721606
24.670000000001057,157.6795629785887,0.0031702780686285624,0.0061634052127891095,0.0037582592789769157,0.0008059190914317395
24.68000000000106,159.07489409600169,0.002895683425110792,0.006410161651036848,0.003747221317530552,0.0008144791095630371
24.69000000000106,160.25491444262178,0.0025389518516919286,0.006648893170689298,0.0036534876931422094,0.0008212652730249254
24.70000000000106,161.17293266219193,0.0022167288724696706,0.006879389884869701,0.0034858463393298484,0.0008263209910428867
24.710000000001063,161.83251580378317,0.002450951826227763,0.007101436815251473,0.0033481935637169006,0.0008297083031803187
24.720000000001065,162.20727742774534,0.002648498210086618,0.007315019555502084,0.003230923602184523,0.0008314914219534837
24.730000000001066,162.3040912581126,0.0027975391632338938,0.007520213137475227,0.003102302219431117,0.0008317261808539048
24.740000000001068,162.18621498120154,0.002888108310841139,0.007717112862083352,0.0029880888213604305,0.0008304690699169865
24.75000000000107,161.83969996351374,0.002913186895073148,0.007906090270395277,0.0029110905211902276,0.000827791323289002
24.76000000000107,161.31787678862358,0.0028693303373467155,0.008087837703354455,0.002894617721937441,0.0008237787888283345
24.770000000001072,160.74177749761043,0.002757065591257462,0.008262944968497478,0.0030108478051883653,0.0008277801100338072
24.780000000001074,160.08907916480936,0.002580948735933681,0.008439441810354154,0.0032141914052222654,0.0008800536614438431
24.790000000001076,159.39695031537752,0.0024164123311392937,0.008613133065678773,0.0033924489772684113,0.0009320945910624319
24.800000000001077,158.6884654819663,0.0026354652320782625,0.00878248310420468,0.0035492954722060287,0.0009838259837342005
24.81000000000108,158.05076130142,0.0028125236286907144,0.008947869532859754,0.003694454871081841,0.0010351311845176905
24.82000000000108,157.85436451111806,0.0029515442538612427,0.009109837588252682,0.0038526151192513243,0.001085813971025171
24.830000000001082,157.6021617580533,0.0030563562250838865,0.009269114298347567,0.004046779088696141,0.0011356780643352916
24.840000000001083,157.26272976474854,0.0031302239276105198,0.009426502633001274,0.004224304123401925,0.0011846047456282138
24.850000000001085,156.79016702155218,0.003175575295996118,0.009582870719022833,0.0043836390568157526,0.0012325191130048959
24.860000000001087,158.15050404725199,0.003193594898472851,0.009739197887937454,0.004529162555150584,0.0012793088118952004
24.870000000001088,158.30466639745137,0.0031838080078348185,0.009896547831934955,0.004668061677616999,0.0013248188427465676
24.88000000000109,158.5264044781364,0.0031441405769784925,0.01005573412239113,0.0048062419448010605,0.0013689159482039098
24.89000000000109,159.70000301966152,0.003071532319271404,0.01021697743307614,0.004945736819680884,0.001411514969304947
24.900000000001093,160.8693387151309,0.0029622077440814676,0.010379993687415552,0.0051047837253519,0.0014525356972782699
24.910000000001094,161.96074448684254,0.0028121474713146593,0.010544266679332226,0.005273165983476235,0.001491871169991953
24.920000000001096,163.00418044094647,0.0026183200663352545,0.010709269892048632,0.0054488058973469,0.0015294185555236447
24.930000000001098,164.06240123876813,0.00237987645937731,0.01087469525600183,0.005624116767217144,0.0015651175591368906
24.9400000000011,164.86393652036372,0.00209912476378267,0.011040326783944163,0.005787765561113764,0.0015989362713354552
24.9500000000011,165.3800811875191,0.0017822182996585975,0.011205736058086257,0.005928426231387233,0.0016308346870105481
24.960000000001102,165.599036955679,0.001439504626631566,0.011370628174471752,0.0060382490213548865,0.001660763453535526
24.970000000001104,165.50078811763,0.001100008334484285,0.011535057381920167,0.006115288695078191,0.001688685545712372
24.980000000001105,165.08466123496595,0.0010146584371910994,0.011699045261197829,0.006164613768179608,0.0017145748370970917
24.990000000001107,164.40980667288346,0.000937195616900222,0.011862524389354537,0.006266012554952638,0.0017384025328994147
25.00000000000111,163.58122865856356,0.0008696124402155777,0.01202566733355464,0.006359415805682766,0.0017601534938568744
25.01000000000111,162.69123465382123,0.0008220234411959649,0.012189085788549728,0.00642958971295077,0.0017798537032191124
25.02000000000111,161.80096010191988,0.0008337160724351145,0.012353450548604969,0.006477841638469922,0.0017975524083686661
25.030000000001113,162.76369352119124,0.0008463243323123812,0.012518986040819167,0.006508427583628204,0.0018132739613588066
25.040000000001115,163.73537677241018,0.0008686820113151767,0.012685645506501224,0.006526818359816878,0.0018270174321963393
25.050000000001116,163.46944121487272,0.0009093251414312516,0.01285315189638263,0.006537932432032808,0.0018388120191239717
25.060000000001118,162.0323915123312,0.0009755927501318594,0.013020795469695375,0.006545196440445238,0.0018487387458804969
25.07000000000112,162.6685859753154,0.0010727558526294476,0.013187852120144327,0.006550569202056323,0.0018568773150828785
25.08000000000112,163.5274466467769,0.0015148918747771836,0.013353830033389684,0.006554924817060145,0.0018632643806773214
25.090000000001123,163.71466249878165,0.0020092789063915354,0.013518193936576849,0.006565943368563859,0.0018679398799114554
25.100000000001124,165.41155912039903,0.0024863943107911617,0.013680163388545403,0.006614551274314038,0.0018710123376088305
25.110000000001126,171.06948627500594,0.002912260394161925,0.013838931124599507,0.00667197997814219,0.0018726298465866955
25.120000000001127,175.98393463669817,0.003257502783225811,0.013994066060167858,0.006728790429543913,0.001872887805599336
25.13000000000113,179.78854156619414,0.0034998534257205272,0.014145605422534017,0.00677169215627668,0.0018718137039135053
25.14000000000113,182.21860186036318,0.003626195068103177,0.014293975223282206,0.006788481064413899,0.0018694593220630212
25.150000000001132,183.1168616870577,0.003633243776032484,0.014439800278455681,0.0067725643381549225,0.0018659638301778668
25.160000000001133,182.47466977429016,0.003527033422815799,0.014583814212138642,0.006725049152865167,0.0018614916473973999
25.170000000001135,180.459376072144,0.0033215905771772176,0.014726855748359975,0.006654318291877704,0.0018561412508522627
25.180000000001137,177.6687633407747,0.0033980988978492416,0.014869631775536117,0.006573889983096888,0.0018499658350426519
25.190000000001138,176.81722016541477,0.003561212131090833,0.015012289734560695,0.006509799635041938,0.0018431531878525976
25.20000000000114,175.05672196175573,0.003693396494036436,0.01515432232875003,0.006510250240804318,0.0018454152957921384
25.21000000000114,172.5780319146043,0.0037929663373070365,0.015294972731724314,0.006608882063145197,0.0018733364314437023
25.220000000001143,174.80516646577476,0.0038589320911675694,0.01543355940662443,0.00669803399130511,0.001899946111839275
25.230000000001144,179.03784963221446,0.003890670392164639,0.015569477663294378,0.006811372652274152,0.0019251048031953201
25.240000000001146,181.95832598724954,0.0038878974520295583,0.01570218942343708,0.006913161212959224,0.00194863756239862
25.250000000001148,183.67244642812395,0.00385075619125138,0.015830962098015638,0.006997974016525514,0.0019702738199490347
25.26000000000115,185.7910239282107,0.003780027142249317,0.01595454339472262,0.007063171940015932,0.001989631085962213
25.27000000000115,186.89335655432689,0.003677175386139135,0.016071457109002773,0.007109164512770893,0.002006315893150065
25.280000000001152,186.91163601384395,0.0035435530752511955,0.016181604030261677,0.007139719389242919,0.0020203215787688807
25.290000000001154,185.88902368471315,0.0033809227677134516,0.016286573116424383,0.007160919523515112,0.0020320839414263857
