time_s,stress_mpa,displacement_m,displacement_y_m,deformation_m,idr
0.01,124.5434698641479,0.0003067094085003871,1.6591569403531494e-05,0.0005042256582379936,0.00014403638870130853
0.02,124.54346987342896,0.0003067094099504082,1.65915694498091e-05,0.0005042256582848318,0.00014403638871469406
0.03,124.54346992671186,0.0003067094183167027,1.6591571701345963e-05,0.0005042256586477462,0.00014403638881838895
0.04,124.54347007610012,0.0003067094417789323,1.6591592130155154e-05,0.0005042256602632214,0.00014403638927983217
0.05,124.54347036717692,0.0003067094877969022,1.659166663957439e-05,0.00050422566520491,0.00014403639069073454
0.060000000000000005,124.54347087528807,0.00030670956931435527,1.6591822150005763e-05,0.0005042256771137662,0.00014403639408906222
0.07,124.54347167344872,0.0003067096996063981,1.6592046035498648e-05,0.0005042257016760499,0.0001440364010949264
0.08,124.54347277431944,0.0003067098830656961,1.6592262624072303e-05,0.0005042257466329459,0.00014403641391387193
0.09,124.54347423338486,0.0003067101320792404,1.6592302139949673e-05,0.0005042258211122756,0.00014403643514865498
0.09999999999999999,124.54347626013747,0.0003067104844283508,1.659194249647231e-05,0.0005042259355731208,0.00014403646778874795
0.10999999999999999,124.5434791703946,0.0003067109952066414,1.6590961066046246e-05,0.0005042261032670399,0.00014403651563497867
0.11999999999999998,124.54348340504924,0.0003067117416773733,1.6589158527412853e-05,0.0005042263427137187,0.00014403658401418426
0.12999999999999998,124.54348922001564,0.0003067127779525798,1.6586486973779796e-05,0.0005042266798099584,0.00014403668038703293
0.13999999999999999,124.54349591872095,0.00030671401664386904,1.6583229620247838e-05,0.0005042271447432473,0.00014403681346543743
0.15,124.54350148484298,0.00030671517038301336,1.65799933443827e-05,0.0005042277566844296,0.00014403698882786532
0.16,124.54350337326517,0.0003067158666400372,1.6577501971364378e-05,0.0005042284970221283,0.0001440372012502907
0.17,124.54350001880891,0.0003067158641475766,1.6576353668966443e-05,0.0005042292848680712,0.00014403742768188263
0.18000000000000002,124.54349098454482,0.000306715059863522,1.657692748645435e-05,0.000504229968994511,0.00014403762492009204
0.19000000000000003,124.54347532329793,0.0003067132443857487,1.657942887099491e-05,0.000504230334269744,0.00014403773143659517
0.20000000000000004,124.54345052138558,0.000306709966272467,1.658399420436696e-05,0.0005042301114579049,0.00014403767017162576
0.21000000000000005,124.54341395414296,0.0003067047539186694,1.6590549849116693e-05,0.0005042289913712638,0.00014403735257780044
0.22000000000000006,124.5433647268426,0.0003066973457280328,1.6598312260339323e-05,0.0005042266525834232,0.00014403668654927766
0.23000000000000007,124.54330694285285,0.00030668817276547093,1.6605726915014606e-05,0.0005042228106442809,0.0001440355905146696
0.24000000000000007,124.54325479337616,0.000306679210977663,1.6610735352706212e-05,0.0005042173220456986,0.00014403402319969173
0.25000000000000006,124.54322290534321,0.0003066725472194852,1.661162958428223e-05,0.0005042103494382184,0.0001440320309077923
0.26000000000000006,124.54320509967677,0.0003066671547126125,1.6607743620921742e-05,0.0005042024397785664,0.00014402976991000505
0.2700000000000001,124.54317334058038,0.00030665881857253367,1.6597766895819117e-05,0.0005041943343434173,0.00014402745219040203
0.2800000000000001,124.54309456131143,0.000306642567983016,1.657980739653152e-05,0.0005041865566112151,0.00014402522771065498
0.2900000000000001,124.54294499318146,0.0003066144537076677,1.6555496394657793e-05,0.0005041789740799902,0.0001440230592131988
0.3000000000000001,124.54271976247897,0.0003065728963181583,1.653211911651734e-05,0.0005041704895545171,0.00014402063393092573
0.3100000000000001,124.54244404590973,0.00030652082991632844,1.6519478995061228e-05,0.0005041590679475693,0.00014401737102555292
0.3200000000000001,124.54216959425557,0.0003064655200651622,1.6524978062798906e-05,0.0005041423428807284,0.0001440125946283536
0.3300000000000001,124.54194714892326,0.0003064141933679956,1.6550720897388753e-05,0.0005041186871883699,0.00014400583951246045
0.34000000000000014,124.5418242486465,0.00030637371604648125,1.6592245971985747e-05,0.0005040882509114752,0.00014399714765183714
0.35000000000000014,124.54186040647599,0.00030635323849857596,1.6639657893118643e-05,0.0005040536670347614,0.0001439872700460074
0.36000000000000015,124.54211318788138,0.00030636219594529446,1.668076233408215e-05,0.0005040203896730698,0.00014397776370084713
0.37000000000000016,124.54260945414079,0.00030640600842462423,1.6704172712985462e-05,0.0005039964677832851,0.0001439709274015832
0.38000000000000017,124.54331047813223,0.00030648100395028026,1.6700878894323672e-05,0.0005039914367696916,0.00014396948537514882
0.3900000000000002,124.54410461850813,0.00030657337917591325,1.666638112897973e-05,0.0005040142762496398,0.00014397600395716392
0.4000000000000002,124.54485178449627,0.0003066652372102103,1.6604706444205243e-05,0.0005040708639022756,0.00014399216406931457
0.4100000000000002,124.54541596520723,0.0003067380067263219,1.652706187911881e-05,0.0005041615498155077,0.00014401806790172975
0.4200000000000002,124.54566827806565,0.0003067722458116643,1.6443388212249743e-05,0.0005042792579353215,0.0001440516960291889
0.4300000000000002,124.54550723487097,0.00030675175027875326,1.635872298478491e-05,0.0005044086380439466,0.00014408866470997454
0.4400000000000002,124.54488115058946,0.0003066675901297354,1.6280203225754198e-05,0.0005045271284707196,0.00014412252930307435
0.45000000000000023,124.54379938991713,0.00030651879218049707,1.622097154696589e-05,0.0005046082178376709,0.0001441457160842181
0.46000000000000024,124.54235005806524,0.0003063143309698803,1.6192615220209887e-05,0.0005046261225365677,0.00014415085851082876
0.47000000000000025,124.54069506262698,0.00030607359853225953,1.6198034338314215e-05,0.0005045608580510385,0.00014413224607221726
0.48000000000000026,124.53902635828226,0.0003058215279822002,1.6229685478976685e-05,0.00050440299480312,0.00014408718327567872
0.49000000000000027,124.53753353909026,0.00030558421379574106,1.6275066715494324e-05,0.000504157318584085,0.0001440170359175812
0.5000000000000002,124.53641003475107,0.000305389597753271,1.632398263080891e-05,0.0005038444556010297,0.0001439276958534677
0.5100000000000002,124.53583871876128,0.0003052654955024785,1.636180046612489e-05,0.0005034998474799672,0.00014382928852341303
0.5200000000000002,124.53591896722563,0.0003052290743799619,1.637190584257298e-05,0.000503169917889523,0.00014373507801861187
0.5300000000000002,124.53662802655597,0.0003052809019874713,1.6349361306297417e-05,0.0005029056198982788,0.0001436596236039403
0.5400000000000003,124.53784931925448,0.0003054078595840408,1.629440699956497e-05,0.0005027541183896609,0.00014361640303557903
0.5500000000000003,124.53941140987801,0.0003055873736435499,1.6203276845399816e-05,0.0005027499636719187,0.00014361529027416084
0.5600000000000003,124.54110671212668,0.00030578980318556027,1.6070001806857232e-05,0.0005029074171107623,0.00014366036244971303
0.5700000000000003,124.54270897125164,0.0003059815742929632,1.587872363755528e-05,0.0005032156589992002,0.0001437485306592352
0.5800000000000003,124.54403715060869,0.0003061349299396985,1.5600898630801583e-05,0.0005036383915688057,0.00014386942700384567
0.5900000000000003,124.54495532084262,0.0003062267965598781,1.5215626234245372e-05,0.0005041182951255346,0.00014400667867917733
0.6000000000000003,124.54532939499992,0.00030623222562013383,1.472866639375721e-05,0.0005045850988876879,0.00014414021481280476
0.6100000000000003,124.54507092035345,0.00030613342431949224,1.4169342395088777e-05,0.0005049655951502652,0.00014424912788561903
0.6200000000000003,124.54420017522497,0.0003059309212209714,1.3576277431495446e-05,0.0005051947770894702,0.00014431485538219068
0.6300000000000003,124.54282776367096,0.00030564012083500187,1.2991663210625156e-05,0.0005052269108030523,0.00014432434216824538
0.6400000000000003,124.5410551358196,0.00030527624245993033,1.2457610603021034e-05,0.0005050438982453491,0.0001442724286043248
0.6500000000000004,124.53894437925483,0.0003048521775624245,1.2003837411629852e-05,0.0005046586112294971,0.00014416280166744638
0.6600000000000004,124.53657140572635,0.0003043871151008166,1.1645035508935711e-05,0.0005041131163942543,0.00014400748646643523
0.6700000000000004,124.53405799430472,0.0003039073334063941,1.139917848763749e-05,0.0005034727204724155,0.00014382514388708867
0.6800000000000004,124.53161544052031,0.00030344954778639834,1.1306642874253248e-05,0.0005028163560342312,0.00014363832264417033
0.6900000000000004,124.52946327440904,0.00030304963873844425,1.1411866396652946e-05,0.0005022244587153643,0.00014346999426976428
0.7000000000000004,124.52767941600027,0.00030272224309847565,1.1720386590846943e-05,0.0005017665382626433,0.0001433400009421919
0.7100000000000004,124.52630844814055,0.0003024763030583968,1.2182438894235757e-05,0.000501491027742016,0.00014326215579008885
0.7200000000000004,124.52548545271219,0.00030232836830010334,1.270498573814512e-05,0.000501419411197825,0.00014324256762656017
0.7300000000000004,124.52530293125575,0.00030227971727498124,1.3189640827585224e-05,0.0005015443426211587,0.00014327910724914311
0.7400000000000004,124.52572580420225,0.0003023101126567334,1.3562571306365265e-05,0.0005018306374688181,0.00014336169435961174
0.7500000000000004,124.52667927703733,0.0003023978710883897,1.3774772574963385e-05,0.0005022204656789887,0.00014347378392253813
0.7600000000000005,124.52814492658051,0.0003025314512338115,1.3817286751542868e-05,0.0005026441356215899,0.00014359544858683556
0.7700000000000005,124.53016264307824,0.00030270526157864444,1.3740475591836858e-05,0.0005030336998166278,0.00014370726582246715
0.7800000000000005,124.5326261444098,0.0003028936735276524,1.361845927182734e-05,0.0005033344126528209,0.0001437935900365079
0.7900000000000005,124.53514145238695,0.00030303891543045355,1.3495168999681019e-05,0.0005035115456440384,0.00014384449781902134
0.8000000000000005,124.53719327566672,0.0003030751747411989,1.338206636194018e-05,0.0005035530951671028,0.00014385656017521127
0.8100000000000005,124.53841316199113,0.0003029580377290309,1.3279133480294676e-05,0.0005034686666905776,0.0001438325231658202
0.8200000000000005,124.53873346359896,0.0003026845339897852,1.3194105924410669e-05,0.0005032840445707905,0.00014377975615058772
0.8300000000000005,124.53819068952811,0.000302271988063223,1.3138948624182692e-05,0.0005030331995103346,0.0001437079677536317
0.8400000000000005,124.53662039969346,0.00030171634847594433,1.310844570833941e-05,0.0005027508737575185,0.00014362708694901414
0.8500000000000005,124.53383058542657,0.00030100982734809355,1.3095766502961033e-05,0.0005024668902088304,0.00014354563710303352
0.8600000000000005,124.53001507842049,0.00030019137890513925,1.3112797030648721e-05,0.0005022019211849911,0.00014346952717015363
0.8700000000000006,124.52571504745103,0.0002993398054767771,1.3188346334694537e-05,0.000501964914278421,0.0001434013159275462
0.8800000000000006,124.52147870329836,0.00029853334591827365,1.335925306662223e-05,0.0005017531200101142,0.00014334021919986523
0.8900000000000006,124.51777136599299,0.0002978437854705724,1.3632904170891567e-05,0.0005015563924813383,0.00014328333801741803
0.9000000000000006,124.5150754863607,0.00029734509622253186,1.3977418555743965e-05,0.0005013659611850802,0.00014322816482500907
0.9100000000000006,124.51394037560314,0.0002971128326571536,1.4340692955298079e-05,0.0005011838879162913,0.000143175286306885
0.9200000000000006,124.51488204497078,0.0002972141195308116,1.4654894781733073e-05,0.0005010285706060953,0.00014312995767861887
0.9300000000000006,124.51813713873285,0.000297681169015121,1.4865737889148649e-05,0.0005009351899458626,0.00014310223259361767
0.9400000000000006,124.52350741432812,0.00029848895426626005,1.4960500565408311e-05,0.0005009518564503666,0.0001431058642111499
0.9500000000000006,124.53052467949446,0.0002995737382869262,1.4973531693510324e-05,0.0005011312815810365,0.0001431559261067975
0.9600000000000006,124.5384738517812,0.0003008327288888784,1.4966774164135621e-05,0.0005015177937348469,0.0001432651014093507
0.9700000000000006,124.54619430182598,0.00030209689278002993,1.5006270271478724e-05,0.0005021308109592766,0.0001434389579676889
0.9800000000000006,124.55239710577848,0.0003031819734484008,1.5166871425982853e-05,0.0005029489647782052,0.0001436714085636671
0.9900000000000007,124.5560226322596,0.0003039325071852412,1.553541512143782e-05,0.0005039011600912117,0.00014394215258871967
1.0000000000000007,124.55635267158159,0.0003042275769192384,1.6201332207776997e-05,0.0005048670287809641,0.00014421680160985688
1.0100000000000007,124.55317544768597,0.00030401353744174915,1.7259929929511567e-05,0.0005056867318858067,0.00014444967594580532
1.0200000000000007,124.5468389907093,0.00030332657161480066,1.8801571733185014e-05,0.0005061831746134845,0.00014459014825756632
1.0300000000000007,124.53827077893412,0.0003022949570447357,2.0850321946405118e-05,0.0005061978701879022,0.00014459288835928224
1.0400000000000007,124.52888594422983,0.0003011140884106738,2.330928722888414e-05,0.0005056322336240043,0.00014442966226704316
1.0500000000000007,124.52044964765673,0.0003000296954287624,2.5964563814949922e-05,0.0005044811493972013,0.00014409892771016992
1.0600000000000007,124.51478327165088,0.00029931237788722226,2.8498627555458063e-05,0.0005028514265026345,0.0001436311163265273
1.0700000000000007,124.51312120805966,0.0002991667817494642,3.053139709077425e-05,0.0005009628231319852,0.00014308894033100993
1.0800000000000007,124.51552858432552,0.0002996310194565169,3.175895834345038e-05,0.0004991258133282935,0.0001425610570309597
1.0900000000000007,124.52116247935997,0.00030060778523628647,3.2020456898497906e-05,0.0004976915408069986,0.00014214778620696918
1.1000000000000008,124.5290109240469,0.00030197646846130417,3.1286639997555716e-05,0.0004969837775795916,0.00014194168149746678
1.1100000000000008,124.53793988442597,0.0003035902727010582,2.9681685753981912e-05,0.000497231775334774,0.00014200834917513417
1.1200000000000008,124.54664013032877,0.00030525582570131867,2.7461710636944117e-05,0.000498516592919656,0.0001423711067717314
1.1300000000000008,124.55394410812535,0.00030678376909263255,2.496895689485497e-05,0.0005007393429753509,0.00014300189286762385
1.1400000000000008,124.55912377201514,0.0003080427176428659,2.2604110442490306e-05,0.0005036228328325173,0.0001438217094891526
1.1500000000000008,124.56211514299014,0.0003089914492084446,2.0764032770125643e-05,0.0005067531962466439,0.00014471248837596558
1.1600000000000008,124.56342644218006,0.00030965769988893253,1.9718282546863452e-05,0.0005096529739937169,0.00014553794832723003
1.1700000000000008,124.56372653231904,0.000310087145444299,1.9584975915650688e-05,0.0005118660515689575,0.00014616785132818752
1.1800000000000008,124.56355254304985,0.00031032834966579666,2.032963013843008e-05,0.0005130377461471541,0.00014650088512900618
1.1900000000000008,124.5632079983117,0.00031042968806330656,2.1695834282392768e-05,0.0005129803670561728,0.00014648340729865212
1.2000000000000008,124.56281155110912,0.00031043156588993356,2.3274939701758567e-05,0.0005117127854756939,0.0001461207728926606
1.2100000000000009,124.5628031637348,0.0003104352811134943,2.4678871598040557e-05,0.0005094624419664865,0.00014547793272472046
1.2200000000000009,124.56378939764727,0.00031058840884517217,2.5644338343908182e-05,0.0005066300456075972,0.00014466936544926465
1.2300000000000009,124.56528629202033,0.00031089241082294945,2.604431246944237e-05,0.0005037239057991856,0.00014384031977819948
1.2400000000000009,124.56566389199794,0.00031117709658310614,2.5850887063732302e-05,0.0005012688342339498,0.00014314077625250456
1.2500000000000009,124.563927666301,0.00031135092569240707,2.507496196967487e-05,0.000499704908608242,0.00014269650339897432
1.260000000000001,124.5604858976823,0.0003114966594571579,2.3774080646669782e-05,0.0004993043233811204,0.00014258528207483173
1.270000000000001,124.55591384812007,0.0003116763876428608,2.2122017428970528e-05,0.0005001238955983835,0.000142823322969797
1.280000000000001,124.55034249978034,0.00031186038249597707,2.0402190666400937e-05,0.0005019946110986369,0.00014336227358725464
1.290000000000001,124.54383691333429,0.0003120004367246696,1.8968477282564042e-05,0.0005045507563304566,0.00014409754156612703
1.300000000000001,124.53642448198143,0.0003120157216264195,1.820541522216427e-05,0.0005072969992136691,0.00014488746539798524
1.310000000000001,124.52815854618633,0.0003117899453373172,1.8419821979819968e-05,0.0005096941256776042,0.00014557781795414005
1.320000000000001,124.51937426564169,0.0003112409801536274,1.971396135772989e-05,0.0005112428658824692,0.00014602576746422502
1.330000000000001,124.51064188963176,0.000310358120555679,2.1902206845580372e-05,0.0005115612999903862,0.00014612200982189655
1.340000000000001,124.5025758776979,0.00030918219040497214,2.458470074708802e-05,0.0005104544870328646,0.00014581068325606334
1.350000000000001,124.49586953743443,0.0003077900346646778,2.732204626960482e-05,0.0005079616306853045,0.00014510286234300357
1.360000000000001,124.49100599818487,0.0003062448192054723,2.9725334144168478e-05,0.0005043606613393579,0.0001440778758966095
1.370000000000001,124.48776979897893,0.00030454378966217045,3.144051924314737e-05,0.0005001238658601569,0.000142870628806678
1.380000000000001,124.48522191847432,0.00030261843912402707,3.212896453719332e-05,0.0004958364730871123,0.00014164833494303362
1.390000000000001,124.48214044970058,0.0003003617710337849,3.1567679743036534e-05,0.0004920944947355802,0.00014058132198472716
1.400000000000001,124.47741369334054,0.00029765477040010504,2.9766443190101564e-05,0.0004893940999701684,0.00013981141641463782
1.410000000000001,124.4697673073057,0.0002943387781847204,2.7022745585680143e-05,0.0004880298575426346,0.00013942286037121882
1.420000000000001,124.45820848608213,0.0002903046849553624,2.383927196796023e-05,0.0004880302657731759,0.0001394238809733171
1.430000000000001,124.44321815214512,0.00028564143288806014,2.0749810902100202e-05,0.000489155015343206,0.00013974589796447468
1.440000000000001,124.42667703956467,0.0002805750803068034,1.820444497015123e-05,0.0004909506257765669,0.0001402594113517805
1.450000000000001,124.41105992438531,0.0002753799555206496,1.6553017020123845e-05,0.0004928405111498899,0.00014079972869463533
1.460000000000001,124.39861747496438,0.00027033948024872103,1.603845098275376e-05,0.0004942370002183934,0.00014119896823371953
1.470000000000001,124.39071370820885,0.0002656591087075129,1.672805294221275e-05,0.0004946683701842081,0.00014132235436710512
1.480000000000001,124.38809991841764,0.00026145565497136383,1.844845743871858e-05,0.0004938895893632911,0.00014109986040795772
1.490000000000001,124.39132625780586,0.0002578145196959243,2.0770784256355725e-05,0.0004919363371335742,0.00014054164655367718
1.500000000000001,124.40002999820196,0.0002547397022410119,2.3117245246309865e-05,0.0004891110845430904,0.00013973408875497386
1.5100000000000011,124.41260101660548,0.0002538507050218878,2.4957507184921054e-05,0.0004859189422498816,0.0001388214574105291
1.5200000000000011,124.42711278504525,0.0002560966459368781,2.5972363403002404e-05,0.00048297202167621445,0.00013797860077256643
1.5300000000000011,124.44147856994141,0.000258171181038888,2.6082602571484285e-05,0.0004808695733711039,0.0001373767067613624
1.5400000000000011,124.45296184189431,0.00026036163312067055,2.544966352495354e-05,0.0004800653764924862,0.0001371454189521965
1.5500000000000012,124.45855346803981,0.00026298230649736366,2.4414870375384504e-05,0.00048075494994264956,0.0001373406098561309
1.5600000000000012,124.45666563730438,0.0002661640436164132,2.3364965363379328e-05,0.00048281957410825963,0.000137928379009543
1.5700000000000012,124.4480961428688,0.0002697740913716418,2.2642813967247507e-05,0.00048583861150000774,0.0001387885607074236
1.5800000000000012,124.43478847529742,0.00027357969015759614,2.242990834280969e-05,0.000489157964109459,0.0001397342708630834
1.5900000000000012,124.41815659502578,0.0002774132532080035,2.2664036211708218e-05,0.0004920037138494708,0.0001405443683547002
1.6000000000000012,124.39852816297488,0.00028123943545247954,2.32210218566526e-05,0.0004936307449219164,0.00014100592002454728
1.6100000000000012,124.37667660919804,0.00028498792170333535,2.449604885871823e-05,0.0004934754177358291,0.00014095783152081684
1.6200000000000012,124.35487752264265,0.00028842385825945607,2.581779618889523e-05,0.0004912689987689574,0.00014032326836979978
1.6300000000000012,124.33547558699394,0.00029130010090844515,2.7371408962341327e-05,0.0004870868248895506,0.00013912371267578425
1.6400000000000012,124.31970840878574,0.00029345313936720056,2.9455960642045954e-05,0.00048133871809865844,0.00013747622960015937
1.6500000000000012,124.30833608577414,0.00029472269468287993,3.243814870199282e-05,0.00047471993625480125,0.00013557945289704217
1.6600000000000013,124.30264085725639,0.00029488813207295195,3.65146328352205e-05,0.0004681278817031792,0.00013368977901221198
1.6700000000000013,124.304875600783,0.00029362854846931693,4.165404904142106e-05,0.0004625397695173947,0.0001320863983530366
1.6800000000000013,124.3176477236773,0.0002905587919151476,4.7621145197750135e-05,0.0004588690032167371,0.00013103023954796447
1.6900000000000013,124.34199196303543,0.00028548995258691624,5.3914236942342895e-05,0.000457835949574287,0.00013072703305506237
1.7000000000000013,124.37641842377933,0.00027861313532272995,5.987404286590696e-05,0.0004598685892542704,0.00013129892196765726
1.7100000000000013,124.41769740261684,0.00027041899870337556,6.496486597453693e-05,0.0004650284359674468,0.0001327633011348996
1.7200000000000013,124.46175226784023,0.00026154653972146205,6.894214970024423e-05,0.000472969351377808,0.00013502105503340514
1.7300000000000013,124.5043275563232,0.00025265431866166156,7.175530394087038e-05,0.0004829529062085027,0.00013786094618988598
1.7400000000000013,124.54182211029521,0.00026092127626137717,7.352088165288481e-05,0.0004939320939107754,0.0001409835318084163
1.7500000000000013,124.57134983125364,0.0002682362997412948,7.451219761669218e-05,0.0005046854442282993,0.00014403948521377519
1.7600000000000013,124.59060212616126,0.00027409023232791906,7.495224956300985e-05,0.0005139727480967977,0.0001466740968383877
1.7700000000000014,124.59855033671494,0.00027833050327254427,7.510157429003223e-05,0.0005207032687500348,0.00014857535021444644
1.7800000000000014,124.5951737517371,0.00028101305700166905,7.54442309676112e-05,0.0005241092513484604,0.0001495235252465902
1.7900000000000014,124.58149187382394,0.000282336187157645,7.655298100459773e-05,0.0005238826660175595,0.0001494303061944972
1.8000000000000014,124.56096445997461,0.0002828547993457402,7.886099424647325e-05,0.0005202313981918309,0.00014835487721291565
1.8100000000000014,124.53929859287318,0.00028351401519150583,8.238954299978312e-05,0.0005138597813256852,0.0001464984232070097
1.8200000000000014,124.52251030509625,0.0002853693539301707,8.682165654408314e-05,0.0005058987911911189,0.00014418430619227949
1.8300000000000014,124.5149890175253,0.0002892364082543068,9.189164088465558e-05,0.0004977828527243613,0.00014182302808967223
1.8400000000000014,124.51972283640363,0.00029569013198338563,9.745176631657862e-05,0.0004910622946715553,0.0001398587438306596
1.8500000000000014,124.53989684558863,0.000305314266400126,0.0001033376158081515,0.00048718293833733536,0.00013870621405363836
1.8600000000000014,124.57731561290181,0.0003184258115157747,0.00010923767628812832,0.0004872834167469522,0.00013869262216032022
1.8700000000000014,124.62978284013468,0.00033463243269889306,0.00011458055886816699,0.0004920199554793961,0.00014000707543980478
1.8800000000000014,124.69156921380049,0.0003529394313435289,0.00011910955391307655,0.0005014175472823623,0.00014265761522842753
1.8900000000000015,124.75472366584539,0.00037199423472432884,0.00012282382898033114,0.000514791179826604,0.00014644843644344592
1.9000000000000015,124.81054899139424,0.0003902686789742881,0.00012494888045647387,0.0005307840615222517,0.0001509908731701736
1.9100000000000015,124.8521520407992,0.0004063840610048498,0.00012596060429314823,0.0005475178925462823,0.00015574663335837595
1.9200000000000015,124.87634812459434,0.0004194442604541882,0.00012647102249765862,0.0005628261362582174,0.00016009477989661295
1.9300000000000015,124.88439911248389,0.0004292787276804302,0.00012691345852151718,0.0005745630022263398,0.00016342029849543806
1.9400000000000015,124.87972296664304,0.00043615215090607695,0.00012767519522100635,0.0005809730754744358,0.00016521997426633265
1.9500000000000015,124.86486129342371,0.0004402794579937309,0.0001291096116691983,0.0005810385808970184,0.0001652018562438516
1.9600000000000015,124.84132552469681,0.0004418248269547318,0.00013118735385509318,0.0005746924154780486,0.00016334634826301535
1.9700000000000015,124.81041511360391,0.00044107226618664215,0.00013336030976134823,0.0005628498201100392,0.00015991553951340203
1.9800000000000015,124.77472317456586,0.0004386115644056916,0.00013503283903124456,0.0005472789488255066,0.00015541661923143307
1.9900000000000015,124.7386590011046,0.00043531188256532445,0.00013582211629877428,0.0005303383181326142,0.0001505272427683979
2.0000000000000013,124.70643203801141,0.00043200478137840327,0.00013554449787913639,0.0005146059211397325,0.0001459895961516382
2.010000000000001,124.68077515909063,0.0004293738038557528,0.0001343690941736211,0.0005024655816805365,0.0001424915180896036
2.020000000000001,124.66510767649635,0.00042824214330180674,0.0001327015292360753,0.0004957593140009143,0.0001405656467947104
2.0300000000000007,124.6639907003713,0.0004294222253710707,0.00013092316184453115,0.00049556822850992,0.00014052487108526205
2.0400000000000005,124.68017801366595,0.0004331805820897345,0.0001293192162391075,0.0005020890743827507,0.00014242554143259603
2.0500000000000003,124.7127423057074,0.00043915483466034174,0.00012803429166636057,0.0005145805875363149,0.00014605196044505542
2.06,124.75695189637197,0.00044648932578762474,0.00012692044464197592,0.0005314358779164993,0.00015093847297674158
2.07,124.80577543298183,0.00045394069820616943,0.0001257933124501202,0.0005504143870643756,0.00015643790842833678
2.0799999999999996,124.85945817178585,0.0004602412585346575,0.0001249863368183557,0.0005689645701067073,0.00016181546185850334
2.0899999999999994,124.91834572966195,0.000464495515989166,0.00012529541162760837,0.0005845616864512695,0.00016634584423563955
2.099999999999999,124.95972443820648,0.0004660911177562201,0.00012730558336040987,0.0005950513393553664,0.00016941129258670162
2.109999999999999,124.98031643155205,0.0004647021251501284,0.00013095428761654543,0.0005989833060779875,0.00017059652027135667
2.1199999999999988,124.98054775617993,0.0004604205986980237,0.0001357204114703039,0.0005958575412440814,0.00016975858776922467
2.1299999999999986,124.96314867723976,0.00045359978609601343,0.00014093827743769766,0.0005862015307312789,0.00016704867680576116
2.1399999999999983,124.95489787257254,0.00044472488545053886,0.00014588976138997555,0.0005714751698973712,0.0001628846722163568
2.149999999999998,124.93663206144726,0.00043436284869019,0.0001497899310076177,0.0005538549268136702,0.0001578893353844555
2.159999999999998,124.90821231806842,0.00042303704172671846,0.00015190742913630563,0.0005359161010731393,0.00015279939669247635
2.1699999999999977,124.86948000800434,0.000411086428266436,0.00015187122584029377,0.0005202053218761846,0.00014834324960300634
2.1799999999999975,124.81983822590797,0.000398728835557605,0.00014972303947055813,0.0005087700897883159,0.00014510635009490035
2.1899999999999973,124.75883249855141,0.00038616529536330483,0.0001454909762320475,0.0005027898247955293,0.00014342572291187395
2.199999999999997,124.6875837829985,0.0003735928028998826,0.0001392129700827494,0.0005024020985788006,0.00014334041797839942
2.209999999999997,124.60952549993011,0.0003612024084781,0.00013110361132797206,0.0005067103260410178,0.00014459392320550094
2.2199999999999966,124.52965787203333,0.00034921959820490836,0.00012145735960273718,0.0005139410401663247,0.00014667930958896453
2.2299999999999964,124.4534996515097,0.0003379209308864035,0.00011260595944674298,0.0005217590826144316,0.00014892942843297723
2.239999999999996,124.38912645306277,0.00032746957799056024,0.00010251271083077702,0.0005277168553431118,0.00015064531390937495
2.249999999999996,124.35756994785373,0.000317759750062512,9.22266982175505e-05,0.0005297249725561706,0.0001512305972084566
2.259999999999996,124.33285647572403,0.0003083776127334108,8.268837405873068e-05,0.0005264197366827379,0.00015029638908193617
2.2699999999999956,124.31034733583977,0.00029858625406852207,7.445733042527068e-05,0.0005173769810164101,0.00014772227834450454
2.2799999999999954,124.2842334158787,0.0002875254561765786,6.81129676659321e-05,0.0005031684395128353,0.00014367236042015703
2.289999999999995,124.2503738334413,0.00027448153913315905,6.42253409178092e-05,0.000485245891201794,0.00013856204584293514
2.299999999999995,124.20604469327019,0.00025883575110948766,6.29039761682228e-05,0.0004656445368671544,0.00013297318879037628
2.3099999999999947,124.16228524853037,0.000267012247662296,6.389835094044412e-05,0.00044656779879051543,0.00012753532910102924
2.3199999999999945,124.12322540104933,0.0002885375669704532,6.645375323115735e-05,0.0004299882521488475,0.00012281159155388678
2.3299999999999943,124.07677114655965,0.00031240255741384954,6.875051053060437e-05,0.0004173648675852057,0.00011921793749244458
2.339999999999994,124.02493712814771,0.0003380848344705507,6.827585759929768e-05,0.00040946631525805825,0.00011697287937911703
2.349999999999994,123.968248497057,0.000365367461607179,6.290673893797773e-05,0.00040626336466912543,0.00011606701817334202
2.3599999999999937,123.90744569605528,0.00039393342314797435,5.155955424267672e-05,0.000406935047085678,0.00011626497866112005
2.3699999999999934,123.84420807726711,0.0004233535612235868,4.366441939767626e-05,0.0004100463416574873,0.00011715609761619645
2.3799999999999932,123.78081797323716,0.00045329378585884947,6.928225754429598e-05,0.0004138409719783268,0.00011823775773893324
2.389999999999993,123.7204610005971,0.00048336044750354085,9.642624551355225e-05,0.00041654421775761037,0.00011900146434016718
2.399999999999993,123.66464847723141,0.0005132710251847222,0.0001223513951463673,0.00041664772238593636,0.00011901377587129489
2.4099999999999926,123.61250071650814,0.0005429606076130365,0.000144217478189319,0.00041317646604799855,0.00011799220903353921
2.4199999999999924,123.56396178056976,0.0005722848572922394,0.00015969401244157906,0.0004058743010329682,0.00011585803280069554
2.429999999999992,123.52964307787718,0.0006008715972212964,0.00016773288531695869,0.0003952241448640744,0.00011274215356235506
2.439999999999992,123.51351883125572,0.00062833716662025,0.0001687192427592666,0.00038230387622281676,0.0001089446618726572
2.4499999999999917,123.49866869148109,0.000654279524785602,0.00016425007985299277,0.000368838196333619,0.00010487525137516347
2.4599999999999915,123.48571238219515,0.0006779750978066686,0.0001566621137087596,0.0003585524254863915,0.00010099671411016444
2.4699999999999913,123.47631410589582,0.0006988360190684787,0.00014811408104769378,0.00034918243365786913,9.914393215066783e-05
2.479999999999991,123.47024408277414,0.0007167447308762917,0.00013984997951928588,0.00035194487666153674,0.00010053763280575943
2.489999999999991,123.46611960065795,0.0007316740075779637,0.00013214770469691147,0.0003541384446933168,0.00010115055802624586
2.4999999999999907,123.4628049000108,0.0007435659577605219,0.00012492913466580804,0.0003538438498010078,0.00010104907459225541
2.5099999999999905,123.46083164809994,0.0007523964972419651,0.00011822137447748356,0.00035150672556229256,0.00010036070989399105
2.5199999999999902,123.48020858643596,0.0007582386935526599,0.00011214048850213357,0.00035045310088300684,9.926120175346876e-05
2.52999999999999,123.5047422109797,0.0007612209475238235,0.00010668238222558797,0.0003590812145891519,0.00010039952417557463
2.53999999999999,123.53028913468309,0.0007615275186351585,0.0001014179805162008,0.0003670273236756417,0.0001025828858017807
2.5499999999999896,123.55501482334373,0.0007594063547607301,9.552412451733718e-05,0.0003729537734568142,0.00010423597107625864
2.5599999999999894,123.57909464223897,0.0007550257886517292,8.791956286711106e-05,0.0003759935211370238,0.00010510967330402011
2.569999999999989,123.60145467303373,0.0007486438266163272,7.776685966486202e-05,0.000375823819998109,0.00010511275431621292
2.579999999999989,123.61799392002175,0.0007406915369267028,6.529992746567613e-05,0.00037267790479197785,0.00010431541500263202
2.5899999999999888,123.62579338653222,0.0007314034844584398,5.885142169037763e-05,0.0003673364920697469,0.00010294585783083608
2.5999999999999885,123.62608468373665,0.0007206608641482534,6.957787646193616e-05,0.0003610272720757215,0.00010135863700402994
2.6099999999999883,123.62127556005669,0.0007082972930469215,7.984113089325844e-05,0.0003636628075592984,9.996109339924751e-05
2.619999999999988,123.61237359136472,0.0006941937825668256,8.963388181072499e-05,0.0003676527971038029,9.912667477132861e-05
2.629999999999988,123.59958068761836,0.0006782999866771037,9.932661243147357e-05,0.00037329233578105075,9.913405799969937e-05
2.6399999999999877,123.58209343177728,0.0006610185514901706,0.00010944601600253728,0.0003811737925751222,0.00010012900682235258
2.6499999999999875,123.55897766895944,0.0006430504422790153,0.00012067663256942221,0.0003918922970884628,0.0001020856018644228
2.6599999999999873,123.52951082697598,0.0006250297946294997,0.00013381396461215593,0.0004056458234112239,0.00010478188152419965
2.669999999999987,123.49311404975127,0.0006075070757716102,0.00014959257388447926,0.0004221729916093513,0.00010782514347844263
2.679999999999987,123.4526537687749,0.0005906977274794581,0.00016864580686694084,0.00044066042420617003,0.00011072356572892495
2.6899999999999866,123.41643204230138,0.0005741914370002679,0.00019165321545164905,0.000459790269030179,0.0001129722736829316
2.6999999999999864,123.39470464149642,0.0005571516023693318,0.0002193395613786015,0.0004781893131290263,0.00011414266571392705
2.709999999999986,123.39433032739015,0.0005389326949672437,0.0002521273831492397,0.0004950563531168147,0.00011398057009577863
2.719999999999986,123.4188284880761,0.0005192356453425963,0.0002898393967961718,0.0005102926367610894,0.00011249354028814752
2.7299999999999858,123.46872955242803,0.0004982451137047184,0.0003315664666028913,0.0005244048493060308,0.0001227978890233692
2.7399999999999856,123.54206120202453,0.0004764186036924259,0.0003754694742180385,0.0005437807070918692,0.0001340491600398105
2.7499999999999853,123.63809635711935,0.00045537004810580924,0.00042635716430667155,0.0005680443447380377,0.0001446957681927333
2.759999999999985,123.75495810743493,0.0004445888094149491,0.00047563808939565436,0.0005887690476128225,0.00015386596291369902
2.769999999999985,123.88839697249976,0.0004270404088008278,0.0005193156306861258,0.0006041213691559981,0.0001608832524554838
2.7799999999999847,124.03464568168975,0.0004027234241157591,0.0005561041444132192,0.0006128453938326667,0.00016537123073159858
2.7899999999999845,124.18764426263988,0.00037250537605555115,0.0005857387704124931,0.0006145633974240898,0.00016725394886727
2.7999999999999843,124.33811093785192,0.0003382700314095038,0.0006085102212480477,0.0006095008455210961,0.00016662334959505524
2.809999999999984,124.47978803782865,0.0003115275469319057,0.0006254415768393552,0.0005984790159080912,0.00016378950772103984
2.819999999999984,124.6116689337889,0.00029231556103929236,0.0006385030666314519,0.0005830875757134663,0.0001593410003333275
2.8299999999999836,124.73390040820843,0.00027506791729100654,0.0006497149893630022,0.0005706003481773063,0.00015388688651812518
2.8399999999999834,124.84661961754568,0.0002594327047253728,0.0006610771598900118,0.0006067695023700451,0.00014841151899701695
2.849999999999983,124.9508596742537,0.0002582348022763019,0.0006752052861589175,0.0006382774359759765,0.00015566378756839391
2.859999999999983,125.04845291444948,0.00027271243585463823,0.0006946857968737371,0.0006634985654133836,0.00016103345225014853
2.869999999999983,125.1425142587435,0.0002877320155184806,0.00072146931121723,0.0006818260450384311,0.00016433433095630606
2.8799999999999826,125.23553739929616,0.00030438100987705403,0.0007569918963887317,0.0006936954320432695,0.00016571312591388726
2.8899999999999824,125.32556002843444,0.0003233120167367187,0.0008019319806537508,0.0007004531160260985,0.00016561568189240848
2.899999999999982,125.40644297299134,0.0003445771085064814,0.0008556987959528199,0.0007040769765302207,0.00016470687244864605
2.909999999999982,125.47113061343447,0.00036794103364957623,0.0009161480421684473,0.0007067630804094693,0.00016373941485804753
2.9199999999999817,125.5149271619407,0.0003933080207251994,0.000979477126872482,0.0007104752490174854,0.00016339677677336246
2.9299999999999815,125.53853121164721,0.0004211240990767231,0.001040792909093813,0.0007165915562005678,0.00016415721940013354
2.9399999999999813,125.54837257724878,0.0004523347172889809,0.0010954842489915553,0.0007257147359969108,0.0001662132302687741
2.949999999999981,125.55440412247837,0.0004880548440434213,0.0011400983290289345,0.0007376332897847679,0.00016945478199780533
2.959999999999981,125.56666045612778,0.0005291813206278872,0.0011727872476616648,0.0007587564659137769,0.00017351697485319965
2.9699999999999807,125.59157517910896,0.0005759040241120474,0.0011937872755613983,0.0007899123654172783,0.00017904095858259966
2.9799999999999804,125.63151377715272,0.0006275654259357816,0.0012057666970469404,0.0008199848702534472,0.00018665680660880617
2.9899999999999802,125.68925990766397,0.0006833360991006935,0.0012133927694770957,0.000847843372250338,0.00019397605355354037
2.99999999999998,125.76888394667677,0.0007425345578060402,0.0012216360458731281,0.0008727647517671555,0.000200941849108022
3.00999999999998,125.86936384210493,0.0008039180550956075,0.0012338827500464325,0.0008945647157377749,0.00020750001704399878
3.0199999999999796,125.98186803857513,0.0008654061011840864,0.00125119057549535,0.0009135971845555572,0.0002136028147873973
3.0299999999999794,126.09301656997351,0.0009244776327473848,0.0012727497304356242,0.0009306127648537513,0.0002192105490907235
3.039999999999979,126.18805421213807,0.0009784553546394674,0.0012968325966715827,0.0009465288857512264,0.00022429121873201562
3.049999999999979,126.25376895240024,0.0010248988908317551,0.0013212731990420443,0.0009621746644525823,0.00022881905432554846
3.0599999999999787,126.28125127293968,0.0010621177456845842,0.0013431562005838033,0.0009780610438340502,0.000232772600479437
3.0699999999999785,126.26866620811663,0.001089655206775197,0.0013593623428743175,0.0009942228723522108,0.00023613243008160573
3.0799999999999783,126.22292048277495,0.0011085035515515395,0.0013678415757176889,0.0010101763055825144,0.00023887871261530532
3.089999999999978,126.1567402284808,0.0011205868580983225,0.0013681654023156603,0.0010250114469250668,0.00024098938838792525
3.099999999999978,126.08594980299665,0.00112833839597543,0.0013610938127060546,0.0010376000257504491,0.0002424396854290611
3.1099999999999777,126.04480015134912,0.0011343765197671454,0.0013476130739811438,0.0010468676361938124,0.0002432029993644792
3.1199999999999775,126.04833871325594,0.0011411174244033292,0.0013287892177774345,0.0010520665499916847,0.00024325243821204264
3.1299999999999772,126.09475345169831,0.0011505375114898915,0.0013059420264905002,0.001052983363615125,0.00024256233505477306
3.139999999999977,126.18657540798759,0.0011634538874143157,0.0012802724908829277,0.001050022794880942,0.00024110949797814837
3.149999999999977,126.31443346678168,0.0011792149289186283,0.0012527574408097099,0.0010441303945890764,0.00023887435058147615
3.1599999999999766,126.46187347181376,0.0011962718761347182,0.0012246052320689777,0.0010365680529375977,0.0002358422845264619
3.1699999999999764,126.60967925232565,0.0012124977342854728,0.0011976104269162543,0.001028605176052321,0.0002320053811329205
3.179999999999976,126.73864000693416,0.0012254019379789565,0.0011740823750743938,0.0010211905319124281,0.0002273643472669929
3.189999999999976,126.83082673095412,0.001232521313382071,0.0011560863057110732,0.0010146468496211656,0.00022630416412787425
3.1999999999999758,126.87146550006555,0.001232030708075433,0.001160654917056062,0.0010084305258319765,0.0002302611162401521
3.2099999999999755,126.85725203103405,0.001223551584802783,0.0011848287903787928,0.0010010405051028974,0.0002341842944074377
3.2199999999999753,126.79573406948379,0.0012078332960007959,0.0012124313205290188,0.0009901881543268457,0.00023709082017496283
3.229999999999975,126.69785620094036,0.0011857845791615773,0.0012410619037612892,0.0009732616472478071,0.00023797920183903453
3.239999999999975,126.5725725856049,0.001158154416183078,0.0012684077876468464,0.0009479653306282932,0.00023603864510717825
3.2499999999999747,126.42871228295527,0.0011256339662771334,0.0012928962684067614,0.0009129303085174254,0.00023082524862912652
3.2599999999999745,126.27443525572238,0.0010887467843407029,0.0013138839232368338,0.0008681315838708543,0.00022237304266950147
3.2699999999999743,126.11442573035022,0.0010474747909366246,0.001331376457774499,0.000815022745719184,0.0002112095052133344
3.279999999999974,125.94867076680966,0.0010013797017106923,0.0013455445721707996,0.0007941025817745326,0.00021251365559738747
3.289999999999974,125.77486445452142,0.0009500227104656186,0.001356815012281167,0.0008259819694120435,0.0002198173979956634
3.2999999999999736,125.59358504250868,0.0008933882879696684,0.0013657064382380875,0.0008533149360048926,0.00022669061821370734
3.3099999999999734,125.41350396908462,0.0008324765665498351,0.0013725391864870453,0.0008744654924222412,0.00023309547838702994
3.319999999999973,125.24847449201125,0.0007691680870309587,0.0013784597868610451,0.000888760292837412,0.00023899571105233638
3.329999999999973,125.10999778014046,0.0007054363803540241,0.0013851615824546609,0.0008968152989034922,0.0002443567983075998
3.3399999999999728,125.00298895299363,0.00064257456711777,0.001394174869106902,0.0009004668533328983,0.00024914614026719294
3.3499999999999726,124.92609450007087,0.0005808586977164483,0.001406012246997846,0.0009022696709569866,0.0002533331718057963
3.3599999999999723,124.87534912528557,0.0005200669377065398,0.0014201391477336185,0.0009046847336279574,0.00025688946121773897
3.369999999999972,124.84534448378848,0.00045992574073164906,0.0014356042611503837,0.0009106434370788378,0.0002597888787890234
3.379999999999972,124.83170488232558,0.0004005885385161133,0.001451513869088856,0.0009178446805346642,0.00026200787073843776
3.3899999999999717,124.83032244311589,0.00034234158240285345,0.0014666845815619219,0.0009252729199256323,0.00026352576617770334
3.3999999999999715,124.83135656449537,0.00028462916833587833,0.0014794112262232059,0.0009323447286310577,0.0002643250224203219
3.4099999999999713,124.82003912056813,0.00028511222572008283,0.0014875190593858214,0.0009530920897822215,0.0002643914104054862
3.419999999999971,124.78223306455224,0.0003440413144024649,0.001488524866071202,0.0009901275369085347,0.00026371423194178757
3.429999999999971,124.70888501163637,0.00040508430656536874,0.0014809331493448475,0.0010247521616513107,0.0002622866036586687
3.4399999999999706,124.59540242604389,0.00046854328446802203,0.001465480246777315,0.001056707850281751,0.0002601185045191817
3.4499999999999704,124.4403565150482,0.0005342747246703866,0.0014444367267829668,0.0010857475006293585,0.0002575429260592213
3.45999999999997,124.24807649904005,0.0006010390268087495,0.001419984410458151,0.0011116368426393754,0.0002542315992879385
3.46999999999997,124.03086856825081,0.0006665560804106292,0.00139351003245844,0.001134155887807609,0.00025019146103899477
3.47999999999997,123.8062002965584,0.0007283686311762898,0.0013654170016527952,0.0011531002809266424,0.00024543282015949947
3.4899999999999696,123.58930459906813,0.0007847379712838299,0.0013349101989294989,0.0011682829068802466,0.00023996934729632425
3.4999999999999694,123.39051279746991,0.0008345120079744363,0.0012999205626528193,0.001179535768385117,0.00023381805303138506
3.509999999999969,123.22598465615721,0.0008766476944222728,0.0012579770208360982,0.0011867119171503782,0.00022699922022316297
3.519999999999969,123.1107717332692,0.0009109170471604473,0.0012075029200339013,0.0011896871591842737,0.00021953635067362641
3.5299999999999687,123.01316214444343,0.0009383006466451452,0.001147788227644654,0.001188361225940415,0.0002114561533287059
3.5399999999999685,122.92931490095519,0.0009599227680994958,0.0010789924383298494,0.0011826583869034538,0.00020278848564936366
3.5499999999999683,122.8583550521897,0.0009763657409335556,0.0010023216823213006,0.0011725280573491356,0.0001935661216839269
3.559999999999968,122.89929042262185,0.000987935644367963,0.00091888258912547,0.0011579459073896934,0.00018382435268599528
3.569999999999968,122.94145870120462,0.0009949433173140464,0.0008289863811594725,0.001138915077350174,0.0001736005848453124
3.5799999999999677,122.9544973857556,0.0009979262907005117,0.0007328027239996038,0.0011186754978566088,0.0001629340544804459
3.5899999999999674,122.94497928682168,0.0009978465008527984,0.0006309870253680211,0.0010946159852046602,0.00015186558550388826
3.5999999999999672,122.92200665810547,0.0009958311763476658,0.0005432081207842878,0.001066414520638638,0.00014043722938392053
3.609999999999967,122.89252480147137,0.0009928200539403489,0.0006150495853068064,0.0010341629794074886,0.00013705701335719464
3.619999999999967,122.85911379048028,0.0009890256038460827,0.0006822015874862287,0.000997978426170625,0.00013226797038598068
3.6299999999999666,122.8454572560332,0.0009839954642770704,0.0007454701090434996,0.0009580040767339495,0.00013404212249581133
3.6399999999999664,122.87604358403016,0.0009774504594530866,0.0008018255489711095,0.0009144097887395381,0.00014374127604050742
3.649999999999966,122.90634258254119,0.0009693396126708341,0.0008497540664474281,0.0008673920171152147,0.00015092677609698652
3.659999999999966,122.93691423456154,0.0009592001901565045,0.0008901571070144392,0.0008171742979778014,0.0001581342872888816
3.6699999999999657,122.9730324822284,0.0009457060812733107,0.0009250099914194772,0.0007640085274884278,0.00016376960926026184
3.6799999999999655,123.02015023579095,0.0009274475664210397,0.0009563496553694189,0.0007081766874707363,0.00016836145097912593
3.6899999999999653,123.08026312018391,0.000903851876890634,0.0009856929220524342,0.0006820058981164881,0.0001722916357320744
3.699999999999965,123.16023756154284,0.00087459053426089,0.0010127582447794418,0.0006798401448049533,0.00017542969382395562
3.709999999999965,123.32557488592563,0.0008385139133281775,0.0010354701995289202,0.0006798489777183574,0.00017713430132938922
3.7199999999999647,123.52328935759212,0.0007941628911271433,0.0010518575664369256,0.0006721756858756899,0.0001767968172373812
3.7299999999999645,123.74784666325448,0.0007414996698834306,0.0010612171111610306,0.0006559481147319069,0.00017417593946758377
3.7399999999999642,123.9889334458674,0.0006815794728508782,0.0010637030011930839,0.0006319865966704048,0.00016928246025471524
3.749999999999964,124.23473687904762,0.0006156053268442314,0.0010595270031004446,0.0006012104927577413,0.00016215181467536563
3.759999999999964,124.46632873618529,0.0005457446129836582,0.0010493632202411337,0.0006448747814674486,0.00016255877481086871
3.7699999999999636,124.66198953076234,0.0004748877292211867,0.0010351847137840293,0.0006886143346709333,0.00017562163947693068
3.7799999999999634,124.80951014700776,0.000404954863134798,0.0010201218044381985,0.0007312084655455385,0.00018770918833944684
3.789999999999963,124.90745617579577,0.00033653569700810114,0.0010650913514365823,0.0007710406113744614,0.00019862178249672034
3.799999999999963,124.96026796347398,0.0002695887492536092,0.001124183305046644,0.0008062811776253173,0.000208181605210804
3.8099999999999627,124.97862195035617,0.0002887978416006686,0.0011878944106802419,0.0008351968922609571,0.00021623953115478445
3.8199999999999625,124.98060325659372,0.00035595953432968557,0.001255350615817478,0.000856479391919867,0.00022267905907831864
3.8299999999999623,124.98778963916229,0.00042556870262385523,0.0013249935098191582,0.0008695255919739598,0.00022741700213330094
3.839999999999962,125.01923838690244,0.0004995851390211632,0.0013950088536445005,0.0008746688995316045,0.00023040196952318169
3.849999999999962,125.17315473975941,0.0005791017488751798,0.0014629334508911458,0.0008733086964341925,0.00023161158960013868
3.8599999999999617,125.39564818423463,0.0006635940272595649,0.0015261316355500495,0.0008678052352473618,0.00023104855219855598
3.8699999999999615,125.64402868126001,0.0007510730984986023,0.00158396865934693,0.0008611035034620266,0.00022873644512888883
3.8799999999999613,125.90169008147866,0.0008392071473547777,0.001639080826364821,0.0008562559615340915,0.00022471782052187176
3.889999999999961,126.1562249838844,0.0009262727037283642,0.0016922398992781464,0.0008560305259176403,0.00021905565052501768
3.899999999999961,126.39924305027257,0.0010108694998029206,0.001745696005282803,0.00086257399265462,0.00021183658594191534
3.9099999999999606,126.62238829566974,0.0010914745376994306,0.0018012116050259504,0.0008769805935253703,0.0002132580287754961
3.9199999999999604,126.82098863296511,0.0011671651725193874,0.0018604133202179281,0.0008988160755662819,0.00022165725749785946
3.92999999999996,126.99947148454743,0.0012378645609294687,0.001925053956305689,0.000925907340256573,0.00022982128900959236
3.93999999999996,127.1661688595916,0.0013036435028466729,0.0019968348187514055,0.0009546171662591806,0.00023951710800047685
3.9499999999999598,127.3219027285575,0.00136436099523459,0.002076124038325872,0.0009805180874345712,0.00025304296492802196
3.9599999999999596,127.46346247315414,0.001419272111030862,0.002160859299310736,0.0009992711868710166,0.00026355102846804763
3.9699999999999593,127.58038936440012,0.0014669473192457814,0.0022469153663319426,0.0010123263373424433,0.00027014893694447866
3.979999999999959,127.66586209572236,0.001506387419716415,0.0023288065903647984,0.0010333201478859209,0.00027248593144000736
3.989999999999959,127.719946987655,0.001537422565097824,0.0024012925599189655,0.0010565950812077036,0.0002737010134158045
3.9999999999999587,127.74529278276782,0.0015604604731511856,0.002461644000094459,0.0010934367607600263,0.0002801107640492466
4.009999999999959,127.74493206228675,0.0015763477996685515,0.00250949122087366,0.0011287942032333475,0.00028624272131540555
4.019999999999959,127.7192206759969,0.0015855838664740672,0.002545976710713466,0.001160818332759119,0.0002920887964128542
4.0299999999999585,127.6666880545027,0.0015881536607742221,0.0025742227550876744,0.0011876919390189384,0.0002976406344148851
4.039999999999958,127.59144305793014,0.0015846918515614505,0.0025980945062973764,0.001208027450759343,0.0003028894125564775
4.049999999999958,127.50447475403865,0.0015766636661242264,0.0026205824955337657,0.001221176476192635,0.00030782562367302735
4.059999999999958,127.41635436542201,0.0015650762480667576,0.0026438718801672445,0.0012273809734459063,0.0003124389303875829
4.069999999999958,127.33781992051874,0.0015506831501725308,0.0026690457162555524,0.0012277367981673012,0.00031671810293630863
4.079999999999957,127.28134782549097,0.0015345886949623716,0.0026950097284772004,0.0012239571644367603,0.0003206510421336981
4.089999999999957,127.25808924565115,0.0015179372916099096,0.002718644093257436,0.0012179824968724501,0.0003242249280205353
4.099999999999957,127.27445989655462,0.0015012585898792432,0.002736731438551124,0.0012115644131458604,0.00032742651380112027
4.109999999999957,127.32189625360103,0.0014827888682116543,0.002746330147439974,0.001205964162344222,0.000330242509603658
4.119999999999957,127.37582777968173,0.0014585194250994894,0.002744343452110798,0.0012018347269600854,0.0003326599678774041
4.129999999999956,127.40691301799872,0.0014241501242280774,0.002729326419438516,0.0011992720225719997,0.0003346665924058482
4.139999999999956,127.38669541495939,0.0013758347420317456,0.0027022625331699288,0.00119797596279549,0.0003362509206212215
4.149999999999956,127.29053174746765,0.001310418464647381,0.002665482333054178,0.0011974489941837577,0.00033740238657646837
4.159999999999956,127.10388740892002,0.0012264187322516325,0.0026220069684790787,0.0011971648541280074,0.00033811129822137803
4.1699999999999555,126.8306238411617,0.001125325959367129,0.0025747226372418133,0.001196666167606345,0.0003383687448179022
4.179999999999955,126.49174248909154,0.0010111778128425548,0.0025256083760797398,0.0011955844014864046,0.00033816646977149513
4.189999999999955,126.11713335797144,0.0008891474230293721,0.00247640341938133,0.0011936001729973159,0.0003374967731820155
4.199999999999955,125.7462910369537,0.0007651004734814212,0.002428804553817773,0.0011903737200330516,0.00033635247722259694
4.209999999999955,125.40393870418251,0.0006447260319200121,0.002383387729921351,0.0011863068666957328,0.00033472694342145763
4.2199999999999545,125.10878388139533,0.000532499012951603,0.002339915506561716,0.001179917817832392,0.000332614119230635
4.229999999999954,124.87042664078332,0.0004313006451845328,0.002297772256512195,0.001170353808695617,0.00033000860460810047
4.239999999999954,124.69086789084652,0.00034251505398660457,0.0022555249025383627,0.0011573479382501453,0.00032690576484804064
4.249999999999954,124.58750124640844,0.0002664962925905293,0.0022107800363221158,0.0011411076379194654,0.00032330192258646476
4.259999999999954,124.63576841396826,0.00032630447153238917,0.0021602976513476015,0.0011277376872823313,0.00031919461427257515
4.269999999999953,124.72155127565837,0.00037910759395169897,0.002101038028557695,0.0011243224967369602,0.00031458285428588687
4.279999999999953,124.82569822762679,0.00042334481681892335,0.0020316246384790857,0.0011186156133147227,0.00030946734434741013
4.289999999999953,124.92723061113223,0.00046158481675897774,0.0019524068777616768,0.0011107818536711077,0.000303850586867111
4.299999999999953,125.00623164308313,0.0004963961776176939,0.0018658674201597677,0.0011010058508631442,0.0002977368738057049
4.3099999999999525,125.05191401829448,0.0005292455656773338,0.0017771135372806033,0.0010894886845956098,0.0002916247546618997
4.319999999999952,125.06407243292037,0.0005604519223679406,0.0016916516329690348,0.0010764442970130192,0.0002850567251120349
4.329999999999952,125.04861174682243,0.0005896331809596439,0.001613475078242392,0.0010621204420369263,0.0002779966012525988
4.339999999999952,125.01525323188247,0.0006155715358163011,0.001546520792113888,0.0010467309081659516,0.000270449760978741
4.349999999999952,124.97233414052661,0.0006370200489786853,0.0014899457504292724,0.0010582801608783016,0.0002624221360285304
4.3599999999999515,124.9218659429678,0.0006539182188781302,0.0014428359856970528,0.0010723087574167742,0.0002539202054034783
4.369999999999951,124.8613310823006,0.0006671965150663824,0.0014042101969254641,0.001084382851888012,0.00024495103670984575
4.379999999999951,124.78678830993886,0.0006778645558907358,0.0013733175175466995,0.0010942086383777209,0.00023552232904478404
4.389999999999951,124.6905557206903,0.0006871526241536332,0.0013493723063245562,0.0011015161608736075,0.00022564247870556246
4.399999999999951,124.55799562290504,0.0006972936234311733,0.0013306512263023265,0.0011060641369861424,0.00021532071706457907
4.40999999999995,124.37149057334408,0.0007111714013219292,0.0013150111513549995,0.0011076431979701322,0.00020456732136850842
4.41999999999995,124.11687623738376,0.0007313130124641697,0.0013011249756164581,0.0011060781234487802,0.00019339382402590468
4.42999999999995,123.79161108025805,0.0007586914519451632,0.0012893335808571635,0.0011012307575552827,0.00018181314374692505
4.43999999999995,123.41529379344239,0.0007913663557492088,0.001279895775848185,0.0010930030346524428,0.0001698396459936443
4.4499999999999496,123.59289018373016,0.0008245138553622695,0.0012708171746227397,0.0010813383974689378,0.00015748923020275453
4.459999999999949,124.00094923171366,0.0008520770770857449,0.001257757367412252,0.0010662221791000344,0.00015574865858654268
4.469999999999949,124.29258377796289,0.0008687796630839572,0.001235496672712174,0.0010476826241022008,0.00016722742923954632
4.479999999999949,124.43065304191799,0.0008714589684115633,0.0011995655391486269,0.0010257917519317862,0.0001710380317101783
4.489999999999949,124.40262143008134,0.0008588976655553511,0.0011466755358262438,0.0010006639863349368,0.00016677202349445124
4.4999999999999485,124.21020462269384,0.0008305187738889848,0.0010749181316522239,0.0009724530703819527,0.00016135719620190067
4.509999999999948,123.8623713818764,0.0007857538384043229,0.0009844319119384649,0.0009413494510922261,0.0001585508979814921
4.519999999999948,123.38162392907826,0.0007252991352211327,0.0008784295375665168,0.0009075778747789566,0.00015097550872550557
4.529999999999948,123.27290614045516,0.000652333245753363,0.0007625157589543732,0.0008713930669380001,0.00015177656188297602
4.539999999999948,123.77906259791698,0.0005722903158443351,0.0006419978689452874,0.000833073797354255,0.0001469646542373111
4.549999999999947,124.29756855472627,0.0004922927379622485,0.0005206396558575546,0.0007929178497025776,0.0001321896099175293
4.559999999999947,124.77485420886967,0.0004201783638204556,0.00040028039280559977,0.0007512380987969993,0.00010817803748550861
4.569999999999947,125.16620426489493,0.0003760880103579441,0.0004164135786221224,0.000708357401158278,0.00012054810587688466
4.579999999999947,125.44679997879722,0.00038026801630140506,0.0004934513567870786,0.0006860198879384756,0.0001351913552459572
4.589999999999947,125.61524702540751,0.0003964408034769001,0.0005740778396362048,0.0006663356652295856,0.00015217505186145453
4.599999999999946,125.68911719195455,0.00041743718341693105,0.0006631952784225864,0.0006733568572549473,0.00018020984279206874
4.609999999999946,125.70463118043132,0.00043367717917446177,0.0007622646606604944,0.0007349756296220701,0.00020087038301568535
4.619999999999946,125.71059276921228,0.0004344274922212652,0.0008653772064977894,0.0007655120557777293,0.00021157911281722533
4.629999999999946,125.7548364453498,0.0004099119438360195,0.0009704037801912207,0.0007611522801684635,0.0002115915460317836
4.6399999999999455,125.87698901022739,0.0003523417597460475,0.0010745413950047828,0.0007257194562517008,0.00020220452275590973
4.649999999999945,126.09896389652715,0.0002574548141549835,0.0011751727331572,0.0006699582154713623,0.00018660258262358397
4.659999999999945,126.41725900029842,0.0003144554351871275,0.0012704571068029961,0.0006865192877736143,0.0001920956206721605
4.669999999999945,126.80764023501699,0.00040348363464473726,0.001359643660365385,0.000744505062443139,0.00020043159371012693
4.679999999999945,127.23347448793724,0.0005136180915063235,0.0014423263753745666,0.0007984489577723725,0.00020703671220191855
4.689999999999944,127.65227940722058,0.0006772113063266372,0.001518344948996168,0.0008375346707748676,0.00021188603391314738
4.699999999999944,128.02159847897352,0.0008696704777810092,0.001588987205302702,0.0008561979219104418,0.00021498620396160858
4.709999999999944,128.30526260987864,0.001047728901821587,0.0016564311737089065,0.0008644557081300403,0.00021637532401928326
4.719999999999944,128.47665303153138,0.001201160474255922,0.0017218004833747251,0.0008908553180953041,0.0002467277626801487
4.729999999999944,128.519564146643,0.0013221291454763478,0.0017838765737151685,0.0010407998617047373,0.0002885444507890673
4.739999999999943,128.4296368426097,0.001405642193030613,0.0018393066002291702,0.001178180645041012,0.00032629577384521425
4.749999999999943,128.20518491189853,0.0014500367697245322,0.0018847818340438035,0.0012815882249626747,0.00035366768747963404
4.759999999999943,127.86613138978205,0.0015515255209203687,0.001918403179252698,0.0013344070259405226,0.0003656215044045407
4.769999999999943,127.44860312038145,0.001639629013711183,0.0019398880946386449,0.0013281971332658271,0.00035929067966074485
4.7799999999999425,126.99509898285808,0.0017146504115483747,0.0019815455941079134,0.0012651252236383582,0.0003345761365364496
4.789999999999942,126.54980781994712,0.0017790565643965226,0.0020152445096838045,0.0011590219209774483,0.00029432968047248724
4.799999999999942,126.15103032050743,0.0018351934759906663,0.0020432645169516104,0.0011953113686405824,0.00026718627866391897
4.809999999999942,126.02571740592253,0.001883969692293865,0.0020691036188429804,0.0012893298082140695,0.00027236394668130444
4.819999999999942,125.96472503883388,0.0019248879745575878,0.002095673988645057,0.0013540585265729072,0.0002770204428853419
4.8299999999999415,125.93528964850135,0.0019571638230858903,0.002124655436221341,0.001377757309971349,0.00028117292033543714
4.839999999999941,125.92849998723258,0.001980150265663315,0.0021558094856683847,0.0013567129275168755,0.00028484036635856194
4.849999999999941,125.94278873509514,0.0019938298889827905,0.00218678574972913,0.0013036624324778152,0.00028804337006810765
4.859999999999941,125.98864936862164,0.0019990091129143627,0.0022140598604543883,0.001276026708865317,0.0002908040615226112
4.869999999999941,126.08416304038506,0.00199608927755733,0.0022345573951012636,0.0012300968287098722,0.000293146074274625
4.87999999999994,126.25473685985172,0.0019850114594038965,0.0022472399670245558,0.0011781947728532055,0.00029509438109128714
4.88999999999994,126.62320709865091,0.0019655672797015853,0.002253750833158673,0.001278757515984778,0.0002966749688222115
4.89999999999994,127.08783194912279,0.0019362797673165364,0.0022576109886070063,0.00140512989852655,0.0003136761817010454
4.90999999999994,127.5484348391696,0.0018937855856397613,0.0022624109349407757,0.0015011705038161995,0.0003501965387288438
4.9199999999999395,127.95019405269777,0.0018340291320565647,0.00227049817463264,0.0015644482983143422,0.00037053679272829824
4.929999999999939,128.24960704146451,0.0017548998344283104,0.002283654360552347,0.0015825847859364274,0.0003728943337404857
4.939999999999939,128.42981326661533,0.0016577945504093246,0.0023033342530959133,0.0015530279506752185,0.0003583576311519591
4.949999999999939,128.4977627898936,0.0015469768900183264,0.002329781013437261,0.0014886422919208572,0.00033058432625703737
4.959999999999939,128.4716475557435,0.0014282479570202039,0.002362613385917682,0.0014078821423918549,0.00030840045756834754
4.9699999999999385,128.51716860537678,0.001308124947308233,0.002401334730711639,0.0013294642780903847,0.00030997457471084534
4.979999999999938,128.52780584313035,0.0011924445807900484,0.0024445072712606358,0.001266996529419721,0.0003105864261365278
4.989999999999938,128.4537528398557,0.0010848674435313993,0.0024905515302983835,0.0012552872779496233,0.00031025577715152483
4.999999999999938,128.28513959644536,0.0009876098274589525,0.0025398044937388364,0.001260424561946447,0.00030901423742651793
5.009999999999938,128.01986901459597,0.0009015996003689977,0.0025936204819195876,0.0012882647260511095,0.0003069048251363699
5.019999999999937,127.66144524647544,0.0008267148613005703,0.0026523344602337345,0.0013505911437828838,0.00030398747384316954
5.029999999999937,127.22736851624414,0.0007627673441638606,0.0027154943403292033,0.0014107952690913439,0.0003003343799653547
5.039999999999937,126.85741736535013,0.0007250993625971156,0.0027826254017207733,0.0014684600280050668,0.0002960196205103395
5.049999999999937,126.54289831747762,0.0007856375889446319,0.0028522521361819845,0.00152318629791992,0.00029129943391773434
5.0599999999999365,126.16779185504568,0.0008317324816932963,0.0029211149392407623,0.001574597749961038,0.00028893882315840855
5.069999999999936,125.72589324784035,0.0008497454970316489,0.0029852332912984505,0.001622345544549446,0.0002876804049154518
5.079999999999936,125.20567857740923,0.0008294762943534676,0.003040328135056528,0.0016661133916106604,0.0002862877138731368
5.089999999999936,124.61398721113612,0.0007653440071053798,0.003082479427029602,0.0017056227125883453,0.00028474547693458984
5.099999999999936,123.96704778895045,0.0006568965461534661,0.0031094229162783767,0.0017406365560715172,0.0002830374201095031
5.1099999999999355,123.28326282684489,0.000507099628786896,0.0031208133766773877,0.0017709618878480938,0.0002811467304052653
5.119999999999935,123.27694096861573,0.0004086413345574168,0.003118520186947449,0.0017964514995509535,0.0002790563224371345
5.129999999999935,123.90768914444445,0.0005221132180291193,0.00310688206545305,0.0018170063126770864,0.00027674890275298657
5.139999999999935,124.53274072702231,0.0006443906641469089,0.003091267741171507,0.001832577172086117,0.0002742069441606049
5.149999999999935,124.87881506472296,0.0007760889889299003,0.003076013151427146,0.0018431650503687865,0.0002714126929233077
5.159999999999934,125.28302033109475,0.0009192377682377844,0.0030643217239441946,0.0018488197002805324,0.000268348237350282
5.169999999999934,125.87594256031171,0.0011743135275535145,0.003059072257820267,0.001849637071543127,0.0002649955943212099
5.179999999999934,126.46354911714164,0.0014316654399762628,0.003061603014718854,0.0018457554100876157,0.00027108013114203217
5.189999999999934,127.14054939498412,0.0016764428838251242,0.00306960736488169,0.0018373504506594787,0.0002880898158000571
5.199999999999934,127.91818833454622,0.0019031467807893046,0.003078126762750647,0.0018246307882945813,0.0003053579091799287
5.209999999999933,128.5788452601216,0.0021081937357173017,0.0030824621112042244,0.0018078336692774319,0.0003214487486110487
5.219999999999933,129.06302564932636,0.0022889833489716594,0.0030802879217624894,0.0017872200746496538,0.0003356073112065186
5.229999999999933,129.33334731245722,0.002444426679039319,0.00307182101542067,0.0017630683074832273,0.00034782354194240147
5.239999999999933,129.3889850022841,0.0025756159715336806,0.003057937054641364,0.00173566693213248,0.0003588095233762611
5.2499999999999325,129.23473234083772,0.0026831330355116018,0.0030399029507383224,0.001705308549703572,0.00036829141978923964
5.259999999999932,128.8863166417944,0.002766572600448151,0.003019575859136391,0.0016722848965975922,0.0003767291251303612
5.269999999999932,128.3863813302682,0.002902198926667453,0.0029974634904722883,0.001636882786840416,0.0003842018336308535
5.279999999999932,127.7998147619119,0.003026014232570959,0.0029728753406163063,0.0015993806151864652,0.00039045161477730734
5.289999999999932,127.82360484738662,0.0031231453820270154,0.002946050612375336,0.0015828726765729866,0.00039549224455221935
5.299999999999931,128.14610200945432,0.0031953694676632814,0.002918397347782322,0.0016033785702434318,0.00039967726959506755
5.309999999999931,128.16790266898488,0.0032489788121634815,0.0028914468934595206,0.0015769187070106589,0.0004033999609275078
5.319999999999931,128.17308295915757,0.0032923117820093137,0.0028660983294988476,0.0015409028268768097,0.000406876497970961
5.329999999999931,128.63330874301855,0.0033331217893799955,0.0028434066496071547,0.0015211542609021758,0.00041037104347610014
5.339999999999931,129.01488986776988,0.0033765561446559202,0.002824498622670521,0.0015927268868976808,0.0004369813676119163
5.34999999999993,129.33776085928477,0.0034237523035047564,0.002808508987367945,0.0016782606880104442,0.00046430059909625726
5.35999999999993,129.55778516531274,0.003472696604182161,0.0027921348467908817,0.0017202782603716387,0.00047857331337747765
5.36999999999993,129.5588211228878,0.0035196267840939518,0.0027701657065869476,0.001737554147302011,0.00047682876505456565
5.37999999999993,129.31499554283755,0.0035580070028068803,0.0027380688416400656,0.0017999735827369232,0.00045816154867615465
5.3899999999999295,129.4544193156915,0.003577967321854921,0.002691548033992459,0.0018183887176134973,0.00042400612820282546
5.399999999999929,129.7089445186289,0.003568377996298057,0.0026278267207956413,0.0017821672805432137,0.0003940806850530564
5.409999999999929,129.68423015799567,0.003519757380818163,0.002546312634935961,0.0016894388544386658,0.00037355346480270527
5.419999999999929,129.40840821309627,0.0034261483380594896,0.002447927726411357,0.0017954835464918184,0.00037474423590039204
5.429999999999929,129.44100195836626,0.003286218400376563,0.002336018004277916,0.0019033533055503348,0.00042357995611303693
5.4399999999999284,130.12492274101322,0.003103739389188969,0.0022161502700672312,0.002000217930848804,0.0004572321546942355
5.449999999999928,130.2784096842724,0.0028864048221000677,0.002094955499015624,0.0020610153769411764,0.00047042502601411676
5.459999999999928,129.83185364275198,0.0026440255004522664,0.0019794223652582032,0.0020572852932759828,0.00046068634347711256
5.469999999999928,128.8282041835256,0.0023868898615134614,0.0018768044432653922,0.0019944848832295315,0.00042867261400508447
5.479999999999928,127.67022309295947,0.002125588848676718,0.001793809056774878,0.0018894838190191643,0.0003951723698901603
5.489999999999927,126.8971971556971,0.0018711636226957957,0.0017347674022273958,0.001767150706267216,0.00040374162859621257
5.499999999999927,126.8876024475945,0.0016327371484793267,0.0017011478041675926,0.0016541379459856028,0.0004112087907359685
5.509999999999927,126.8691318815084,0.0014161413324828749,0.001691572862175988,0.0015705412180655929,0.00041749152466697705
5.519999999999927,126.76725936234418,0.001249629379808168,0.0017014228824248844,0.0015639540808875614,0.0004225366232747942
5.5299999999999265,126.52619601625146,0.001336180705008013,0.0017224563724654429,0.0016029466446657202,0.00042631612491976826
5.539999999999926,126.1337527623867,0.001448244496393044,0.0017435869650841815,0.001594836335185492,0.0004288196056935335
5.549999999999926,125.61120486687626,0.001562523012735983,0.0017548687545333216,0.001550874302230036,0.00043004400647926475
5.559999999999926,125.00443244817184,0.0016527279074870951,0.0017506389921139764,0.0015175623103632077,0.00042998444445544305
5.569999999999926,124.33183488420363,0.001691876679647371,0.00172924153779189,0.0015586302644066724,0.0004286288888708616
5.5799999999999255,123.93776732867384,0.0016569476654276316,0.0016920356335121255,0.00163280960555902,0.0004484647574060198
5.589999999999925,124.14180458724029,0.0015331800717825197,0.0016426385885753027,0.0016990772003583111,0.0004466081909233408
5.599999999999925,124.27050708052741,0.0013164714872145396,0.0015867278917186126,0.0017175945085136327,0.00041655355705088356
5.609999999999925,123.85207354625555,0.0010141573956873166,0.0015825945255703111,0.0016664079481093442,0.0004097651617419883
5.619999999999925,123.39956486603167,0.0006438751493064979,0.0015859544323519976,0.0015531386282962416,0.00040155936130187124
5.629999999999924,124.3414017027349,0.0005936044394275061,0.0016014816602476526,0.0014195293873868415,0.0003919362726673155
5.639999999999924,125.41176420226063,0.000785695519025256,0.0016349577084701704,0.0013585340768192966,0.00038092021890011925
5.649999999999924,126.53879228254475,0.000986945453556764,0.001689728501245338,0.0014452929697336217,0.00036856489681710353
5.659999999999924,127.66068471597501,0.0012546926449234271,0.0017644205758287513,0.0016081909025767774,0.0003549557835034967
5.6699999999999235,128.7061212687219,0.0015788416057959883,0.0018529165216547058,0.0017690617738920637,0.0004135184253326756
5.679999999999923,129.615355437297,0.0018329650034071322,0.0019469871976830967,0.0018730354643081018,0.00046201799031616333
5.689999999999923,130.36080577437173,0.0020148124025866914,0.002038147492035788,0.0018891335087746215,0.00047872686690855125
5.699999999999923,130.9354459567138,0.002130505910394472,0.002117851600716052,0.0018118905222988739,0.000464753570896804
5.709999999999923,131.331799531499,0.002192539141937475,0.002177611629633397,0.0016579242593252475,0.0004261643837854372
5.7199999999999225,131.6068249340133,0.0022189937104851523,0.002209615439177949,0.0014595903773708058,0.0003728210675539346
5.729999999999922,132.32864524123272,0.002306692938184051,0.0022086833651652287,0.0012562035177664465,0.000316743885180163
5.739999999999922,132.9239376594331,0.0024270235869618,0.0021731246239701046,0.0013048217322909246,0.0003547643696018266
5.749999999999922,133.39310720626355,0.0025540446664438195,0.0021031405750054485,0.0014773675213693702,0.0004113642033581091
5.759999999999922,133.7286221647764,0.002692430009885288,0.0020007195972810785,0.0015940135971873669,0.0004434604821095878
5.769999999999921,133.90115998145134,0.002841062913472972,0.0018709760222421399,0.0016260716787449996,0.0004506243756723602
5.779999999999921,133.87047191297262,0.0029934580745293194,0.0017224532988402352,0.0017191143952615914,0.0004433234692195485
5.789999999999921,133.6071295904512,0.003140744968949275,0.0015663743916594635,0.0018454332596299597,0.00047496260338628684
5.799999999999921,133.10856031306034,0.003274937910751377,0.0014144489847107277,0.0019109543280701826,0.0004884258745981897
5.809999999999921,132.4080220193407,0.0034683754047339583,0.00127657101536659,0.0021612246757617805,0.0005619901524665183
5.81999999999992,131.5991806746919,0.0036637845384524343,0.0011593787369871278,0.002351357518644038,0.0006173826420444447
5.82999999999992,132.38570039477287,0.0038154480071126698,0.0010655771693033943,0.0024410598906770054,0.0006428650915001879
5.83999999999992,132.61337121952357,0.003913372130240643,0.0009939539670132866,0.002410492846304798,0.0006325527014333594
5.84999999999992,132.2185705408206,0.0039515229165416645,0.0009396088311632702,0.002259635358222088,0.0005861414365208669
5.8599999999999195,131.27465757384275,0.0039277117676848475,0.0009210959069791305,0.0020096440478369936,0.0005092307191128498
5.869999999999919,129.94185937091385,0.003843955641081023,0.000935268439806043,0.0017003623942917982,0.0004449809744983932
5.879999999999919,128.9231663016867,0.0037774077997797116,0.0009439074832305238,0.0018017410225962325,0.0004778166373579208
5.889999999999919,128.6593133084109,0.0037878317458518614,0.0009423596252412058,0.001880881772030803,0.0005005441219392872
5.899999999999919,128.8475867769291,0.003774375396593131,0.0009261733131330686,0.0018943197618058877,0.0005032704784508923
5.909999999999918,129.18710790754403,0.0037273035436762242,0.000891135393661841,0.001830848931214695,0.0004824249843461255
5.919999999999918,129.10454536674885,0.0036357327804824383,0.0008353867276563506,0.0016920801947002341,0.00043790313073177557
5.929999999999918,128.63074585774103,0.0034902522951997614,0.000760478767273106,0.001610148721505379,0.0004526271393977921
5.939999999999918,127.87733192731504,0.003284720598587952,0.0006725118122915838,0.00167880126750552,0.0004684118279590844
5.949999999999918,127.09216961668882,0.0030153815633493946,0.0005810171543462633,0.0017102399375933269,0.0004730183460909216
5.959999999999917,126.63686866572921,0.002681169693251068,0.000494433694204948,0.001692888302966753,0.00046301181283707693
5.969999999999917,126.94528998395862,0.0022849609799434865,0.0004177115767273014,0.0016262701069998417,0.0004382768456393056
5.979999999999917,126.7698421456208,0.0018346544800970552,0.00035400668868490064,0.0015047509752758473,0.0003962349434220382
5.989999999999917,125.99714151308504,0.0013434880908199875,0.0003042669895428528,0.001331076097867824,0.0003494444450366323
5.9999999999999165,126.24321740801788,0.0008271017994263194,0.00030460787886839525,0.00112071543672171,0.0002908581395797126
6.009999999999916,126.56160634355918,0.0005889560141400961,0.0003266230365103373,0.0010753064179834055,0.0002605115025542904
6.019999999999916,126.5681114333077,0.0008388128443542772,0.000335902027632801,0.0010451197653873424,0.00021108263202571827
6.029999999999916,126.3960901468328,0.001349599286395907,0.0003381910096212354,0.0011637697164693748,0.00028158877100171466
6.039999999999916,126.48981042966398,0.0018308352299036966,0.00033898540792271577,0.0014961598651525327,0.0003888591446966017
6.0499999999999154,128.35108896662936,0.0022714743118816337,0.0003443393902452319,0.0017378239994694001,0.00046335856577595303
6.059999999999915,129.4239802930008,0.002663723677540533,0.0003608250631952256,0.0018576653308131819,0.0004997213799913918
6.069999999999915,129.6074488001605,0.00300286602529233,0.00039191282177865246,0.0018509161300627299,0.0004976640792530916
6.079999999999915,128.94827800897127,0.003288818273964754,0.00043676331033904445,0.0017437495792958955,0.000461787053322429
6.089999999999915,128.0019453070957,0.0035273892778973025,0.0004914109566865305,0.0015755701126241874,0.00041516988815223075
6.099999999999914,129.5186396114456,0.00372934009100523,0.0005489953135653625,0.0017379297214395574,0.00048611019155261995
6.109999999999914,130.89646737972134,0.003905987759024172,0.0006020283286881093,0.0021358532954766332,0.0006011431352580242
6.119999999999914,132.18821585021772,0.004065764745898802,0.0006484455437241787,0.002467557932968158,0.0006957605389047364
6.129999999999914,133.0063048341396,0.004214920728815373,0.000762739080086003,0.0026922876416194804,0.0007620310817252345
6.1399999999999135,133.5177556443124,0.004357790687554089,0.0008647374030580012,0.0027845804187398757,0.0007901131282736332
6.149999999999913,133.410027906236,0.00449593370739024,0.0009517731263332959,0.0027369590293864834,0.0007777812620974727
6.159999999999913,132.71350757705864,0.004626516385184097,0.001024408092513367,0.0025643325992107838,0.0007294780520626075
6.169999999999913,131.6718809053913,0.004741961347049496,0.001085367091273364,0.0023141520524904776,0.0006584932674879706
6.179999999999913,130.43422201589553,0.004831874038589362,0.001137349749248429,0.002370011461778474,0.0006725285594956122
6.1899999999999125,130.71185838742656,0.004884465475105096,0.0011834114572025697,0.002257762889326728,0.0006366742273009229
6.199999999999912,132.14090481876306,0.004888235392122368,0.001227821985876638,0.002079545253123202,0.0005544793007431513
6.209999999999912,133.03666112256818,0.004833554866950989,0.0012756157535309435,0.002292334791990372,0.0006248986852640453
6.219999999999912,133.07206545250278,0.004713583163515577,0.0013304104870074018,0.0023559342824010735,0.0006461474845989141
6.229999999999912,132.24499152321758,0.0045265412540830335,0.0013936179350930082,0.00225371589392081,0.0006160604877988298
6.239999999999911,131.20520146755294,0.004278023690952776,0.0014667511948519513,0.0020038357384649015,0.0005452068195256944
6.249999999999911,131.81321965268683,0.0039810622274289754,0.001552379885844764,0.0019772591632228735,0.000544355606637489
6.259999999999911,132.69758092142473,0.0036535709669061616,0.0016551555280117844,0.0019852626969972926,0.0005307885010351342
6.269999999999911,133.32921852527286,0.003314805293908454,0.0017811354081061256,0.0020411140116532393,0.0005360644612952404
6.2799999999999105,133.62269106748477,0.002981447036957962,0.0019327628686080101,0.0019870106658077505,0.0005179822563564386
6.28999999999991,133.49919960110174,0.002663621141655859,0.0021071029168383383,0.0018256268216877505,0.0004660451384567162
6.29999999999991,132.8927985229888,0.0024448504656205522,0.0022983938698834332,0.001798447175132571,0.0004509867465482088
6.30999999999991,131.78980471607898,0.002533796165180899,0.0024990995235838957,0.0017667060428309019,0.00041282324278270343
6.31999999999991,130.55496187157752,0.0026387842607588736,0.0026998543282256613,0.001695060346921979,0.00035029692673484977
6.3299999999999095,129.34522126611736,0.0027237069743414055,0.0028918986592423456,0.001619006115551538,0.0003783827526873058
6.339999999999909,128.23742641180468,0.0027564923393913294,0.0030699511080031364,0.0016457853949902643,0.00041302873246731707
6.349999999999909,128.15682201871027,0.002712007183287778,0.0032307920490636174,0.001808943275041279,0.0005054504371448874
6.359999999999909,128.64408310277574,0.0025732168640071537,0.003371437664499555,0.001946379104271626,0.0005503220414913722
6.369999999999909,128.19044229846207,0.002334171637715241,0.003489723274075028,0.0019070552481382694,0.0005425792349326355
6.379999999999908,126.72358908449705,0.0020008522672409195,0.003585068117603018,0.0018665450413847112,0.000483420827463801
6.389999999999908,124.35970757012254,0.0015890363576401183,0.0036592044009166554,0.0018136610315217698,0.0004760944306172395
6.399999999999908,123.28223089968479,0.001121350010472611,0.003715283160405202,0.001726690283789201,0.00046756684245085765
6.409999999999908,123.66052485955647,0.0006246442023516151,0.003757109354943953,0.0016319910120884806,0.0004529569067647948
6.419999999999908,124.0249150165478,0.0002473060995703339,0.0037920996981373463,0.001629259812883652,0.0004338508188951392
6.429999999999907,125.0086626452238,0.0006549721837611075,0.0038233474443330807,0.0016146114827214893,0.00041203910248390445
6.439999999999907,126.15290791008715,0.001074200507746364,0.003856554830275811,0.0018788874284892559,0.0004768386141941387
6.449999999999907,127.11155890744843,0.0014297062844485211,0.003898326853324188,0.0020110881758449023,0.0005047122015154467
6.459999999999907,128.0978885039988,0.0017110770381543465,0.0039527134564174915,0.002002339035333375,0.00048601268281156485
6.4699999999999065,128.99005967933965,0.001912195504168373,0.004020151583428921,0.001889491168217084,0.0004518226010259311
6.479999999999906,129.7406980890643,0.002031449493844455,0.0040993245373790775,0.001733294498576845,0.00039721904408352853
6.489999999999906,130.30909579636582,0.002072885096939704,0.004188456882284182,0.0015996154455534828,0.000378843369425932
6.499999999999906,131.34841803664665,0.002048222852715246,0.004284973622139832,0.0015690617957241516,0.0003948995825324205
6.509999999999906,132.20266071165884,0.001977201191349441,0.0043854559516184905,0.0016475057301238113,0.0004122781618390996
6.519999999999905,132.7888811513595,0.0018841145887094925,0.004486334623284073,0.001680505512122764,0.0004368611880140046
6.529999999999905,133.0912514316149,0.001983380843308678,0.0045849403544232885,0.001894917850749759,0.00046202340488093644
6.539999999999905,133.10341185789812,0.00219013280926373,0.004679479082022383,0.0021762413746182698,0.00048501723642397574
6.549999999999905,132.83631054307733,0.00239175969126065,0.004767741706774815,0.002423601709575603,0.0005072491855068782
6.559999999999905,132.33193299454803,0.0025823582753890153,0.0048472582655594105,0.002590249798179767,0.0005569342115316176
6.569999999999904,131.65193648561691,0.002754949964671459,0.0049160761606642156,0.0026491430659589094,0.0005651589000040603
6.579999999999904,130.85209085601042,0.002901729994874154,0.004972909321369293,0.002609150664518782,0.0005787205048844862
6.589999999999904,131.38891189051225,0.003016660080892256,0.005018083136691138,0.002677614902453397,0.000597407121728916
6.599999999999904,130.3360033492729,0.0030964126989640518,0.005053924073509179,0.002633399194265241,0.0005712330797082443
6.6099999999999035,128.3126843223366,0.0031496953874801392,0.0050832541060823215,0.0024937112214618922,0.0005736289889198775
6.619999999999903,127.53489687745783,0.0031665376149821317,0.005107673344604878,0.0023116848765260462,0.0005752309306307052
6.629999999999903,127.58698792729518,0.0031443236012011996,0.005128613025028883,0.002151378088352466,0.0005741371153697361
6.639999999999903,128.62292200938558,0.003083983472048652,0.005149817803061246,0.0021683920519323303,0.0005808718948004091
6.649999999999903,129.38590182888422,0.002987547121964912,0.005175606232105361,0.0023358663181780007,0.0005951128315467352
6.659999999999902,129.83149359704274,0.0028567328159843255,0.005207105720823592,0.002442207619324409,0.0006086291789029307
6.669999999999902,129.793767153995,0.002695551721077171,0.0052434710740829745,0.002464475029034565,0.0006213515026642623
6.679999999999902,129.1812018115411,0.0025115820130464303,0.005285873422234771,0.0024378573977873325,0.0006332193617560332
6.689999999999902,128.1841844553245,0.0023137201672845244,0.005337365547897261,0.0023818229856445517,0.0006441904583220025
6.699999999999902,126.89151678681381,0.0021100716090350683,0.005402544010506081,0.002324876459119079,0.00065423981481776
6.709999999999901,125.3964793683565,0.0019047731249363362,0.005482676948872556,0.0024151252059112635,0.0006633614248635689
6.719999999999901,125.6749533080441,0.0016964908395052888,0.005572564361096854,0.0025018644596222126,0.0006715683483481507
6.729999999999901,125.85253452276082,0.0014811791939937922,0.005667351998030045,0.002589582687814457,0.0006788908295355643
6.739999999999901,125.49923253288895,0.0012533305362736613,0.005761492885472772,0.0026483911207540152,0.0006853721377525087
6.7499999999999005,124.74379424989445,0.0010070348483641942,0.005847376443487565,0.002649128810686908,0.000691064570312368
6.7599999999999,125.52126306677658,0.000998296678472682,0.00591753079722018,0.0026006418804346777,0.000696015292869056
6.7699999999999,126.27958766401461,0.0011359133512691684,0.005968757415030998,0.0025322971927730165,0.0007002607569017873
6.7799999999999,126.94543242692113,0.0011836857521418066,0.006002267273465038,0.0024789766585744653,0.0007038291604876625
6.7899999999999,127.47888591228623,0.0011496488310638936,0.0060213228635895,0.0025007817929948656,0.0007067367321973078
6.7999999999998995,127.8410998611998,0.0011082712501161948,0.006031395038617942,0.0025572825803477734,0.0007089914164748224
6.809999999999899,128.00008846384875,0.0014070825899799,0.006040076862662131,0.002600382839592412,0.0007105996966651408
6.819999999999899,127.95161805184216,0.0016869650927635394,0.006053229411007668,0.002606340515671482,0.000711573609437652
6.829999999999899,127.71843214429686,0.0019409628817785127,0.006072686775655092,0.0025741948834311044,0.0007119345353496094
6.839999999999899,127.33073990277443,0.002163448998257164,0.006097530685964139,0.0025641841681536687,0.0007117136095936155
6.849999999999898,127.94954921014079,0.002348941515700759,0.006126239231187855,0.002565397194110957,0.0007109514054152957
6.859999999999898,128.93990459650217,0.0024917671646206337,0.006158293052677841,0.002562545700084155,0.0007096981663118345
6.869999999999898,129.65745174541337,0.002587342536046128,0.006193013930755723,0.0025725337387815534,0.0007080130757580355
6.879999999999898,130.02532201460426,0.00263427512080191,0.0062297794987483095,0.002624284983026779,0.0007059613679303799
6.8899999999998975,130.01369254072347,0.002634010698672525,0.006269826897186812,0.0026398031360902155,0.0007036116255533372
6.899999999999897,129.62503856483886,0.00259047810918611,0.006314642841003681,0.0026067918967959945,0.0007010361509803767
6.909999999999897,128.89071259017538,0.00251180078484882,0.006365189614609008,0.0025361207754772902,0.0006983131040363662
6.919999999999897,127.89202258260653,0.002407442547860017,0.006422858827770936,0.0024787908390787356,0.0006955272673497636
6.929999999999897,126.7732083316397,0.002283652696043776,0.006489047661346431,0.002451293970611851,0.0006927689868062538
6.9399999999998965,125.67923348647332,0.002142741152444783,0.00656445296404373,0.0025086051282071117,0.0006901333047924773
6.949999999999896,124.76730564524017,0.0019846539504623,0.006648759269276995,0.0025936942998908462,0.0006877206969434011
6.959999999999896,125.66072873935774,0.0019133460794450643,0.00673927940075702,0.0026649215570954884,0.0006856377443834141
6.969999999999896,125.97368335021712,0.0017881142194900708,0.006830229328567874,0.0026934635880820905,0.0006839941826945091
6.979999999999896,126.51049368908289,0.0015973438075688631,0.00691479253004441,0.0026703160529577175,0.0007050480269854946
6.989999999999895,127.3066922021502,0.0013650403545343679,0.006987126412589402,0.0026859596788515734,0.0007271085785522288
6.999999999999895,128.0621184557687,0.0011219040804301445,0.007043298032121484,0.0026947076588033285,0.0007437360769657139
7.009999999999895,128.87287624671026,0.0008998037046525139,0.007081467809254962,0.0027657995052729517,0.0007543694559647891
7.019999999999895,130.2315150085786,0.000727238413615145,0.007102345439318603,0.002847585404606479,0.0007591996031042
7.0299999999998946,131.4359365576359,0.0006282767177324581,0.007111031153216378,0.002913120951117399,0.0007596955226711307
7.039999999999894,132.428383835614,0.0006226954695268826,0.007114651210877617,0.0029583513899629787,0.0007579251437434692
7.049999999999894,133.1880266277818,0.0007224441424208512,0.007117503843836094,0.002980396624025255,0.0007551616951143793
7.059999999999894,133.72161511420515,0.0009271102117003058,0.007120888558309853,0.0029780308579601222,0.0007518290744831896
7.069999999999894,134.03910953245295,0.0012235605324906421,0.0071226357463881375,0.0029633883867666963,0.0007473655489082386
7.0799999999998935,134.14149476776015,0.0015894396080457563,0.007116953375620908,0.0029272260739118695,0.000740182347165293
7.089999999999893,134.2862598769178,0.001998348489738791,0.007098017257727664,0.002884356678424243,0.0007286938988950711
7.099999999999893,134.79745597726966,0.0024221042501984804,0.007061640022000651,0.003035364968976424,0.0007270723004288145
7.109999999999893,135.14685821770246,0.002831092472698245,0.0070050368040113055,0.003175686576060397,0.0007347517284411661
7.119999999999893,135.30068692514044,0.0031970520827800273,0.006928013830636462,0.0032581358157306017,0.0007427627409636813
7.129999999999892,135.13056718782124,0.0034945531893612785,0.00683493569502104,0.003269041007531418,0.0007508792989178988
7.139999999999892,134.5460569069861,0.003702889357687433,0.006734119669768441,0.0032129757170772676,0.0007589361376480323
7.149999999999892,133.5137419431763,0.00381048611512055,0.006635057489469058,0.003110708480127998,0.0007667624052756258
7.159999999999892,132.04976826314078,0.0038168697092380494,0.006546214131898571,0.002993039600949139,0.0007742245330931362
7.169999999999892,130.21169209295337,0.003732115687883605,0.006473313244717961,0.0028908293198858857,0.0007811420455993835
7.179999999999891,128.5870165185038,0.003619587571283322,0.0064181087941852025,0.002930122248254122,0.0007873758412735038
7.189999999999891,130.01388790414686,0.003686473035058544,0.006378225286652789,0.0030386055416315037,0.0007928139809157375
7.199999999999891,131.60980663726306,0.003734619209163549,0.006348066728687683,0.0031432788239198466,0.0007973760019384452
7.209999999999891,132.89314255389874,0.003768498964261218,0.006320347396428475,0.0032201047812979522,0.0008009763578658569
7.2199999999998905,133.80819015815936,0.0037903765569826447,0.006288684711767348,0.0032493989786121164,0.0008035436332032493
7.22999999999989,134.34415418815163,0.003805616597805798,0.006249362137990513,0.0032229234188667346,0.0008050185703167837
7.23999999999989,134.52833601691137,0.00378870019777681,0.0062016026384605905,0.0031468844623798336,0.0008053457797796107
7.24999999999989,134.46433214775692,0.0037289457333876137,0.006149116778205466,0.0030404382228787375,0.0008044747463840296
7.25999999999989,134.20745343998365,0.00361751745397296,0.006098174632871146,0.002929939260528085,0.000802371419934717
7.269999999999889,133.73495169544825,0.0034491702407528162,0.00605206713010297,0.0028399657853668443,0.0007989875789396
7.279999999999889,133.07994554853556,0.003222176756276062,0.006010336929565749,0.0027884397163565576,0.0007943030946903169
7.289999999999889,132.2732084268712,0.0029370398762317024,0.005970219105695428,0.0027633983373597923,0.0007883146993569537
7.299999999999889,131.34969511187802,0.002593985709612554,0.00592651568978511,0.00276112275264904,0.0007810324204144726
7.309999999999889,130.3023683140558,0.002191950204658389,0.0058725422829642325,0.002757722766912329,0.0007724737671664905
7.319999999999888,129.1201399773893,0.0017299766506762614,0.005802482393814357,0.0027466836116427596,0.0007626578611569998
7.329999999999888,127.94593611171886,0.0012093898701594607,0.005712390326069345,0.0027628258492648663,0.0007516006482746435
7.339999999999888,127.12454189428563,0.0006922882695656545,0.005600002627817017,0.0027737492572522822,0.0007393108785456886
7.349999999999888,127.6998030792414,0.0005041191546178738,0.005464876116885885,0.0027631636253154686,0.0007257868019540764
7.3599999999998875,128.13543226716547,0.001138259295226397,0.005306763592907112,0.0027194941858347237,0.0007110144347334898
7.369999999999887,128.15692664240873,0.001785587440608479,0.005125409092095145,0.0026407551606241844,0.0006949675969043595
7.379999999999887,128.9698231179359,0.002431387395679037,0.0049233241864491215,0.002535024784475776,0.0006776092284672105
7.389999999999887,131.28927769375062,0.003060517501971584,0.0047050572598757836,0.002416785355595335,0.0006588937271854612
7.399999999999887,133.45484051931174,0.0036593113218295744,0.004475276105033246,0.0023579280051440926,0.0006387701467828426
7.4099999999998865,135.36416214525582,0.0042330078533720115,0.004238801227954833,0.002432461445675952,0.0006266006916132188
7.419999999999886,136.92985592792314,0.004747021118537513,0.003998383057772474,0.0027973098660775643,0.0007320918165303705
7.429999999999886,138.08185891666795,0.005189382307044944,0.003754043623855908,0.0031103021981246704,0.0008221703970625217
7.439999999999886,138.78362393622555,0.005550170468570382,0.0035050374308386117,0.0033584000914858745,0.0008933504753438715
7.449999999999886,139.0451183153773,0.005822575191972194,0.0032496786752934906,0.003546835979973435,0.0009477621092338283
7.459999999999885,139.19613790258646,0.006005033456368514,0.002986268413723424,0.003652033727308775,0.0009780248078584259
7.469999999999885,139.13891177182862,0.006101744343836393,0.0027157889177911085,0.0036652176219020413,0.000981777289598127
7.479999999999885,138.78514531628937,0.006121219296308992,0.0024432404974743427,0.0035829020311494036,0.0009579779743225955
7.489999999999885,138.16172413729532,0.006072978544145657,0.002176197866254163,0.0034061194286083675,0.000906834215626972
7.4999999999998845,137.30647300933683,0.005964889951914446,0.001921057143605502,0.00314103693584559,0.0008299656121579927
7.509999999999884,136.24638611120244,0.005803129410792379,0.0016805002917101922,0.002799359806483971,0.0007304883219628243
7.519999999999884,134.99528235169512,0.005593444206365386,0.0014546375413855396,0.002621492823570792,0.000612910872041959
7.529999999999884,133.6308262769197,0.005343900719092307,0.001244312002832003,0.0025903557369224266,0.0005408071417966042
7.539999999999884,132.6486759018808,0.0050662348874469685,0.0010519995863511383,0.002547416300906446,0.0005694612796170922
7.5499999999998835,134.261101060524,0.004773608777393976,0.0008789707754333475,0.0024929800450254175,0.0005902271105923428
7.559999999999883,135.8352532361249,0.004478088183253623,0.0009185214385121119,0.0024274914535133713,0.000600239080078969
7.569999999999883,137.326485162725,0.004190360619574816,0.0010953217411221402,0.002351523600048914,0.0005973835229059055
7.579999999999883,138.6951265223827,0.004271401942353839,0.0012633783827962187,0.0022657640361512556,0.0005809420693460266
7.589999999999883,139.88154519194293,0.00445314082167628,0.0014282066779812866,0.0023345146803457444,0.000610098795575275
7.599999999999882,140.85620483049865,0.004580130079517207,0.001595153190283701,0.0025842660533438432,0.0006698631774188696
7.609999999999882,141.79093508093615,0.004639206060631014,0.001767436938038866,0.0028368396398519287,0.0007313463259979779
7.619999999999882,142.44976043928284,0.004625552462527094,0.0019452372643199904,0.00306429289942753,0.0007860765233752595
7.629999999999882,142.77963604049285,0.00454286445337912,0.002125012972751009,0.003239347441907712,0.000825584115184828
7.6399999999998816,142.75888886499146,0.004402561044109125,0.002300103150765986,0.0033404606153174163,0.0008429946923239956
7.649999999999881,142.4769109585103,0.004220900458087794,0.0024650638600176873,0.0033557616088488477,0.0008342037092390142
7.659999999999881,142.15423094879722,0.004017136809318168,0.002653359573229684,0.003284932485622306,0.0007984165680906507
7.669999999999881,141.62407365427225,0.0038127283206171813,0.002844871883935368,0.003139607116377854,0.0007383085220075804
7.679999999999881,140.88339452996428,0.00362962453469497,0.0030367612364906142,0.002942251397925895,0.00065989493996968
7.6899999999998805,139.93303642116342,0.0034869407676288216,0.00323002365558341,0.002722204605241955,0.000571798122321771
7.69999999999988,138.77774861763007,0.003395330589467963,0.0034210104233720643,0.002670473813457699,0.0005836176589085477
7.70999999999988,137.38921666696282,0.0033553170983163043,0.0036042594842430344,0.002749723742608492,0.0005934897809569484
7.71999999999988,135.7501100879777,0.0033612513627834413,0.0037744511095080787,0.0027695388948188074,0.0005985184339262175
7.72999999999988,133.88650687286304,0.0034364543589919857,0.003925261283371734,0.0027873196959367365,0.0006102346039421752
7.739999999999879,131.84425057196725,0.0035608236988100206,0.0040505100415274,0.0027624504161722616,0.0006394352779854541
7.749999999999879,129.6591790071486,0.003667067163617565,0.004146202823143549,0.0027005787099077905,0.0006663102277423735
7.759999999999879,127.94262880699925,0.0037417244746908167,0.00421181677153874,0.0026318208244263696,0.0006907528835407433
7.769999999999879,128.2459367255801,0.0037712627744704848,0.004251518944272223,0.0026547441654822023,0.0007126554203797978
7.779999999999879,128.62258174722243,0.0037430027240947577,0.004272140678501736,0.002734201855941206,0.000731912263442011
7.789999999999878,128.92129663279448,0.003646207701002933,0.004280434407163834,0.002786206603286359,0.0007484280591859921
7.799999999999878,129.38023644109566,0.003473212624671346,0.004282773897403618,0.0028043339811748935,0.0007621263252015672
7.809999999999878,130.2365990228752,0.003220021410426004,0.004283075440423529,0.0027923066344223706,0.0007729550894764363
7.819999999999878,131.82077830516673,0.0028888649340913742,0.004281297953457255,0.002768569854585757,0.0007808885250179195
7.8299999999998775,132.95685510390317,0.002489533179632531,0.004274115608052045,0.0027853413081452886,0.0007859260807942586
7.839999999999877,133.6025911929451,0.002036490253527337,0.00425598667015523,0.0028532059545020843,0.0007880903473622959
7.849999999999877,133.78759866146987,0.0015455863105405352,0.00422279953098179,0.0029671921281755097,0.0007874232726668417
7.859999999999877,134.15888712703588,0.0010304761644457747,0.0041757283516461645,0.003090430356328253,0.000783981559142888
7.869999999999877,134.18688716177155,0.001364814314611189,0.004120321098743892,0.0031888975102883584,0.0007778346204343219
7.879999999999876,133.8140654062808,0.0019859942834133384,0.004062590755260323,0.0032320116036088885,0.0007690674634538846
7.889999999999876,133.13988620627214,0.0025532709255050596,0.004178964793163119,0.003202312393476615,0.0007577867288595474
7.899999999999876,132.2063920836482,0.0030524517870972358,0.004359733160992423,0.003100264584588702,0.0007441463992427539
7.909999999999876,131.0579687375922,0.003473373974787998,0.00455569682334877,0.002943485716383343,0.0007437433544804655
7.919999999999876,130.91095399895747,0.0038127845650362657,0.0047675492202540635,0.002884922375529578,0.0007452730753792475
7.929999999999875,135.88038417208057,0.00407455240595266,0.004992951307885791,0.0031687861534290536,0.0007445677895180565
7.939999999999875,140.01992374926968,0.004266781626091683,0.005230053315189186,0.003487649005771568,0.0007484632073939428
7.949999999999875,142.9617546410302,0.0045981442987943055,0.005478012367213981,0.003868677393168482,0.0007883910153865774
7.959999999999875,144.46212378868697,0.005130432050164969,0.005735878506230976,0.00420346296707798,0.000886991027589307
7.9699999999998745,144.43030565548545,0.005632989116065866,0.006003441245566149,0.004455592659157571,0.0009519989404435286
7.979999999999874,142.94259377906687,0.006096355377868209,0.006280012890454975,0.0046126884531721216,0.0009820290306262137
7.989999999999874,140.9438337598301,0.0065121894435215275,0.0065646874411901595,0.004683517167316688,0.0009819787952006088
7.999999999999874,141.81517815562935,0.00687821885751486,0.006857801893415651,0.004686585803782988,0.0009568092691040174
8.009999999999874,142.46647142058745,0.0072018540046485235,0.0071601271502207305,0.004645515018965142,0.0010664974493876194
8.019999999999873,142.78822630616736,0.007445162982677813,0.007471721708112167,0.004583956876908835,0.0011559307496555463
8.029999999999873,142.81036382202717,0.0076000628140111765,0.007790486248632876,0.004521081489168719,0.0012159926322301553
8.039999999999873,142.56353440265767,0.007664440926582568,0.008110717018123468,0.004468908792236726,0.0012417974859172394
8.049999999999873,142.2108756549771,0.007640276510315428,0.008423713219876838,0.004431962890273807,0.001230427452422509
8.059999999999873,141.75068105554763,0.0075292336834510394,0.008720736322563144,0.004408593635677842,0.001181211724025779
8.069999999999872,141.04432266558308,0.007332322510951807,0.008995636401809554,0.004392970123869814,0.0010957222831824859
8.079999999999872,140.04597089582467,0.0070524189788774205,0.009245755534957652,0.004377191085903203,0.0011017478665711978
8.089999999999872,138.72076352671812,0.006695499017447976,0.009470576011989156,0.004353368602233214,0.0011093251558165823
8.099999999999872,137.0522689637715,0.0062685761820768255,0.009671645386525329,0.004428104424531659,0.0011141134942236053
8.109999999999872,138.17441933428302,0.005779598334612947,0.009853738875499549,0.004551285420930825,0.001116115197228027
8.119999999999871,139.53507713493556,0.005240504419425966,0.010022906886547141,0.004665292461676029,0.00111535120858509
8.129999999999871,139.2277661931939,0.0046674828120473475,0.010184812886946662,0.004770138400010094,0.0011118608881700667
8.139999999999871,139.83275295986766,0.00426461691854479,0.010343786347984076,0.004865836343748676,0.0011057011302384634
8.14999999999987,140.1058327360813,0.003954160787465668,0.01050118398407349,0.0049523905298497215,0.001096945597619718
8.15999999999987,140.16449876240654,0.0036696855649063433,0.010655140129299318,0.005029788109344205,0.0010856846218039824
8.16999999999987,140.11341015370942,0.0034360449605572736,0.01080231861443029,0.005097991093020455,0.001072025355205153
8.17999999999987,140.5949424646041,0.0032733297529288345,0.010939456078407772,0.0051569291875835045,0.0010560913585751588
8.18999999999987,140.0722265438254,0.003193812390665617,0.011063408442007835,0.005206494960470702,0.0010380215225219498
8.19999999999987,140.20299616086552,0.003200097477989593,0.011171630826980713,0.005246541878416071,0.001040011172048181
8.20999999999987,140.4007058196851,0.0032842714972489205,0.011262665114540174,0.005276884640119125,0.0010431818628778356
8.21999999999987,140.55890616703738,0.0034277164467803574,0.011341663253041754,0.0053256158664232705,0.0010415264802422694
8.229999999999869,140.99088678604267,0.0036030838588435475,0.011400489914900086,0.0053768983108910115,0.0010484314790534849
8.239999999999869,143.15681178541632,0.0037784843759107773,0.011437582051589559,0.005415275467340724,0.0010580040411006298
8.249999999999869,143.72077872983022,0.003920381451335335,0.011453873513854514,0.005440015058453732,0.0010612758704946926
8.259999999999868,142.26899604395908,0.003995926796838317,0.011453348379017033,0.005450433844795904,0.0010582867793275037
8.269999999999868,138.69772187887312,0.003977453816838083,0.01144265069901919,0.005445912239804422,0.0010491688381519663
8.279999999999868,134.05963331794013,0.003845442580209398,0.011429534426725356,0.005425908963780632,0.0010341550777598386
8.289999999999868,131.23603855205948,0.003589186433973308,0.011420286083078688,0.00538997492269887,0.0010135897173091481
8.299999999999867,129.44931864701232,0.0032079905888317333,0.011417975195417106,0.005337766573206832,0.0010340029883745651
8.309999999999867,130.5184589218786,0.0027116545750167534,0.011419155144209072,0.005269059378450185,0.001090022477733084
8.319999999999867,131.61354797187943,0.0023233714184188,0.011413737005799075,0.005183760619895108,0.0011459849843920588
8.329999999999867,132.7182591628829,0.002215628824348702,0.011390043830718859,0.005081920495963836,0.0012016154285030836
8.339999999999867,133.7931898251363,0.0020253429438594856,0.011337373825869648,0.004963741774957762,0.001256493387563035
8.349999999999866,134.77100646572597,0.0017567077435745426,0.011248207736286191,0.004829587987783359,0.001310239796350071
8.359999999999866,136.5258547650895,0.0014416496663525325,0.011121191113222908,0.004883480051199499,0.0013624646766426812
8.369999999999866,138.9926885611529,0.0014777003423416283,0.010960516437042782,0.005183199085329081,0.0014127710845510144
8.379999999999866,146.94170787898003,0.0020468104593133786,0.010772025014390394,0.005500058442204258,0.0014607244159599933
8.389999999999866,153.391720111972,0.002539163984337061,0.01056074698195535,0.00579880884104336,0.0015058898795113074
8.399999999999865,157.64649262338057,0.0029509356574562574,0.010332854860212433,0.0060434771672740395,0.001547843638263086
8.409999999999865,159.31157659327687,0.0032864876385040585,0.010098012229326853,0.006209701379724774,0.0015861758226768047
8.419999999999865,158.5246516037316,0.0035574442050688173,0.009867647378091116,0.0062916842910941745,0.001620499688426335
8.429999999999865,155.80656607772013,0.0037824234332843936,0.009650373777686927,0.006302515512090266,0.0016504654862377229
8.439999999999864,151.3032345085071,0.003984512553937464,0.009449132306766743,0.006268420279726169,0.0016757910551913422
8.449999999999864,145.8357418750805,0.004188011416635729,0.009262176911854573,0.006218675700393554,0.0016962051782853525
8.459999999999864,140.60311863564607,0.0044159644417478315,0.009084210665938886,0.006292354026442158,0.001711507241176467
8.469999999999864,142.37407348029308,0.0047049444083234965,0.008907445597794326,0.006371070073709354,0.001721541700621379
8.479999999999864,147.8473863239706,0.005282243039127547,0.008724534565241951,0.006412122382178738,0.0017261917807766532
8.489999999999863,151.90712399664883,0.0058762558371874525,0.008530547556092906,0.006415215455293598,0.0017253755932024775
8.499999999999863,154.3821681398995,0.006501674386928237,0.008324601510068575,0.006384196359623615,0.0017190430355292139
8.509999999999863,155.29761277984966,0.007124050148001063,0.008110197363218087,0.006325583119060332,0.001707172759788381
8.519999999999863,154.8598697703535,0.007718858745284082,0.007895320614114859,0.006246725251708308,0.001689771543882598
8.529999999999863,153.422047130458,0.008268359095201936,0.007681705250937181,0.006188372488631059,0.0016668775523545462
8.539999999999862,158.35212959636632,0.008759438724536148,0.00746937002089835,0.006217018206619585,0.0016385650735154856
8.549999999999862,162.42090529881943,0.009183282234934741,0.007262069819523488,0.0062122468404149775,0.0016049469883534075
8.559999999999862,163.83242819842198,0.009533598175965495,0.007064230230355337,0.006145943310272712,0.0015661742236514745
8.569999999999862,162.17155302413863,0.009806222025635946,0.006877786906820156,0.006000453193996397,0.0015224346350059311
8.579999999999862,157.51473090453993,0.009999982781504373,0.006701169139072765,0.00577594349363735,0.0014739531354555514
8.589999999999861,150.41013648952548,0.010117823754586053,0.006606729046977394,0.005549766992108727,0.0014209913155155867
8.599999999999861,147.58771798198723,0.01016543272327462,0.006527437520153956,0.00546178348485138,0.0013638432611195912
8.60999999999986,147.39062570095436,0.010150300535244858,0.006428270988963107,0.005377159254661883,0.0013028277298481414
8.61999999999986,146.68636453627684,0.010082178693840736,0.0063084417743488755,0.005299214700299429,0.0012382812421083101
8.62999999999986,145.38739649373386,0.009968807598096298,0.00616834495221097,0.005227523610072414,0.0011705559970827597
8.63999999999986,143.46310112633807,0.009812995608212504,0.006008987477992189,0.00515063415724759,0.0011034277597016867
8.64999999999986,144.48801123919628,0.009614804049986103,0.005830403081755968,0.005066597275151573,0.0010348130138181568
8.65999999999986,147.08322922282971,0.009373527696079844,0.005630558957876012,0.0049737200038782675,0.001051813423529999
8.66999999999986,149.4530455458334,0.009087936928199307,0.005408160693218286,0.004869942597622752,0.0010757367189655476
8.67999999999986,151.50054958996586,0.0087575447123181,0.005164812120845098,0.004752260579455935,0.0010910612247027253
8.68999999999986,153.17614256638393,0.008385363570130651,0.004948728051515719,0.004706430396539217,0.0011423615810551495
8.699999999999859,154.46292771981769,0.008157884536551231,0.004799647724819132,0.005025896455199902,0.0012876927975829194
8.709999999999859,155.36701053281817,0.008532565342444523,0.004655657913812646,0.00525109567442495,0.001391625984761481
8.719999999999859,155.9162781257196,0.008891562966358152,0.0045212705081579645,0.005321600206999264,0.0014420981530719995
8.729999999999858,156.13940906194674,0.009208259918835122,0.0043997260977077625,0.00520924564270616,0.001434984178722441
8.739999999999858,156.03906363771782,0.009455823379278024,0.004291921535870284,0.004920397910821316,0.001374522615791446
8.749999999999858,155.58867723565953,0.009611453856462594,0.0041986197308367945,0.00453366159895562,0.0012723137593028714
8.759999999999858,154.7701478615799,0.009660295272615013,0.004121377539027822,0.004117687749362791,0.0011453155214947008
8.769999999999857,153.6164271728354,0.009597071192128164,0.00406014462945813,0.004257115842047705,0.0010129860941788954
8.779999999999857,152.13065095719583,0.009425029209193778,0.004010387466907237,0.004209091293366181,0.0008937674716548367
8.789999999999857,150.33201443289047,0.009154154911641718,0.003963800616253177,0.003980614117549904,0.0008245715889988933
8.799999999999857,148.24626413178393,0.008801006897511305,0.0039110111205049964,0.0038625450122432787,0.0008847603762860029
8.809999999999857,145.93304823534456,0.008386299326230903,0.003840547899470702,0.003941936873304913,0.0009279939461880084
8.819999999999856,143.46831110700708,0.007929538986083923,0.0037400690971621364,0.003954627925494967,0.0009484051404338502
8.829999999999856,140.91256083819064,0.00744697041157832,0.0035999260815126736,0.003886982027801392,0.0009424099969305419
8.839999999999856,138.30385067163968,0.006951347031069336,0.0034142497898321236,0.0037340389864506467,0.0009089992711729588
8.849999999999856,135.6756910999247,0.006455030648509954,0.0031818285223822614,0.0034996804632791397,0.0008496790312149459
8.859999999999856,134.96128980866504,0.006593721971693683,0.0029067033473732327,0.0032268492479692592,0.0008648424902715367
8.869999999999855,134.01933524154416,0.006661291234237507,0.0025981214635024947,0.003852032145727964,0.0010473518316343117
8.879999999999855,135.28818301495951,0.006643292311546848,0.002269358108970654,0.004343818711249123,0.0011902132700905691
8.889999999999855,136.42020157386403,0.006578079537113314,0.0019367464253726753,0.004678379771013026,0.0012872369551722497
8.899999999999855,137.29852316798122,0.00641605625320085,0.0017907934985154986,0.004844684986393319,0.0013355788683799728
8.909999999999854,138.14934894212223,0.006149877711996309,0.0020918640844598256,0.00488465538125335,0.0013480136098904926
8.919999999999854,138.73487714096038,0.005779666631653135,0.002329014007817605,0.004814378218080459,0.0013230336522789931
8.929999999999854,138.93297904586885,0.0053064227272595094,0.002501367196155336,0.004623875993098957,0.0012552819038171917
8.939999999999854,138.41225537956288,0.004731832211518026,0.0026163568628203206,0.004319172652048962,0.0011502175356436558
8.949999999999854,137.08643346256434,0.004060599567870179,0.0026860059705650827,0.003928630409029283,0.0010140484327809726
8.959999999999853,134.99955374928533,0.003302782301574513,0.0027240691352128496,0.003484784563371352,0.0008531128180121795
8.969999999999853,132.281154156099,0.0024721481155455926,0.0027430102855667106,0.003026172344556429,0.0006734586015005562
8.979999999999853,131.51340518311804,0.0015824210045209484,0.002751438159468367,0.002722336883113233,0.0006027191484352711
8.989999999999853,132.47574713329,0.0018107377165499433,0.0027551178944753116,0.002517640256359522,0.0006055913355374925
8.999999999999853,133.05568530273146,0.0024420857527643115,0.0027578834895710972,0.0024832026923816866,0.000606666109351858
9.009999999999852,133.17628202205856,0.003046424163196299,0.002760503881658032,0.0026433068233803728,0.0006037243766792194
9.019999999999852,132.8139312386136,0.003611982580703097,0.0027589179480492156,0.0027781946915827987,0.000596723256300454
9.029999999999852,132.63390441835588,0.004126600011590741,0.0027451541440298263,0.002979872770153576,0.0006714320658865762
9.039999999999852,132.46491009466297,0.004897458312532426,0.002711161171324287,0.003339700412373713,0.0008171087807239586
9.049999999999851,134.2243403629267,0.005742900360054354,0.0026536403333168685,0.0036491333989346147,0.0009361966242772007
9.059999999999851,135.71196870644465,0.006512815383271158,0.002637122393184429,0.0038769006672776936,0.0010243024385429302
9.069999999999851,137.0629566046697,0.007194244306992759,0.0026231610141059193,0.004012392729866197,0.0010815078454689453
9.07999999999985,138.27694866844786,0.007781205050062042,0.002610630527745874,0.0040737068641804415,0.0011152284904543531
9.08999999999985,140.3446521226814,0.008282003620661732,0.0028054699663148026,0.0040172389267750675,0.001113095172701687
9.09999999999985,143.15429658105293,0.00873279804766401,0.0030997593891088746,0.0038776200730227662,0.0010781481984247557
9.10999999999985,145.12848789396827,0.009098867332444088,0.003425614199874611,0.004296246681478452,0.0010544066966393982
9.11999999999985,146.2415437979907,0.009390342427593573,0.0037849909478808725,0.004736101952093309,0.001205351055957729
9.12999999999985,147.82783780175833,0.00961791496871848,0.004179028225617599,0.005156010438582132,0.0013465729068819956
9.13999999999985,152.7983104974618,0.009793396299963713,0.00460887142509888,0.005571250564782341,0.00146583609949945
9.14999999999985,156.25928071998968,0.00993049910028585,0.0050717064198332424,0.005879751923854948,0.0015507214977832954
9.15999999999985,157.62364022696423,0.010041508924187306,0.005559400428169034,0.00602727980260824,0.0015866707638879168
9.169999999999849,156.51752959360616,0.010135505232742821,0.006061519400273993,0.005992555570356443,0.001566884449888507
9.179999999999849,152.8482185054014,0.010219067447600046,0.006566181452309909,0.005776456427918613,0.0014904816461056801
9.189999999999849,146.83614914348522,0.010296167907519482,0.0070610048805563935,0.005404078482126167,0.0013630036830411393
9.199999999999848,145.67695279969942,0.010366987968054988,0.007534455707734558,0.004923151733637275,0.0011998341724184017
9.209999999999848,148.10683797013593,0.010426429841918286,0.00797776469211166,0.004398691908185005,0.0010574068979580726
9.219999999999848,150.44266855376776,0.010888077285320041,0.008387996167925163,0.0044512049419536,0.0011737806664200746
9.229999999999848,152.64311502684666,0.011508238954138618,0.008767082431340792,0.004798209815460633,0.0013142017043422782
9.239999999999847,154.653160617289,0.012028056644695665,0.009118813739927886,0.00514968608081993,0.0014133600026749623
9.249999999999847,156.41231376742758,0.012422950110292468,0.009447724673094309,0.0053201201804217646,0.0014597779560150737
9.259999999999847,157.86481333633577,0.012679288147805334,0.009758885255837207,0.005304855427199192,0.0014486737702532984
9.269999999999847,161.2631407388591,0.012792071926422387,0.01005754609704411,0.005141050346951343,0.001388897955362502
9.279999999999847,166.7493453679175,0.012765504459872264,0.010347318821919221,0.0051539010401788045,0.001292912645773677
9.289999999999846,171.55135583087826,0.012612343484174296,0.010628625101077014,0.0052371151030517924,0.0011777581246099867
9.299999999999846,174.71066014235132,0.012353281022607469,0.010899149010377482,0.0053246230268027125,0.0012580638054466339
9.309999999999846,175.48788725279678,0.012015680499801307,0.011155507701462999,0.00548381227207357,0.0013419567076072428
9.319999999999846,173.66620925960459,0.011629263673473717,0.011401634113333062,0.005645500317001789,0.0013963200981106862
9.329999999999846,169.01090776576322,0.011221585866719064,0.0116365455594263,0.0056935768191286,0.0014131471143383166
9.339999999999845,161.83499148195716,0.010815326426192916,0.011846879913908776,0.005613372425832378,0.0013879085306707098
9.349999999999845,152.8528576618419,0.010426469039348811,0.012033607435583012,0.005432129066104367,0.0013201208941456411
9.359999999999845,144.68696501380242,0.010063259944019815,0.012203139233490394,0.00548498975365701,0.0012133788992478808
9.369999999999845,145.5154774614148,0.009725369932805632,0.012361743535200883,0.0055605183541141525,0.0010748751401997412
9.379999999999844,145.8715275870464,0.009402596545784209,0.012509544494623182,0.005624119244625929,0.0010142954154741936
9.389999999999844,146.0133638549285,0.009075505599874452,0.012642450394673635,0.005675489500531818,0.0009997524236515312
9.399999999999844,145.61501683659378,0.008720458131984639,0.01275601925258735,0.0057143254400632395,0.000986625802518371
9.409999999999844,144.37696719360207,0.008392869415261486,0.012848255363273064,0.005740327898712547,0.0010383255176509034
9.419999999999844,142.4001512997683,0.008424030422273337,0.01292131003949103,0.005753208528037855,0.0010902790328614603
9.429999999999843,142.9411508274688,0.008412310578704096,0.012977850869063993,0.005752697697889805,0.0011421637853855473
9.439999999999843,143.79013666090898,0.008340582678131838,0.013017321860196714,0.005738553283941233,0.0011937095712159984
9.449999999999843,144.28439866150876,0.008193697563539316,0.013038118130906587,0.005710569071633423,0.0012445637964651733
9.459999999999843,144.972552283542,0.007957239797374647,0.01303995859788007,0.0056685830653962765,0.001294398361011374
9.469999999999843,145.171218462481,0.007649145206233446,0.013024797930435743,0.005612486998052855,0.0013428840352813518
9.479999999999842,144.8137746787031,0.007269828420276313,0.012996054507185599,0.005542236713824542,0.0013897104431258394
9.489999999999842,143.8782095209733,0.006768560479888614,0.012956615994636374,0.005457862089591219,0.001434575849427081
9.499999999999842,142.39390868982017,0.006139421486997124,0.012907978668127191,0.005562631196042062,0.0014771886114696505
9.509999999999842,140.44910438655725,0.005384508308821542,0.012849103201227235,0.005693842057513466,0.0015172759932177216
9.519999999999841,138.14425300776762,0.004516163577694461,0.012777810195438694,0.00579003366546948,0.0015545910654869797
9.529999999999841,138.68675515622792,0.003554066383700723,0.012694636626113935,0.005846172019473135,0.0015889105367516492
9.539999999999841,141.19914813451422,0.002521477439564207,0.012603285127370892,0.005867135036423308,0.0016200324509674832
9.54999999999984,140.93240789629303,0.001443372697035154,0.01250579018521159,0.005869439303947651,0.0016477527831230228
9.55999999999984,137.91600761812435,0.0011114999260800067,0.01240063048248996,0.00587865180049344,0.0016719093681544365
9.56999999999984,132.67423360621223,0.0015675273089692384,0.012285499634611542,0.005929584546804358,0.0016923668977713987
9.57999999999984,137.78458873918078,0.0026037468740899134,0.012159324237387593,0.006020989429261398,0.0017090136348105194
9.58999999999984,144.7094872079978,0.003588634104304565,0.012022954869709862,0.006171019181350508,0.0017217584195190947
9.59999999999984,151.2452864237159,0.0045096579508094,0.01187693478110146,0.006351666881220469,0.0017305293551196736
9.60999999999984,155.90506933041758,0.0053567844611066544,0.011721231344626954,0.006531769706101606,0.0017352751736872895
9.61999999999984,158.07125361409445,0.006122039173080513,0.011557713718732814,0.006679682527034937,0.0017359686450441239
9.62999999999984,157.58235625695636,0.006815127483330793,0.011390264551906207,0.006772191258564206,0.0017326087115732422
9.639999999999839,154.7605941793129,0.007482489685728422,0.011222690774237832,0.006799004641019444,0.0017252192757643615
9.649999999999839,150.3544056740311,0.008056880300759892,0.011057676286182072,0.006762795186619241,0.001713848182940457
9.659999999999838,156.5165753598772,0.008540854491085699,0.010897863908968682,0.006676010825735636,0.0016985709292724627
9.669999999999838,163.0749056504889,0.008939387517970578,0.010745605827718772,0.006556116391110152,0.0016794962242517187
9.679999999999838,168.29044134269446,0.009258982128729762,0.010610812591012162,0.006487198063680962,0.0016567657810505612
9.689999999999838,172.28173306145882,0.009507131538939917,0.01048787931014455,0.006675723537490873,0.0016305473376669092
9.699999999999838,174.2921907298669,0.009691855819351352,0.01036433915791237,0.006793231072312353,0.0016010282207591534
9.709999999999837,174.2585122655644,0.009820800631674767,0.010233682972136147,0.006791076738224091,0.0015684137380273134
9.719999999999837,172.30817256000296,0.00990092142930696,0.010092858258972224,0.006666992009339316,0.0015329250326277166
9.729999999999837,168.77297608253366,0.010391629200245991,0.009943721282917055,0.006437262988503139,0.0014968676733593787
9.739999999999837,164.21768817368837,0.010865343967889225,0.009791520235458586,0.006224250716185257,0.0014605267806974546
9.749999999999837,169.2121605221613,0.01118368775238353,0.009643277270399627,0.00633101861979838,0.0014220109288165484
9.759999999999836,171.61180631669814,0.011355655903788313,0.00950869378435762,0.006394436730203372,0.0013815202939422646
9.769999999999836,170.81474720235693,0.011403019768865557,0.009399140226188511,0.006351123843645037,0.0013392589778895795
9.779999999999836,166.71103725590413,0.011355957622334975,0.009323282219503395,0.006197115454360026,0.0012954557955415285
9.789999999999836,159.72943869230696,0.0112493950423594,0.009285412813084502,0.006490661933675472,0.0013432838327456485
9.799999999999836,151.00043427145445,0.011118280962490311,0.009285271740786763,0.006718001935044387,0.001435786700609722
9.809999999999835,151.3293157167898,0.010989846458352924,0.009317652337783727,0.006843623781983707,0.0014900114410379695
9.819999999999835,154.06298849579247,0.01087890144185077,0.009374179133003941,0.006840921667378553,0.0014981257813949384
9.829999999999835,156.13941903122762,0.010788414035243865,0.009444972575251624,0.006697430517243619,0.0014562603622757374
9.839999999999835,160.7801777425156,0.010712005892558819,0.009517644851139808,0.00641811553282115,0.0013652861147715424
9.849999999999834,162.7557629907214,0.010636152641801044,0.009578172037275323,0.006026141514039942,0.0012310020026302737
9.859999999999834,161.96489387950882,0.010542680900681263,0.009613905019840201,0.005560615818163129,0.0011825244515918378
9.869999999999834,158.09695308391198,0.010410733703612722,0.009615821949229563,0.005070835808132571,0.0011555160846380326
9.879999999999834,156.60340269173358,0.010217557078356454,0.009581427182730968,0.004826837333631293,0.0011253535584605536
9.889999999999834,156.03175103494632,0.009940482769906367,0.00951449915323842,0.005072673740926731,0.0012255276918792194
9.899999999999833,155.0115412310082,0.009562700929465786,0.009422348349481377,0.005277303291210062,0.0013079580660834678
9.909999999999833,156.16823636520544,0.00907988939979695,0.009314244868112113,0.005377395622865646,0.0013457531542022743
9.919999999999833,154.82051957642264,0.008501317295787741,0.009199292921672566,0.005309275133137941,0.0013280581511119242
9.929999999999833,150.84352957250258,0.007846980855834736,0.00908509354346415,0.005068401902882752,0.0012524042060654283
9.939999999999833,147.03794549879,0.007144466432298449,0.008978907393138202,0.004683807884314101,0.0011254821658916068
9.949999999999832,145.68322426559803,0.006858787822216666,0.008888116321671113,0.004360067945465707,0.0009621450224475319
9.959999999999832,143.84842863973623,0.0067125675227020076,0.008816947025424241,0.004561390003348129,0.0010410403058105308
9.969999999999832,141.7440912589157,0.006596147633924511,0.008763439910704789,0.004693581945265225,0.0011235405691789623
9.979999999999832,139.63792455936346,0.0064991225817917836,0.00872149266049603,0.004704082822942875,0.0011598545482272358
9.989999999999831,137.74438813536992,0.006406472330231908,0.008683235998436388,0.004558805081595562,0.0011426501016633887
9.999999999999831,137.60914865814618,0.006331827971667029,0.008638357545404688,0.0043145290895919884,0.0010903300834747838
10.009999999999831,137.5817218809881,0.006249329952134207,0.008575455541937714,0.003921366169226912,0.0009921130689565765
10.01999999999983,136.979217511583,0.006130693019301274,0.008483105912640367,0.003597030683642847,0.0009455820899322293
10.02999999999983,135.9364442414743,0.0059606464065839965,0.008349735353671034,0.003434087154531167,0.0009280101652579395
10.03999999999983,134.93962829588688,0.005725599713515839,0.008167745375010468,0.003794159628049847,0.0009178356281671088
10.04999999999983,133.99429173384027,0.005412394477274195,0.007937063177827504,0.00418979575994842,0.0010327926964914323
10.05999999999983,132.97966725823136,0.00500628396575605,0.007663025989267159,0.0045069251132369105,0.001118815682687576
10.06999999999983,132.49220229138848,0.004494709753741292,0.0073537371192280475,0.004674389957682213,0.0011574378422929002
10.07999999999983,131.89306105521214,0.0038718630553861003,0.007020042369370913,0.00467791371751793,0.0011439635593362616
10.08999999999983,131.39524358808313,0.0031375789439364987,0.006675799850279993,0.004520879181923943,0.0010777930065066403
10.09999999999983,129.96648380278765,0.0023319470509456674,0.006335629344754414,0.004225060510601033,0.0009622700803969865
10.109999999999829,127.71987670939048,0.0018778550315663247,0.006010036290338793,0.004079936711993821,0.000886431552784532
10.119999999999829,129.7366722544796,0.0012890069423348901,0.005703427824309486,0.004018626503861997,0.0008607616522969415
10.129999999999828,131.78766881757699,0.001796104007885305,0.005415279084272379,0.0038276193325347016,0.0007876564201624296
10.139999999999828,132.70575579129564,0.002860573632624632,0.005141178381941119,0.0036835272593796764,0.0007747682782351301
10.149999999999828,132.4836971670463,0.003927627914762703,0.004874051573689858,0.003538080656529661,0.0007617139527626715
10.159999999999828,131.73164587754243,0.004985248051387682,0.004605137223546454,0.003364300532242625,0.0007434727367690181
10.169999999999828,133.38997710411255,0.00602304113739979,0.004334634453180681,0.003319715369049622,0.0007201276421820757
10.179999999999827,135.1958363704867,0.007029907611464846,0.004038344934185848,0.003627480002426625,0.0008338241019408486
10.189999999999827,137.2198184367711,0.007992970512642318,0.0037045613841726133,0.003899466524717738,0.0009589712726645388
10.199999999999827,139.05105909146533,0.008898504923428325,0.003323737477618713,0.004172771259528496,0.001077900129593439
10.209999999999827,140.50168834210666,0.009737588454160643,0.0028898137955816437,0.004428253122878677,0.0011836663833270796
10.219999999999827,141.73526435336552,0.010576173351988644,0.0024024676241900223,0.004604795701701149,0.0012602200530001215
10.229999999999826,142.6247215454986,0.011301268666601817,0.0018686841378684933,0.004693064025142613,0.0013066911285017488
10.239999999999826,142.87821821473642,0.011899118289676266,0.001300747659239918,0.004686428303460758,0.0013223744397219757
10.249999999999826,142.6149589699831,0.012361813171140058,0.0007123772677455821,0.004580799655072842,0.001306947074354947
10.259999999999826,145.5561419269385,0.012688888784800121,0.0008582408693193688,0.00441357083342908,0.001260901970655882
10.269999999999825,149.9879482322716,0.0128877559195345,0.0011821902611618593,0.004804553323647332,0.0013349780357801364
10.279999999999825,153.77981957868616,0.012979263121343138,0.0014845082035529176,0.005115194167198604,0.0014336079542383324
10.289999999999825,156.09378796545218,0.013190636922105722,0.0017647806133495691,0.005400253063897141,0.001526381239067027
10.299999999999825,156.7555180503088,0.013337320263769159,0.00223010304639478,0.005804002245569394,0.001644441649057499
10.309999999999825,156.29989181442127,0.013439080553746418,0.0027492633920316346,0.006110917865728283,0.0017343912046456948
10.319999999999824,154.77052945192236,0.013512636774697023,0.003258636290059714,0.006282858676927422,0.0017853833114970712
10.329999999999824,152.80723028312104,0.013568060705024376,0.003760843380334965,0.0062880456142264006,0.0017883937151068267
10.339999999999824,152.33121800735665,0.013604604345805306,0.004258404103166509,0.006241441298181345,0.0017796605267016098
10.349999999999824,152.8950469130928,0.013611294660430966,0.004750685086928406,0.006210698774113952,0.0017717620795667476
10.359999999999824,154.1768300536651,0.013568541455220835,0.005233805285656924,0.005971944750313094,0.0017042333181551206
10.369999999999823,159.22056525749565,0.013449292916532416,0.005703808193868678,0.0055169137293247265,0.0015747549915892751
10.379999999999823,161.25316730785275,0.013223860206754423,0.00615963910786513,0.004864634104384843,0.0013887986431248393
10.389999999999823,160.39372269656295,0.012867248198148001,0.0066034237899400975,0.004696604398452492,0.0011634519576305985
10.399999999999823,157.34944609613325,0.012363637989537365,0.007038578903037923,0.0048488275456668945,0.0010643805612889946
10.409999999999823,153.19915724664708,0.011708549491427982,0.007468870393649212,0.0049451094191277425,0.001152783805573886
10.419999999999822,152.24814707215788,0.01091212634283429,0.007896776608554609,0.005126364081875052,0.0012779477330099993
10.429999999999822,158.8578497010835,0.010052789015240012,0.008337004865089337,0.005456147490894541,0.0013560305403763264
10.439999999999822,161.67910130064266,0.009645059779446394,0.00876900709764714,0.005580662064830994,0.0013625990958275813
10.449999999999822,160.37689639286367,0.009187534997360256,0.009186053891632061,0.005494517696779158,0.0012916817818384657
10.459999999999821,155.28722805950835,0.008689245862810575,0.00958147031785854,0.005295839372394917,0.001170335092840388
10.469999999999821,156.67580969721894,0.008158324675494948,0.00994935856917314,0.005352419633760177,0.001170395040707211
10.479999999999821,162.250459452173,0.007603323871500998,0.0102846359008432,0.005386365610276756,0.0011657086632886286
10.48999999999982,166.6291885155644,0.007034145904907244,0.010584762104983166,0.005411465388536682,0.001152837540789662
10.49999999999982,168.5011859911431,0.0064610404640759326,0.010849868241285324,0.005435854227684852,0.0011650857000715933
10.50999999999982,166.890716891768,0.005895312120320988,0.0110809737389566,0.005460009768404868,0.0012068283433808022
10.51999999999982,161.3766393003127,0.00534989003034479,0.011280221738252496,0.0055460331294610865,0.0012734477503688747
10.52999999999982,152.19626459302947,0.004837605285307882,0.011452021356495647,0.005678855674551311,0.0013502677010954545
10.53999999999982,140.19743483482483,0.00436870352777948,0.011602383691488772,0.00579806649140784,0.0014250818969235234
10.54999999999982,143.22097684523956,0.004399937348213603,0.011735858904943983,0.005895134681484426,0.0014975043356315922
10.55999999999982,155.69444477208276,0.004626584526412324,0.011853432353516026,0.005969930282854234,0.001567178744762716
10.569999999999819,165.88926277669776,0.004813611894605685,0.011954992513179656,0.00629674876495748,0.0016337037199904308
10.579999999999819,172.05232733604186,0.00491984873183262,0.012042398570695705,0.006545955250739953,0.0016967270225836733
10.589999999999819,173.09460491836344,0.004911782310384206,0.012120618700021932,0.006672362282780767,0.0017559217467894863
10.599999999999818,168.7781785391645,0.00476623511748858,0.01219802114011183,0.006695602003826948,0.001810986650279523
10.609999999999818,159.74073433270917,0.004473334361547753,0.012284329936651177,0.006678981391899872,0.0018616527080845449
10.619999999999818,147.3812238959049,0.0040369129451967006,0.012386645658923919,0.006727488572388059,0.0019076965856464818
10.629999999999818,142.33358728623725,0.0034720411562836756,0.012508501629883553,0.006922635589210267,0.0019489520476112716
10.639999999999818,156.80487103670686,0.002802376771128061,0.012652121513337352,0.007084728523966032,0.0019853132675382895
10.649999999999817,168.6879229921549,0.0020547340304802046,0.012818976697545217,0.007356182032965592,0.00201673349572771
10.659999999999817,176.42341438849905,0.0012935585564210486,0.013008473294784422,0.0076031629108925716,0.0020432345874718347
10.669999999999817,179.3402791943762,0.0008883610579621616,0.013218415090505935,0.007758160230975626,0.002064889965224336
10.679999999999817,177.2301162554889,0.0009602953532507264,0.013445704238100788,0.0078001661580235655,0.002081805297255781
10.689999999999817,170.51964219525294,0.0018259900483209603,0.013685174851241178,0.007748567950092987,0.002094154612146738
10.699999999999816,160.70970087739107,0.0026994573206520207,0.013929787955047393,0.007648432297081493,0.002102155122230178
10.709999999999816,153.99872519960138,0.003575916694657291,0.014171691819313022,0.0075463496243809184,0.0021060588133751
10.719999999999816,158.57250241103927,0.004452914605644061,0.014403419371368398,0.007469568338454776,0.0021061498344684265
10.729999999999816,160.96474530924604,0.005328543010646529,0.014618891620303406,0.007437810578673832,0.0021027134996379052
10.739999999999815,160.93847040308506,0.0061986271183808945,0.014813913187771614,0.007509605755789961,0.002096026172782075
10.749999999999815,158.63524914809284,0.007055900412742954,0.014987435133044213,0.007640522846934349,0.0020863736306143362
10.759999999999815,154.57265771878556,0.007892302757584407,0.015140698328145179,0.00783185197664248,0.002074036096012847
10.769999999999815,157.73114540702025,0.008700340652420148,0.015276171778597416,0.008058132417673542,0.0020592913548221326
10.779999999999815,169.15144028470877,0.009495179960279286,0.015397954444582921,0.008272266142374399,0.0020424659777860776
10.789999999999814,179.01533895568195,0.010407907258739689,0.015512070145434908,0.008421195184169812,0.0020237531447340226
10.799999999999814,185.6798909606664,0.011207388609872644,0.015627623769741607,0.0084636023889306,0.002003425397865536
10.809999999999814,189.4693427035447,0.011882381521312178,0.015777400800530868,0.008426671886936587,0.0019818089888724746
10.819999999999814,189.37079719871906,0.012427915861831612,0.015953263605137005,0.008419920816976779,0.001961698149557402
10.829999999999814,184.170368796563,0.01284423309910551,0.016157877589545178,0.008538922610801131,0.0019442821427590206
10.839999999999813,175.7425791293147,0.013205360475647967,0.016392778251592403,0.008774695554691205,0.0019473233292850011
10.849999999999813,170.0176930184871,0.013609591107371992,0.016654521527318094,0.008918502615244848,0.001985687671527072
10.859999999999813,179.1131161408761,0.013924413764395904,0.016935597689200943,0.008957994911556914,0.002019419100991967
10.869999999999813,187.1323868123948,0.01413837478851038,0.017226040028482426,0.009307121350747152,0.0020484830836553056
10.879999999999812,193.35073209198552,0.014240153959311172,0.017515479460178573,0.009747116273470276,0.0020728951261867177
10.889999999999812,196.55890260656358,0.014217977539185595,0.017795044067175362,0.010036425597184234,0.0020927046706013955
10.899999999999812,196.54216426614968,0.014061579952393198,0.018059014991771503,0.010172131106957786,0.002107882392387498
10.909999999999812,193.24922001012294,0.01376625471612524,0.018303613928541695,0.010110477290391526,0.00212417490442899
10.919999999999812,186.42583605418545,0.013334148415134759,0.018526310606440548,0.009879350169882081,0.0021365001616436086
10.929999999999811,177.32997584606275,0.013009083199300433,0.018728507792211142,0.009531634371161921,0.0021444962131804846
10.939999999999811,177.6181778315202,0.012894474698377833,0.018914238109650486,0.009132131237250679,0.0021482216368322996
10.949999999999811,187.4711109943607,0.012748968020818595,0.019086666475641917,0.008741018742145433,0.002147657895041817
10.95999999999981,191.9108179733959,0.012558661797981726,0.019247025884703763,0.008599218163596682,0.0021428068344722263
10.96999999999981,192.05394859536537,0.012310725536061315,0.01939426520071678,0.008625197277184627,0.0021339164194136627
10.97999999999981,187.48207612477418,0.0119964453799618,0.01952734917592468,0.008568938063503355,0.0021210986006417296
10.98999999999981,181.65968490593457,0.011612559317097189,0.019647978618232982,0.008515491441815926,0.0021045077044512116
10.99999999999981,175.34965259379797,0.011161564430487674,0.01976059319075121,0.0083919216404721,0.002084305626307297
11.00999999999981,167.3639650407805,0.010649870210063252,0.019870319932259236,0.008228700580697622,0.0020606978266541334
11.01999999999981,172.59379981701494,0.010086252977146154,0.019978961206853874,0.008050397699214423,0.0020339491615457206
11.02999999999981,177.72707126634975,0.009481902683892303,0.02008416204242099,0.007871652977858176,0.002004365833222169
11.039999999999809,179.40636921194067,0.008849818421209044,0.020182015476665763,0.007696717446589078,0.0019722461344362035
11.049999999999809,177.42115576855963,0.008203752906324328,0.02026830825125376,0.007522215453943663,0.0019513825352022256
11.059999999999809,171.3955284541823,0.007759428737493767,0.02034042404452861,0.007538764430572204,0.0019328443010205633
11.069999999999808,162.1339969642434,0.007933218305838942,0.020398811619134198,0.007707588108196896,0.001905030293049807
11.079999999999808,160.88760075771495,0.008038929741433967,0.020446439731524338,0.007858346938945656,0.0018708202982533448
11.089999999999808,167.00661107776077,0.008031251715065952,0.020488077896022378,0.007990130536864521,0.0018825668572108928
11.099999999999808,171.5549173829099,0.00787585029870109,0.020528157630284424,0.00810212239917544,0.0018944344498695084
11.109999999999808,176.9384245491075,0.0075554015898662945,0.020567674096407626,0.008193611360970516,0.001905733952535732
11.119999999999807,178.38317962383292,0.007072498450712744,0.02060282382674589,0.008263993039543973,0.001916429645950403
11.129999999999807,175.57488417950498,0.006446566087510482,0.020626213552878674,0.00831276424768774,0.0019266634590526363
11.139999999999807,167.99024981022112,0.005708990559055742,0.020629817888590262,0.008339525626270047,0.0019359786359031683
11.149999999999807,156.65256864839282,0.00489903677420236,0.020606273729852694,0.008344002301915392,0.001944450249707666
11.159999999999807,143.3085537235682,0.0040572797902973445,0.020548889296144644,0.008326065192912848,0.0019519342392225534
11.169999999999806,144.17935524946148,0.0032197624449922225,0.02045455871123897,0.008285729669826502,0.0019582020651922106
11.179999999999806,155.50141171623324,0.0024152381497194258,0.020326981711730453,0.008223138014984702,0.0019679117682035114
11.189999999999806,162.4857170183391,0.0016633070062592118,0.020173395418478783,0.008138553256846719,0.001979401181855329
11.199999999999806,164.44573263777548,0.00122933628576411,0.020014304433995194,0.008081255510305254,0.0019892200986097934
11.209999999999805,161.41844695917482,0.0010319271740194076,0.01984524188238562,0.008005011857446762,0.0019970829954800698
11.219999999999805,154.23095857468965,0.0008291373053300974,0.019666881350676055,0.007910257908375618,0.0020029170858708004
11.229999999999805,144.57277186564338,0.001356996723618651,0.01948111038836434,0.007797968568017166,0.0020063659408326956
11.239999999999805,138.35401038893045,0.0018888401632727895,0.019290049827145963,0.007669209723789074,0.0020073415477852396
11.249999999999805,147.0878249487743,0.002432277382758767,0.019094936392408942,0.007525121726879858,0.002005830959193226
11.259999999999804,153.38458810213453,0.0030054994225482347,0.018894444587438972,0.0073669417016854165,0.002001795947338408
11.269999999999804,156.15925133820275,0.0036193052213096153,0.01868646285374005,0.007195993883104415,0.0019952021599820334
11.279999999999804,154.92693676872545,0.00427531751612871,0.018469552992334794,0.007227780501364547,0.001985988299745167
11.289999999999804,149.94337748252127,0.004966454351996266,0.01824211685473722,0.007328712057551005,0.00197415226404536
11.299999999999804,145.6112254255581,0.005678458640261686,0.018001662159691893,0.007400734362730551,0.001959810070817578
11.309999999999803,156.37038945474418,0.006392274841316933,0.017744325957262302,0.007412815944239353,0.001943127812777099
11.319999999999803,167.33806691688824,0.007086369537384692,0.01746587971383326,0.007348872923365087,0.0019242023915918885
11.329999999999803,175.41667909631093,0.007737419569617587,0.017163667881022325,0.0074768762051332545,0.0019030614418560816
11.339999999999803,178.5443848920461,0.008321288449347696,0.01683716237010139,0.007545562401585446,0.001879827282206737
11.349999999999802,177.35198683874253,0.008815258797737277,0.016488580385958004,0.007474061303660406,0.0018547996645753313
11.359999999999802,171.22354886730895,0.009199777174056109,0.01612365120740136,0.007261808082899666,0.001828080458822776
11.369999999999802,161.49491016138006,0.009459504213517995,0.015750744112137817,0.006951922391418916,0.0017997166703721318
11.379999999999802,150.87500899951254,0.009584500475279941,0.01537742169372572,0.006613399486221452,0.0017698355103702892
11.389999999999802,147.03902120117434,0.009587948501228495,0.015007818960089844,0.00631097230014009,0.0017386703788351834
11.399999999999801,153.31930958196148,0.009464574051408162,0.01464319741943467,0.006159174631731957,0.0017064716267114648
11.409999999999801,157.35333986950224,0.009542314454937964,0.014283477159008122,0.006159378490514797,0.0016734185384406854
11.419999999999801,158.21283802353676,0.009714042318240301,0.013928472172080516,0.00624104749042009,0.0016397726153646254
11.4299999999998,155.77731141972689,0.009819673842570303,0.013577463563278545,0.006406657503706822,0.0016055809437781014
11.4399999999998,150.40430714862413,0.009866806422268622,0.013229220154213829,0.006630659437249024,0.001571223293378019
11.4499999999998,146.81811201244133,0.009860701795227708,0.0128820667269776,0.006861968819264997,0.0015369209153282372
11.4599999999998,149.10089070820405,0.009805051740082895,0.012532292565430526,0.007041051969902783,0.0015027230821920614
11.4699999999998,157.67941161685386,0.009702575731877801,0.012178951397562737,0.007118265182907344,0.0014689124068092353
11.4799999999998,165.58295586124194,0.009555049500025583,0.011825986244766624,0.0070656670048087535,0.0014357967674916165
11.4899999999998,169.6366738906995,0.009362930843089737,0.011450501334518302,0.006952128975525311,0.00142954460025868
11.4999999999998,168.96192213815743,0.009126617372191701,0.011048761311579145,0.0068312268564555,0.0014628103752387838
11.509999999999799,163.52348627279972,0.008849445790704482,0.010620638967103293,0.006632724149106613,0.0014882922822898469
11.519999999999799,154.25520271973005,0.008537939588148583,0.010168929349885083,0.006399930022300678,0.001505311715517676
11.529999999999799,145.96502724748163,0.008262964726997994,0.009698456800616118,0.006167946173083811,0.001513189792627001
11.539999999999798,143.63871906233433,0.007963406722725387,0.009215618194972946,0.005956759311347606,0.0015113406671039733
11.549999999999798,145.32962426801532,0.00764990299518765,0.008729233844084179,0.005770602315934119,0.00149940432997368
11.559999999999798,147.74818871340506,0.007593033130669902,0.00825008591804308,0.005603164725392129,0.0014770264556423782
11.569999999999798,150.77129674015447,0.007879865378729499,0.007789742500801876,0.005444136007961847,0.0014440243368509258
11.579999999999798,150.90474173223353,0.008093831729783518,0.0073594238060705145,0.005283112540087159,0.0014004221576795581
11.589999999999797,150.54032482210573,0.00820458205040483,0.006967371602662962,0.005110831295499515,0.0013464805084350041
11.599999999999797,150.4600040091294,0.008192822597346366,0.006616712526814142,0.004919331815681716,0.0012826528398613912
11.609999999999797,149.8891081070162,0.008053038398192734,0.00631859871469166,0.0047833567326887524,0.0012095652655296
11.619999999999797,149.01826216383634,0.007791936034953492,0.006065175780001706,0.004814447671663847,0.0011280385888935564
11.629999999999797,148.0130752128645,0.007426049162584668,0.00583184765309609,0.004929839513520507,0.0010806027444972453
11.639999999999796,150.3402380766277,0.006980375743616979,0.00561118024543833,0.00502948276277529,0.0010534787692715911
11.649999999999796,150.1850677100942,0.006484353785040382,0.005398403902764134,0.004972355994882924,0.0010251404419582583
11.659999999999796,146.19473467345645,0.005966321975317664,0.00519120092939127,0.004744028126655271,0.0009955669256670142
11.669999999999796,143.59255795653115,0.005450056997271192,0.004987414408488608,0.004641018753778834,0.0009736797120752094
11.679999999999795,142.22702011259994,0.004953290003631918,0.004783632782568267,0.00462753352655068,0.0009724310218001895
11.689999999999795,140.46131133390935,0.004485296185317991,0.00457520373764964,0.004469668233217925,0.0009182972994453067
11.699999999999795,138.11557645465544,0.004046158767131492,0.004357574193048395,0.004179137038123968,0.0008810871692658122
11.709999999999795,139.16893398756054,0.0036298331612136104,0.004127163368424523,0.0037928747144454844,0.0008601281249387025
11.719999999999795,141.1903398909546,0.0032254155946176504,0.003882246625553416,0.00357517847656383,0.0008327123553869138
11.729999999999794,140.87893426488375,0.002817261018918915,0.0036242383236502703,0.003618806077355522,0.000798801108915212
11.739999999999794,138.80443713782685,0.002388639723354871,0.0033583916379085004,0.0035498731952637013,0.0007582923589666548
11.749999999999794,135.33526625174625,0.001924160042402924,0.003092049545336509,0.003357157112677753,0.0007111842976482515
11.759999999999794,130.32177491663697,0.0014097640294729865,0.0028665737875158133,0.0030534947837719496,0.0006576430540499441
11.769999999999794,130.737071811152,0.0010479093682233085,0.0026530664533070776,0.0026699989093847153,0.0005979371582087301
11.779999999999793,132.7367989146912,0.0009229115018229648,0.002434783876872766,0.002307258813213371,0.0005324741069680467
11.789999999999793,134.18490903414548,0.0008201239688150188,0.0022139521923488213,0.002332638123835449,0.00046608417269442204
11.799999999999793,135.03977666228644,0.001533716194855116,0.0019959719368855397,0.0024774429036318575,0.0004989650477828305
11.809999999999793,135.3629996426592,0.0022696676279014686,0.0017872220239117426,0.0024934831369070208,0.0006186628415007528
11.819999999999792,135.309469700917,0.003008659387146217,0.0015912959232932623,0.0030165999885939597,0.0007121245161045966
11.829999999999792,135.08948397327114,0.003728082560606098,0.00140904530027118,0.003454761594615813,0.0007732928050491472
11.839999999999792,135.7777135140988,0.004402897291032366,0.00124022801237149,0.003762261786113632,0.0007983890225997923
11.849999999999792,136.4223671049542,0.005011360844419244,0.0010829857147315763,0.0039121188536046575,0.0007858302156212457
11.859999999999792,137.28905292246804,0.005541129903150285,0.0009333016496604651,0.0038878712045372073,0.0008805548204957204
11.869999999999791,139.9936286429975,0.005963365022096278,0.0007840047053971642,0.0036840303239914374,0.0009460986989786459
11.879999999999791,139.47983036803907,0.006273103921401982,0.0006256687099394396,0.003460537654787359,0.0009576324169198681
11.889999999999791,138.34504222552013,0.006473988576020323,0.0005223240909850673,0.003283148911055963,0.000915977954859795
11.89999999999979,138.40652964710011,0.006574771587061031,0.0003999968526861449,0.003044647910112291,0.0008302378390626471
11.90999999999979,138.31140940393556,0.0065879549962290776,0.00025363488011259633,0.002902014289982806,0.0007162785665236397
11.91999999999979,138.3265551069111,0.006529386145878545,0.0002460985729727076,0.003190137543446369,0.0006893299560891375
11.92999999999979,140.94810979958194,0.007040701155876644,0.0005290512254997484,0.0034748426690834645,0.0007442881582181603
11.93999999999979,142.5074267335817,0.007776091342754908,0.0008306095877698158,0.0036949594146784455,0.0007956048202615388
11.94999999999979,142.8442950794929,0.008455168737436623,0.001145389420240682,0.00393764412083291,0.0009621054905393508
11.95999999999979,142.01208380645076,0.00906395559112735,0.0014666216511243202,0.004448563527498648,0.0010978296022235128
11.96999999999979,142.75130015326584,0.00958975439065881,0.0017878337755332678,0.0048974291221860235,0.0012352025208292971
11.979999999999789,143.6750532719377,0.010018044714878343,0.0021038615006587153,0.0052441647887854605,0.0013524343559201174
11.989999999999789,144.18587826027905,0.010332823093968138,0.002411995433005722,0.005456422100179276,0.0014264908741043018
11.999999999999789,144.28068187368893,0.010520749316774722,0.002711760037092437,0.00551098266084711,0.0014522638204634828
12.009999999999788,145.40949191507642,0.0105746458456867,0.003001369822195261,0.005395838270937528,0.0014271684132192268
12.019999999999788,150.8540207586195,0.010493617344477025,0.0032779035081663996,0.005111795780253249,0.0013517277813297316
12.029999999999788,153.52584603512136,0.010283172756511994,0.003539494906246014,0.004673039480325733,0.0012301321422305358
12.039999999999788,153.40639762414756,0.009955153860008373,0.0037839274038956932,0.004571735487767384,0.0010701618318267744
12.049999999999788,150.85224729568267,0.009525351709318928,0.004008669824263002,0.004538018471658151,0.0010335137686893218
12.059999999999787,151.03664279771937,0.009012778021918322,0.004212903525754095,0.004690435435673365,0.001126249250066407
12.069999999999787,154.1345248158034,0.008440338240908644,0.0043973403141766175,0.004804280957161192,0.0011982957346043568
12.079999999999787,155.7850031834568,0.00811177612337261,0.00456475556459727,0.0048234246968529,0.0012366961543903042
12.089999999999787,156.15662584664997,0.008129548353323395,0.004718774958106572,0.004711980167980258,0.0012314871519607498
12.099999999999786,154.84368217533736,0.008020764533305896,0.004863084949038207,0.004513753384476248,0.0011887034375866763
12.109999999999786,151.18979379605693,0.007783635339934205,0.005002891904268839,0.004613690771961424,0.0011179127693504956
12.119999999999786,145.20960070945955,0.007426186472392047,0.005144726676846331,0.004665619096326615,0.0011232972789547494
12.129999999999786,142.13568494830784,0.006966575602457959,0.005323629186661378,0.004654244748126102,0.0011247890229539998
12.139999999999786,144.0063330262457,0.006432165660120526,0.005720084399499148,0.004610320630524208,0.0011224375388692726
12.149999999999785,148.13235861628758,0.005855154878460748,0.0061528002468801465,0.004728457593033957,0.0011162515674209967
12.159999999999785,150.8726727417733,0.005267091283791215,0.006619575873267149,0.004800640927781474,0.0011064620747175966
12.169999999999785,151.35033834734665,0.004695960096250712,0.007114134176976035,0.0047946540005010556,0.001093530252723677
12.179999999999785,150.4316466447754,0.004165105325956766,0.007625804865379316,0.004692782038290342,0.0010778975088036552
12.189999999999785,147.24037214533388,0.0036899974011327247,0.00814143330322468,0.004498611956969799,0.001059846717061995
12.199999999999784,142.01339685879952,0.0032737932005084927,0.00864851599807289,0.004237666653813625,0.0010396567370951992
12.209999999999784,139.74981321133671,0.0029068355502461615,0.009137616512536827,0.003952222940623719,0.0010178062563432329
12.219999999999784,138.9413179775118,0.0025693965363867088,0.009602712244380805,0.0038692173991420153,0.0009949529676314558
12.229999999999784,142.884769929757,0.0022356530629479583,0.010039285189288176,0.003837559970938584,0.0009872020164655544
12.239999999999783,145.44541560030407,0.0018786103996474188,0.010443953492110282,0.0040718429563880495,0.0010646623829245721
12.249999999999783,145.34157899356046,0.0014747938211184537,0.010815240797428224,0.0042408818257182145,0.0011342869152641138
12.259999999999783,142.69405678720145,0.0010068495450726229,0.01115473042078486,0.004462262792699501,0.0011964617931302954
12.269999999999783,137.8816681389055,0.0007985760157884183,0.011466840642494605,0.004830464769435963,0.0012524690322779548
12.279999999999783,131.6348213536429,0.001098999288147672,0.011756878386687456,0.0051915898305211795,0.0013037012586319685
12.289999999999782,130.2047893003254,0.001363729556308554,0.012030443854058305,0.005542007447391639,0.0013517441881042754
12.299999999999782,136.64339489730762,0.0020601601666985036,0.012292233989227736,0.005878065725657711,0.0013979781132957617
12.309999999999782,145.94470962992685,0.0027549246704621265,0.012545905898562975,0.006196153699234961,0.0014434075218885199
12.319999999999782,153.49676472531272,0.0034020809690319697,0.012794725393062846,0.006492720395532974,0.0014888525090366617
12.329999999999782,158.72949220684208,0.003960106485558051,0.01304110830615711,0.0067643098298424235,0.0015348616200400813
12.339999999999781,161.33266281172882,0.00439545987643621,0.013286439322602645,0.0070076343304089584,0.0015817495275945585
12.349999999999781,161.47935819069278,0.0046873299419104494,0.013530727383678222,0.007219629555998353,0.0016294498889860862
12.359999999999781,159.82535687656951,0.004829236805848968,0.01377184394003404,0.007397475866055899,0.0016772046613564113
12.36999999999978,157.22147598977122,0.004826371415029402,0.014004690597613582,0.007538632746491905,0.0017233241438681774
12.37999999999978,154.43565590834896,0.004694616100863866,0.014221001140062582,0.007640896633156031,0.0017652239615105218
12.38999999999978,152.03705300398855,0.004459163807989283,0.014411942344037362,0.007702445195475134,0.0018002337553221386
12.39999999999978,150.43858152313132,0.004150956579803711,0.014571260958685307,0.007721852309820184,0.0018264487261667275
12.40999999999978,149.97792288394683,0.003805296331443175,0.014695262583448726,0.0076981018929271955,0.0018426248951588973
12.41999999999978,150.79283421872492,0.0034589389996277538,0.014782382014617639,0.007630622651572499,0.0018480759945538646
12.42999999999978,152.63606138265027,0.003144602459941099,0.0148349345372509,0.007519308384308446,0.0018433330659856243
12.43999999999978,154.96487965617573,0.002888206664072414,0.014858397883633941,0.007364503616884393,0.001829902873710907
12.449999999999779,157.1750113398886,0.002716456165146228,0.014857634605708575,0.007167018544298866,0.0018091347181940043
12.459999999999779,158.69785032731576,0.002919988937347677,0.014836622299420425,0.0069281736378230445,0.0017820844247432048
12.469999999999779,159.04353511527967,0.0032742532803667177,0.014799012498486246,0.006649768178536965,0.0017496878213917309
12.479999999999778,157.93753373906807,0.0036815864658531388,0.014747401464415241,0.006334006419025243,0.001712373856566118
12.489999999999778,155.39088699450085,0.004132489456491391,0.01468418556490877,0.006043578541671768,0.0016702404105540633
12.499999999999778,151.6621355411102,0.004616965932817554,0.014607023717144011,0.0059123507820723386,0.0016235459016546122
12.509999999999778,147.2029419107732,0.005123407163526232,0.0145176515733702,0.005738405004621475,0.0015727659808012094
12.519999999999778,142.67963565843314,0.0056363993936153056,0.014418877431850342,0.005646035624160622,0.0015186482025797044
12.529999999999777,145.10312860442093,0.006137122348790204,0.014313996004944745,0.005563732672707785,0.0014621171629338103
12.539999999999777,148.04724193539084,0.006603695883865532,0.014205292447227676,0.005588658123121567,0.0014601191465808603
12.549999999999777,149.00813718886926,0.007012857909165359,0.014095443829938879,0.005760130729572998,0.001519089558816724
12.559999999999777,147.72509034067667,0.0073438279621231735,0.013988612642627638,0.005891172462653846,0.001578320861272355
12.569999999999776,144.94518091375673,0.007579303973349727,0.013887457046853582,0.006001519916436167,0.001637315625071209
12.579999999999776,142.72462307328556,0.007704838254214895,0.013792451876928877,0.006113379286067,0.0016956439659609821
12.589999999999776,141.0883264131968,0.007709757591209133,0.013703204538094675,0.006268544329376687,0.0017531069350053229
12.599999999999776,141.7806685654243,0.007587915287452479,0.013619372028724966,0.006541264535170858,0.0018092560371156601
12.609999999999776,142.17452472540768,0.0073389315398911074,0.01354199283126144,0.006831380061122817,0.001863663442787435
12.619999999999775,142.4874178220568,0.006970108349470863,0.013473383812983917,0.007114653868761243,0.0019159687213716429
12.629999999999775,143.07035116635643,0.00670027538974697,0.013754031386850055,0.007359102176332918,0.0019658975165808266
12.639999999999775,144.72071727429977,0.00639808269654508,0.014072792266162528,0.007537788141039889,0.0020130710735197068
12.649999999999775,150.83213444261028,0.0060196433429137875,0.014364797146968974,0.0076403656262838664,0.0020570761674697006
12.659999999999775,156.7036401752084,0.005594903877377349,0.014628067576868554,0.0076780486065005146,0.0020976552753000327
12.669999999999774,161.31611016102235,0.005152523758913083,0.014861439877758406,0.007679985234952649,0.002134574697004048
12.679999999999774,163.98351161505911,0.004716217222230839,0.015065136822452543,0.00770043857105187,0.0021676584134824426
12.689999999999774,164.27395326354088,0.004301477801646628,0.01524074304210991,0.007789909309920576,0.002196645507777968
12.699999999999774,162.05321759436927,0.003913416791427513,0.015391423910967957,0.007848856526765768,0.0022212200100828108
12.709999999999773,158.40726994843254,0.003545340753834493,0.01552164988203191,0.007886354228836611,0.002241202452037107
12.719999999999773,153.94703048508305,0.0031800154442106557,0.015633879868131494,0.00793700026971868,0.0022565995278824775
12.729999999999773,150.5028055547641,0.002792951525415266,0.015726565301550314,0.007987956852436116,0.002267441330385337
12.739999999999773,156.68792597862029,0.0023562171126734334,0.015794754170848267,0.008003441154729295,0.0022736479095399505
12.749999999999773,161.84939163881035,0.0018415763035741254,0.015830577410441842,0.007989706341937092,0.0022751319299733714
12.759999999999772,165.26473554761947,0.0012252309865717333,0.015824571428606885,0.007978878372099157,0.0022729829465132833
12.769999999999772,166.57164090819867,0.0007572014452160137,0.01576766248822448,0.007973941268450286,0.002269849316076434
12.779999999999772,165.73901298727537,0.001106661643564393,0.01565379816030796,0.007945136929485763,0.002262020006704252
12.789999999999772,163.0656978098714,0.0017854209679728996,0.01548279627056789,0.0078943193534291,0.0022495206884172447
12.799999999999772,159.806339672168,0.002769342506011109,0.015259408451058524,0.007833622783041085,0.002232376146938494
12.809999999999771,162.8893662354528,0.003766655099128352,0.014991150967382683,0.007755560496071938,0.0022106855216441645
12.819999999999771,164.37911974028796,0.004723650393797938,0.014687026883257442,0.007659514853710779,0.0021846301165476456
12.829999999999771,163.99248791714714,0.00558175343373994,0.014754283422619039,0.007552307315006461,0.0021543987603795303
12.83999999999977,161.64772060410675,0.006283955050332042,0.01482619244680675,0.007428153272261266,0.0021201131508168827
12.84999999999977,157.54495167830223,0.006783233907293672,0.014897878812928,0.007307934630676205,0.002081858723766341
12.85999999999977,152.18362703089977,0.007046912769425052,0.014973269304562368,0.007193545599890678,0.002039803133416584
12.86999999999977,153.63289154191523,0.007061131578414078,0.01505724143192279,0.0070954405262511665,0.0019942472501074276
12.87999999999977,157.9570378449523,0.006836683802705462,0.015154655457016194,0.007016792000898149,0.0019455223525343956
12.88999999999977,161.89294389329697,0.00640959355661362,0.015270104355694104,0.006948239533417679,0.0018938725894907494
12.89999999999977,164.5697471167135,0.0059897107751997825,0.01540741569615925,0.006869191508838658,0.001839512994009732
12.90999999999977,165.34870150767583,0.006074996659941911,0.01556823004388412,0.006755679748067841,0.001782896483209612
12.919999999999769,163.97336245748156,0.006073364539220873,0.015748974657779576,0.006590054424292094,0.0017245368455126168
12.929999999999769,160.56720699489466,0.005994356127818745,0.01594012727034636,0.006367707097137435,0.0016645892480276314
12.939999999999769,157.0769561258001,0.0058535297147412615,0.0161300470919279,0.006098839967398591,0.0016038682322104805
12.949999999999768,153.45539625835744,0.005671196421465236,0.016308717853159342,0.005918027330719096,0.0015426628257425204
12.959999999999768,149.39103331010398,0.005468330737365754,0.01646904627283252,0.0060257772782622825,0.0015548675694997739
12.969999999999768,151.76022927834,0.005263677173592571,0.016607438853016503,0.006207007744185642,0.0015806236048979665
12.979999999999768,155.5540724727923,0.005074780080868892,0.016723666191732323,0.006355824797966243,0.0016026016732054065
12.989999999999768,157.26683544128483,0.00491867324567694,0.01682016632616136,0.006549288003073793,0.0016205416774972407
12.999999999999767,156.98996878378418,0.004810027187394281,0.01690051060159771,0.006722457521056523,0.0016342069786148285
13.009999999999767,154.99812720101033,0.004759121449141112,0.0169680597753209,0.006857107306655763,0.0016433571656378424
13.019999999999767,151.82627601110912,0.004978099525644575,0.017025638378741405,0.0069528421675864385,0.0016478304470975268
13.029999999999767,156.56995742628328,0.005371859396808552,0.017074086952514122,0.007009671870493705,0.0016603251399222054
13.039999999999766,161.5244717879101,0.005689742073391154,0.017111546578566596,0.007028012667470044,0.0017060470918411458
13.049999999999766,165.49494834361798,0.005919115458912724,0.017134182486113186,0.007008693780682764,0.0017489000811380536
13.059999999999766,167.8654963726767,0.006060436567548567,0.01713724216306305,0.0069658948001020005,0.0017873379132709011
13.069999999999766,168.13812633843048,0.00612602098433286,0.017116254097168222,0.00697559737033987,0.0018198606131140725
13.079999999999766,166.11217756632314,0.0061372078051155935,0.017068280478264128,0.006915782209050899,0.001845419360888598
13.089999999999765,162.10460755372657,0.006118679567635245,0.016991471646194762,0.006811588666120546,0.0018633314847978542
13.099999999999765,160.75117118178645,0.006299445001208999,0.016911858755544736,0.006696072722184344,0.001873296829764713
13.109999999999765,165.6199391275253,0.0065012969362098,0.016812163854342362,0.006738115165064633,0.0018753301442416268
13.119999999999765,168.98674981040048,0.006668081475134791,0.016685189475011818,0.00675193829839577,0.0018697462730450053
13.129999999999765,170.15457543003058,0.00679448047835905,0.01653450187311732,0.006721377090482854,0.0018574828214893008
13.139999999999764,168.83317595001475,0.00687832080072342,0.01636549714436529,0.006645661808377848,0.0018400765841922683
13.149999999999764,165.12934950809773,0.006917697141694494,0.0161842249725438,0.006533055875783623,0.0018192952100194641
13.159999999999764,159.61100340495122,0.0069094553035346905,0.015994795634896992,0.00641972759722099,0.0017962940389409025
13.169999999999764,154.06719464125936,0.006850969907593616,0.015797109720129706,0.006305138265463388,0.0017709747434487644
13.179999999999763,147.40162028456407,0.006829558131696331,0.015587874346022485,0.006154671729966478,0.0017423532132252793
13.189999999999763,140.34808559667235,0.006909753317101236,0.015364373743111961,0.005994576481615927,0.0017096766217948405
13.199999999999763,144.5430704600944,0.006912540511905289,0.015126400891107589,0.005859111087096737,0.0016729271877119994
13.209999999999763,148.553316402024,0.00681282350380298,0.01487499403187806,0.005763061065509489,0.0016323900961856058
13.219999999999763,150.55552030745028,0.006590263862782946,0.014610803630383537,0.005690899406324843,0.0015881923879515008
13.229999999999762,150.28322494319914,0.006230897450211282,0.01433510455032024,0.005630414652047467,0.0015489220233968761
13.239999999999762,147.912200310181,0.005726318047710267,0.014052282659716664,0.0055781557553184645,0.001517872141623588
13.249999999999762,144.00119685043714,0.005073773035145424,0.013767219448115294,0.005465251672875457,0.0014834952825836995
13.259999999999762,139.25755481028273,0.004279882224760319,0.013481391660040247,0.005291079172767764,0.0014460909675022395
13.269999999999762,134.75946028869163,0.0034256053866212315,0.013192223137405187,0.005071170962742274,0.0014048286219102257
13.279999999999761,135.48182430277737,0.0029198004211732484,0.012894813539091003,0.004829752185410702,0.0013582577355395692
13.289999999999761,136.765874020151,0.0024029176140314347,0.012587100082087948,0.00495083443689176,0.0013298054870661791
13.299999999999761,136.59958564697737,0.0018837618371000493,0.012272667836964008,0.005234575026612212,0.001371027826568675
13.30999999999976,134.92256664768698,0.0013815049144894954,0.011958175255568419,0.005449406966947321,0.0014117394835765698
13.31999999999976,131.99308273279271,0.0022847837044675736,0.011649481005433681,0.005564647219819008,0.001451314498409906
13.32999999999976,132.0037483688537,0.0030427569686659224,0.011348964629201595,0.005587326454356103,0.001489655896035486
13.33999999999976,135.92989636828696,0.003623026671728179,0.011055833437189772,0.00555912581797455,0.0015262111615536333
13.34999999999976,139.36620115463734,0.004009978107568876,0.010767975364650725,0.005539317838945362,0.0015606237654664287
13.35999999999976,141.64000626305435,0.004206463114288597,0.010482244818340947,0.005600117573002112,0.0015926664707316598
13.36999999999976,142.3507366174136,0.004234570020466821,0.010194536952044312,0.0057014612758588875,0.0016220741016443718
13.37999999999976,141.7750376935918,0.0041315950980859275,0.009900720074487081,0.005883947087720707,0.0016484945773414298
13.389999999999759,140.11641822075777,0.003943490057209298,0.0095982788837277,0.006083221032716317,0.0016716159685920217
13.399999999999759,138.70382478704835,0.003720707805542113,0.009288615822468529,0.006260828685915768,0.0016910860257850582
13.409999999999759,142.1585867300703,0.004255508694963351,0.008977124220781656,0.00639279733771918,0.0017067425498444371
13.419999999999758,147.81945305369112,0.0048408202932730595,0.008670534076361385,0.00648149554201257,0.0017250035021218327
13.429999999999758,152.25946771827526,0.005399401121480065,0.008374116834660552,0.006543668559027356,0.0017401856434269387
13.439999999999758,155.0856806535539,0.0059149043289075266,0.00808969303550332,0.006577591389555241,0.0017508334775526526
13.449999999999758,156.1412128641138,0.006374394932204308,0.007815273197736224,0.006597447308602096,0.0017566156508661745
13.459999999999757,155.399788366271,0.006768465152703449,0.0075473863970790395,0.006612356811840769,0.001757430832514305
13.469999999999757,153.35844178448448,0.007092278541580199,0.007283902714768038,0.006626311512778021,0.0017532777265883057
13.479999999999757,151.99465667659376,0.007346379168880539,0.00702489261362443,0.006645878083150858,0.0017440169760353976
13.489999999999757,149.72937605023893,0.007586237211288647,0.006772463314971811,0.006658064130981132,0.001729376344373106
13.499999999999757,147.10810812163044,0.007803899673248906,0.006529525839740194,0.006652287929608858,0.0017091887465460582
13.509999999999756,145.57209295979922,0.007965142127854468,0.006297413278541753,0.00661519183790368,0.0016835123148690751
13.519999999999756,146.68256117631847,0.008078120640938843,0.006086114787857622,0.006535045914238268,0.0016524679176485814
13.529999999999756,147.51626677667954,0.008152340207887809,0.005887876250783915,0.006406794675868726,0.0016160466316945412
13.539999999999756,148.07670673121675,0.008196131998046124,0.005690908090633201,0.006234757772921711,0.001574164152734481
13.549999999999756,148.3450533380888,0.008264256455676718,0.005494741324892231,0.006031483746506364,0.0015268617041885328
13.559999999999755,148.33759706435373,0.008329418345443707,0.005300973077920037,0.0058440585851609154,0.0014743511944164788
13.569999999999755,150.50411506664042,0.008333271913075278,0.0051122984026681535,0.0058123629920673655,0.001416852276946787
13.579999999999755,152.16765849598283,0.0083104148223757,0.004933076581574948,0.005765297420935039,0.0013544715822056518
13.589999999999755,152.9854464144786,0.008295894098905953,0.004767587209734724,0.0056808205894142245,0.0012872931349864865
13.599999999999755,152.36063001760692,0.008319109673121078,0.004618668226552555,0.005539812736472972,0.0012155388982734632
13.609999999999754,150.03550566887745,0.008399205396092438,0.004487537221496109,0.005330272162936706,0.001233763351577617
13.619999999999754,147.3214105616562,0.008541118542980041,0.004373602022069326,0.005124037935548365,0.0012749532464047626
13.629999999999754,146.16425553832846,0.008734005215942536,0.004274678133156664,0.005143197626949772,0.001260989185517993
13.639999999999754,144.8833876877007,0.008954801516569305,0.004188544503891638,0.005124080547825848,0.0012033976265393188
13.649999999999753,143.54934089262764,0.009173431842796575,0.0041131203166465315,0.0050079564896290405,0.0012033943069063148
13.659999999999753,142.2705988547231,0.009356198942759996,0.004043282620247579,0.0047443342574008136,0.0011715657998274266
13.669999999999753,140.70241955582495,0.009468475253429356,0.003971233874363887,0.004305249667620502,0.0010808931972225578
13.679999999999753,138.7771026844981,0.009478984414521887,0.0038908125956967662,0.0036941355852192835,0.0009346497541559412
13.689999999999753,137.33503702104173,0.009364333837813451,0.0037990561112651784,0.0038453329406634477,0.001046313682891721
13.699999999999752,137.53658076335557,0.009110518492413669,0.0036954611396744492,0.0040793039682379025,0.0011126313587808622
13.709999999999752,137.54203387060687,0.00871102834333198,0.003581742043380225,0.004111496417180774,0.001119864262242044
13.719999999999752,137.5343883536046,0.008167242992007408,0.0034628736082482426,0.003944640716394566,0.0010687482218256295
13.729999999999752,137.3588951662104,0.007490589758116743,0.003345531497477048,0.003599234012328101,0.00096480448169229
13.739999999999752,137.01107226778427,0.006700095842127101,0.0032346272274551206,0.003109282226174256,0.0008169391959093108
13.749999999999751,136.4943610337303,0.0059824186712430765,0.0031325621334912256,0.0032044835498861012,0.000850847492546202
13.759999999999751,135.81627162485307,0.005627776315769572,0.0030412533147373107,0.0032091215531617413,0.0008588438006886308
13.76999999999975,134.99002463541794,0.005203135942118523,0.0029644588391225754,0.0031922115303012278,0.0008358162846655649
13.77999999999975,134.0288039797226,0.004703940670084978,0.0028834471714946075,0.003316959771363527,0.0007812039534158858
13.78999999999975,132.93812412118828,0.004132664860930334,0.0027915091252948177,0.0034535353179823763,0.0007117211322761582
13.79999999999975,131.71709314081266,0.003499530320546466,0.002680954232308531,0.0035847786726684585,0.000744294826827295
13.80999999999975,130.3593761172151,0.0028198861372927624,0.002544629149337982,0.003709184615308706,0.0008110051833296772
13.81999999999975,128.8609997485232,0.002110229640990101,0.002379121437768918,0.0038251508683441,0.0008483372609854019
13.82999999999975,127.23184492061826,0.0018338591718162604,0.0021847897496704662,0.003931010404407253,0.0008763457423661847
13.83999999999975,125.48965301156149,0.0023271070860945886,0.0021942296286471146,0.004063327439213187,0.0009295432150366372
13.84999999999975,125.25872741785177,0.002666609808827798,0.0025360451249614516,0.00411341304292373,0.0009336483307913861
13.859999999999749,125.56651315916122,0.002848535866583226,0.0028848410424938318,0.004171479467964315,0.0009047914015077505
13.869999999999749,125.7101587678916,0.002880134334395466,0.003235944349512155,0.004220450362842737,0.0009447551945344371
13.879999999999749,125.74556749207002,0.0027821015194344077,0.003583760016679588,0.00425120325808782,0.0009791818725068504
13.889999999999748,125.96437470711741,0.0027566746556840324,0.003921562164316848,0.004262262858808662,0.0010081443179175886
13.899999999999748,127.52830048741157,0.0031869877981934827,0.004241451334306606,0.004252219673418061,0.0010317132226932764
13.909999999999748,128.92308557025603,0.003561488315924136,0.004537402889604778,0.004221986165094604,0.0010499330973840623
13.919999999999748,130.05980279309847,0.0038835387539061343,0.004807568092267257,0.004260006284824226,0.001062864067629048
13.929999999999747,130.8945397271802,0.004154140898370748,0.005054000963235205,0.004199224921157961,0.001070643757424023
13.939999999999747,131.4044747248645,0.004405738941670054,0.005279346570226174,0.004085240316179458,0.0010734958083665606
13.949999999999747,132.55032061422838,0.004617146857624955,0.005485448086622631,0.0039631954461050705,0.0010716579673192017
13.959999999999747,134.0471949209898,0.004774569623298224,0.005674585541819414,0.0038842554674180653,0.0010653082092000978
13.969999999999747,135.36786287374517,0.004877589841916052,0.005849706184844219,0.003923767481235156,0.0010545988049979855
13.979999999999746,136.45041084803682,0.004926695776752215,0.006013726978078993,0.0039603132063807545,0.0010397777315174618
13.989999999999746,137.23995982647244,0.004925518018473268,0.006169824732907002,0.003983080691492032,0.0010212371921885345
13.999999999999746,137.696170447967,0.004881970342834481,0.006321186723666889,0.003979734498649637,0.000999405261713153
14.009999999999746,137.75274284785615,0.004806394577801812,0.006469238514519219,0.003940074939810804,0.0009746212073456744
14.019999999999746,137.39196140040656,0.004710268957694106,0.006612217093576221,0.003859217408459131,0.0009471808237400692
14.029999999999745,136.63076323126984,0.004606420698914702,0.006746240786708923,0.0038122020051909863,0.0009174987919200586
14.039999999999745,135.51005086643343,0.004507198690737116,0.00686696476670022,0.003819924773954947,0.0008861437296818108
14.049999999999745,134.11617759139654,0.004472107841172903,0.006970855276471464,0.003760892340547246,0.000853669550645163
14.059999999999745,134.93087361827062,0.004481155386765556,0.00705579793836338,0.003629080935565902,0.0008262686181911469
14.069999999999744,136.2298906221845,0.004509811300992761,0.0071196855548214585,0.0034402637915968803,0.0008934349878424863
14.079999999999744,138.36560817292096,0.004549329734387821,0.007288207264105017,0.0036040041725606833,0.0009519503560357674
14.089999999999744,140.38682233078782,0.004590979335957558,0.007744238014088532,0.00383318627565326,0.0010009794386782289
14.099999999999744,142.18229044728503,0.004628113401826239,0.008187521313815987,0.00400692152318274,0.0010403809969543724
14.109999999999744,143.69395203267067,0.004652987424924889,0.008618822403634646,0.004123256975865475,0.0010706183156012745
14.119999999999743,144.8851441131756,0.004656459725795645,0.009042649303276485,0.004272268146652317,0.0010933257793395274
14.129999999999743,145.70448379819004,0.004736180836259226,0.009466581669492916,0.004341869049622725,0.0011110592152503503
14.139999999999743,146.0738405945056,0.005191157472523589,0.009897543964145813,0.004238215819667479,0.0011262635368967698
14.149999999999743,145.9594573450191,0.00568399136155665,0.010340360067162041,0.004264670970785234,0.0011578368163212018
14.159999999999743,145.38711227278176,0.00616447114967136,0.010798018255147769,0.0044427618942484565,0.0012208941654009095
14.169999999999742,144.3975010547826,0.0065797323460809985,0.011270882960068394,0.004639054436415918,0.0012874650459885604
14.179999999999742,143.01561890825525,0.006880829242502792,0.011756410350349831,0.0048519170154292714,0.0013569551403537885
14.189999999999742,141.31542479416285,0.007029115808053724,0.01224951402996282,0.005075769444371518,0.0014278517453341834
14.199999999999742,140.79308583767047,0.007001338205332476,0.012741804711702246,0.0054453852493547145,0.001497715789194773
14.209999999999742,141.79740424887942,0.006791793147734477,0.013222160520638128,0.005819470266108071,0.0015633873664856305
14.219999999999741,142.48922365410633,0.00641102536614604,0.013679617245393186,0.006170487125607119,0.0016217989965529127
14.229999999999741,142.746268747844,0.005882774704488646,0.0141071931666541,0.006496139390225599,0.0016709927002969052
14.23999999999974,142.44752424208426,0.005241103907775334,0.014502596623735164,0.006794286667373839,0.0017103065755727925
14.24999999999974,141.4984750379644,0.004527236144912535,0.014865464465394,0.0070629920865570555,0.001739670844767069
14.25999999999974,139.96226077831386,0.0038116749503165543,0.015197845475649905,0.007300544357487538,0.0017598096634882988
14.26999999999974,140.41092178855592,0.003908323550549827,0.015505320147873243,0.0075054475972125825,0.0017725020557996236
14.27999999999974,142.98996119624877,0.004022930878823431,0.015793621476603625,0.007676441904984948,0.0017795174632204392
14.28999999999974,144.83903574106864,0.004129234523007573,0.016066136627680448,0.007812546685842303,0.001781905252433004
14.29999999999974,145.73319528940436,0.004211636092063354,0.01632555857361045,0.007913070377084117,0.0017805552930842067
14.30999999999974,146.9462424577229,0.0042554358208158945,0.01657385017499524,0.007977590229587378,0.0017762205949913743
14.31999999999974,148.62652897787763,0.004244961333008238,0.01680970833290864,0.008005949457612477,0.0017687239446776515
14.329999999999739,148.969825259957,0.004164694898331078,0.017031892632126237,0.007998286999037802,0.0017570911187299917
14.339999999999739,148.23103301868014,0.004001379631384363,0.017239317473891444,0.007955054955273254,0.0017723450332714009
14.349999999999739,146.66255271639693,0.003745851764607587,0.01742112853173707,0.00794987958264843,0.0017932386565906269
14.359999999999738,144.65417758336613,0.0033944776904307515,0.01757722251470942,0.007918706002001865,0.0018055775205920114
14.369999999999738,142.70122941535863,0.002949286034107586,0.017710014315589558,0.00785423241148227,0.0018093891423499838
14.379999999999738,141.0534478684874,0.002417052217052464,0.017821362034796225,0.00775751856321974,0.0018048182258565847
14.389999999999738,139.90423110340564,0.0018075665225957892,0.017911124972453348,0.0076299133369056625,0.0017921464712414889
14.399999999999737,139.43953357447205,0.0011335982020160393,0.017979778949415548,0.007473034908045956,0.0017717393998366658
14.409999999999737,139.52229725983287,0.0006256713546740575,0.018030285691535825,0.007288806534212227,0.0017439701561261772
14.419999999999737,139.9115688600553,0.0010770057337303042,0.018068071533366866,0.00707943420886034,0.001798548172544674
14.429999999999737,140.37507838985871,0.0017866738085076776,0.018099654424413695,0.006847332454554198,0.0018856729589659539
14.439999999999737,141.11414673394233,0.0024806206747874583,0.018130488514503575,0.007024032670594455,0.0019721815949933787
14.449999999999736,144.3415759720345,0.0031384444460204894,0.01816386400516508,0.00726317770123084,0.002057822898313326
14.459999999999736,146.98894698290556,0.0037403838085755706,0.018199934339942502,0.0075188969351832665,0.0021419072954461335
14.469999999999736,147.68693513304035,0.004270743184019736,0.01823494046534049,0.007793026007830264,0.0022239856590420856
14.479999999999736,148.2602227056984,0.0047202208941403605,0.01826272695924014,0.0080856996495057,0.002303665993316206
14.489999999999736,153.44809759334922,0.0050858151100827455,0.01827613846082416,0.008377627422820935,0.002380560467645971
14.499999999999735,159.1756030767428,0.00536821952380517,0.018272118527067744,0.008665881197073023,0.002454173969321693
14.509999999999735,165.2723850532433,0.005570710994155214,0.01824558386095783,0.008944385684780317,0.002524026138618139
14.519999999999735,170.4771060488038,0.005701388334047263,0.018190943398085368,0.009219684418931444,0.002589706146297015
14.529999999999735,174.4573096195438,0.005773747550412244,0.018111915139819704,0.009559224425889312,0.002650839420992206
14.539999999999734,176.91842755119643,0.005803683255191267,0.018015153243114194,0.009893434520539653,0.0027070322953753703
14.549999999999734,177.76813847384406,0.005808434704110589,0.017908246188984824,0.010185801189393119,0.0027578849304263813
14.559999999999734,177.31610421782713,0.005806600583387836,0.017798211829978462,0.010404546072014765,0.002803162064423039
14.569999999999734,176.03908221015712,0.005813486427417609,0.017692820870889532,0.010535517035921345,0.0028465057320857254
14.579999999999734,174.35010151873578,0.005837063202711409,0.017601240703721772,0.010597971926071799,0.0028835333380682845
14.589999999999733,172.77764322919825,0.005879086227458395,0.01753051465300121,0.010600459174184867,0.002914114939751241
14.599999999999733,171.97702109229064,0.005936987122855019,0.017483364168284457,0.010571911546185099,0.00293805462481914
14.609999999999733,172.31143982567707,0.006277168314357518,0.01745916615616047,0.010536523182494713,0.002955063554881368
14.619999999999733,173.71911617378979,0.006688622783316587,0.017454847276385795,0.01050600479137511,0.0029650024570354594
14.629999999999733,176.1349857815892,0.0071338538031132,0.01746457278530455,0.01054242522517142,0.002967966146263197
14.639999999999732,179.48206597630062,0.007591564684940353,0.017479886212707223,0.010568799960465551,0.0029641110645033573
14.649999999999732,182.25132573361165,0.00803031394726078,0.017491973186519207,0.010575623852527331,0.0029534798983949662
14.659999999999732,184.2735923284839,0.00841136789516473,0.01749425936882788,0.010554644059641077,0.0029360687679275362
14.669999999999732,185.2611610624962,0.008693805477840223,0.017484287204685665,0.010496611912428575,0.002912104951264117
14.679999999999731,184.91274702857086,0.008840017627596649,0.017463118864132106,0.010394890715240765,0.002881711556216925
14.689999999999731,182.7928569884693,0.00881915503989631,0.017431915513525503,0.010248053862278964,0.0028451653778263125
14.699999999999731,178.99316280126078,0.008610925577212908,0.01739157938165683,0.010060514799881017,0.0028027315534130963
14.70999999999973,173.96631592746655,0.008210061266645979,0.017344390386682784,0.009862442626204074,0.0027545365778092086
14.71999999999973,168.28254377220088,0.0076274898411322805,0.017293085061193633,0.009646747362415864,0.0027007061997540685
14.72999999999973,162.48674543694773,0.006889652826015511,0.01724022099798122,0.009399856093969029,0.0026415740033566316
14.73999999999973,157.15147311924616,0.00603779317556356,0.017188805299772836,0.009134580928430107,0.002577582100673838
14.74999999999973,152.79110996272715,0.0051242995798157385,0.01714161256608755,0.008861996374870935,0.002509007192489242
14.75999999999973,153.5148044798513,0.004205960293409444,0.017100680534288277,0.008588605014786357,0.002436137665616331
14.76999999999973,155.46836150216336,0.0037786876510616115,0.017068252986289036,0.00831735299034872,0.002359182746947533
14.77999999999973,156.4831181557385,0.0033870246443128073,0.017046486219053487,0.008051291556772755,0.0022786283996527818
14.78999999999973,156.57092587173335,0.0030252478306369507,0.01703624607817662,0.007795992894397783,0.0021950710130155407
14.799999999999729,155.84986274756662,0.002703952381867485,0.01703685431462009,0.007557156185846528,0.002108945385554967
14.809999999999729,154.48348164910635,0.0024767641073692834,0.0170461689203589,0.00733373705050781,0.002020602918516232
14.819999999999729,152.6293016680028,0.0023020095720262443,0.01706041845051745,0.0071117755023763305,0.0019403762114952854
14.829999999999728,150.4234871423273,0.0021633025953232492,0.017075018282638972,0.006968785593499336,0.0019338909193152914
14.839999999999728,147.96864545279152,0.0020533882813096346,0.0170859208488537,0.006971576573914983,0.001924403146948942
14.849999999999728,145.30839902058074,0.0019626530373031844,0.017089863213126923,0.007018913293293516,0.0019119417490806904
14.859999999999728,142.42206101217133,0.0018795336675280904,0.017083557316838978,0.006997797895728997,0.001896576567611698
14.869999999999727,139.2575047125778,0.0017909628439536193,0.017063710661129525,0.006935124652803114,0.0018782724384786953
14.879999999999727,139.0461431180181,0.0016829735536565136,0.017028702839624942,0.007242622825342259,0.001856931546214007
14.889999999999727,140.80897978535893,0.0015711503718160616,0.016978167812842886,0.007526758822127511,0.0018325443021915517
14.899999999999727,141.36841355514872,0.0014485843199096768,0.016911671323385745,0.007784821556017607,0.0018052148447374953
14.909999999999727,140.67217267921262,0.0012791235066828524,0.01682933444756203,0.008014322148939813,0.0017750383710331986
14.919999999999726,139.1736469119369,0.0010577310367479934,0.01673230726827934,0.00821304140564149,0.0017420304388219622
14.929999999999726,135.9583759503646,0.0007822065936099596,0.01662213471567686,0.008379037626117695,0.0017062069913378448
14.939999999999726,132.3058024916252,0.0004516901626638952,0.016500474923447268,0.008510639042479761,0.0016677370011441955
14.949999999999726,131.75130628196055,0.000693803857917685,0.016369417983871926,0.008606462320045385,0.0016266303505444299
14.959999999999726,131.0302074865864,0.0011300470615369066,0.01623070284775624,0.008665450938303702,0.0015831355166050155
14.969999999999725,134.16482001122196,0.0015802358294737138,0.016085643416296865,0.008686892923004504,0.0015373360539271254
14.979999999999725,136.17917113596422,0.0020306679880647467,0.015935564490414292,0.008670390495822305,0.001489310661617701
14.989999999999725,137.00301186245466,0.0024680074527318675,0.015781879136641707,0.008615835385422557,0.001439213988179324
14.999999999999725,137.9373506449706,0.002880182036340719,0.015644964405898427,0.008523443558978125,0.001458629801725214
15.009999999999724,136.27981526564412,0.0032578787879005626,0.015499640208850892,0.00839377842847929,0.0014819906798690177
15.019999999999724,134.6820874283681,0.003595605322323041,0.015340667887155069,0.008227705033723403,0.0015023249986790817
15.029999999999724,133.88175466886352,0.003921757680181957,0.01516270798428507,0.008026351854586467,0.00151803971289214
15.039999999999724,133.78449035743745,0.0042636406956273725,0.014962051786191746,0.007791117183033192,0.001527991693736871
15.049999999999724,134.68667685152036,0.00457104274860139,0.014737032882479479,0.007523659563753428,0.0015316367035819606
15.059999999999723,136.76984705475434,0.00484873507538012,0.014488721916427196,0.007225868878999326,0.0015292618584498527
15.069999999999723,139.89161655695037,0.005099513221572504,0.014219207606935453,0.006899848183391081,0.0015214784431371226
15.079999999999723,143.52909614237453,0.0053243798532261735,0.013929053480881857,0.0065478885262489255,0.0015084356211642847
15.089999999999723,147.0052632043238,0.005524938941015289,0.013617183332731476,0.006172438082488145,0.0014911293629632887
15.099999999999723,149.6885109463098,0.005704901160180541,0.013281476280656243,0.005776075320070913,0.0014841630027819489
15.109999999999722,151.05197146232524,0.0058695127157692316,0.012920161487016916,0.0053696892122991275,0.0014669995275494562
15.119999999999722,150.77980491947184,0.006127133589006195,0.012533398442623146,0.005256974889683006,0.0014395097274199104
15.129999999999722,148.86445424688685,0.006887771833005625,0.01212318982135249,0.005135501614514905,0.00140218324132608
15.139999999999722,145.52128791978268,0.007625842388819004,0.011691622124279768,0.005011726043557498,0.0013557337785180229
15.149999999999721,141.5475515092171,0.008315568541915628,0.01124069861526899,0.004855149539766444,0.0013008162032554622
15.159999999999721,142.53146113393825,0.008929542172855198,0.010772001079498335,0.004681296191907325,0.0012625913116937068
15.169999999999721,143.33059791206873,0.009441914037853459,0.010286358449520442,0.004497691266094474,0.0012190237690216856
15.17999999999972,144.63863035287144,0.009831375759059471,0.009784154220919014,0.004556943124342056,0.0011698246236461123
15.18999999999972,145.92930847882522,0.010083353246336768,0.009265879453612768,0.004828861280933681,0.0011770731170244126
15.19999999999972,146.3949497530504,0.010193270748101783,0.008732615746096729,0.00498205171820219,0.0012020379065495503
15.20999999999972,146.06848160387153,0.010168329492754835,0.008186452305775813,0.005020588181731858,0.0011861101701107484
15.21999999999972,145.80798726048198,0.010026252486304222,0.00763178205211442,0.005008015239572807,0.0011339136203542223
15.22999999999972,146.36687604042808,0.009793200212550864,0.0070751213596687,0.005173632733562464,0.0011516876346834106
15.23999999999972,147.00630276558428,0.009501099410003348,0.006669296098470552,0.005232966333793574,0.0011376387921526825
15.24999999999972,147.68611468464732,0.00918441966743787,0.006533646556553661,0.005208281658216203,0.0010909876555481814
15.25999999999972,148.33287562954285,0.009476185676950955,0.006384261672986369,0.0051450202889401055,0.0010628260786738292
15.269999999999719,148.8914966042835,0.009797593805719838,0.006213622852430118,0.005087492889501589,0.001101394141130721
15.279999999999719,149.30307784766845,0.01007804062391926,0.006015038819065019,0.0050679009758477,0.001136899247146372
15.289999999999718,149.4651897851277,0.010299383196257903,0.005785860853117358,0.005102268383816834,0.0011689089990196315
15.299999999999718,149.2653625867302,0.010443731132507178,0.005527100322765192,0.005192801045118616,0.0011970907081271544
15.309999999999718,148.64976156590112,0.010495969337002233,0.0052412521952342654,0.005331199849354099,0.0012207453657385953
15.319999999999718,147.62904087191305,0.010445781015927386,0.0049317050473133535,0.005513963967281492,0.001239447466477546
15.329999999999718,151.16581290445637,0.010287741853669673,0.004602613406303982,0.005667958724058676,0.0012529039057461837
15.339999999999717,154.0969341929184,0.01002262823872941,0.004258594380360326,0.005795616007683423,0.0012607741400088536
15.349999999999717,155.02920010474074,0.009659452858708511,0.0039048615343673957,0.005848615655551952,0.0012626347272113089
15.359999999999717,153.0104403763669,0.009213978140486464,0.003546281932636439,0.005796918627980113,0.0012581773044039255
15.369999999999717,148.15504679774773,0.008705533567847772,0.0031869441676605093,0.0056303568516071255,0.001246986011058898
15.379999999999717,145.0030017010917,0.008154758590074144,0.0028294119729424826,0.00536115142264415,0.0012289502834540032
15.389999999999716,149.5798022837735,0.007581948015460404,0.0024741042695715218,0.00512271168932943,0.0012040449160349161
15.399999999999716,153.1370953170839,0.007005592763930301,0.002700350522692094,0.005323396309156047,0.0011719946690303545
15.409999999999716,155.83033545196687,0.006440246295495661,0.0031956105255413606,0.005413572887980899,0.0011327277270870603
15.419999999999716,156.39527030387526,0.005916056338505241,0.003679553709779024,0.005371098943826976,0.0011420415026540756
15.429999999999715,154.5867612483659,0.005407721932571005,0.004156292782236201,0.005193037623948088,0.0011713165253959348
15.439999999999715,150.35645554555558,0.004907748845411331,0.004629350638369221,0.005010480488341416,0.001193823662784552
15.449999999999715,144.06184404590257,0.004417451879441835,0.0050997841009810824,0.005050167465702176,0.001209397318190974
15.459999999999715,136.2988448735078,0.003958691922923926,0.00556620515123748,0.005074155280275404,0.0012179092218126404
15.469999999999715,131.36602354655085,0.0036951562267034483,0.006025158090031465,0.005082616006029748,0.001219273803534729
15.479999999999714,131.7595597102337,0.0035426525260412738,0.006470769972721148,0.005165182474922427,0.0012134514638062535
15.489999999999714,131.99404734719667,0.00335541415950321,0.00689768755224083,0.005285693709358753,0.0012004575532558429
15.499999999999714,133.35556390067111,0.0031012313638345327,0.007302802864094357,0.005380735551457128,0.0011803652174033213
15.509999999999714,132.78770687521458,0.0027542834979203405,0.007684214565554633,0.005449146500031021,0.0011907093396340692
15.519999999999714,132.1498617470789,0.0022986626403731286,0.008040983689171107,0.0054898768306770014,0.0012143088328200476
15.529999999999713,131.5309989589408,0.0017317153099784155,0.008373100430003754,0.005502055844128511,0.0012319512657412773
15.539999999999713,133.3207242911533,0.0013894421477560082,0.008681641472557695,0.005485044540691453,0.0012440120984926791
15.549999999999713,136.42177680327052,0.0020626051216209914,0.008968888107284266,0.005438402112017601,0.0012511492500522302
15.559999999999713,138.04231234531045,0.002704570318573666,0.009237312764364387,0.005361865702009312,0.0012540598016993706
15.569999999999713,137.7356916926348,0.0032981180449887233,0.009489277833109003,0.005255409387837754,0.0012534177125529706
15.579999999999712,135.92602465394822,0.003828345625773729,0.00972747960242676,0.0051192867848712685,0.0012500636341115359
15.589999999999712,132.6245431881613,0.004283827520645773,0.009955781552884043,0.004954003878751515,0.0012482196550089417
15.599999999999712,131.05204418622674,0.0046584416328238724,0.010177874503851703,0.0047603056180145755,0.0012507165658158022
15.609999999999712,131.72847207051092,0.0050075664755131095,0.010394172594070078,0.004539208978185592,0.0012524449482274867
15.619999999999711,135.49792417027518,0.005308940606471639,0.010601447533106675,0.004451827400326925,0.0012524193556075803
15.629999999999711,142.0925946691693,0.005529803180765353,0.010795634114351253,0.004516627853842365,0.0012494041287174553
15.639999999999711,147.25856535844622,0.005678753052382625,0.010973135807435135,0.00480582942124792,0.0013596454402362748
15.64999999999971,150.51123615907517,0.005903388256613713,0.011130965906999113,0.005245699325354315,0.0014916533902683208
15.65999999999971,151.53317320906038,0.006214389515671261,0.011268151169497479,0.005719003279486644,0.001623925833631581
15.66999999999971,150.20010865033757,0.006500004773006282,0.011386649130496784,0.006218841366405281,0.0017572386612600668
15.67999999999971,146.7653992667414,0.006760049323279452,0.011491457688536124,0.0067350796071713685,0.0018873750701636843
15.68999999999971,154.50731788584693,0.006989726553292434,0.011589533041076619,0.007265676954784114,0.0020136519184116527
15.69999999999971,164.08845615107631,0.007180700904199237,0.011687312434458266,0.007797697412252914,0.0021356816024060295
15.70999999999971,173.20639524307228,0.0073227927666962124,0.011790951387779235,0.00830934234736222,0.002252845705712067
15.71999999999971,180.36395323306888,0.007407253481899421,0.011907684021671425,0.008776681213222729,0.0023646568370989203
15.729999999999709,184.16616533120933,0.007430279213289325,0.012043729822871128,0.009228459802958958,0.002470649414287046
15.739999999999709,185.6926589862142,0.007392899091761036,0.01236160835425198,0.009614503942174354,0.002570313360907769
15.749999999999709,186.31477218802323,0.007300693692622479,0.012876841710823627,0.009918004635601756,0.00266334718062051
15.759999999999708,185.38400264490613,0.0071653568242134955,0.013406489720254836,0.01015120036302237,0.0027495199368377946
15.769999999999708,183.2637836784471,0.007003926653554642,0.013949575325978077,0.010336945541008283,0.0028285327314250958
15.779999999999708,180.8174818045816,0.0068364254589066125,0.014504894081605914,0.010499353416907685,0.0029001676482345827
15.789999999999708,179.67839013336246,0.0066844739396272595,0.015069533130383839,0.01065586629799744,0.0029641891341844547
15.799999999999708,179.78718361648467,0.006568999643803236,0.015637572597032582,0.01081460670544008,0.0030204818467807312
15.809999999999707,181.40246008127707,0.0067795260623242995,0.016201430125279376,0.010977464150637066,0.0030691491478325255
15.819999999999707,184.39416814301427,0.007058692145744757,0.01675335485292633,0.011144979303039346,0.003110244786469043
15.829999999999707,188.1654018468146,0.007344421970400141,0.01728497859399736,0.011317856705264317,0.0031436776871087368
15.839999999999707,191.7810737432831,0.0076241878719130836,0.017787160180990757,0.011493559517038555,0.0031695953427529674
15.849999999999707,194.817417169891,0.007883542929041655,0.0182511197092536,0.011661598132112738,0.0031882076482532794
15.859999999999706,196.9861363156575,0.008106894650488536,0.018670768306517743,0.011802644436706467,0.0031997829754184907
15.869999999999706,198.67485575472884,0.008279770893049779,0.01904317378161341,0.011893191577253253,0.0032045182070114236
15.879999999999706,198.74849599825384,0.008391266032803333,0.019367095866945887,0.011913216136611794,0.0032026630886022455
15.889999999999706,196.4672106565254,0.008434370133197,0.01964114118402032,0.011853180780286424,0.00319429410438197
15.899999999999705,192.06680690642526,0.008405868530032215,0.019869880909450608,0.011718000618892598,0.003179813705857001
15.909999999999705,186.31946449689806,0.00830715635591409,0.020063316576778407,0.011526578494895596,0.003159469942373694
15.919999999999705,179.87479554682167,0.008143638537564495,0.020215989310830237,0.011306098166740124,0.003133584769575021
15.929999999999705,173.23029899367353,0.007923319682216533,0.020331682361463408,0.011082383431043953,0.0031022950711686783
15.939999999999705,174.93854591473172,0.007656180910797354,0.020414656255039295,0.01087105604659048,0.003065835406763421
15.949999999999704,176.32249084345978,0.007353908060174486,0.020468481934706465,0.010675043858358112,0.0030247233093459937
15.959999999999704,176.8279026990443,0.007073443213926503,0.02049386846677675,0.010489491877136261,0.002979255943328388
15.969999999999704,176.68495734214304,0.006928389212646132,0.02048935056077706,0.010309130533288887,0.0029298877938942498
15.979999999999704,174.83905900131649,0.006877848483266441,0.02045334703774277,0.01013205903236027,0.0028768556963559987
15.989999999999704,171.51611645529104,0.006791335111789724,0.020751826792522823,0.009958228785038,0.002820611042985946
15.999999999999703,169.5834728545267,0.0066424255042895125,0.021152820877261915,0.009803268363656631,0.002765139516039058
16.009999999999703,171.81860292151057,0.006405221816018648,0.02154809259979658,0.009645476437615146,0.002709645263403789
16.019999999999705,172.68061519298877,0.006058620623411164,0.02193518924681029,0.00947124511151651,0.0026522684007888263
16.029999999999706,171.61642322329013,0.005590017759049849,0.022312081402511674,0.009269689816497622,0.002593354321303702
16.039999999999708,168.33045938795905,0.0049982604469446384,0.022676456451227914,0.009036289206932953,0.0025334357887943832
16.04999999999971,163.27225826549153,0.004294569729142396,0.023025372063899135,0.008777414123159341,0.002472862463781056
16.05999999999971,156.1952831113783,0.00350131316852466,0.023355982706417325,0.008509494942122676,0.002411880041703107
16.069999999999713,149.5413003515107,0.002650507264397463,0.023666304309963408,0.00825766847441074,0.0023508909942282293
16.079999999999714,150.98469172292832,0.0017805907244528897,0.023955082884148698,0.008021930235033356,0.0022902252373802304
16.089999999999716,155.4787306482892,0.0009300990085860346,0.02422132419093241,0.007811454785466052,0.002230116232140736
16.099999999999717,158.65980208352684,0.0003637174618751462,0.024464362028859148,0.008103908329797432,0.0021708353195306245
16.10999999999972,159.93960791866422,0.0009458873061172148,0.02468439073209773,0.008789631101833796,0.0021964126097334517
16.11999999999972,160.1974815141933,0.0014906790210856401,0.024882365261141605,0.009454725215864474,0.0022196309516796663
16.129999999999722,158.2760683394775,0.0019938457660827664,0.025059039447399657,0.010093997919058243,0.002240507724744036
16.139999999999723,154.33809497654582,0.0024524873714440844,0.025214515341980836,0.010702465530363227,0.002259065902324133
16.149999999999725,149.00240711930817,0.002863989183578873,0.025348207286321416,0.011275371452131512,0.0022753439874377175
16.159999999999727,150.5560933919671,0.0032554241907823632,0.025458511261618803,0.011808207937710072,0.002289368932797447
16.169999999999728,153.2166484614769,0.003640360542547326,0.02554326100433607,0.012296810495514354,0.0023011524706567196
16.17999999999973,154.24747019590768,0.003980332366336943,0.025600386961547417,0.012737420157464882,0.0023107302059637864
16.18999999999973,153.6186397783647,0.004274244891990589,0.025628830722089824,0.013126673223779904,0.0023181720267052104
16.199999999999733,151.4786597095557,0.004523261887678672,0.025628067635053896,0.013461630962069092,0.0023235300540189073
16.209999999999734,148.0404916086049,0.004728133125461683,0.025596669253530914,0.013739856938495448,0.0023268068509118118
16.219999999999736,145.55439614472877,0.004888251859284862,0.02553334779420026,0.013959441039266685,0.0023280084009430235
16.229999999999738,149.9055462815824,0.005003137155479243,0.025437488804033657,0.014118978196974028,0.0023271988889042756
16.23999999999974,153.88035504234284,0.005073203834556273,0.02530862125467708,0.01421758260025997,0.002324451317693582
16.24999999999974,156.90705282704835,0.005100085876105018,0.025146518849270254,0.014254932148429792,0.002319758934266313
16.259999999999742,158.47735537551557,0.005088150374133801,0.024951040709609955,0.014231269462627228,0.0023130593399476435
16.269999999999744,158.17443999035982,0.005045079506462275,0.024721698239109725,0.014147350281750265,0.002304351899928019
16.279999999999745,156.10591691791112,0.004980741781023408,0.02445784551553328,0.014004427329896249,0.0023038571298889003
16.289999999999747,152.641219922866,0.004906530405519684,0.024159948889325822,0.013804290870744302,0.0023038836003825202
16.29999999999975,148.17237163648147,0.004835638420641536,0.023830142764114947,0.01354925101625109,0.002301772361373456
16.30999999999975,148.27960738315429,0.0047816383618892655,0.023471141165449586,0.01324204427248486,0.0022973238044625955
16.31999999999975,151.76806844927026,0.004756834892463263,0.023085875642208858,0.01288580251280772,0.002290488635983535
16.329999999999753,154.19278391347433,0.004772113028047618,0.02267899888594079,0.012484078781760527,0.0022813084216071074
16.339999999999755,155.35658703826425,0.0048356790988927315,0.022256484046830873,0.012040783767671747,0.0022697145903448077
16.349999999999756,155.22223458632183,0.004951886480071218,0.021822807534544023,0.01156007757469973,0.002255496264155882
16.359999999999758,153.83448797735397,0.005121268545975663,0.02137957413197796,0.011139590103481867,0.0022384893182669893
16.36999999999976,151.43481520535016,0.005367603844217275,0.020926286898170436,0.010808681348845751,0.002218695333589092
16.37999999999976,152.86270370428844,0.005735142405200572,0.02046194065970171,0.010452552535706138,0.0021961436039036374
16.389999999999763,157.5595981899643,0.006124489132325595,0.019985273466076165,0.010073747805033985,0.002170705554727297
16.399999999999764,161.40223073732935,0.006513574880585762,0.019493060587578624,0.009674875956131725,0.0021421491836561696
16.409999999999766,163.6126637496952,0.006882544532442845,0.018980103673525442,0.009258631254303483,0.0021103572256365045
16.419999999999767,163.47268672069035,0.007215778160052031,0.018441733883066323,0.00882770300679767,0.002075383372319616
16.42999999999977,161.10169782539666,0.007503115038644774,0.01787512001392884,0.008384717877559704,0.002037268270769659
16.43999999999977,156.79457952487166,0.007740213564301689,0.017279489151696685,0.00793227063319378,0.001995898200394726
16.449999999999772,151.14546936530638,0.007927772984962257,0.016655901065263753,0.007472919306997989,0.0019511121303739608
16.459999999999773,146.32253904992896,0.008069165399012281,0.016006280014319658,0.007483522580837466,0.0019028811245949903
16.469999999999775,148.61044068744422,0.00816685570179733,0.015333511980498067,0.007496335198168122,0.001851291000673387
16.479999999999777,150.82749399287766,0.008220004751667363,0.014641610638448375,0.007431984841375117,0.0017963754157388232
16.489999999999778,151.5652390374214,0.00822379920200918,0.013936078261429004,0.007269456188021818,0.0017380637512378941
16.49999999999978,150.6790203419001,0.008170811439426724,0.013223872433215393,0.007007572679892047,0.0016763104452549688
16.50999999999978,149.69886585585238,0.008052241379247364,0.01251155519863144,0.0066631166021007245,0.0016111974899905416
16.519999999999783,149.11637182344634,0.007858303467573985,0.011804363873963707,0.00643740306173228,0.001542864994029872
16.529999999999784,148.0957643468674,0.007579575245423704,0.011107231549701361,0.0062624354780894875,0.0015215946446207997
16.539999999999786,146.75547348727338,0.007207825317349442,0.010424565712293046,0.006066309899966422,0.0015209008731590647
16.549999999999788,149.54952752418524,0.006769976095118836,0.009758222156881621,0.005849926810377162,0.001517670080942877
16.55999999999979,151.68247391579604,0.006421057918172434,0.009106295348642256,0.005653435299488822,0.0015116260099814597
16.56999999999979,152.17316821429844,0.006014295339849588,0.008464559501998264,0.005578783820493858,0.0015027804183060107
16.579999999999792,151.0386530232401,0.005544324801067933,0.007829001688664076,0.005489300543856356,0.001490810978983437
16.589999999999794,148.3783154880416,0.005010143856223401,0.007259853922169783,0.005402511315112587,0.001475568240378479
16.599999999999795,144.52617817790667,0.00441668557611961,0.006841561291201012,0.005289737703216928,0.0014571202385536552
16.609999999999797,140.06987221736006,0.00377409038407367,0.00639563146018794,0.0051621000414648135,0.0014353681970487664
16.6199999999998,135.84968610597548,0.0030957029528803953,0.005923325666350648,0.005029022715820201,0.0014101908075459632
16.6299999999998,135.57155909586166,0.0023959746948392013,0.0054269587387615,0.004895464248402463,0.0013813548599715684
16.6399999999998,134.68985373503085,0.0016892507371889817,0.00491036837592096,0.004772355834890036,0.001348891892313244
16.649999999999803,132.91258867924904,0.0009894902760042132,0.004378679723792133,0.004756540544016722,0.0013127125909007278
16.659999999999805,132.0386922474332,0.001264016133526949,0.0038375840740931216,0.004727500428896458,0.0012729102231632075
16.669999999999806,132.24498698939587,0.001678931195698976,0.0032943658395143877,0.00468220721281861,0.0012292899157715352
16.679999999999808,132.42131887146422,0.0020219816070241115,0.0027869221537748694,0.004620548425923141,0.0011817233995319288
16.68999999999981,132.5189093533514,0.0023065721097009994,0.0024494398828438704,0.004542457374950725,0.0011302900526715903
16.69999999999981,132.48372605723267,0.002709947126147965,0.0021242456309381102,0.004448092662394179,0.0010750796240693364
16.709999999999813,132.95574881432933,0.0031599036023635973,0.0018100972264742006,0.004337842602325882,0.0010182416204112413
16.719999999999814,133.3150542663784,0.0035511614500263844,0.0015035067012062516,0.004212090247867466,0.0009741345746566421
16.729999999999816,133.29912797660097,0.0038862842332177826,0.0012005231592018052,0.004071113436720511,0.0009545654270762563
16.739999999999817,132.91471357773887,0.004167812998426683,0.0014450529010036775,0.004018087159181877,0.0009296402723938589
16.74999999999982,133.0049926248702,0.004397873062740704,0.0019128674002733051,0.003995322057416294,0.0008997633155053879
16.75999999999982,134.1785884180016,0.004656308504737031,0.00238105975927673,0.0039601224591704854,0.0008653156923766633
16.769999999999822,135.21541738039227,0.00487917282922363,0.0028524887560048996,0.003911681151888061,0.0008266289112817595
16.779999999999824,136.02487457459526,0.005056701642586834,0.0033282876788565093,0.0038491026543733837,0.0008649357973952196
16.789999999999825,136.52398660437288,0.005189919594941134,0.003807154160622838,0.003801888072181195,0.0009515379503046691
16.799999999999827,136.6367105374864,0.005281831452279987,0.0042858626544015335,0.004009946933927187,0.0010351622371090874
16.809999999999828,136.3517444895186,0.005336334298474947,0.004761189433761604,0.004251088129793365,0.0011155545551294714
16.81999999999983,137.25353591595743,0.005357419599343931,0.005230985209984442,0.004483695069358078,0.001192475232506495
16.82999999999983,139.0677466913714,0.005349432461470445,0.00569341170321215,0.00470562643757488,0.0012657085121805375
16.839999999999833,140.679016641732,0.005317141021341257,0.0061474834008970304,0.004914914068686575,0.0013350620184747228
16.849999999999834,141.96294665733808,0.005264905801087702,0.006594650554209798,0.0051102405826490924,0.0014003755949646619
16.859999999999836,142.83567327661245,0.005196552236216938,0.0070377568161205705,0.005308556175262423,0.0014615112158484342
16.869999999999838,143.2714476625094,0.0051167249490610845,0.007478410083911919,0.005492447476458431,0.0015183166829733478
16.87999999999984,143.26999574740367,0.005160668924270813,0.007916690314870497,0.005659614202858669,0.0015706285949917498
16.88999999999984,142.83984037283705,0.005446399167974247,0.008351767016428927,0.005810431606047587,0.0016183435205195146
16.899999999999842,142.03970990493008,0.005731093267236326,0.008781969359167209,0.005946290858286178,0.0016614601806854575
16.909999999999844,140.9968006999911,0.006003835513313211,0.009206129056719612,0.006068666281800929,0.001700004585696453
16.919999999999845,140.76358613355643,0.006257012457682358,0.009624365253055038,0.0062073803183880175,0.0017339290957623275
16.929999999999847,140.39365643350294,0.006485964093962359,0.01003656612582906,0.006385862724797577,0.00176314635992535
16.93999999999985,139.9337159735023,0.006688611642781784,0.010441433051630422,0.0065792065365890195,0.001787668117527508
16.94999999999985,139.44943347341055,0.006863839908552251,0.010836734890848033,0.006781973079786347,0.0018076415101488169
16.95999999999985,138.99003947635916,0.007010530353437967,0.011219037926810187,0.006978969973539012,0.0018232134300434563
16.969999999999853,138.58782236633468,0.007127607365887643,0.011584701782525034,0.007147179107323875,0.0018344244356712745
16.979999999999855,138.2394607496424,0.0072137296596829605,0.01193226981949538,0.0072613889283517615,0.0018413075374914354
16.989999999999856,137.91449794283164,0.007266040664173409,0.012262698776240422,0.007301912292271094,0.0018440505685717984
16.999999999999858,141.0247106583979,0.007278396870670289,0.012578090861859447,0.007261378826803972,0.0018429615686087488
17.00999999999986,143.94251171048367,0.0072409655326377415,0.012881340315619744,0.007147743070561897,0.0018382707546643732
17.01999999999986,146.32212293032046,0.0071425360667261096,0.013175633897533907,0.006982184655761131,0.0018736531090117671
17.029999999999863,148.15298964059906,0.006973330947433773,0.013475964547616771,0.006984566215824203,0.001962250773138764
17.039999999999864,149.48640736094305,0.006726417298841352,0.013773693526614762,0.007339898775161992,0.0020472922685284183
17.049999999999866,150.42940353479133,0.006397960520112923,0.014069122629639512,0.007688230615674331,0.0021285236712965485
17.059999999999867,154.33888218928757,0.005986981478798267,0.014365287299059476,0.00801405966218149,0.0022054280681661617
17.06999999999987,158.1896190764833,0.005929337602963411,0.014665452831395169,0.008302262824029369,0.00227784755221848
17.07999999999987,161.40353811084543,0.005873002642930637,0.014973075732696402,0.00854369683262417,0.002345492088248701
17.089999999999872,163.69892109195538,0.005746668627907969,0.015292241174138061,0.00873821409906272,0.0024081884527859037
17.099999999999874,165.03843582315412,0.005543654525116915,0.015627504341979945,0.008893678103081486,0.002465548759381884
17.109999999999875,165.50530879011419,0.005261177264815076,0.015982484092171793,0.009021685444190247,0.002517446515036878
17.119999999999877,165.13521857138957,0.004902333268273004,0.016358459314356685,0.00913509989549328,0.002563856115335305
17.129999999999878,164.05147645452985,0.004476574625279688,0.016752998917468325,0.009237442830175444,0.00260481406173048
17.13999999999988,162.55533259248512,0.003998349051054545,0.01716010865490724,0.009330940523188667,0.0026402141537348574
17.14999999999988,160.92735590989534,0.003485067211240866,0.01757217921439617,0.00941546371056321,0.0026700596495107813
17.159999999999883,159.3497952544087,0.0029541639641421052,0.017981743090493787,0.009488705190347465,0.0026944109538616437
17.169999999999884,159.81839022708945,0.0024216275445997364,0.018382982984978802,0.009547471532589752,0.002713412509433736
17.179999999999886,161.78325195869445,0.0019118666798682285,0.018772408890014736,0.009589018602181722,0.002727328148830741
17.189999999999888,162.6130143858681,0.0014256049501197286,0.019148445647378057,0.009640103470471702,0.002743166347544011
17.19999999999989,162.45240821303776,0.0009594761789678735,0.019510811692424627,0.009671655618844751,0.002755201366611075
17.20999999999989,161.42981349639757,0.0005138929808932974,0.019859866885376262,0.009684583941493526,0.0027624129283136015
17.219999999999892,159.75764178504585,0.00046909445419225865,0.020195655787818675,0.009682169787101923,0.002764982322368013
17.229999999999894,160.06262611572234,0.00076459205556786,0.02051752313093645,0.0096721693377397,0.0027630385708435345
17.239999999999895,161.02466515470897,0.0011754633516747538,0.020825784178526496,0.009652608755695092,0.002756725805818532
17.249999999999897,161.57059957137037,0.0015837554338175468,0.021122660839691592,0.00963254687116456,0.002746257160865027
17.2599999999999,161.5277648035504,0.0019921812315067482,0.02141108712550416,0.00960644600734405,0.002731856268052943
17.2699999999999,160.67988683637816,0.002401088727748257,0.021693815979006853,0.00956869685320917,0.002713733086843808
17.2799999999999,158.9960460701,0.0028086408217477257,0.021972390309560448,0.009513297403328728,0.0026921339996419293
17.289999999999903,156.6021905709869,0.0032245460587614315,0.022246681276956115,0.009437029569222597,0.0026673746935790485
17.299999999999905,157.8202876914399,0.00366196546594677,0.022515855158615868,0.009340650600046043,0.0026397911027439803
17.309999999999906,160.12506540740713,0.004094567161848268,0.022778547393685535,0.009228151376395157,0.002609691384411492
17.319999999999908,162.2283094361095,0.004511522409532875,0.023032938246350554,0.009105357357769904,0.002577394745020797
17.32999999999991,163.8263449369502,0.004901370050735667,0.023277354222881835,0.00901619373055455,0.0025433125374577908
17.33999999999991,164.63129608630837,0.005253857465446447,0.023509828121045632,0.008927957253403286,0.002507792213839564
17.349999999999913,164.41785772266064,0.005561966363536544,0.023727527970347242,0.008830591309881841,0.0024712193305020504
17.359999999999914,163.19723959819308,0.005821991156986656,0.023926742702315554,0.008722472091262742,0.0024340457565061144
17.369999999999916,165.13894122402812,0.006031940054651898,0.024103180267896217,0.00860473899179454,0.002396632918649531
17.379999999999917,168.99553817468362,0.006191152745229984,0.024252798315496343,0.008488858143774015,0.0023618070105184317
17.38999999999992,172.53829591995873,0.006300463237500281,0.0243732973645354,0.008506125193848116,0.002399411833524322
17.39999999999992,176.33267714397854,0.006362314667411976,0.024466148896611736,0.00861875744361862,0.002429809071776008
17.409999999999922,179.24813595911726,0.006381523916029402,0.02453685476977993,0.008862011860693155,0.0024544346922346096
17.419999999999924,181.01777484522714,0.006365595577462216,0.02459190196815399,0.009089166899831701,0.0024751674934231907
17.429999999999925,181.75431014855474,0.006739325704061247,0.024635922404324884,0.009297700801996905,0.0024932958419406574
17.439999999999927,181.4931232620708,0.007142154309247889,0.024672534868851136,0.009485154765843431,0.002509734311638017
17.44999999999993,180.36876880746382,0.007521242472591353,0.02470571028922563,0.009649207204058877,0.002525568118646329
17.45999999999993,179.76283956623723,0.007865105219770286,0.024738447453055798,0.009787734968108067,0.002541477088114296
17.46999999999993,179.0872949851412,0.008162222241860837,0.02477218624487613,0.009898807403464407,0.002557934145776551
17.479999999999933,178.4456821476816,0.008400455636196244,0.024807360176180786,0.010071702080495085,0.002574817615239929
17.489999999999934,177.95112035353628,0.0085676245193825,0.02484304310058804,0.010233645587310389,0.002591766265337627
17.499999999999936,177.69787598729593,0.008652004376778674,0.024876766170390856,0.010365408663718519,0.00261006234105485
17.509999999999938,177.66691585832103,0.008642960338145747,0.02490444633789253,0.010465494518248832,0.0026376292770546234
17.51999999999994,177.76644708132827,0.008531918594700807,0.02491983472074333,0.010532664263322073,0.002661043592210035
17.52999999999994,178.20956717107154,0.008313250774024061,0.02491519740048944,0.01056598878746344,0.002677836981876776
17.539999999999942,178.5112939787047,0.00798556539511576,0.024884010251403885,0.010564851855735899,0.0026859659505586385
17.549999999999944,178.3852975949261,0.00755341217335983,0.024822732562060638,0.010528918328992637,0.0026842546317164457
17.559999999999945,177.76082121393608,0.007028180842765709,0.024730542721822513,0.010458146318961886,0.002672278822758189
17.569999999999947,176.63516075485188,0.0064274948551409335,0.024608107372685765,0.010352831596282225,0.0026500686206173698
17.57999999999995,174.7796835568197,0.006382250323545369,0.024456856220106057,0.01021360681551153,0.002617954552430672
17.58999999999995,172.40124864678756,0.006341891014721705,0.024278976047194825,0.010041403532795035,0.0025765318652153776
17.59999999999995,169.48829363504498,0.006300426036191718,0.024078005053013232,0.009837439941407896,0.002526770454988554
17.609999999999953,166.08731170340522,0.006213215623454238,0.02385941996489343,0.009603232858404321,0.0024701905035426426
17.619999999999955,165.34707117728124,0.006071157193137029,0.023630178605440002,0.009340587971492459,0.0024087842815231045
17.629999999999956,165.39236769214068,0.005867109842506164,0.02339808244128945,0.009051559136799133,0.0023466875727559105
17.639999999999958,164.69645426805332,0.005597375663572296,0.023170543181698484,0.008738418103104731,0.002367033367844144
17.64999999999996,163.23544409575365,0.0052625508404900165,0.022952546742086716,0.008552633427838751,0.0024090319213736036
17.65999999999996,161.02526268450933,0.004866726800209882,0.02274546592253284,0.008666897056427501,0.0024518119749521888
17.669999999999963,158.08810013454365,0.004415359971810798,0.02254750671692787,0.008796432231403473,0.0024948733834735653
17.679999999999964,157.20792212111806,0.003914994891995651,0.022355187464808957,0.008927933660185195,0.0025378064012534936
17.689999999999966,156.3569367710732,0.0033741232724260623,0.022164494590478822,0.009064644800383898,0.002580307042254548
17.699999999999967,156.38631312133023,0.0028030199558533204,0.021971537609826168,0.009205463796854775,0.0026220992403774867
17.70999999999997,156.46366781588384,0.00221313263897527,0.02177328380812968,0.009343122383522577,0.0026627170566803464
17.71999999999997,156.59550548124338,0.0016167188786790736,0.021567292421056053,0.009474411721302357,0.0027017606199667313
17.729999999999972,157.15596109679396,0.0010265048525021836,0.021351385487147295,0.009597330970704473,0.002738750442292439
17.739999999999974,158.80224074808328,0.0007079497439808445,0.02112453547483583,0.009713682123260337,0.0027735009985040363
17.749999999999975,160.63017062753428,0.0006655403032607347,0.020887525027105565,0.009826005278243639,0.0028053744625254453
17.759999999999977,162.37023944801743,0.001120117355209769,0.02064235856584397,0.009927517553446707,0.0028340778869310503
17.76999999999998,163.86467798663753,0.0015352649042717182,0.020391413224174117,0.010016674044873884,0.0028591875633881864
17.77999999999998,164.82625018888564,0.0019089957436093075,0.020137899322968555,0.010099159806477239,0.0028804479273884733
17.78999999999998,164.9881198252945,0.0022413227327955144,0.019886300188105558,0.010171005197115416,0.0028973749172759096
17.799999999999983,164.36675154115767,0.0025531375988963835,0.01964162975152184,0.010225178225064828,0.002909621421592572
17.809999999999985,165.1374703281038,0.002822374735324904,0.019407927010820284,0.01025751052476241,0.002916843779112176
17.819999999999986,166.31380405846554,0.0030533664047829572,0.019186885956584875,0.010279134778008561,0.0029214279754672164
17.829999999999988,167.41695207438454,0.0032491996309531278,0.018978795253688202,0.010289987248700403,0.002925557837810162
17.83999999999999,168.40815252639092,0.0034124302236774773,0.01878367316562838,0.010278568299921327,0.0029237986750420782
17.84999999999999,169.16276622066698,0.0035452367679151154,0.018600276275944603,0.010246805437047292,0.002915902488569362
17.859999999999992,169.5962417537605,0.0036492727785919945,0.018425548263675647,0.010195951882163283,0.002901656739405463
17.869999999999994,169.6751964141265,0.003725981304926874,0.01825560606641588,0.010127068061021073,0.002881002034936711
17.879999999999995,169.34774383716928,0.0037769239429757775,0.018086685285599768,0.010041464504333464,0.00285391490644503
17.889999999999997,168.6083082336525,0.0038031813969937192,0.017915246345774204,0.009940235074677435,0.0028203018217817515
17.9,167.53428597033664,0.0038050782292248933,0.01773773351259298,0.009823092973426092,0.0027800705590223756
17.91,166.16815075017303,0.0037828331339535603,0.017550614089418173,0.009687298520030295,0.0027332755126908415
17.92,164.51297011083082,0.0037371712641282233,0.017350184095334658,0.00952740072148203,0.002680150007589982
17.930000000000003,162.9493019376767,0.003677398743414943,0.017132655312790342,0.009336316422574951,0.002620689133531727
17.940000000000005,161.76471820263063,0.004049384458525801,0.016895056691420694,0.009107851833980073,0.0025550859456434467
17.950000000000006,160.45491268509755,0.004397484125297995,0.016635617392198973,0.008839922322890399,0.002483366153194141
17.960000000000008,158.97245980999335,0.004701681758511406,0.016354794379753162,0.008537016516034505,0.002405751672498758
17.97000000000001,157.3865061069727,0.0049451211403939155,0.01605643317648226,0.008206846784485546,0.0023225262331463873
17.98000000000001,155.76009054173826,0.005114806362870319,0.015747336023830754,0.007908255866111508,0.002233893845722079
17.990000000000013,154.03393987909925,0.005201986089242215,0.015436341168466457,0.007595182152837863,0.0021400103565636297
18.000000000000014,152.1715672193792,0.0052029214585991995,0.015132093634695429,0.007268095008082448,0.0020411425341447247
18.010000000000016,150.22189502041076,0.005119169845584332,0.014840566189436416,0.006928533885794662,0.0019377103340844847
18.020000000000017,148.1455048018651,0.0049568240386493765,0.014564609339449773,0.006577755795825592,0.0018301764212664536
18.03000000000002,145.81091222114642,0.004734263536380205,0.014304361589176225,0.006216125086175659,0.0017188424926381802
18.04000000000002,144.82911392573973,0.004462753639167675,0.014057807100398494,0.005843229045243117,0.001604245775822669
18.050000000000022,145.09743813182328,0.00414559591038622,0.01382142789999006,0.005644940299296063,0.001566351537704132
18.060000000000024,145.31413547245214,0.003797246264659566,0.013590439961630493,0.005526746215465846,0.0015462370871282716
18.070000000000025,145.4157874202332,0.003433148279785282,0.013358805816882145,0.005449213198950223,0.0015373626638735087
18.080000000000027,145.337039171477,0.0030693974444360476,0.013120118010453355,0.00542146767138503,0.0015272199469512954
18.09000000000003,145.00266649802154,0.0027226178379514752,0.012868640150223968,0.005474400087392122,0.0015156817128575476
18.10000000000003,144.34277905699366,0.0025873970071842644,0.012598787080842498,0.005474690674744589,0.001502557745941484
18.11000000000003,143.30077956727143,0.0027268863685527716,0.012304521622783927,0.005399857608707782,0.0014876523966046962
18.120000000000033,141.818207386758,0.0028844769394031715,0.011980263755359117,0.005366352189968839,0.0014708156923096498
18.130000000000035,139.8475414285114,0.0030526202070058983,0.011622435150285002,0.005312417067452978,0.0014519168464668924
18.140000000000036,137.37707365006293,0.0032201137512697523,0.011230695770046567,0.0052374408287398175,0.0014308057885556484
18.150000000000038,134.4353604976305,0.0033743223497669614,0.010807531023582152,0.005142738467049961,0.0014073317705038174
18.16000000000004,131.6888386903633,0.0035035454663434216,0.010357437577908699,0.00512493922773895,0.0013813771197113045
18.17000000000004,131.02258999089122,0.003596948654374792,0.009886203229282875,0.005106190513548408,0.001352844453924312
18.180000000000042,130.27594554912946,0.0036444076214048426,0.009399071776180452,0.005056884983359008,0.0013216282174672376
18.190000000000044,129.95314438411447,0.0036667766833503685,0.00890008734989837,0.004977067557745252,0.0012876279901970211
18.200000000000045,130.06186519453303,0.0036774105834435755,0.008392472804587244,0.004867053525250885,0.0012507761931281505
18.210000000000047,130.29075127737485,0.00361788183275817,0.007878626148417184,0.004727430526962782,0.0012110201309716013
18.22000000000005,130.2911326098393,0.0034843146798833493,0.007360250149861438,0.004559027113320783,0.0011682866514037863
18.23000000000005,130.03637349521176,0.0032753421954849235,0.006837892097981622,0.004362891728700954,0.0011225057799780368
18.24000000000005,129.52214986608467,0.0029912359167773243,0.006310054075120389,0.004140320942424266,0.0010736717303553116
18.250000000000053,128.74554600011555,0.002633843942685831,0.005773284121914378,0.0038928608494620954,0.0010218363585075166
18.260000000000055,128.3486152052179,0.002208241958161914,0.005223313253067787,0.0036354167373220236,0.0009670266481530921
18.270000000000056,129.15963571359936,0.0017235140243531798,0.0046567852085088925,0.0035847895489680365,0.0009092137816712482
18.280000000000058,129.88609783710302,0.00119123023405421,0.004071646562492787,0.0035170205255877444,0.0008483964782823092
18.29000000000006,130.52323130942915,0.0006245756140379439,0.003466774803384593,0.003433511555494593,0.0008227816418511561
18.30000000000006,131.02100354107162,0.0004845731201121436,0.002842909806597871,0.003473229736131387,0.000859933322890393
18.310000000000063,131.35659111198322,0.0009982780518458436,0.002202412453932718,0.003543837753383716,0.0008912444912874969
18.320000000000064,131.55787346417105,0.0015711659028747698,0.001547556126626617,0.00359705594526735,0.0009169067712712587
18.330000000000066,131.64623380489323,0.002135194415691788,0.0012240902925382514,0.0036330225044505847,0.000937123728356047
18.340000000000067,131.6077536608609,0.002663492751458908,0.001703769156106453,0.0036519436750190497,0.000952180606549242
18.35000000000007,131.43300262281676,0.0031440595284586673,0.002184591942713173,0.003654023090547685,0.0009622750591857556
18.36000000000007,131.14700915040785,0.0035674933042439943,0.0026635553655858235,0.0036395420160517306,0.0009676806025391268
18.370000000000072,130.7800182318536,0.003927182217621857,0.003137806218911567,0.0036089318165529165,0.0009687507808472618
18.380000000000074,131.81053794702197,0.004219176723621167,0.003604830983728459,0.0035627465012647943,0.000965853537375041
18.390000000000075,133.0162907357738,0.00444267141236184,0.0040630010060742705,0.003647320319571531,0.0009593340398547321
18.400000000000077,134.1601000905218,0.004600451636858994,0.004511342554334279,0.003810918698753462,0.0009495549955476698
18.41000000000008,135.18277776935884,0.004698289407495467,0.004948566682783648,0.003944901202150772,0.0009656333259696804
18.42000000000008,136.00414248561154,0.004743805096335305,0.005372641179004699,0.004061109513930059,0.0009796474614945832
18.43000000000008,136.53684624198493,0.004745406161384724,0.005781191688884255,0.004198169564389849,0.0009888440595089848
18.440000000000083,136.7360497230748,0.004711038179090834,0.006371844761421377,0.004297308163444801,0.0009935019185230189
18.450000000000085,136.60988919135352,0.004905035379479373,0.00696303295171674,0.004349078155675656,0.0009939356343300182
18.460000000000086,136.18460726762024,0.005286246902133153,0.007538564560659465,0.004345946115248424,0.0009904882368732173
18.470000000000088,135.9864756530017,0.005557738037470469,0.008100306972435788,0.004284586808639079,0.000983522390455594
18.48000000000009,134.94567171014015,0.005699223087090621,0.008650618825788424,0.004167245677244434,0.0009734229556611146
18.49000000000009,133.5175443987127,0.005700519776334921,0.009192067253805645,0.004133223475813597,0.0009605909019318919
18.500000000000092,132.3692009455571,0.005562994019160003,0.009726985495058599,0.0043551361599803275,0.0009454976346660475
18.510000000000094,133.13009168503862,0.005298571161399986,0.010257298797771769,0.004559791022209418,0.0010282068113627795
18.520000000000095,134.10625206337235,0.0049271227646857175,0.010784094010005326,0.004747359789674159,0.0011091008560361452
18.530000000000097,134.99216512022375,0.004474135755108153,0.011307030892529133,0.004918164657661846,0.0011879558356978374
18.5400000000001,135.77470960940232,0.00396846636100269,0.011824951121368794,0.005072698716264532,0.001264470212850262
18.5500000000001,136.41782674803625,0.003440166499006862,0.012337110866613642,0.005211581115822115,0.001338371766375561
18.5600000000001,136.87095734633778,0.0029171753913337004,0.012842931960875548,0.0053355216645341996,0.0014095058888765077
18.570000000000103,137.10555111144464,0.0025978775735829404,0.013341550191052279,0.005445328018873294,0.0014777600113627005
18.580000000000105,137.1316872192784,0.002327755682551334,0.01383188648829991,0.0055419046292899884,0.0015429328399414871
18.590000000000106,136.9764365109428,0.0020504422701834958,0.014312264579655079,0.005654734903735296,0.00160475302216972
18.600000000000108,136.65192824777287,0.0017724016122406142,0.01478064801415622,0.005857715180085553,0.0016630248767799042
18.61000000000011,136.15426261190234,0.0015014664735720062,0.015235647435560194,0.006041613056976154,0.0017176789741226365
18.62000000000011,135.48912988899508,0.0012456016951572283,0.015691191143484336,0.006220003393184331,0.0017686518739948105
18.630000000000113,134.6760899762298,0.0010121319602859871,0.01613546346846541,0.0064077178606616195,0.0018157859465974392
18.640000000000114,133.7413302226771,0.0008782393258506436,0.01656521665893017,0.0065740680204989166,0.0018589066893554087
18.650000000000116,132.77502235395647,0.0007831153345760525,0.01697867092705295,0.00671619785036229,0.0018979544424614625
18.660000000000117,132.44395401369076,0.0007251777730167649,0.017374395277423217,0.006835176734329252,0.001932963095307897
18.67000000000012,132.33353498608287,0.0007056439843806047,0.017751224165783706,0.006934039500052812,0.0019639206647361213
18.68000000000012,134.6062350754448,0.0007231371256324414,0.01810760863208213,0.007054019750771779,0.002001864889009513
18.690000000000122,138.0740071929706,0.0007736621683661708,0.01844146402951019,0.00716850609724519,0.0020378453886412016
18.700000000000124,140.89724231596617,0.0008507749580834723,0.0187508265990041,0.007271075222842759,0.0020696349539962165
18.710000000000125,142.9485237718792,0.0009459394851148342,0.019033796832575552,0.00736840823533219,0.002097320747447773
18.720000000000127,144.18578712637583,0.0010493517235926947,0.019288645950715652,0.007453351416211044,0.0021209194648525794
18.73000000000013,144.63883755538873,0.001150491788116395,0.01951489245758528,0.007521809656525634,0.0021403583608782585
18.74000000000013,144.4093041008905,0.0012388612925648974,0.019713932463991304,0.007573818732965646,0.002155607851350969
18.75000000000013,143.66530973753257,0.0013049015905637713,0.019888774303310555,0.00760999249812184,0.0021667579274751037
18.760000000000133,142.63227879071005,0.001340129573305696,0.020043184551658214,0.007716496284964983,0.00217394276394155
18.770000000000135,141.55287577202364,0.0014211223302440588,0.02018072903612533,0.007838119334499679,0.0021772468404232573
18.780000000000136,140.63186125281803,0.001458631368976077,0.02030472929229218,0.007937558575585365,0.0021767233053364772
18.790000000000138,139.99818225594842,0.0014436326682065299,0.02041768475344496,0.00801370445281629,0.0021724710265465887
18.80000000000014,139.68456584857796,0.0013729751006784801,0.02052057750889606,0.008065561180013892,0.002164650337525811
18.81000000000014,139.6179522320364,0.0012472626245047783,0.02061295853142669,0.008092289999842262,0.002153432080453653
18.820000000000142,139.65223870622913,0.0010701515401882339,0.020693212638338974,0.008093275414374873,0.0021389626433039586
18.830000000000144,140.22815333858145,0.0008469138551345037,0.02075907228449629,0.008068102354084611,0.0021213781576854625
18.840000000000146,142.68612791725832,0.0005831392006484693,0.020808556240992187,0.008016507303736691,0.0021008300855951388
18.850000000000147,144.65158171035972,0.0005080675087857134,0.020840710567892808,0.0079384241829977,0.0020774959647523236
18.86000000000015,146.08165735069323,0.0007829863857541453,0.02085481310101356,0.00783404627135322,0.0020716117637830734
18.87000000000015,147.03527559185733,0.0010650719652699015,0.02084975201821124,0.007725944867342932,0.0021549396199067187
18.88000000000015,147.70076143072635,0.0013528052088567204,0.020824969151279807,0.00796710511757398,0.0022371125692008053
18.890000000000153,148.2629447771743,0.0016444145582591488,0.02078096788341077,0.008200700345816181,0.002317616144590568
18.900000000000155,150.0818303020156,0.0019756329515523982,0.020719221841467322,0.008435266224058558,0.002396037645464224
18.910000000000156,153.16902179588303,0.00235854891959466,0.020642006699435604,0.008673853526092859,0.0024719599027509622
18.920000000000158,156.2813740281105,0.002728025291490126,0.020551480094649504,0.008914323976008656,0.002544922737308886
18.93000000000016,159.35658459429902,0.003076147008490716,0.020449749139065734,0.009151949925430723,0.0026144785897622615
18.94000000000016,162.18804697990313,0.003485414118301034,0.02033975614566705,0.009381878649820121,0.002680265667496468
18.950000000000163,164.5944904897611,0.0040770672595944885,0.020224940382370965,0.009597975991732753,0.00274197857768086
18.960000000000164,166.51322353162553,0.004598136768724389,0.020117149962255203,0.009798727640151095,0.002799241754145892
18.970000000000166,167.82887257242234,0.0050100243699334026,0.020025750049809495,0.009983364043148358,0.002851678929013437
18.980000000000167,168.38405557574401,0.005280929385511588,0.019938900263038076,0.010151484894728452,0.0028989678575202767
18.99000000000017,168.21503176113904,0.005390813172591423,0.01985809148518081,0.010302445451390509,0.002940921104535562
19.00000000000017,167.57693846848997,0.005333635587765133,0.019783948929107262,0.010435208500070228,0.002977383545121958
19.010000000000172,169.6358758221125,0.00511809296722628,0.019716502328302354,0.010548662011061204,0.003008146021991532
19.020000000000174,171.36391688785199,0.004767257100622364,0.019654879262888687,0.010641820590107117,0.003033015167586551
19.030000000000175,172.67353252799808,0.004315232613117713,0.019597679380443257,0.01071374436389741,0.003051934431056125
19.040000000000177,173.5288572114674,0.0038319745316502817,0.01954345677460487,0.010769726584874354,0.0030649582392169735
19.05000000000018,174.23772765623457,0.003593497034533867,0.019490007235634644,0.010809056620377894,0.0030721073889617423
19.06000000000018,174.8464808664819,0.00332700662430494,0.01943429745515161,0.010831850425360171,0.0030733285737531853
19.07000000000018,174.62038412258664,0.0030431190772392557,0.019374058185013688,0.010838223943601427,0.003068626076306024
19.080000000000183,173.61884371352824,0.0027532614980417735,0.019308701390614306,0.010826281069171918,0.0030581614467708584
19.090000000000185,171.91797383272072,0.0024680208224436653,0.019238202496936918,0.010792292344391864,0.0030421611191924166
19.100000000000186,170.30314745871365,0.002196547343097686,0.01916230765195982,0.010731831157570582,0.0030207722684822526
19.110000000000188,169.09379530099693,0.0019630379291334828,0.01908192293909895,0.010641050797537664,0.0029940881360593715
19.12000000000019,167.94808416404774,0.0017562529661367223,0.01899936834005745,0.010517970144303888,0.0029622946194811793
19.13000000000019,167.16787650706206,0.0015786266070981928,0.01891582784842876,0.010363966199952888,0.0029257016658209224
19.140000000000192,166.40589889319025,0.0014552247650517517,0.01883036675794467,0.010184758961534722,0.0028846139013324894
19.150000000000194,165.59682389782293,0.001521312116031172,0.018741651686782886,0.00998945419815158,0.0028392503791965676
19.160000000000196,164.66723263510525,0.0015727040915502896,0.018649345538090924,0.009806302050984159,0.0027898359384627655
19.170000000000197,163.5842639670173,0.0015958791203583382,0.01855448649278637,0.009622084418055671,0.002736711159544016
19.1800000000002,162.28966676111082,0.0015839635154116705,0.01845917418389284,0.009425426449666402,0.002680287670292258
19.1900000000002,160.71642441007205,0.0015374404793184434,0.0183659643030944,0.009217516473452769,0.0026209250211000155
19.200000000000202,159.54109255835374,0.0014629854146754415,0.018277542901601815,0.008999661993898485,0.0025589179589002057
19.210000000000203,160.07738567189764,0.0013720293530314787,0.018196298326108282,0.0087730016089982,0.0024945978748708046
19.220000000000205,160.28861825744522,0.0012786245588158125,0.0181238371330813,0.008538790881800016,0.002428381848040872
19.230000000000206,160.19459561688612,0.001197130378690489,0.018060781643066893,0.008298759241202137,0.0023607055518639047
19.240000000000208,159.8868668463911,0.0011800398478282784,0.01800697195649885,0.008058323930430362,0.0022919620242200654
19.25000000000021,159.3718838910721,0.001185358829956644,0.017961846072928816,0.00785454454296599,0.0022225386307994704
19.26000000000021,158.53524361558874,0.0011829172539730378,0.01792429466758048,0.007654747662090381,0.0021529270120989844
19.270000000000213,157.27396796322446,0.001182505812639315,0.017892738641106083,0.007498346152476413,0.0021256028496997497
19.280000000000214,155.59885341220158,0.0012702845574787908,0.017865431912241964,0.007656632809531046,0.002162606815054084
19.290000000000216,153.64478506418837,0.001387123082936933,0.01784003772100178,0.00779025521845473,0.002197078898976553
19.300000000000217,154.75818199842755,0.0015236423165321783,0.017813727403102702,0.007892469549888021,0.0022281413683806063
19.31000000000022,157.26074432261527,0.0016672251573200433,0.017783306605078198,0.007963728118750952,0.002254825289465227
19.32000000000022,159.88047481120876,0.0018027537019485907,0.017744891721170865,0.008008931476887403,0.0022759980604130964
19.330000000000222,161.67231789477552,0.0019136101707081018,0.017694927067296994,0.008035816377675436,0.0022906677870829844
19.340000000000224,162.8358190160609,0.001981516690854853,0.017631600131847742,0.008061279349323054,0.0022983542498951153
19.350000000000225,163.47619718986726,0.0019878113745078877,0.017554541674358545,0.008066441116083857,0.002298982683680494
19.360000000000227,163.1707702805698,0.0019256932081793082,0.017463513229987973,0.008044070659588934,0.0022925585890845555
19.37000000000023,161.96462828064833,0.0017736551800298652,0.01735784806986046,0.007994305050685019,0.0022790520916945007
19.38000000000023,160.00277333574124,0.00152218938732661,0.017236770216498398,0.007918026248420352,0.0022584397017322787
19.39000000000023,157.7216231056751,0.0012518052888905778,0.017099999488546277,0.007817020512526487,0.002230807012877112
19.400000000000233,155.72136226728216,0.001201217383938199,0.016947555866932605,0.007693866655306608,0.0021963208698253284
19.410000000000235,153.6814978433414,0.001094860121309519,0.016779323074942596,0.007547979350988603,0.0021551832044656204
19.420000000000236,151.59731219333023,0.0009292806147055263,0.016595659586381276,0.007380631401283434,0.002107796848080047
19.430000000000238,150.3915544032574,0.0013902515123721162,0.01639770485799357,0.007197890950517261,0.002054767295934686
19.44000000000024,149.4233959047055,0.0020278393479946717,0.016186781966010748,0.007001566237657578,0.0019967092775332045
19.45000000000024,148.01567311866302,0.0026225015497185374,0.0159639062306571,0.006802397759765498,0.0019341786968537957
19.460000000000242,146.24576156938357,0.003138063053049345,0.01572938350127724,0.006898237380106974,0.0018676014907128104
19.470000000000244,144.08122699251504,0.0035427444527373945,0.015482736055722588,0.006963117092128048,0.0018006451513670292
19.480000000000246,141.54727306041488,0.003813233524354763,0.015223521445719139,0.006995946717438419,0.0017356101928955813
19.490000000000247,139.21767431907142,0.0039381794993878245,0.01495177323412698,0.0069960055472944,0.0016669083772847834
19.50000000000025,137.63571912257117,0.003918892493953179,0.014667451096807902,0.006962915674723443,0.0015947742189277218
19.51000000000025,136.2131257125007,0.003768988348764069,0.014370512932999397,0.006896631959173,0.0015195053815369672
19.520000000000252,134.84576697975493,0.0035132499443559628,0.014061951962932822,0.0067974709766874504,0.0014415658702908868
19.530000000000253,135.3806978382621,0.0036539614712461977,0.013743264743023157,0.006666123280811377,0.0013616672497083334
19.540000000000255,136.49316450975184,0.003951542538277521,0.013415179339448613,0.006529811558258349,0.001280283234821545
19.550000000000257,137.3301551170309,0.0041813915072691004,0.013078151107491356,0.006489405686053532,0.0012262335893811526
19.560000000000258,137.87993093376735,0.004335691884002563,0.012744500848872353,0.006426515766149675,0.0012331292960994153
19.57000000000026,138.1171107466375,0.0044109393590765,0.012421446957067603,0.006341940521704427,0.001240216691155099
19.58000000000026,138.0166863001541,0.004408378471155098,0.012087230684782175,0.006236641414532751,0.0012472269950232764
19.590000000000263,137.5870027619428,0.004333298298650731,0.011741817757697852,0.006111694170461259,0.0012538305266633094
19.600000000000264,136.86679039008027,0.004193928400350982,0.01138620984298841,0.00596829156059852,0.0012595951520651908
19.610000000000266,135.8965974985012,0.004000367943393648,0.011021611564746413,0.005807765176407968,0.00126410084944975
19.620000000000267,134.83233015437776,0.0037647317627768455,0.010648791282231552,0.005631547242933897,0.0012670324962341507
19.63000000000027,133.68405130562246,0.003501420642402301,0.010268334298283988,0.005441112155665788,0.0012681201526160391
19.64000000000027,134.24614732800524,0.003225609991644101,0.009881394816284295,0.005237992273459224,0.0012670388508633091
19.650000000000272,135.2025321670141,0.002951500497633225,0.009489644188654112,0.005023812187741976,0.001263429367871958
19.660000000000274,136.08604131546028,0.0027146564588879075,0.00909444904037846,0.004800229713097183,0.0012569971175890194
19.670000000000275,136.81663820367604,0.002654559099227618,0.008696825745834788,0.004575124794523948,0.001247528897035026
19.680000000000277,137.3108991230768,0.002620930524399414,0.008297172635467125,0.004560996507311124,0.0012348144338079378
19.69000000000028,137.54617863449164,0.0025307674992520422,0.007894705324388544,0.004534236455593975,0.001218609982785162
19.70000000000028,137.45164748122238,0.0024036791753112184,0.007488300548150887,0.004492153161656467,0.001198700301230342
19.71000000000028,138.639972708099,0.002264942255494799,0.007076586574495807,0.004431863669404292,0.0011749519716485804
19.720000000000283,139.78827383690538,0.002141281360507264,0.0066576199915295104,0.004350771926074352,0.0011472704858256758
19.730000000000285,140.8113194965685,0.0020576477536840333,0.0062297583865300035,0.004246872427894162,0.0011155594985590364
19.740000000000286,141.63478992697787,0.0020342254842966177,0.005792283605969174,0.004119036017399742,0.0010797242139002807
19.750000000000288,142.2073468331724,0.0020836737413436465,0.005346099493986786,0.003967427790509599,0.0010397185336685371
19.76000000000029,142.4865703155907,0.002209457870174485,0.004893440887992628,0.0037936246193984355,0.0009955292829599836
19.77000000000029,142.41234294378188,0.002405031902486343,0.004436198731102155,0.003664202072477307,0.0009896740379777794
19.780000000000292,141.97318857980673,0.0026537912775003135,0.0039755705004535565,0.003499739012662004,0.0009799672404271823
19.790000000000294,141.1300110911681,0.0029309704573963376,0.0035123387009236835,0.003378243731401402,0.0009597902538544835
19.800000000000296,139.9210011635407,0.00320731817221144,0.003046865727211278,0.003385140068673847,0.0009293105301738024
19.810000000000297,138.3664084590654,0.0034524714648126427,0.0025798509406633674,0.0034446882971139285,0.0008888051893901463
19.8200000000003,136.48221920128523,0.0036375616280813375,0.002124096636643617,0.003520764550074556,0.0008387038055671378
19.8300000000003,134.34050599633073,0.003745232759087057,0.0016716052950523682,0.0035635115632588637,0.0007795834973295519
19.840000000000302,132.06771877179472,0.003752288658164065,0.0012003467668592622,0.0035269101956350046,0.0007764581969278967
19.850000000000303,129.76010329190785,0.003641201101836867,0.0007281331541397895,0.0033786742663988473,0.0007917037636478171
19.860000000000305,127.46342838206712,0.0034084446667175853,0.00027439091399575577,0.003103108611498168,0.0008157647753363403
19.870000000000307,127.59340512743158,0.003059205345541944,0.00047734092260221525,0.0029962468825203196,0.0008358991642745642
19.880000000000308,127.64676962836593,0.002605988846559165,0.000877609801544206,0.003051430362738866,0.0008524198340937521
19.89000000000031,128.43479326494878,0.002067325811612686,0.0013630277412283664,0.00309641735454919,0.0008656930693803445
19.90000000000031,129.54411218012663,0.0019333064649100311,0.001902689604924742,0.003162376456886494,0.000876171961956446
19.910000000000313,130.33438886935855,0.0018213851940099626,0.00244777094588653,0.0032147591201314605,0.0008843374284036759
19.920000000000314,130.79447586799037,0.0017029186333259816,0.00299547817021453,0.0032502102690637126,0.0008903879522653185
19.930000000000316,130.9067103896841,0.0015790627038944967,0.0035414750246300516,0.0033759204560463315,0.0009117048219388653
19.940000000000317,130.69868527187285,0.0014489176663391762,0.004081118132338211,0.0035226722495255735,0.000958305297403209
19.95000000000032,130.24033477802143,0.0018428484816534422,0.004609283567509462,0.00364048224283147,0.0009987020645532004
19.96000000000032,129.5832518757869,0.002254894645284934,0.005120957945608335,0.0037306018327723377,0.0010320907625072132
19.970000000000322,128.76367321637542,0.0025650221394772714,0.00561191981404231,0.003794708751071518,0.001057897530912469
19.980000000000324,127.845597190311,0.0027686205364393685,0.006078811611770561,0.003834178953133313,0.0010758115434390105
19.990000000000325,126.90599971629403,0.002867640860368544,0.006518734330398458,0.0038495492689477996,0.0010856696889880164
20.000000000000327,127.57292488630941,0.00287062949542735,0.006929031469235109,0.0038406454539644677,0.0010873848074017885
20.01000000000033,128.67913175265335,0.002792623592488095,0.007307023391604673,0.0038235960888707374,0.0010808555742839448
20.02000000000033,129.5573193542798,0.0026543605742667003,0.0076498864232901285,0.004087229326201353,0.0011304979009930042
20.03000000000033,130.75918048106146,0.002480792946977873,0.00795510019133738,0.004450103980190642,0.001214383438591613
20.040000000000333,131.92273754381864,0.002299222938987852,0.008221155407093913,0.004773532718765998,0.0012952159750455859
20.050000000000335,132.82798093046688,0.0021363703340221787,0.008447966579983104,0.005048571448253406,0.0013726465281341318
20.060000000000336,133.4487010221197,0.0024767873303707163,0.008636940331739479,0.005279617111912406,0.001446376134305585
20.070000000000338,133.79228153633233,0.0029049612609610524,0.008790058276451686,0.005479230865473061,0.0015161049383925838
20.08000000000034,134.47895060191647,0.003331859783387885,0.008908631337358799,0.005661174655590487,0.0015815180276674602
20.09000000000034,135.5424741407532,0.0037344024799536237,0.008993754767722191,0.005834846644191284,0.0016422684999662254
20.100000000000342,136.3622376821468,0.00410136147485109,0.009047779559238826,0.006003511932357675,0.0016980684119131393
20.110000000000344,137.08597697524152,0.004421554638281576,0.009074172741303909,0.0061660800003831414,0.0017487485789768962
20.120000000000346,137.81406587254958,0.004685023183755141,0.009076808700531274,0.006320062763164993,0.001794150839314689
20.130000000000347,138.58609380911844,0.004883402926910804,0.009140812269541729,0.0064635449630953325,0.001834049758516265
20.14000000000035,139.4983980554652,0.005009333561098096,0.009364021539791245,0.006595566808624751,0.001868228896148521
20.15000000000035,140.8982818003196,0.005057040873325795,0.009591091692959174,0.006715425302317649,0.0018966002334131788
20.160000000000352,142.6139797517978,0.005023799553178846,0.00982349838792989,0.006821642752091325,0.0019191787609041842
20.170000000000353,144.30590326571436,0.004910970162226331,0.010062806039555157,0.006911318287216922,0.0019359512218954157
20.180000000000355,145.9470861777658,0.004723014162995791,0.010310297809213054,0.006980383973373168,0.0019468523158158834
20.190000000000357,147.47618153710175,0.004466505197827412,0.010566113918771367,0.007024700939924314,0.0019518945904294057
20.200000000000358,148.70351690593486,0.004151047824687983,0.010844138367605964,0.007041317895649183,0.0019512742953089867
20.21000000000036,149.49833298756192,0.003828135224292513,0.01114472024014269,0.007029843358423463,0.0019451413457144233
20.22000000000036,150.192376131383,0.0035012286811966246,0.011446563989255577,0.006991655426201414,0.0019337255959263869
20.230000000000363,150.38891673378114,0.003154420591029162,0.011746210177308964,0.006927630290786581,0.0019171171850128417
20.240000000000364,149.92428671954497,0.0028033448896134464,0.012041502524272446,0.00684035499140391,0.0018955328412657894
20.250000000000366,148.776897616151,0.0025119988154525537,0.012331149924399957,0.006731816403550093,0.0018694361318720017
20.260000000000367,147.05371750054746,0.002671563669999659,0.012614820957795002,0.0066200939016599035,0.0018389090481955564
20.27000000000037,147.3167289890091,0.0029099242062458077,0.012892587738540425,0.00686784856601083,0.0018530912304361897
20.28000000000037,148.71672251833758,0.003206458001688402,0.013164450218927431,0.007068600784422833,0.0019255582319979566
20.290000000000372,149.23922173250202,0.0035301566119920707,0.013430588507636232,0.00723855200447617,0.0019949167227782654
20.300000000000374,148.85083785911232,0.0038426396467945555,0.013691244034320437,0.007394790955737643,0.002060831498554004
20.310000000000375,147.58123025999762,0.004102937811006015,0.013946292703679579,0.007549472868934241,0.00212303165074487
20.320000000000377,145.541254674455,0.004272660326525489,0.014195235167075888,0.007707328771152015,0.002181304464302821
20.33000000000038,142.91122786987788,0.004319862738530065,0.014437239831818103,0.007866934485048799,0.002235420477057834
20.34000000000038,139.9090459054542,0.004222222814845054,0.014671428495425652,0.00802385713638461,0.0022851160797518837
20.35000000000038,136.79361111663422,0.00396988265348349,0.014897676009491876,0.0081733412962277,0.0023301545168084746
20.360000000000383,134.0131497804671,0.003566647932701555,0.01511686287942107,0.008321654079254791,0.002370363717975393
20.370000000000385,137.18089771134447,0.00302931654275247,0.01533015107029174,0.008457225223842284,0.002405601260376795
20.380000000000386,139.30877919954315,0.0023863651510598123,0.015538308358175596,0.008569460123310042,0.0024357151870900303
20.390000000000388,140.3342225079174,0.0016750517377079192,0.015741411859010027,0.008655307229635693,0.0024605576934824945
20.40000000000039,140.248468476857,0.0014027435829238124,0.015938639151992957,0.008714302266671877,0.0024800116211872365
20.41000000000039,138.91126262441662,0.0012872360960449506,0.016128242158572847,0.008750617290491633,0.0024939843345916242
20.420000000000393,136.57019880179337,0.0011333776676920625,0.016307729791458975,0.008769158321973431,0.002502399248896408
20.430000000000394,135.5015468095946,0.0016081249392180985,0.016474638152926598,0.008770790222361644,0.0025052170907809887
20.440000000000396,135.90437957746337,0.0020751377319361483,0.016626993426150358,0.008762162723194076,0.002502447094812255
20.450000000000397,138.54056733783585,0.0024149638067152107,0.01676282751062979,0.008748131516127683,0.0024941124708845177
20.4600000000004,141.58715316941647,0.0026234936679165317,0.0168803501777959,0.00872284782248301,0.0024802217957371232
20.4700000000004,144.51914292868975,0.002706715359520485,0.016978729503749703,0.008680577682970694,0.0024608046213637482
20.480000000000402,146.2054276113517,0.0026795121089705698,0.017057382235033693,0.008615896221718945,0.0024359619984074686
20.490000000000403,146.30197888987578,0.002563717450225003,0.017115734978610197,0.008545510213888732,0.0024058429619800894
20.500000000000405,144.7502584758101,0.00238613941691298,0.017154319973949332,0.008451424485420881,0.002370574494091561
20.510000000000407,141.723527813008,0.0021761675069241525,0.017174075883966498,0.00836340507981716,0.002330261784996792
20.520000000000408,137.4740255697635,0.001963299354936029,0.0171756735947362,0.008367331876054937,0.0022850724547825007
20.53000000000041,135.09270940429622,0.0017745887242437077,0.017159828122655235,0.008364039812961375,0.002235272091389926
20.54000000000041,134.39086266196514,0.0016315497994164837,0.01712740302960612,0.008353623881841398,0.002181137521344595
20.550000000000413,133.50652812526863,0.0017117235808020732,0.017078709045918745,0.008336015846566095,0.0021228692764241716
20.560000000000414,132.62895153154915,0.0018413925727833228,0.017012852649550388,0.008310969056590692,0.0020606437977305483
20.570000000000416,132.7524878755894,0.001975716264431081,0.016928634631448964,0.008278081967687945,0.0019947343701199635
20.580000000000418,132.77213811387472,0.0021169102899410443,0.016825062039098615,0.008236827255517826,0.0019255128171251216
20.59000000000042,133.4676584644649,0.002265687983934309,0.016700921255744256,0.008186532215320938,0.0018533219006144452
20.60000000000042,134.07647022641643,0.002437853296038574,0.016554980197940848,0.008126357929313866,0.001778412963955135
20.610000000000422,134.5877353827543,0.002667982818554963,0.016386534481740933,0.00818263126890337,0.0017010455970423034
20.620000000000424,135.01932917652357,0.0029081012143088404,0.01619587192932315,0.008254717545038691,0.0016216000918367179
20.630000000000425,135.39380643584383,0.003153082278348631,0.01598406167212092,0.008311120774332669,0.001540469174668569
20.640000000000427,135.71238751165285,0.0033968774057683703,0.015752367079672258,0.008349741599674615,0.0014580164300346092
20.65000000000043,135.9579136698449,0.0036324306179417,0.015502928087380949,0.008368512751138375,0.0013744811447836582
20.66000000000043,136.11574026082388,0.0038520732561257627,0.015238825507349164,0.008365453692707381,0.0012901603872976924
20.67000000000043,136.1692291216454,0.004048353621185861,0.014962422775112949,0.008338661060009793,0.001236154515457326
20.680000000000433,136.08202577816613,0.004214145955995497,0.014674700082999134,0.008286312944454774,0.0011904095245974116
20.690000000000435,135.80854665933248,0.004342689635916073,0.014375933406960978,0.008206749076472262,0.0011388498083365237
20.700000000000436,135.32269968835627,0.0044275484872291805,0.01406604989573328,0.008098525042666949,0.001105929504522522
20.710000000000438,134.67915695965868,0.004462198756125139,0.013749818744345473,0.007960380072989588,0.00111707361306686
20.72000000000044,133.88992671631908,0.0044405110245149745,0.01343522531938073,0.007791232611013391,0.001127348133272252
20.73000000000044,133.37709718233378,0.004357763303556458,0.01310881072595993,0.007590260504986309,0.0011368972655210713
20.740000000000443,132.45586466539834,0.00421154988437675,0.012772039291762656,0.007356950009098934,0.0011458163059779327
20.750000000000444,131.42553995257833,0.004002596535687067,0.012425215870169981,0.007091058706291874,0.0011539996484474836
20.760000000000446,130.64895990908104,0.003734644012018988,0.012067817164045182,0.006792603379870653,0.0011609977750588823
20.770000000000447,130.34842993023926,0.003413953213198454,0.011698201717310976,0.006461922717948541,0.0012028181912094769
20.78000000000045,131.99505711071737,0.003345442983936118,0.011314525724309847,0.006099703663487491,0.0012472383514016462
20.79000000000045,133.24744320065443,0.003688431410964965,0.010915956247378443,0.005706930590237414,0.0012910174055554794
20.800000000000452,133.62069762080324,0.003975340643544597,0.010502738810689373,0.005284877176798123,0.001333887686662958
20.810000000000453,133.17848076958686,0.004154555235403148,0.010075778634563477,0.004958697768905905,0.0013755255990661975
20.820000000000455,132.1648032247507,0.0041935463898660885,0.009636811378323671,0.005071598664135051,0.0014156100788683226
20.830000000000457,130.8846141477111,0.004073507162988985,0.009189004279063771,0.005176252365297073,0.0014539003806729241
20.840000000000458,129.5444577544939,0.0037885393133851577,0.008737047166649317,0.0052768523389263335,0.0014899996960698293
20.85000000000046,128.82872318966878,0.0033461059794433513,0.008286483388233488,0.005375584013654843,0.0015237596358682983
20.86000000000046,128.7553764753424,0.0027665966994047764,0.007842976669890773,0.005472220864578624,0.001554836263306898
20.870000000000463,128.69018345150218,0.00208156082236824,0.007610179601974385,0.005564753049175117,0.0015829756848684086
20.880000000000464,128.74906391942923,0.0013310986972054724,0.007739747352131038,0.005650782350968078,0.0016079630875606241
20.890000000000466,130.27954220616004,0.000613921485084509,0.007886253133313939,0.005728562146853421,0.0016295924662422224
20.900000000000468,132.1967142408198,0.0006496713033331635,0.008046080667998695,0.005796730119014057,0.001647678230543256
20.91000000000047,134.1270755352687,0.0012401632869751998,0.008214375590544094,0.005853196911150466,0.0016620906579960446
20.92000000000047,135.71696500247376,0.0018154492685327568,0.008385776394246276,0.005894707219495863,0.001672739199320413
20.930000000000472,136.61429043152546,0.0022655443913219614,0.008555277671046276,0.005932366455937255,0.0016795168906858808
20.940000000000474,136.55565716009116,0.0025805216720203063,0.008718277432039455,0.0059546498810809255,0.0016823014437117789
20.950000000000475,135.43653689576848,0.0027629672091010007,0.008869974573401341,0.0059505726697528195,0.0016810218006846585
20.960000000000477,133.33436017475233,0.002825878295130458,0.009005526451709102,0.005917948493857763,0.0016756786012690162
20.97000000000048,132.9993633401293,0.00279042789389632,0.009121321939135195,0.005861031818703657,0.0016662720119593208
20.98000000000048,135.3366065773541,0.002683251019590732,0.009215368248303484,0.005800452418342615,0.0016527493884081063
20.99000000000048,137.34494057175354,0.002532827793135661,0.00928668618536108,0.005912865670242072,0.001635344549135886
21.000000000000483,138.65652777055692,0.002365987712289181,0.009335337009817875,0.006205570185244386,0.0016145454729396109
21.010000000000485,139.06268970904853,0.0022052427774922104,0.0093627256942222,0.006458182312538515,0.0015897401189290743
21.020000000000486,138.49420679842476,0.0020669977562674927,0.009371573971224253,0.0066686890090771524,0.0015609531916736046
21.030000000000488,136.9217951988717,0.001960814857727862,0.009365090304158616,0.006835444766210314,0.00152833145026856
21.04000000000049,134.44472343494544,0.00188962673747917,0.009346167102060243,0.006957173668237692,0.001491842244618984
21.05000000000049,132.10321330118148,0.0018506141550737516,0.009316688754940518,0.00703293021944386,0.0014517094631867405
21.060000000000493,131.97337479672922,0.0018369413064259965,0.009276468994402669,0.007062135364024295,0.001408179546072996
21.070000000000494,132.03732891899264,0.0018792438139885752,0.009223766566190792,0.0070446361450464375,0.0013614054566166882
21.080000000000496,131.824849844375,0.0019717090278327685,0.009156847364092889,0.006980686218031825,0.0013115702306205684
21.090000000000497,131.34980163125252,0.0020540793742087537,0.009073825063647605,0.006870905923201014,0.0012589249077229838
21.1000000000005,130.635966875489,0.00212538455898086,0.008971736751018977,0.006818169497795659,0.001203759227989445
21.1100000000005,130.55455781413463,0.0021834796352951553,0.008846632121225573,0.00674885616875015,0.0011463846896979976
21.120000000000502,130.30297934262865,0.0022260213212220584,0.008801273770663132,0.00663816353706301,0.0010871647542772345
21.130000000000503,129.73908710043779,0.002251015279374648,0.008735087787296952,0.006487681594540176,0.0010262852367597009
21.140000000000505,128.87459594796314,0.002257325541679203,0.008639810235654749,0.006299295835658425,0.0009640926947296495
21.150000000000507,127.77599787182093,0.002259016789580204,0.008515227101368593,0.006075196952913677,0.0009561339971290824
21.160000000000508,128.10384054169555,0.0022693362864778955,0.008362176072755197,0.005817821681351716,0.000954667588884551
21.17000000000051,128.4134660994418,0.0022730117639056645,0.008182754693082427,0.005529794101108965,0.0009489325793734335
21.18000000000051,129.25868689736848,0.0022743968221220086,0.0079796821099475,0.005213923067314643,0.0009391151359121634
21.190000000000513,131.48678685485226,0.0022774533716314574,0.007755873755008872,0.004873196486900513,0.0009254842033292528
21.200000000000514,133.5007006298861,0.0022851238862054125,0.007514545416173829,0.004510727094427204,0.0009084262301109345
21.210000000000516,135.11414840844566,0.0022985516588844425,0.007259070150243257,0.004129697589624994,0.0009051332640486083
21.220000000000518,136.15577929635532,0.0023167446329891107,0.006992572497683471,0.003733346396991468,0.0009087230162957772
21.23000000000052,136.4837724027679,0.0023367872313849714,0.006718551889109272,0.0035795780829228387,0.0009075419356270654
21.24000000000052,136.00900830581818,0.002354378818283313,0.006440802531486995,0.0035383398914464654,0.0009014015252712596
21.250000000000522,134.7080461254614,0.0023645106120893126,0.006162897382616695,0.0034528004663391333,0.0008901794485000206
21.260000000000524,132.63874612130206,0.0023623135317089846,0.005888127943130828,0.0034429443681963743,0.0008738193008307506
21.270000000000525,129.94125147793707,0.002490915591045358,0.005619304891075204,0.003392376865654391,0.0008523200732763608
21.280000000000527,128.5265482346369,0.0029051905380733734,0.005358488328832903,0.003284567517130292,0.000825742692313489
21.29000000000053,127.95921398897933,0.0032732136281470353,0.005107011784879051,0.003127409840237994,0.0007942166025186997
21.30000000000053,127.31696451219969,0.003560934174750305,0.00486557125203794,0.0033601546510502968,0.0007845288654097059
21.31000000000053,126.65973660060394,0.0037386349869010663,0.004924778792908978,0.0038843235604023286,0.0009050971174292135
21.320000000000533,126.42735269938517,0.0037840977537271334,0.005067058463227474,0.004241255356858579,0.0009688711699490614
21.330000000000535,126.23707598814863,0.003684759051226601,0.005200132627029955,0.004414292966872356,0.0009674376053276223
21.340000000000536,125.96818545240309,0.0034394681545479562,0.005321780251873105,0.004415239161043281,0.0009034754995465089
21.350000000000538,126.23984742798918,0.00305908151665721,0.005430449587197941,0.0042890577037862304,0.000971304271716891
21.36000000000054,126.74954173969905,0.002566049122050902,0.005525408778926641,0.00411389931932196,0.0010332417758116953
21.37000000000054,127.1350973227363,0.001993006890920519,0.005606481872849599,0.003988416527994982,0.0010889719075819428
21.380000000000543,127.34720803298401,0.001379798396327105,0.005672887999208673,0.003996644638968937,0.0011381793018363866
21.390000000000544,127.34509419540827,0.0007693482480055568,0.005723138763768755,0.004162195872302281,0.0011806550328580068
21.400000000000546,127.09593208142165,0.0005479079096654908,0.005755569639122669,0.00443576264728213,0.0012162267846108842
21.410000000000547,126.81831004724721,0.0006401123280317343,0.005769588420286603,0.004730920314354482,0.0012447471438553476
21.42000000000055,127.53558406640137,0.0010144048756719534,0.00578529829024588,0.004967870461343767,0.0012661074408461138
21.43000000000055,128.25858047514043,0.001261419220733119,0.00580225011026564,0.005096254577112349,0.0012802605311303787
21.440000000000552,128.8662164581376,0.0013776444647952098,0.0058056972799284306,0.005106118161452485,0.0012872255181243164
21.450000000000554,129.4861384668407,0.0013714343620020919,0.00579615515028712,0.005005312134714144,0.001287070409147967
21.460000000000555,129.82454217726598,0.0012617237527107325,0.005774055120783612,0.004831356660136538,0.0012798967868013148
21.470000000000557,129.7649799506785,0.0010758315537798247,0.005739355937541381,0.004631504081796231,0.00126584444538474
21.480000000000558,129.27705982366865,0.0008460155109725195,0.005691818653142184,0.004495810363349281,0.0012467379701786951
21.49000000000056,128.37029825883738,0.0006052474104253843,0.005631471434667773,0.004370223877371135,0.0012228592114643902
21.50000000000056,127.13305419587658,0.00042888235603948544,0.0055581037048371565,0.00422647839112927,0.0011928507830309412
21.510000000000563,126.56918647829885,0.0002973881333586565,0.005470988182038667,0.004075141785925049,0.0011569940932213835
21.520000000000564,126.60807978584447,0.0003792593571220886,0.00536928348580221,0.0039668283175756875,0.0011156398836285758
21.530000000000566,127.52502173192345,0.00047890455691629205,0.005252514808024515,0.003936217707148533,0.0010691413552233904
21.540000000000568,128.51803695425684,0.0005763561760870085,0.005120909136944266,0.003906543203253948,0.001082772505336044
21.55000000000057,129.5712469249163,0.0006647969838759529,0.00497548371980437,0.00391619159133764,0.0011124179909579716
21.56000000000057,130.6759070480391,0.0007372334576687129,0.004817912814440375,0.003989086009866134,0.001139291389333195
21.570000000000572,131.82335319792222,0.0007976453799357641,0.0046501025427418945,0.004102843201884272,0.0011633115800820384
21.580000000000574,132.977500477812,0.0008237269186068797,0.004473781635445168,0.0042510122434379245,0.001184358795710215
21.590000000000575,134.07881141199744,0.0008114049439428139,0.004290159670003108,0.004396831636626607,0.0012021969977564044
21.600000000000577,135.08692270333992,0.0007574754646655725,0.004099879138138588,0.004515245822768171,0.001216589507553389
21.61000000000058,135.99581353938598,0.0006720507673803429,0.003903229171281518,0.004591649054652167,0.0012274261460344254
21.62000000000058,136.79929198970513,0.0005517003554371825,0.0037001835458412794,0.004621919354644999,0.001234676110285147
21.63000000000058,137.45929456711974,0.0005615480340782159,0.003490874643507709,0.004610090054428842,0.001238250626148914
21.640000000000583,137.9149723044098,0.0007017736257366637,0.003275778542446835,0.0045657448302271935,0.0012379812278268151
21.650000000000585,138.1229257049285,0.0008236188844437248,0.0030550930512326874,0.0044986686237974555,0.00123373141012117
21.660000000000586,138.0847580041668,0.0009058934805948524,0.00282864808255258,0.004416772319909345,0.001225469998248818
21.670000000000588,137.82728899225623,0.0010216571278572853,0.0025963949312887537,0.004325690829878951,0.0012132144419476538
21.68000000000059,137.36130733377797,0.0012677295604908332,0.0023582385138085395,0.004229453221034266,0.0011969463450987059
21.69000000000059,136.68000675463577,0.0015017471162155885,0.0021135649698805405,0.00415366602256554,0.0011766174856088472
21.700000000000593,135.79952545126,0.0017165417518708048,0.0018620290984467968,0.00405570371647186,0.0011522158777557685
21.710000000000594,134.767898750925,0.0019063406089792742,0.00160443071420678,0.003940796393427243,0.0011237910045572884
21.720000000000596,133.6207207228487,0.0020675113431521835,0.001405824524672283,0.0038320705312785246,0.001091421174088157
21.730000000000597,132.37147777615897,0.00219944413597083,0.0012108154029225801,0.003741393053777858,0.001055183092395064
21.7400000000006,131.0650881718932,0.0023050403047845977,0.0009994595430718736,0.003657086784202867,0.0010151532310855933
21.7500000000006,129.7869573870286,0.0023895701827469766,0.001110826094522107,0.0035775837089876343,0.0009714216159076816
21.760000000000602,129.30645432837483,0.002526077750649764,0.0012291593259235072,0.0034972292135679274,0.0009241076545777945
21.770000000000604,130.24239628383143,0.0030360591295820367,0.0013460069372287435,0.0034069577942912924,0.0008733767067505882
21.780000000000605,130.92850946781,0.0034887636845641373,0.0014601812306771669,0.0033025300489468636,0.0008194304889597731
21.790000000000607,131.33413673930812,0.003857772963202936,0.001569984121399782,0.003341148385374409,0.0007747622108638072
21.80000000000061,131.43693316692992,0.0041207809039166595,0.0016735236007440883,0.003694271547293225,0.000876511739242967
21.81000000000061,131.2408380379273,0.0042609008040456545,0.0017688922904207775,0.003914125614821814,0.0009339476190611261
21.82000000000061,130.78987262194346,0.0042680473331347946,0.0018540124705307382,0.003982081461948847,0.0009416406379511027
21.830000000000613,130.1452390832405,0.004140337837861646,0.0019270903554815372,0.003895127191257037,0.0008974503569991812
21.840000000000614,129.36055121075995,0.0038844535600072146,0.001987253238969487,0.0036686756353260523,0.0008030001640510044
21.850000000000616,128.4985514872945,0.0035150792926790394,0.0020345809765320846,0.0033396992153458377,0.0008170968849263809
21.860000000000618,127.71830068857999,0.0030545558112550037,0.002223133701206145,0.002972406133225938,0.000841857226169655
21.87000000000062,127.66597450696975,0.0027083439866878896,0.0024054290842606425,0.0030429148572327777,0.0008590062425106105
21.88000000000062,129.0966271209957,0.002631531990910013,0.0025723786492534094,0.00309343078185486,0.0008682541439489958
21.890000000000622,130.46586853164933,0.002524531698412311,0.0027356623410378666,0.0031552006133650627,0.0008888424558548302
21.900000000000624,131.67438676301893,0.0023869544596379047,0.0029144050571516394,0.003183202079565717,0.0009028808020961476
21.910000000000625,132.6921816825041,0.0022203243879364075,0.0030777546504884962,0.0032158514417198673,0.0009099999450241599
21.920000000000627,133.51090177528343,0.0020866301782270554,0.0032261617807855044,0.003230515734094318,0.0009104947505851822
21.93000000000063,134.1188710060569,0.0019262829429092785,0.00335997817674834,0.0032181519630254565,0.0009046535542107724
21.94000000000063,134.49809861278402,0.0017421076811179404,0.003478873438367108,0.0032074506588095045,0.0008925904984957752
21.95000000000063,134.64176401578374,0.0015384840462814115,0.0035813693398584405,0.0032246356003230035,0.0008741118176129295
21.960000000000633,134.58139910546765,0.0013209758901633146,0.0036652360564367443,0.0032309509038048905,0.0008488454798825558
21.970000000000635,134.36708743743623,0.0010963282631134658,0.0037282677006096184,0.0032090854207896522,0.0008164158074664677
21.980000000000636,134.03993714035178,0.0008725616581204682,0.003769007701351381,0.0032881255738325026,0.0007766871762329945
21.990000000000638,133.6406346466687,0.0006586413772009274,0.0037870034373801292,0.0033691881088868444,0.0007298409594372673
22.00000000000064,133.2252526441054,0.0004640795139928562,0.0037829394133295315,0.003436917519644014,0.000706547171192397
22.01000000000064,132.84360044088905,0.0004617747783199453,0.0037589249743076435,0.0034906422887615563,0.0007666206723682842
22.020000000000643,132.51331275525374,0.0005711711404979434,0.00371842548928338,0.0035295085374620247,0.0008238677567879439
22.030000000000644,132.23587857820397,0.0006303298205002312,0.0036652717761733126,0.003552857988623689,0.0008780356536574566
22.040000000000646,132.020061660292,0.0006370375272818493,0.003603465383673702,0.0035603744442060754,0.0009289329144020195
22.050000000000647,131.87011692965447,0.0005920414699954654,0.0035373469991247875,0.0035518212355435705,0.0009764532033216465
22.06000000000065,131.76705595223498,0.000499545842573499,0.0034714993444430737,0.0036009713010439,0.0010204906339944181
22.07000000000065,131.67518427107706,0.00036668030938006717,0.003410020955597917,0.0037672556095930277,0.001060865162229759
22.080000000000652,131.55588376750546,0.00037916500629713045,0.0033560277993990037,0.003999808337121706,0.0010973833553233677
22.090000000000654,131.37280575644778,0.00046141838368138246,0.003311328857641221,0.004225837056148448,0.0011299572983617871
22.100000000000655,131.09618960340646,0.0005999777763017231,0.0032760503304498914,0.004409640259237109,0.001158596566801818
22.110000000000657,130.7000542339518,0.0007816987583295675,0.0032487971886368825,0.0045314532861685155,0.0011832690530143482
22.12000000000066,130.15396156369243,0.0009995216214636214,0.0032273747819476744,0.004588938981528997,0.001203837991871173
22.13000000000066,129.43980180764706,0.0012287787760480685,0.003209320637901577,0.004593133602820268,0.0012201837244935647
22.14000000000066,128.5699725907359,0.0014426288413942764,0.0031926157509826196,0.004561830272439917,0.0012323360360132144
22.150000000000663,127.64623816779797,0.0016117226259638414,0.003176248091782834,0.004513156740649584,0.0012404125663725148
22.160000000000664,126.89361031967992,0.0017072672952359931,0.0031598284200385594,0.004460936200245154,0.001244448729448438
22.170000000000666,126.61362853745206,0.0017051453471696241,0.003143249979769995,0.0044122498347698765,0.0012443763963829527
22.180000000000668,127.8549757369025,0.0015894889952925786,0.003136485773511364,0.0043673682510734346,0.0012401864779747484
22.19000000000067,129.0229525839855,0.0013542265480055368,0.003149186525866906,0.004322084618952683,0.0012320281938321958
22.20000000000067,130.08192255210525,0.0010031504355365246,0.003317602794820088,0.004289606013196096,0.0012200930122538553
22.210000000000672,130.97570829005616,0.000549637320097906,0.0034913079206183367,0.004253793252925278,0.0012044603212704246
22.220000000000674,131.6465655298994,0.00059258949195274,0.0036671117409966926,0.004203729318935374,0.0011851383598558175
22.230000000000675,132.0744085660341,0.0008238000421650555,0.0038452064882785043,0.004132653599116853,0.0011622343682895677
22.240000000000677,132.25991489082233,0.001417492396704751,0.004025568361088919,0.004036660484219005,0.0011359946609529339
22.25000000000068,132.1980991118291,0.002016679174567688,0.004207623987564968,0.003916988430872488,0.0011066573873989595
22.26000000000068,131.87736868430466,0.0025755547351728617,0.004390253685582756,0.003821008262676601,0.0010743406096054714
22.27000000000068,131.29851321299367,0.003066613296432942,0.004571575949461971,0.003777383571018031,0.0010455614639843871
22.280000000000683,130.47562853256022,0.0034666624047280828,0.004748651515621466,0.0037791998006140707,0.0010233626225741876
22.290000000000685,129.4184527126448,0.0037589298871176634,0.004917825770897359,0.0037899723521831606,0.0009985281065849397
22.300000000000686,128.17799802235572,0.003934708913378327,0.005075674570924083,0.0037993235089745104,0.0009711730168374177
22.310000000000688,128.90413259955844,0.003992820267552258,0.005219547281599639,0.003793306718954803,0.0009413580933300298
22.32000000000069,131.28484873893078,0.00393806538358838,0.005347006314257357,0.003757771605224496,0.0009091711570161291
22.33000000000069,132.89705363472643,0.0037803935063705114,0.0054558000446450405,0.0036816827800143347,0.0008747699889878104
22.340000000000693,133.6924819552031,0.003534179285629996,0.005543837056951516,0.0035746398295219716,0.0008469178084957771
22.350000000000694,133.72274662959202,0.003216783842956986,0.005609138113758738,0.003488943558730169,0.0008361564397587842
22.360000000000696,133.09033749479485,0.0028471634386369286,0.00564968454900116,0.0033609182429141945,0.0008212533524808761
22.370000000000697,131.92426851961642,0.002444840941599894,0.005663628986943191,0.00326827566156352,0.000811975900332727
22.3800000000007,131.6331121133288,0.002412530599992728,0.0056496720169197925,0.0031625383108166622,0.0008212113434056637
22.3900000000007,131.61534438928132,0.0024121104767005157,0.005607076801090997,0.0030809708125227537,0.0008238556898823921
22.400000000000702,131.4709515869181,0.0024028948742889286,0.005535954070688811,0.003080636600657403,0.0008198155984753664
22.410000000000704,131.19257013011486,0.002368544430000621,0.005437517301503885,0.0030500028658801913,0.0008090621100709169
22.420000000000705,130.75259771199504,0.0023043159647236472,0.005313597919517197,0.002987207698782357,0.0007916352392678927
22.430000000000707,130.12563375883286,0.0022071728131156823,0.005165965576511247,0.0029482173266088332,0.0007676450685484298
22.44000000000071,129.3071496964162,0.0020757770015576624,0.005041268679881169,0.0028922884130993874,0.0007372656475093894
22.45000000000071,128.30062880803524,0.0019103877178700507,0.005047865860212958,0.002785543028340235,0.000700735829595766
22.46000000000071,127.11267221175981,0.0017128285668963333,0.005063965236606842,0.0027480793163545516,0.0006770275237749189
22.470000000000713,126.87842533594642,0.001486487472032688,0.005072339067302069,0.0028302313190613822,0.0006707884353371078
22.480000000000715,127.0999085477842,0.0012360956397438115,0.005073689848464608,0.0028540198910381423,0.0006722865369177436
22.490000000000716,127.51841821476124,0.0009672630859486679,0.005068857563463358,0.0029925813579108037,0.0006948361833376786
22.500000000000718,127.8492384961297,0.0006861944258503994,0.005058912472893965,0.0030840632824322258,0.0007451803602376138
22.51000000000072,127.97303740030888,0.0006565999063929788,0.005044914809053865,0.0031434825122336517,0.0007946732343229756
22.52000000000072,128.23620846738686,0.0006572843285997218,0.005027244193847899,0.00326363596231819,0.0008433004152659962
22.530000000000722,128.31698202754177,0.000951457905234565,0.005004987938204544,0.003395472956843448,0.0008906570214002312
22.540000000000724,128.25653582940424,0.001224596414997866,0.004975998254953657,0.0035192799113774797,0.0009359966611535434
22.550000000000725,128.12590933383711,0.001465546634801775,0.004937601223258015,0.0036334119511495415,0.000978434831604472
22.560000000000727,127.97507248695419,0.0016654092028040466,0.00488738084608381,0.003736186677802293,0.0010171504390619687
22.57000000000073,128.0970122784589,0.0018169004463611971,0.004823638794427829,0.0038259606738147655,0.0010515073291759215
22.58000000000073,128.33428931732843,0.0019143710682851499,0.00474534811505379,0.0039011564097090772,0.0010810536781938039
22.59000000000073,128.46248579399642,0.001954116504937683,0.00465213402050286,0.003960224383661016,0.0011055401541567884
22.600000000000733,128.67648786189739,0.0019353270600768043,0.0045442269213393045,0.00401665817220172,0.0011249208490027333
22.610000000000735,129.32295024439122,0.0018606047927531358,0.0044218554395405,0.004085490123239856,0.0011391596613638593
22.620000000000736,129.91895463691307,0.001735618974828209,0.004284962475493283,0.00412925706198709,0.0011481079975277453
22.630000000000738,130.4684750780624,0.0015685752323567872,0.00413340527078473,0.0041473359832034755,0.001151564501634314
22.64000000000074,130.9529102935279,0.0014050712069328065,0.0039671757842573525,0.004139683710799504,0.0011493985216798645
22.65000000000074,131.3681003189644,0.001591913345577494,0.003786552930686413,0.004106793789123506,0.0011416196677194674
22.660000000000743,131.73876036600626,0.0017015262057447993,0.0035920937958064444,0.004049791586998316,0.0011283130649131373
22.670000000000744,132.08294208010827,0.0017131217843559846,0.0033850151792951394,0.00397084008573109,0.0011096990921373013
22.680000000000746,132.39717792291626,0.001612033210509542,0.0031672930088076407,0.003873157050856936,0.0010862183797447282
22.690000000000747,132.69137448808627,0.0013913695916020696,0.002940827413154114,0.0037600389660513885,0.001058362145342913
22.70000000000075,132.99790865058836,0.0010533678193035477,0.0027072110381692713,0.0036343476902670627,0.0010265630168276414
22.71000000000075,133.32776995901796,0.0006101320828838227,0.002468291501164832,0.0035117395218567066,0.0009928392947898279
22.720000000000752,133.65199530974198,0.00035986063208763824,0.0022264000559111497,0.003487345640135585,0.0009636148940390773
22.730000000000754,133.9400417468456,0.0009489990145369849,0.0019840643179299287,0.003441049068120109,0.0009317946350105115
22.740000000000755,134.18788171597546,0.0015595937058193697,0.001743617265684673,0.0033737963180713025,0.000897975559272116
22.750000000000757,134.3911090381409,0.0021564655634857058,0.001507050001217033,0.0032865898155255394,0.0008626299192704577
22.76000000000076,134.5094247137977,0.002705794616920232,0.0012761054719112159,0.003452590334811031,0.0008261295978814795
22.77000000000076,134.4809818885648,0.003178162089322235,0.0011916425002104812,0.003627896287671321,0.0007888099616932942
22.78000000000076,134.25954565410038,0.003551043759636959,0.001152777433413872,0.003795972734914113,0.0007507997093126236
22.790000000000763,133.81651431294827,0.003810799342984749,0.0010964325944539278,0.0039551832690645685,0.0007249309527616535
22.800000000000765,133.3940464680272,0.003953466386622953,0.0010258662065576341,0.00410381210501065,0.0007223892025077002
22.810000000000766,133.3073546061435,0.003983414776130265,0.0009444571706386621,0.004240330017207436,0.0006822567777779474
22.820000000000768,132.96539042450485,0.003911792408625106,0.000855140253610672,0.004363463614796919,0.0007180391052470334
22.83000000000077,132.38266405189225,0.0037555905079948867,0.0007599036203280997,0.004471966741473404,0.0007703142357102588
22.84000000000077,131.57475550326748,0.0035357564230347497,0.0007346835135695209,0.004564480804037182,0.0008185107469111602
22.850000000000772,130.56636865585085,0.003274541230854092,0.0008921221572503017,0.00463975768494625,0.0008622744964940696
22.860000000000774,129.71429155928823,0.0029930272030443896,0.0010372200534128477,0.004697147947117342,0.0009013380209573718
22.870000000000775,130.76114866802084,0.002878271620540487,0.0011682847051841647,0.0047356633491924035,0.0009354504424903874
22.880000000000777,131.7022001224534,0.002994313982290488,0.0012834896696214018,0.004754613966006202,0.0009643409006294749
22.89000000000078,132.48490006007108,0.0030898322181964447,0.0013811812715107965,0.004753442860945729,0.0009877467149641559
22.90000000000078,133.08530634728325,0.003166383698987021,0.0014602246937852614,0.004731746232431306,0.0010055091944214728
22.91000000000078,133.50893242775072,0.0032254695622436595,0.0015199141945621158,0.004689256374507582,0.0010174474837126278
22.920000000000783,133.76096674522722,0.003268443675088792,0.0015598893982397728,0.004625893303913953,0.0010234192581811594
22.930000000000785,133.8341085089254,0.0032958829511243342,0.0015804436825982173,0.004541828693987195,0.0010233315188175934
22.940000000000786,133.7090776237306,0.003307298115047848,0.0015828999844782637,0.004437390985625614,0.0010171696145049136
22.950000000000788,133.36454156013602,0.003301753053784013,0.0015692843271029762,0.004312934045195549,0.0010049707491101027
22.96000000000079,132.78791636803135,0.003278084632078804,0.0015414813459880144,0.004168926681215572,0.0009867669457282733
22.97000000000079,132.06486369831643,0.003234794363928482,0.001550398600619872,0.004006128458793821,0.000962592598322283
22.980000000000793,131.1373456157026,0.0031703539593406853,0.001548561833775428,0.003825517158739545,0.0009325552234141906
22.990000000000794,130.0098630646218,0.0030834374361599823,0.001522285371533516,0.003628059481608913,0.000896879933082362
23.000000000000796,129.08692594102288,0.0029728518485483257,0.0014723058457902962,0.0034147165613959926,0.0008557104616059689
23.010000000000797,129.45915607647373,0.0028377484318489066,0.0013997038510886793,0.003186676291648918,0.0008093210468592229
23.0200000000008,130.5826053850682,0.002678140156121974,0.001306210247328521,0.002945396131473461,0.0007579340771039117
23.0300000000008,131.58121875139287,0.002495100147568988,0.0011944994382396417,0.002732697041168684,0.0007019583048416496
23.040000000000802,132.42068688963926,0.0022906011430797162,0.0010678214332201052,0.0027208985335106573,0.0006416006604814614
23.050000000000804,133.15640061744298,0.002067197415948096,0.0009423612355573018,0.002669661977739541,0.0005885163709947718
23.060000000000805,133.71645324001696,0.0018284686090470751,0.0009396161256024175,0.002556717652258337,0.0005438385384756386
23.070000000000807,134.0924122569749,0.0015886472389641726,0.0009370749422695896,0.00236969223666202,0.0004964200177858826
23.08000000000081,134.271201256064,0.0016272215848058935,0.000935017742916138,0.0021677838333141485,0.0004606421526066451
23.09000000000081,134.25667244244636,0.0019202694436994353,0.0009338076643296441,0.002000428131502558,0.0004459401490920779
23.10000000000081,134.0626955331387,0.0022392397191768726,0.0009341389959435769,0.001902161638457357,0.0004633399237557385
23.110000000000813,133.69925805824548,0.0025680641840223947,0.0009366106466900538,0.0021244427194572883,0.0005191105906177073
23.120000000000815,133.18794791374043,0.0028862473952573193,0.000941359828205073,0.0025270183969384238,0.0005504794389017376
23.130000000000816,132.5722777558945,0.0031701064299068733,0.0009483008329939073,0.002930197267658623,0.0005569358643619361
23.140000000000818,131.88535634865931,0.003394497568216756,0.0011090385188175708,0.003232182394705008,0.000646044627713831
23.15000000000082,131.12507571699925,0.003534832306810442,0.0013369486784654255,0.0034074763537106085,0.0007610905344077704
23.16000000000082,130.2875860095283,0.0035694553179931314,0.0015635839514200152,0.003436106358443709,0.0008406190696887129
23.170000000000822,129.4050498137906,0.003481926812926196,0.0017876517575430002,0.003305839967723617,0.0008754904137449778
23.180000000000824,128.52205676632815,0.0032629878550555825,0.002007845227336216,0.0033093462474466716,0.0008619812422103134
23.190000000000826,127.65165678252775,0.0029121748123744876,0.002223311508672818,0.0033391993903773695,0.000796445876843394
23.200000000000827,126.78420877825567,0.0024389583249056256,0.002433785318967714,0.003621750045841105,0.0006812295640187993
23.21000000000083,125.92748034689336,0.001862572629593437,0.002639069583722258,0.0038759543924612875,0.0006453056830450623
23.22000000000083,125.33036498698013,0.0012102750491368817,0.002838555089685144,0.004099138460520275,0.0007101159488783232
23.23000000000083,126.19497073511694,0.0011555996200240688,0.00303096490304884,0.004288927118599059,0.0007711303840241499
23.240000000000833,127.05822911523732,0.0012490702628723588,0.0032140736514807886,0.004443309560448089,0.0008279140199982338
23.250000000000835,127.82099252065878,0.0013037180103078949,0.0033849318985828664,0.004560670575738122,0.0008801558375937928
23.260000000000836,128.35703947502998,0.0017726637371688924,0.003540388572981583,0.004639768230722024,0.0009276224997694299
23.270000000000838,128.6291537991624,0.002293348032081562,0.003677480457559069,0.004679731403516498,0.0009701056678541536
23.28000000000084,129.08323071600165,0.0027064484459723473,0.0037937952498397444,0.004680107647332144,0.001007377624148456
23.29000000000084,129.57804130043928,0.0030020085763904562,0.003887838539128523,0.004640873755439289,0.00103921515877865
23.300000000000843,129.77498119037372,0.0031801662644537075,0.003959484813169012,0.0045623909533686465,0.0010654607730405333
23.310000000000844,129.69651432271144,0.0032501770118752243,0.004009677147474044,0.004445401169706331,0.0010860384962083894
23.320000000000846,129.91910400097547,0.0032284541300913764,0.0040399792615309505,0.0042910592410242785,0.0011009016209440451
23.330000000000847,130.32344325911777,0.003136092815081535,0.004051762253002077,0.004166029040714539,0.0011099873090895493
23.34000000000085,130.5621552957709,0.0029960528479063444,0.004045889978796059,0.004055595617108941,0.0011132467876176597
23.35000000000085,130.57808100786764,0.0028303929564006255,0.004023210317451418,0.003963515471639243,0.0011107080376158995
23.360000000000852,130.33595153675864,0.002661742835634519,0.003984748563187653,0.003887936621457033,0.0011024748695165711
23.370000000000854,129.83332310593946,0.0025028748000490114,0.003931301152077644,0.003853847518745086,0.0010886597802984984
23.380000000000855,129.09413886935005,0.0023590998323548716,0.0038632671841722964,0.003840876274221506,0.0010693503234639973
23.390000000000857,128.168958336359,0.0024557895626360375,0.0037929911778122197,0.0038333902455848492,0.0010446599379766326
23.40000000000086,128.02393524188622,0.0027032332948262157,0.0037283617932364842,0.0038134341022762856,0.001014785185005785
23.41000000000086,128.6392826481522,0.0029283963610167284,0.0036513733842134214,0.0037708471371137595,0.0009799818313939348
23.42000000000086,129.30350206740255,0.0031117735133299926,0.003563129364373973,0.0036974272801068016,0.0009404979308248261
23.430000000000863,129.9976322556029,0.003251852951604448,0.0034648089681080813,0.003587729064417357,0.0008965644015071425
23.440000000000865,130.60901589508248,0.003348975952889974,0.0033577804065240096,0.0034395670445194057,0.0008484464901430693
23.450000000000866,131.1004822445362,0.0034052311966399885,0.0032430252973033673,0.0032542083718089393,0.0007965037112420221
23.460000000000868,131.46079924659784,0.003424045251652659,0.003347130657162143,0.003109777837193494,0.0007410848741437187
23.47000000000087,131.66905924713365,0.0034098015606590596,0.0035876212987633756,0.0031045837330856392,0.0006824319252416561
23.48000000000087,131.6988841479662,0.0033674061235466598,0.0038123822802951356,0.0030872578575987554,0.0006332101656624396
23.490000000000872,131.55474843801457,0.003301872586004732,0.004019087684577072,0.0030578153623734665,0.000681979160445352
23.500000000000874,131.26323821644064,0.0032179542219291646,0.0042056185813255445,0.003016282755436604,0.000722651363416286
23.510000000000876,130.83746133948125,0.0031198231977378143,0.004369966493526248,0.0029627402925508873,0.0007547822356674246
23.520000000000877,130.2712026303064,0.0030106821150096548,0.004510787315297773,0.0030347605952506023,0.0007780364693491292
23.53000000000088,129.56081381821443,0.002892366133293737,0.004627385184011838,0.0031240883078132195,0.0007922062954384061
23.54000000000088,128.72528593460802,0.0027655001619170698,0.00471914400140131,0.0031882273296313713,0.0007972192312866852
23.550000000000882,128.1693133017793,0.002648516932998845,0.004785370522513487,0.003433526547534278,0.0007931168588200378
23.560000000000883,129.56518079794606,0.0025230296180559567,0.004825494128495007,0.0036521783166611446,0.0007800546610822871
23.570000000000885,130.8664977494047,0.002386293074244851,0.004839487362265849,0.003843378159132635,0.0007583264592180207
23.580000000000886,132.02656265478967,0.0022390853539716203,0.004828332166273066,0.004006627523221371,0.0007283510613212606
23.590000000000888,133.02087327604985,0.0026282718205258263,0.00479396475341762,0.004141729649715567,0.0006906340554624027
23.60000000000089,133.8182770501485,0.0030541725325255544,0.0047389823432910155,0.004248771724944697,0.0006457713534735315
23.61000000000089,134.37847699876383,0.0034669348286181967,0.004666268816782374,0.004328112549670033,0.0005944708893757895
23.620000000000893,134.68433620721044,0.0038426580083865797,0.004578592753622155,0.004380379149400754,0.0005375294813808756
23.630000000000894,134.74772742935792,0.004158090705333799,0.004478445898297127,0.004406437705211058,0.0006314644695972857
23.640000000000896,134.5736312999773,0.004392337307251477,0.004367752460560551,0.004407345228124255,0.0007447707771545897
23.650000000000897,134.1517628906016,0.004527926418102029,0.0042480026217042305,0.004384338257795422,0.0008266194484021607
23.6600000000009,133.4799858888772,0.004551631105368957,0.0041201431195092685,0.0043388477025747335,0.0008706431621505237
23.6700000000009,132.57851752843558,0.004455564771705284,0.0039846482849844106,0.0042724626289778024,0.0008726126353617697
23.680000000000902,131.48568404334355,0.004237919480365973,0.003841509523579667,0.004186854008523683,0.0008309029545423649
23.690000000000904,130.23480726920823,0.0039033956224575487,0.0036903929926528876,0.004083755018963791,0.0007557453060795
23.700000000000905,128.84146815764822,0.0034633777855216925,0.0035309200763853177,0.003964981447284288,0.0007824962679806183
23.710000000000907,127.33075504499179,0.002935774152294931,0.003362455493493867,0.0038323856956935442,0.0008053827767675147
23.72000000000091,125.75018779161957,0.0023444119763408647,0.0031851817550209104,0.0036877860204022972,0.0008243785625407871
23.73000000000091,125.49770393601383,0.0017173217297692055,0.0030000682400406907,0.0035329740944676983,0.000839370964724773
23.74000000000091,125.07385672638105,0.0010845268060242907,0.0028086702094764133,0.0033697214686474832,0.0008502840317715715
23.750000000000913,125.62981934067219,0.0010987044006466429,0.0026132620682703996,0.0031997045468372914,0.0008569735109643451
23.760000000000915,126.59061784166164,0.0011642148357582476,0.00241680511224418,0.003162998788024289,0.0008594953424866599
23.770000000000916,127.47429170559589,0.001221676918135506,0.002222378063477349,0.003309704218636686,0.0008578770278570048
23.780000000000918,128.26834682772716,0.001265159194018471,0.0020325092448623527,0.003418161597361864,0.0008521037769105956
23.79000000000092,128.95793239465436,0.001549426162103391,0.0018491153619757214,0.003432103922912454,0.0008421962925179023
23.80000000000092,129.56080690878542,0.0017414469150550374,0.0017593701775458716,0.003349181469188193,0.0008281812470090043
23.810000000000922,130.00140334584393,0.0018440691715902403,0.0017913199769087201,0.0031845243250402827,0.0008101324949452882
23.820000000000924,130.28504704039497,0.001870525703692073,0.001827802559553377,0.002965302217277306,0.0007882257777683823
23.830000000000926,130.40554967293355,0.0018423674220434286,0.0018674538019074383,0.0028647034471315563,0.0007625969594015441
23.840000000000927,130.33860608837978,0.0017848956298462824,0.0019082421349700138,0.0027814285442683464,0.0007332917052150795
23.85000000000093,130.076140498081,0.0017077199483491823,0.0019475528768783563,0.002760727894509255,0.0007005318223020574
23.86000000000093,129.6396278011932,0.0016273323901908466,0.001982699072699289,0.002758385049072385,0.0006644812166769297
23.870000000000932,129.54507842153052,0.0015560459901869368,0.0020113200211325814,0.002743519092365772,0.0006254119375141207
23.880000000000933,129.75369742442118,0.0015006645535584953,0.0020309399459204785,0.002715023770501372,0.0005835643872356466
23.890000000000935,129.93416305497757,0.0014620839625447402,0.0020388080456828967,0.002671890943331179,0.0005390865800998268
23.900000000000936,130.0896408807751,0.0014361714089698913,0.0020325749000046764,0.0026132533850016246,0.0004922335591980375
23.910000000000938,130.22495363958996,0.0014151556787058682,0.002010514902087265,0.002538349831932306,0.00046251400602094435
23.92000000000094,130.34834155425074,0.0015519847141679589,0.001971784804109786,0.0024465169315930945,0.0004726600387311507
23.93000000000094,130.4649235444476,0.001925367300154909,0.0019162912262460122,0.002337252713107179,0.00048099473356319467
23.940000000000943,130.57227922296897,0.0022935817293531905,0.001844274943854554,0.002291841880020421,0.0004874569599898183
23.950000000000944,130.67176675064377,0.0026462701963876852,0.001756033433588044,0.002314961659663987,0.0004920302039028844
23.960000000000946,130.77146601561807,0.002973344252075464,0.0016518698240144249,0.0023982861770338116,0.0005106017440695122
23.970000000000947,130.86255294677994,0.0032656996588982462,0.0015320609867173196,0.0026361095882510323,0.0005350602042673489
23.98000000000095,130.91180503397206,0.003515583236529073,0.001396820428922932,0.002822465769815045,0.0005861578929857269
23.99000000000095,130.90180183110604,0.0037161954427655792,0.001246600324879832,0.0031548475309201574,0.0006220600760487268
24.000000000000952,130.85842509089508,0.0038618680911736668,0.0010822003183794471,0.003404034773736416,0.0006374452026026714
24.010000000000954,130.81165255830186,0.003949259929017742,0.0009257109571243614,0.003548109633064234,0.0006326064539847016
24.020000000000955,130.75411751520343,0.0039782416242842775,0.001058426188836339,0.0035696127125918148,0.0006090333212296329
24.030000000000957,130.67013949788696,0.003951641468219569,0.0011952630455252199,0.0034573265733185577,0.0006221373641346874
24.04000000000096,130.58420931230393,0.0038742589711416434,0.0013368460854464646,0.0032074017723300965,0.0006360079644241703
24.05000000000096,130.54852593799436,0.003752134705816337,0.0014832598836387822,0.00282433979518617,0.0006453544510525273
24.06000000000096,130.59425537022108,0.0035923933035081216,0.001634006099605398,0.0027686999575303297,0.0006503260287181092
24.070000000000963,130.72396842663136,0.0034030309065533858,0.0017882725660194787,0.0027633463237610586,0.0006511014799939722
24.080000000000965,130.94442876258327,0.0031922837220011175,0.0019452103866226965,0.0027253489904273086,0.0006479089716403447
24.090000000000966,131.2711789692932,0.002968154101200666,0.0021041929368774883,0.0026958856638794114,0.0006410300107828597
24.100000000000968,131.6955109929584,0.003195063894865694,0.0022649585632346456,0.0028724945784663436,0.0006307762888616617
24.11000000000097,132.18041179563735,0.0036365541081745316,0.0024273049557463873,0.00304536622623274,0.000642426147207611
24.12000000000097,132.70154547186272,0.004018979994782181,0.0025906467579736867,0.0032132885421191837,0.0006624065618726311
24.130000000000972,133.2610432228682,0.004318626211979327,0.0027536936997498854,0.0033749592884499704,0.0007348282129653563
24.140000000000974,133.84172896879647,0.004516303840615195,0.002914778758556577,0.003595768507770373,0.000823442159409933
24.150000000000976,134.37897570135289,0.004598290443371456,0.0030725959347407215,0.0037457293375371225,0.0008728368153019483
24.160000000000977,134.80952579491867,0.004557077306014684,0.003226224616090954,0.003808841561900079,0.0008796619033462106
24.17000000000098,135.11869173308662,0.0043920406390895485,0.003375024064021177,0.003931814970746214,0.000844272175619176
24.18000000000098,135.30501401815815,0.004109497399394809,0.003518960510174837,0.004041652914962792,0.0007696265053285508
24.190000000000982,135.33627592376348,0.0037222821620359107,0.0036583669694547592,0.004137044818295381,0.0006973411722742234
24.200000000000983,135.18344991023318,0.003248629165464195,0.0037932656161296413,0.00430212460270187,0.0006979047637217994
24.210000000000985,134.8646307505918,0.002710687957519971,0.003923122916772439,0.004453938977568994,0.000694578390269826
24.220000000000987,134.41053283568058,0.002143234875150508,0.0040827597511297825,0.004581781021652656,0.0006873877863569517
24.230000000000988,133.81484801130793,0.0015665034390260934,0.0042677327751728805,0.004684709593107067,0.0006764151325397245
24.24000000000099,133.06269084949426,0.0010025847408667422,0.00443893105500572,0.004762018881137057,0.0006617847106043036
24.25000000000099,132.1822032831674,0.0008801512637146564,0.0045947591392300055,0.004813207016849575,0.0006436839566313991
24.260000000000993,131.2222768628852,0.0008281207402545888,0.0047339515410167125,0.004837971914226353,0.0006222560819265594
24.270000000000994,130.19707881911475,0.0007798529485081103,0.004855712525357642,0.004836250592968912,0.0005976406895441347
24.280000000000996,129.1508922570036,0.0010657486113818883,0.004959592833138593,0.0048082190581834544,0.0005700508954515015
24.290000000000997,128.04832886565512,0.0013284395315540619,0.005045397790514956,0.004754242482176703,0.000539725594634669
24.300000000001,126.88408213936053,0.0015149774850091921,0.005113421124674314,0.004674874118181889,0.00053378843329475
24.310000000001,126.0439734421694,0.0016328927320706302,0.005164618089890701,0.004570899720641095,0.000550215565502514
24.320000000001002,127.35418064210307,0.0016932874071654402,0.005200218663489126,0.0044433168167946225,0.0005735980619852209
24.330000000001004,128.49762737624243,0.001709322334273227,0.00522139150275082,0.0042932652728052125,0.0005946512496339156
24.340000000001005,129.4201705920313,0.001694375284978769,0.00522924828710001,0.004122026352940443,0.000614596756490206
24.350000000001007,130.05241767297338,0.0016605066514528391,0.005224716508672678,0.003931065206770943,0.0006553991026433453
24.36000000000101,130.38175099881377,0.001617433437944315,0.005208408820591123,0.003721998168758916,0.0006927649656539014
24.37000000000101,130.44181848858068,0.0015715793062888548,0.0051803608835855885,0.0034965188151101128,0.0007261595330278831
24.38000000000101,130.25322487308262,0.0015253092970487338,0.005139965983922847,0.0032564024966466347,0.0007548754879186433
24.390000000001013,130.25696410504236,0.0014768890707804714,0.005086232112345964,0.0030035415211935165,0.0007780976825934533
24.400000000001015,130.15622739115386,0.001421002247053436,0.005018108658325813,0.0028537334383076022,0.0007950997887205515
24.410000000001016,129.83610959001925,0.0013499341327060403,0.004934850368984524,0.0028797951550900867,0.0008052825484621597
24.420000000001018,129.32870217535034,0.0012554582572016344,0.004836447647396343,0.002891546331283176,0.0008082702767323318
24.43000000000102,128.64353541372822,0.0011308648883472992,0.004723880760737843,0.0029417841257113435,0.0008040367209372738
24.44000000000102,127.8076949541624,0.0009728018676221856,0.0045987441975684435,0.0029734747469160727,0.0007928347706990835
24.450000000001022,126.8901333881931,0.0007826594717904238,0.004462682628990602,0.0029771238213244164,0.0007750323304595849
24.460000000001024,126.21847996872026,0.0008850153706795116,0.00431742188057981,0.002954830400512758,0.0007510710549956803
24.470000000001026,126.65268366399728,0.0010883573892538291,0.0041650011401857395,0.0030440356221129606,0.0007647352239269072
24.480000000001027,127.1979612645981,0.0013072430496140024,0.00400754064191076,0.003097262523363846,0.0007820478348210871
24.49000000000103,127.6371229299403,0.0015358322938227927,0.0038469883275229085,0.003118138085207567,0.0007955551345168962
24.50000000000103,127.90000106057191,0.0017667616352117217,0.003896878343064445,0.003111530398585299,0.0008053484372418685
24.510000000001032,127.98246271248145,0.001991620956775662,0.003991212794723875,0.0030829551499403024,0.000811479811040818
24.520000000001033,127.91876813459062,0.0022016351554542744,0.004077548289754602,0.0030382546894787777,0.0008140256385197749
24.530000000001035,128.60073378793956,0.0024153767380500316,0.004155822635007835,0.002982988389701865,0.000813044540042482
24.540000000001037,129.1724017447999,0.002608806860182345,0.0042257803300007465,0.0029217499968938565,0.0008085272990182771
24.550000000001038,129.53312723280877,0.002762359971267142,0.004287203842891989,0.0028575142803413905,0.0008004513176624546
24.56000000000104,129.66394160538817,0.0028696171064496842,0.004339879396387656,0.002791185798296493,0.0007888185689450691
24.57000000000104,129.54351396628468,0.0029258195009632957,0.004383803765738021,0.002737056934854545,0.0007737402873526176
24.580000000001043,129.16304552532745,0.002928398977387853,0.0044195206147122496,0.002685083630995277,0.0007554809336359256
24.590000000001044,128.54942194832105,0.0028774197094902218,0.004447681722090811,0.002730070243928521,0.000737306001165501
24.600000000001046,127.75631351647667,0.002775808215176657,0.004468548086354212,0.0027614144064628415,0.0007621376551162643
24.610000000001047,127.26142850949395,0.0031734406364700043,0.004481984132405522,0.0027806019286874205,0.0007809881473379295
24.62000000000105,127.44762905745795,0.0035571629991169797,0.004487779955396549,0.0028244722677022134,0.0007933850040805819
24.63000000000105,127.63219293288641,0.0038493040209158585,0.004486087529273039,0.002923326802470897,0.000798991191954867
24.640000000001052,127.86632178675704,0.004036974725078112,0.004477292786406608,0.0030394777005435074,0.0007976228756119876
24.650000000001054,128.16717099575794,0.004113882198954314,0.004461778430414277,0.003027723061315672,0.0007914932823361434
24.660000000001055,128.5219948540455,0.0040803272245349565,0.004439914887202754,0.002889728576288007,0.0007736353026182286
24.670000000001057,128.9121733276445,0.0039428223757287315,0.004411924240263594,0.0028430106123552125,0.0007510630464819656
24.68000000000106,129.33569245959808,0.003713288307663823,0.0043779610799860496,0.00288998944162806,0.0007216835199869373
24.69000000000106,129.78573823707328,0.0034076692456140446,0.004338267719917271,0.002926786332015254,0.0006858161078110635
24.70000000000106,130.20867629031812,0.003044087043867355,0.004293065613471969,0.002954168254602153,0.0006438573629410304
24.710000000001063,130.5376531993242,0.0026414178522306225,0.004242618741811786,0.0029729021568256136,0.0005962973833886616
24.720000000001065,130.75055691984664,0.0022183958018904353,0.004187350652802785,0.0029838025244451278,0.0005437198762910906
24.730000000001066,130.83780522550822,0.0017926381163547972,0.004127725682241305,0.0029877339541853347,0.0005439437398667011
24.740000000001068,130.76081900372924,0.0013794638906862026,0.004064257799927597,0.002985539262570212,0.0005652414975383175
24.75000000000107,130.49142445293361,0.0009908991672104015,0.00399775965927782,0.0029948376277538708,0.0005852979807291583
24.76000000000107,130.04068250376017,0.0008440032732013989,0.003929297956384571,0.0031569316572959364,0.0006041188332467189
24.770000000001072,129.42278399724256,0.00085029565730395,0.00385976855018266,0.0033098155816113067,0.0006216313986333449
24.780000000001074,128.62768751972493,0.0008536042256937444,0.003789890117287488,0.00345300277621637,0.00063773445010121
24.790000000001076,128.3383270134566,0.0008495146981066724,0.0037204187113172625,0.003586172386698388,0.0006523875392203212
24.800000000001077,128.1132428548876,0.0008340262466561967,0.0036520476306688846,0.0037091253857533093,0.0006797988960640252
24.81000000000108,127.7458136996831,0.0008175249393386635,0.003585409298354983,0.003821669597481798,0.0007200949791887496
24.82000000000108,127.28138236692114,0.0009502868218941253,0.0035213098557319244,0.003923604721363739,0.0007578980041841662
24.830000000001082,126.76325280438348,0.0010584347916691261,0.003460749034342275,0.0040147845001004346,0.0007929327770369066
24.840000000001083,126.49915497427057,0.0011458757827079071,0.0034047320389306306,0.004095152188900228,0.0008250244963466261
24.850000000001085,127.66823152364564,0.0012156298113580955,0.0033542577304421796,0.004164734648853721,0.0008539497995849583
24.860000000001087,128.85357332571718,0.0012699566630095657,0.003310446682816622,0.004223607477830982,0.0008794222244541707
24.870000000001088,130.01057904179066,0.0013122618137716411,0.0032745023960299934,0.00427183275793873,0.0009012172826415544
24.88000000000109,131.1050603125221,0.0013370382369132618,0.0032472767250312723,0.004309438060746239,0.0009192972140592804
24.89000000000109,132.0937738302979,0.001341377490179429,0.003228934970801368,0.004336496521152631,0.0009334920767532708
24.900000000001093,132.92119995689436,0.0013215292363130962,0.0032191570849243794,0.004353212177973855,0.0009437353333494006
24.910000000001094,133.5406430611476,0.0012733781327866677,0.003217413115065205,0.004359875308859813,0.000949947132538868
24.920000000001096,133.92837241614538,0.0011936563390866457,0.00322306752965627,0.004356735861739219,0.000952023431841098
24.930000000001098,134.0758424798127,0.0010810921474661724,0.0032355923979287774,0.00434396363597365,0.0009500316166683108
24.9400000000011,133.984955317458,0.0010061171153511327,0.0032545476733160804,0.0043217443882852076,0.0009440174158281135
24.9500000000011,133.67457559091682,0.0011242849754755557,0.0032792911952556274,0.004290386722716038,0.0009340373953556835
24.960000000001102,133.17634220275409,0.0012425148278328519,0.0033092331975711838,0.004250299466069376,0.000920102621288008
24.970000000001104,132.51404781580226,0.0013621358548912548,0.0033440572532543126,0.004201854422659286,0.0009023349160208024
24.980000000001105,131.699331332419,0.0014845050731510257,0.0033834280678035743,0.0041453189657874034,0.0008808501830250805
24.990000000001107,130.78370899771724,0.0016110219465601287,0.003426908028934588,0.004080982728983727,0.0008559119792890205
25.00000000000111,129.8252201019174,0.0017431304229303093,0.003474190735703482,0.004009311585501163,0.0008276182189228455
25.01000000000111,129.22619846499063,0.0018821748710077134,0.0035253519925457994,0.003930871318143933,0.0007961222610331351
25.02000000000111,129.57528116198424,0.0020290231080172974,0.003580592412578611,0.0038461059432834048,0.0007616581708464562
25.030000000001113,129.76932285366127,0.0021837068497996995,0.0036396868626811484,0.0037871393130685604,0.0007245082781702545
25.040000000001115,129.91852812398074,0.0023453634427075864,0.003702031828844403,0.0037351752037392246,0.0006849407316998299
25.050000000001116,130.20336795139931,0.002512172514254227,0.003766726715625749,0.003674768801867037,0.0006524041531735875
25.060000000001118,130.52827412304143,0.002681212996828836,0.0038325013023129853,0.0036064333490606116,0.0006491145050492885
25.07000000000112,130.89986808943698,0.002849519666472783,0.0038981128602030937,0.00353703390869606,0.0006447986795379592
25.08000000000112,131.15821308775676,0.0030342023076402385,0.003962494605600215,0.0037500953381530183,0.0006393655122219892
25.090000000001123,131.28410298057682,0.0032103338539545135,0.004024514939671414,0.003954446646480769,0.0006327547523288501
25.100000000001124,131.2574081923626,0.003370424411076997,0.004082858929486496,0.0041479974620740965,0.000624999604790309
25.110000000001126,131.1587901293336,0.003789882828981589,0.004136201205460339,0.004328716858531827,0.0006161489273028026
25.120000000001127,131.87745302989424,0.0041749303353555076,0.004183546000780295,0.004494687763087488,0.0006457608915745311
25.13000000000113,132.5753277365463,0.004459928488731417,0.004224396136655117,0.004644091737746255,0.0007198514411439873
25.14000000000113,133.23042993262612,0.004634092096530905,0.00425875176147479,0.004775202152246297,0.0007517819813405326
25.150000000001132,133.81006381774688,0.004695402056005174,0.004286844025274524,0.004886425376676103,0.0007420969030255387
25.160000000001133,134.3034042550906,0.004650031242729838,0.0043089645795707085,0.004976329273074513,0.000695158634370904
25.170000000001135,134.710829961937,0.004511097692450463,0.004325539153425457,0.00504364233743949,0.0006184516748577312
25.180000000001137,135.02024182746453,0.004296714038550722,0.0043369821395434546,0.005087256377508971,0.0006425575447948433
25.190000000001138,135.22388166668807,0.0040278922010262425,0.004343212773011226,0.005106247849461964,0.0006645941766469412
25.20000000000114,135.34100836964262,0.00372645019426807,0.0043434821327553675,0.005099905951096317,0.0006610936196511881
25.21000000000114,135.39639091706675,0.003412634763911013,0.004336829337521872,0.005067730471569494,0.0006294271229857245
25.220000000001143,135.3898722170422,0.0031030912960750634,0.004322473598920811,0.005009409197913537,0.0005696755099571903
25.230000000001144,135.30845704307893,0.0028098445236989134,0.004299767020490463,0.004924839559350685,0.0005555595441299976
25.240000000001146,135.1565446599604,0.0025399196544653654,0.004268130361262374,0.004814165949872185,0.0005798293157898093
25.250000000001148,134.95827734870412,0.002295344325426404,0.004226852502664247,0.004677754904290775,0.0006012933517638397
25.26000000000115,134.73830876549596,0.002074063167001907,0.004174822185317406,0.004516162456067183,0.0006195576447757279
25.27000000000115,134.50715257105517,0.0019463852738194581,0.0041107573324730496,0.004330159401813717,0.0006341650967174783
25.280000000001152,134.2568121877191,0.0018846811271035554,0.004034741599326588,0.004120744172754993,0.0006450602663773059
25.290000000001154,133.97570335582228,0.0018413996478318863,0.003948601143061725,0.003889106087570995,0.000652698775326746
