time_s,stress_mpa,displacement_m,displacement_y_m,deformation_m,idr
0.01,125.48362879516851,0.0004780971270326606,3.8090861678836387e-05,0.0003086352892358638,8.81646616743233e-05
0.02,125.48362880511772,0.0004780971255828419,3.809086172510756e-05,0.0003086352891671447,8.816466165468694e-05
0.03,125.48362886203657,0.0004780971172173728,3.8090863976389946e-05,0.00030863528861531045,8.816466149696886e-05
0.04,125.48362901966559,0.0004780970937584771,3.8090884402582984e-05,0.00030863528618033965,8.816466080083512e-05
0.05,125.48362932344959,0.00047809704775221226,3.8090958899532676e-05,0.0003086352788789743,8.816465871259298e-05
0.060000000000000005,125.48362985321262,0.0004780969662688048,3.809111437365954e-05,0.00030863526174753334,8.816465381059173e-05
0.07,125.48363068588225,0.0004780968360591815,3.8091338183584406e-05,0.0003086352275110431,8.816464401001339e-05
0.08,125.48363183110608,0.00047809665277128306,3.8091554651199865e-05,0.0003086351670006719,8.816462668303804e-05
0.09,125.48363334882549,0.00047809640407102963,3.809159401981229e-05,0.0003086350704470712,8.8164599031874e-05
0.09999999999999999,125.48363546441233,0.0004780960522285428,3.8091234262249585e-05,0.00030863492752680315,8.816455810839058e-05
0.10999999999999999,125.48363850137153,0.00047809554217383523,3.809025285719723e-05,0.0003086347248427364,8.816450010222794e-05
0.11999999999999998,125.48364290615804,0.0004780947966077182,3.808845063383201e-05,0.0003086344419431342,8.816441921125979e-05
0.12999999999999998,125.48364892870747,0.0004780937612883222,3.808577986162534e-05,0.0003086340485649985,8.816430685947195e-05
0.13999999999999999,125.48365581559104,0.00047809252334242127,3.808252390851958e-05,0.00030863351093143187,8.816415349507444e-05
0.15,125.48366145982496,0.00047809136969731236,3.8079289713697794e-05,0.0003086328169712137,8.816395578426323e-05
0.16,125.48366327010666,0.0004780906721687165,3.807680102639999e-05,0.0003086320159074745,8.816372790041937e-05
0.17,125.48365969567425,0.00047809067084911576,3.8075655800102974e-05,0.0003086312464998907,8.816350956700912e-05
0.18000000000000002,125.4836502265577,0.00047809146687702043,3.807623276447586e-05,0.0003086307308264144,8.816336425681453e-05
0.19000000000000003,125.48363366458736,0.00047809326678458506,3.807873698138356e-05,0.00030863074303578384,8.816337024676854e-05
0.20000000000000004,125.48360726963153,0.00047809651815214734,3.808330440858931e-05,0.0003086315824462132,8.816361292261562e-05
0.21000000000000005,125.48356848018396,0.00047810168811644163,3.808986097908667e-05,0.0003086335566154582,8.816417994019005e-05
0.22000000000000006,125.48351663508024,0.0004781090341667762,3.8097622814009206e-05,0.0003086369526727574,8.816515304596801e-05
0.23000000000000007,125.48345623252695,0.0004781181231854682,3.810503530811429e-05,0.0003086419701086828,8.816658890832771e-05
0.24000000000000007,125.48340238065713,0.0004781269816815943,3.811004030007412e-05,0.00030864856577238545,8.81684748875562e-05
0.25000000000000006,125.48337017627262,0.0004781335327376981,3.811093049631786e-05,0.00030865623251685124,8.817066585727701e-05
0.26000000000000006,125.4833523866726,0.0004781388235388858,3.810704085915458e-05,0.00030866397617754373,8.817287768883401e-05
0.2700000000000001,125.48332019528509,0.00047814710191723507,3.8097061990664824e-05,0.00030867075602317515,8.817481316162453e-05
0.2800000000000001,125.48324132493816,0.000478163383629439,3.807910339541434e-05,0.00030867622084693137,8.817637236340376e-05
0.2900000000000001,125.48309237708156,0.0004781916700917556,3.8054797900895195e-05,0.0003086813012347869,8.817782196614145e-05
0.3000000000000001,125.48286710355048,0.00047823359085379623,3.803143134884998e-05,0.00030868835738120546,8.81798373630298e-05
0.3100000000000001,125.48258971892741,0.0004782862469430578,3.801880595973012e-05,0.00030870068698678096,8.818336176622573e-05
0.3200000000000001,125.482312395456,0.00047834237899145506,3.802432070044144e-05,0.00030872128818906525,8.818925234336629e-05
0.3300000000000001,125.482085533584,0.0004783947278748066,3.805007604666902e-05,0.00030875127331159716,8.819782665033363e-05
0.34000000000000014,125.48195786361752,0.0004784363570707397,3.8091606573816374e-05,0.0003087886793789642,8.820852264763201e-05
0.35000000000000014,125.48199500154469,0.00047845802422829723,3.813901444592067e-05,0.0003088279487264857,8.821975046129855e-05
0.36000000000000015,125.48226160479639,0.0004784502114221642,3.81801052076405e-05,0.0003088600085567225,8.822891551466806e-05
0.37000000000000016,125.48278724593118,0.000478407463199554,3.820349469445417e-05,0.0003088732650510931,8.823270309924707e-05
0.38000000000000017,125.48353057992297,0.0004783334918927512,3.820017740070542e-05,0.00030885598376165327,8.822775906861152e-05
0.3900000000000002,125.48437517746719,0.00047824221602522427,3.8165659644000126e-05,0.00030879991761295134,8.821172694951321e-05
0.4000000000000002,125.48517595692036,0.0004781516801299126,3.810397459524975e-05,0.0003087040860529861,8.818432803951665e-05
0.4100000000000002,125.48578680275975,0.0004780805523045847,3.8026333884701914e-05,0.0003085772490693234,8.814806823536023e-05
0.4200000000000002,125.48606103048554,0.0004780482092842654,3.794268061132586e-05,0.00030843827380355314,8.810834240112848e-05
0.4300000000000002,125.48587944500892,0.00047807051386728004,3.7858052900404146e-05,0.0003083141562963586,8.807286863629063e-05
0.4400000000000002,125.48517882124683,0.00047815569177509225,3.7779586961263467e-05,0.00030823559216950014,8.805042217007961e-05
0.45000000000000023,125.48396259858887,0.00047830362352773586,3.772042240891272e-05,0.00030823071949468914,8.804904684328215e-05
0.46000000000000024,125.48232248743774,0.0004785039250157771,3.7692140812371214e-05,0.00030831850447356315,8.807416440615508e-05
0.47000000000000025,125.4804405765698,0.0004787356762752824,3.769763485645804e-05,0.0003085031531144301,8.81269771303197e-05
0.48000000000000026,125.47854416745795,0.0004789726280865452,3.772935409672662e-05,0.00030877070272945794,8.820349369049225e-05
0.49000000000000027,125.47686493035579,0.0004791880014755072,3.777479164496598e-05,0.0003090890872350669,8.82945481277003e-05
0.5000000000000002,125.47563894629374,0.00047935422042316863,3.7823749273613295e-05,0.0003094123503581901,8.838700437143184e-05
0.5100000000000002,125.47508707884701,0.00047944519009728617,3.786159356917311e-05,0.0003096882159184709,8.846592018119497e-05
0.5200000000000002,125.47533327102833,0.00047944691310410406,3.787171243337008e-05,0.00030986748664708056,8.851723367175955e-05
0.5300000000000002,125.47636053764612,0.0004793632661744845,3.784917293509635e-05,0.0003099138172752816,8.853055666737838e-05
0.5400000000000003,125.47803575976843,0.00047921262674200434,3.779422040304479e-05,0.0003098120285316288,8.850155077867325e-05
0.5500000000000003,125.48014262080477,0.00047902291961174787,3.770309458855126e-05,0.0003095728024626085,8.843326921918537e-05
0.5600000000000003,125.48240056900609,0.00047882831437852537,3.756983383011304e-05,0.00030923237631246583,8.833606942284564e-05
0.5700000000000003,125.48449647515345,0.0004786651042378619,3.737859037268453e-05,0.00030884707893172027,8.82260519508763e-05
0.5800000000000003,125.48616913136823,0.00047856107752756836,3.710083663530848e-05,0.0003084832711968392,8.81221863157587e-05
0.5900000000000003,125.48721403705498,0.00047853609135491224,3.671569445803487e-05,0.0003082043056152707,8.804258521401183e-05
0.6000000000000003,125.48744415482476,0.000478608568857956,3.622894902561954e-05,0.0003080579840833726,8.800092069264689e-05
0.6100000000000003,125.48675729078654,0.00047878698873976913,3.566994655102671e-05,0.0003080679274712853,8.800395718539037e-05
0.6200000000000003,125.48521276262893,0.0004790597793375498,3.50773272190631e-05,0.0003082298164464992,8.805047570444224e-05
0.6300000000000003,125.48299628066589,0.0004794002180773429,3.4493291885767845e-05,0.000308512462904205,8.813157804398595e-05
0.6400000000000003,125.48030072038316,0.0004797831308508103,3.395995144836711e-05,0.00030886454888978557,8.823261046812443e-05
0.6500000000000004,125.47730177850451,0.0004801886138315169,3.350701489198225e-05,0.0003092267750698719,8.833663350314083e-05
0.6600000000000004,125.47421074164345,0.0004805946792695656,3.314915860149993e-05,0.00030954584613003766,8.842841732666937e-05
0.6700000000000004,125.47127092367553,0.0004809771983413917,3.290433501630371e-05,0.00030978578187993187,8.849767361102913e-05
0.6800000000000004,125.46877216921823,0.000481306582527037,3.2812891026910515e-05,0.00030993402600805025,8.854080088573263e-05
0.6900000000000004,125.46696411259235,0.0004815583215301844,3.29192233733738e-05,0.00031000147591516493,8.856089278469893e-05
0.7000000000000004,125.46591091975371,0.00048173199447435296,3.3228821343676544e-05,0.00031001714313561534,8.856621270939821e-05
0.7100000000000004,125.46561150889427,0.0004818339008881561,3.369187566456301e-05,0.00031001907592710773,8.856760200255579e-05
0.7200000000000004,125.46611382128557,0.00048186182593138935,3.421531844903681e-05,0.00031004279446526496,8.857517886121196e-05
0.7300000000000004,125.46736768240899,0.00048182618231641194,3.47007525620418e-05,0.0003101101894659947,8.859517018199525e-05
0.7400000000000004,125.46917698696848,0.000481754968134383,3.50743522596434e-05,0.0003102232370885977,8.862811883319874e-05
0.7500000000000004,125.47133226202317,0.0004816730034086702,3.528713418723629e-05,0.00031036357731101965,8.866876471434961e-05
0.7600000000000005,125.47369777840308,0.0004815902612719575,3.533017018373283e-05,0.0003104961739633813,8.870709035933547e-05
0.7700000000000005,125.47619614912445,0.00048150652791987067,3.525384961379709e-05,0.00031057651799708155,8.87303775071169e-05
0.7800000000000005,125.47862761935242,0.0004814382780249743,3.51323080432277e-05,0.000310561734628304,8.872637826531182e-05
0.7900000000000005,125.4805764291,0.00048143190552122153,3.500947858453058e-05,0.00031042415382964375,8.86871902242085e-05
0.8000000000000005,125.48158418645384,0.00048154076843680044,3.4896815289118666e-05,0.0003101633315244173,8.861268973516769e-05
0.8100000000000005,125.48137245407794,0.0004817967163218591,3.479428409328076e-05,0.00030981209227636555,8.851225788089789e-05
0.8200000000000005,125.47997847239344,0.0004821907011460496,3.470959136465409e-05,0.0003094337909211782,8.840399806945538e-05
0.8300000000000005,125.47757677702673,0.0004826942668870369,3.4654654743055987e-05,0.00030911024751745594,8.831128900558639e-05
0.8400000000000005,125.47417863650547,0.00048330138558771665,3.462419232160531e-05,0.00030892400747346664,8.82577163110703e-05
0.8500000000000005,125.46979195809782,0.000484011014632271,3.461128855405148e-05,0.00030894108027755275,8.826214100466453e-05
0.8600000000000005,125.46480293656789,0.0004847770194795274,3.4627720018383056e-05,0.00030919679688670953,8.833465898845915e-05
0.8700000000000006,125.45989636058,0.0004855157591639509,3.4702153599676e-05,0.0003096849200129962,8.847348949727822e-05
0.8800000000000006,125.45571353589845,0.0004861474658331511,3.487124820770498e-05,0.0003103530493035336,8.866366144006227e-05
0.8900000000000006,125.45278339799006,0.0004866032409286738,3.514217527824882e-05,0.0003111078001705495,8.8878491919304e-05
0.9000000000000006,125.45159028015651,0.0004868174107332289,3.54828090849527e-05,0.00031182906158417755,8.908365934599699e-05
0.9100000000000006,125.45257952291135,0.00048672873440683463,3.584077849063636e-05,0.00031239016866412,8.924296773853885e-05
0.9200000000000006,125.45608597361553,0.00048629036301645946,3.614796529837445e-05,0.0003126799766852958,8.93246555246411e-05
0.9300000000000006,125.46214103763056,0.0004854953951721317,3.634978420254693e-05,0.0003126218975445115,8.930683742221209e-05
0.9400000000000006,125.47031094244832,0.000484397294321398,3.6433199436817255e-05,0.0003121868774816367,8.918121554783849e-05
0.9500000000000006,125.47983777103654,0.0004830885170629575,3.643222490645177e-05,0.0003114000915316926,8.895499460459273e-05
0.9600000000000006,125.4896801861535,0.0004816972904629435,3.640844197475932e-05,0.0003103414129655794,8.865101694632321e-05
0.9700000000000006,125.49838893662046,0.00048041092041456457,3.642750467892967e-05,0.00030914008063816326,8.83062381494115e-05
0.9800000000000006,125.50451699629468,0.00047942123324669464,3.656385357812492e-05,0.0003079626659441373,8.796828640115813e-05
0.9900000000000007,125.50694957329533,0.00047887807716497864,3.6903896769706076e-05,0.00030699170357675366,8.768935198960296e-05
1.0000000000000007,125.50495065143821,0.00047888270044694933,3.753662054642191e-05,0.000306397791414043,8.75182081180665e-05
1.0100000000000007,125.49839072540338,0.0004794560422383976,3.8556876586900745e-05,0.00030631196887979603,8.749230940586468e-05
1.0200000000000007,125.48788639561317,0.0004805190684410279,4.00545694802281e-05,0.0003068006807695777,8.7630628478785e-05
1.0300000000000007,125.4747912581909,0.00048189506588310315,4.2053317997933845e-05,0.00030784433061992113,8.792751959134543e-05
1.0400000000000007,125.46100154358015,0.000483340479955362,4.445582249259203e-05,0.0003093256070196675,8.834937937823386e-05
1.0500000000000007,125.44878862085837,0.0004845682762454886,4.704784087756619e-05,0.00031103447557785923,8.883607655741357e-05
1.0600000000000007,125.44050916102277,0.0004852798468937965,4.951160826056093e-05,0.00031269012983153925,8.930723394840381e-05
1.0700000000000007,125.43785932522634,0.00048526103188902686,5.1466928543311154e-05,0.00031397823519355216,8.96728853903309e-05
1.0800000000000007,125.44115380070396,0.000484485535729383,5.260990860011972e-05,0.0003146065425122049,8.98493856678058e-05
1.0900000000000007,125.44958891757614,0.00048308352839137545,5.277983607208872e-05,0.00031437501996343004,8.977947238580386e-05
1.1000000000000008,125.462030144007,0.0004812259794055668,5.1947701537843404e-05,0.000313236815296925,8.944971180331699e-05
1.1100000000000008,125.47696463680415,0.0004791211758250262,5.023800972314404e-05,0.00031132405769437546,8.889790166130237e-05
1.1200000000000008,125.49239778457147,0.0004770268145133504,4.790726809151857e-05,0.00030893331851969766,8.820894531927405e-05
1.1300000000000008,125.50630784219325,0.0004751902726631944,4.529815819023967e-05,0.0003064771058968185,8.750100744161101e-05
1.1400000000000008,125.51711691138766,0.000473785912755121,4.2811843613711244e-05,0.0003044056258401134,8.690314454151937e-05
1.1500000000000008,125.52401882866936,0.0004728759705692287,4.084570345162174e-05,0.0003031091482139918,8.65273508454712e-05
1.1600000000000008,125.52695760523426,0.00047242807000331987,3.966987530979792e-05,0.0003028243407932593,8.644170030337895e-05
1.1700000000000008,125.52631331682929,0.00047236683435731007,3.940314926895954e-05,0.0003035718905986662,8.665242181513004e-05
1.1800000000000008,125.52269200129389,0.0004725940245989808,4.001184399178291e-05,0.00030514323069800986,8.710003997381955e-05
1.1900000000000008,125.516795280109,0.0004730002503902,4.1240513893382565e-05,0.00030714101571523936,8.767093652213539e-05
1.2000000000000008,125.5093817592916,0.000473483034596076,4.268167225609793e-05,0.00030906810785256235,8.822283649566284e-05
1.2100000000000009,125.50175409538535,0.00047388774845546046,4.3948607791418065e-05,0.0003104444989894939,8.861830893453388e-05
1.2200000000000009,125.4954985593953,0.00047402984621671145,4.477957127809644e-05,0.0003109166152399176,8.875608052309458e-05
1.2300000000000009,125.4909741248218,0.00047389162356933933,4.504922309097297e-05,0.00031033524683227626,8.859335071830131e-05
1.2400000000000009,125.48716845482562,0.00047364829792346196,4.473145686216829e-05,0.00030879952639161786,8.815837256967627e-05
1.2500000000000009,125.48355439287016,0.00047341430586425256,4.383906145272267e-05,0.00030665435152909696,8.754970393914597e-05
1.260000000000001,125.48072982208798,0.0004731408815665364,4.2431540640361385e-05,0.0003044184117072295,8.691560690443994e-05
1.270000000000001,125.47900317276678,0.0004728023839666639,4.0684675308395086e-05,0.0003026555072703338,8.641722825571421e-05
1.280000000000001,125.47799443935611,0.0004724591470747355,3.8883902011081435e-05,0.0003018372271108385,8.61893088311284e-05
1.290000000000001,125.47727151201478,0.0004721784775291059,3.7385098852649416e-05,0.00030303743255545075,8.630854586532446e-05
1.300000000000001,125.47626023970854,0.0004720472695750418,3.6574772711494493e-05,0.0003046349320928819,8.677483255388422e-05
1.310000000000001,125.47423186807204,0.0004721776130147119,3.676167521498883e-05,0.00030639666104975607,8.751150498647689e-05
1.320000000000001,125.47083479648316,0.00047264307039657585,3.804998022759498e-05,0.00030943540260329553,8.838592178092038e-05
1.330000000000001,125.4662601528782,0.0004734486805276641,4.025597575816869e-05,0.00031241232813441567,8.924204088701094e-05
1.340000000000001,125.46089813747814,0.00047455767244704235,4.298175682011805e-05,0.00031482029854117876,8.993477222680556e-05
1.350000000000001,125.45520695538079,0.0004759116047828893,4.5789921660164426e-05,0.0003162967241351784,9.036043347765887e-05
1.360000000000001,125.44954118960075,0.0004774809082594693,4.829356412664686e-05,0.0003167011559326892,9.047891243516201e-05
1.370000000000001,125.44385226207682,0.0004793132926350293,5.0140607898598e-05,0.0003161440503788922,9.032186041371112e-05
1.380000000000001,125.43759554630842,0.00048152534266511645,5.0994319344401705e-05,0.00031495612801039474,8.99839055794389e-05
1.390000000000001,125.42994033243,0.0004842640249417591,5.063350382375116e-05,0.0003136100336793343,8.960023922989967e-05
1.400000000000001,125.42010600633473,0.0004876683087886658,4.90695515192334e-05,0.00031261918837716585,8.931769116481616e-05
1.410000000000001,125.40718399652995,0.0004918869855850518,4.6601285733596367e-05,0.00031243598496085096,8.92656273287625e-05
1.420000000000001,125.39066019252405,0.0004969842258755377,4.373235892236078e-05,0.00031336393872667093,8.953084632702664e-05
1.430000000000001,125.37151008472532,0.0005027918639897344,4.099710254513679e-05,0.00031549158508084975,9.013869871489426e-05
1.440000000000001,125.3519076697672,0.0005089775686508971,3.884568391218333e-05,0.0003186586268064049,9.104342354225201e-05
1.450000000000001,125.33446010007536,0.0005151467910537046,3.762755896196546e-05,0.00032246978219192856,9.213211076285527e-05
1.460000000000001,125.32157830942677,0.0005208991248937633,3.7584797972853056e-05,0.00032635850157408056,9.324290634760535e-05
1.470000000000001,125.3147590125215,0.0005259336799524978,3.878340770545106e-05,0.00032968894743178056,9.419414593401068e-05
1.480000000000001,125.31468857535312,0.0005300757620225837,4.104830699218142e-05,0.00033188313249938684,9.482067602061867e-05
1.490000000000001,125.3216530363342,0.0005332302464078331,4.394851398356402e-05,0.0003325490175854353,9.501045169860743e-05
1.500000000000001,125.33493133466946,0.000535434598648362,4.6903778382790184e-05,0.0003315738223029295,9.473119854007975e-05
1.5100000000000011,125.35253921944924,0.0005368796044290601,4.9380950628216016e-05,0.0003291576949853698,9.404003747817958e-05
1.5200000000000011,125.37210975507715,0.0005378088810931552,5.1057630109281215e-05,0.00032578130287983767,9.30742331036694e-05
1.5300000000000011,125.390895866158,0.0005385326228398307,5.18509926581947e-05,0.00032211703514790007,9.202583541922452e-05
1.5400000000000011,125.40540498962652,0.0005394635074822859,5.191840746201694e-05,0.00031890886085894946,9.110736959773297e-05
1.5500000000000012,125.41214389674121,0.0005410115820436499,5.159665128773547e-05,0.0003168440305224444,9.05151944721669e-05
1.5600000000000012,125.40940752390424,0.0005433581760872976,5.126744539460611e-05,0.00031642624250963203,9.039326991047296e-05
1.5700000000000012,125.39791610793128,0.0005463684817029363,5.1268185573384944e-05,0.0003178646679084122,9.080143774631661e-05
1.5800000000000012,125.37943026785933,0.0005497576925604829,5.1774493576101095e-05,0.00032101379385324376,9.169820602965174e-05
1.5900000000000012,125.35548696406215,0.0005532678983598107,5.271796562529386e-05,0.00032539603005780383,9.29471773490426e-05
1.6000000000000012,125.32713100452072,0.0005567536692256822,5.385716212382937e-05,0.0003303058854629327,9.434679757879486e-05
1.6100000000000012,125.2961859870291,0.0005600368439673696,5.4998244716652634e-05,0.0003349654357497794,9.567477972538728e-05
1.6200000000000012,125.26587073285064,0.0005627986399983271,5.616928028429041e-05,0.00033868946271602374,9.673530245973287e-05
1.6300000000000012,125.23930717159494,0.0005647493139338326,5.755533496612652e-05,0.00034102278838655034,9.739826257484286e-05
1.6400000000000012,125.21862057675146,0.0005657338379374406,5.945548513088891e-05,0.0003418217312203941,9.762255338742553e-05
1.6500000000000012,125.20548438517677,0.0005656515122599306,6.223650071078844e-05,0.00034125888263790725,9.745742149851105e-05
1.6600000000000013,125.20165814061811,0.000564382418727515,6.609519941270118e-05,0.0003397502199026011,9.70216206397427e-05
1.6700000000000013,125.20939898697414,0.0005617295013869723,7.10005071283999e-05,0.00033782418404463557,9.646597696321317e-05
1.6800000000000013,125.23120849738856,0.0005574324765314955,7.671764225906416e-05,0.0003359530606383523,9.592518000369848e-05
1.6900000000000013,125.26781565066489,0.0005514069216702573,8.274562212728074e-05,0.00033438280594052253,9.546912795287122e-05
1.7000000000000013,125.31680629102785,0.0005439112888006349,8.842614053190225e-05,0.00033303480304012236,9.507483443564019e-05
1.7100000000000013,125.37345465013267,0.0005354564390264504,9.322474586918472e-05,0.00033153968728390096,9.463609069922717e-05
1.7200000000000013,125.43214731375654,0.0005266518862857513,9.689834150596415e-05,0.0003293876074035914,9.400641407730037e-05
1.7300000000000013,125.48739015772966,0.0005180819172336057,9.939794676209868e-05,0.0003261231587042904,9.305477564077926e-05
1.7400000000000013,125.53447433632682,0.0005102086894426613,0.00010084182426872826,0.00032151831450284474,9.171507122531444e-05
1.7500000000000013,125.56929830640563,0.0005034083334028826,0.00010150505730579399,0.0003156884560674271,9.001939231364054e-05
1.7600000000000013,125.58854025842467,0.000497969892581711,0.00010161245314115644,0.00030913208432333704,8.810958086271826e-05
1.7700000000000014,125.59098421193103,0.0004939312330235388,0.00010142639390375885,0.0003026701135612718,8.622018222330883e-05
1.7800000000000014,125.57733644545438,0.000491145539914142,0.00010143278932872665,0.0002972811480601788,8.463166709767854e-05
1.7900000000000014,125.55003286769944,0.0004893524747816478,0.0001022062261719702,0.00029387913050349254,8.360697329369783e-05
1.8000000000000014,125.51460933464527,0.0004879659087733284,0.00010418168537989235,0.00029308724567715124,8.332655982661057e-05
1.8100000000000014,125.47930110105663,0.000486042109523813,0.00010738229791675451,0.0002950379104237448,8.383046585737002e-05
1.8200000000000014,125.45259655506074,0.0004825618031585568,0.00011149307463393786,0.0002992483260896414,8.498181824844652e-05
1.8300000000000014,125.44089436922049,0.0004767816112554866,0.00011625044203638598,0.00030464627942187924,8.647363947829966e-05
1.8400000000000014,125.44872028255782,0.0004682331339803871,0.00012150888871487815,0.0003097685853220779,8.788560746322411e-05
1.8500000000000014,125.48027552959105,0.00045646914249438753,0.00012710627710928597,0.00031305857591791775,8.876950917397576e-05
1.8600000000000014,125.5371950674985,0.00044133285218187255,0.000132733428254694,0.0003131715872264562,8.873700565811619e-05
1.8700000000000014,125.6154611472836,0.0004233924629807631,0.00013782135953799084,0.0003092620259046006,8.754209914110377e-05
1.8800000000000014,125.70629046008393,0.0004038228765853884,0.00014174121785106268,0.0003012298175394238,8.515219435322313e-05
1.8900000000000015,125.79798287163713,0.00038414459370505246,0.0001440711880044918,0.0002950556412304831,8.178514616108817e-05
1.9000000000000015,125.87777213554426,0.0003660192596807106,0.0001447903997014499,0.00029681376051206125,7.789338210693348e-05
1.9100000000000015,125.93501915361684,0.00035090037657457634,0.0001443864757493913,0.0002968889785807274,7.40948726625372e-05
1.9200000000000015,125.96380743897002,0.00033968050334729654,0.0001434836038584332,0.0002952124240212678,7.105865357822616e-05
1.9300000000000015,125.96400092757042,0.0003324395294384677,0.00014252765589741886,0.0002919342086052485,6.935800555611909e-05
1.9400000000000015,125.93883584454895,0.0003287398535791135,0.00014191878375942267,0.0002874180960131728,6.932427498034197e-05
1.9500000000000015,125.89207995778847,0.0003281284871360835,0.0001420234342165015,0.00028221182276296966,7.095359113496244e-05
1.9600000000000015,125.82847231180129,0.00033016493010603503,0.00014282541782120956,0.0002769927056225403,7.39025358561808e-05
1.9700000000000015,125.75434165884339,0.0003342854349279707,0.00014378985826854438,0.0002771131230893136,7.75667003991742e-05
1.9800000000000015,125.67798329218955,0.00033965723396756564,0.00014433437287538883,0.0002896866651055325,8.12121498084852e-05
1.9900000000000015,125.60894506706755,0.0003452445878963815,0.00014408926796804909,0.00029972475728122006,8.412979806832263e-05
2.0000000000000013,125.55526761354245,0.0003501559040989157,0.00014288372740559364,0.0003053803947526039,8.578512924611356e-05
2.010000000000001,125.52208823985285,0.0003537661104067923,0.00014125975172663387,0.00030579655606219976,8.593196074250427e-05
2.020000000000001,125.513906545762,0.0003554184727088257,0.00013929531960336547,0.0003012614190154324,8.465581529285296e-05
2.0300000000000007,125.53468133333273,0.0003545446922715717,0.00013718791530460935,0.00029305601576976774,8.232945163844813e-05
2.0400000000000005,125.58458014166462,0.0003511585888978935,0.00013522293782540536,0.0002989689585487035,7.950051504448522e-05
2.0500000000000003,125.65862277584426,0.00034589647093507186,0.0001335449711458171,0.0003095239917685268,7.675198992686658e-05
2.06,125.74716377499693,0.00033984387720250084,0.00013200600795163674,0.0003196108255978908,7.456972880629878e-05
2.07,125.83766034119553,0.00033439992215258176,0.00013057245726640787,0.0003282457469555772,7.32473778513847e-05
2.0799999999999996,125.91847109845766,0.00033089406728393144,0.00013007613191104466,0.00033458139692377247,7.285330452256778e-05
2.0899999999999994,125.98154839425553,0.000330184329928844,0.00013088721910209923,0.0003380227119967404,7.32568223362182e-05
2.099999999999999,126.0210943515811,0.0003327587708196994,0.00013359572070614914,0.00033832062847271286,7.418883698283986e-05
2.109999999999999,126.03360243974633,0.0003387598200742323,0.00013814304004117352,0.0003356298126013089,7.531784751769448e-05
2.1199999999999988,126.01911653271117,0.0003478865801643268,0.00014401106265814648,0.00033051540474738657,7.63322850728395e-05
2.1299999999999986,125.97986526850238,0.00035958059208500296,0.00015053607218804672,0.000323899853422959,7.701817109555039e-05
2.1399999999999983,125.9191529872635,0.0003731718942284471,0.0001570008013440814,0.0003169538439621755,7.731332715939506e-05
2.149999999999998,125.84169274418734,0.0003879342374169604,0.00016262004077006014,0.0003109465411758276,7.731721594236888e-05
2.159999999999998,125.7532917665997,0.00040320926644946223,0.0001666609811782596,0.0003070761006018792,7.725300215924255e-05
2.1699999999999977,125.65913867200673,0.00041854510574777093,0.00016874986226626243,0.0003063041303471659,7.740362069122242e-05
2.1799999999999975,125.56317933116158,0.00043363060611366187,0.00016892425809711972,0.00030921719366889194,7.804568626319971e-05
2.1899999999999973,125.46896117423155,0.00044818690814925897,0.00016720664086838731,0.0003159333267791781,7.938852270928777e-05
2.199999999999997,125.38049563982584,0.00046195064630395234,0.00016362779650186363,0.00032606607583206965,8.152302910148064e-05
2.209999999999997,125.30214909047687,0.0004746780063784761,0.00015839361446500546,0.0003387550654085151,8.439550111521782e-05
2.2199999999999966,125.23799572508292,0.0004861184975049822,0.00015149160402660712,0.00035276501764933984,8.781556538802013e-05
2.2299999999999964,125.19134517390663,0.0004960237548729609,0.00014282306969083582,0.0003666414939972605,9.148779600046202e-05
2.239999999999996,125.16359509987183,0.0005043398445143907,0.00013285849835644454,0.00037889850433581835,9.50557057978044e-05
2.249999999999996,125.15316014264181,0.0005113805416364703,0.00012264164820337847,0.0003882081029871773,9.816332829490362e-05
2.259999999999996,125.15525536283172,0.0005178650934643993,0.0001131075020419864,0.00039356508161967653,0.00010053568575926029
2.2699999999999956,125.16231354365723,0.0005249122207230617,0.00010481013526469155,0.00039440688106877933,0.00010205324140578117
2.2799999999999954,125.16602861230214,0.0005338049478156902,9.832348150442968e-05,0.00039067655457037303,0.00010278714468195299
2.289999999999995,125.1593129227186,0.0005456758232226777,9.421222456468553e-05,0.0003828231039760298,0.00010298484948025346
2.299999999999995,125.13568310047391,0.0005615052925147638,9.258068493149787e-05,0.00037173913390864367,0.00010302075171176663
2.3099999999999947,125.0902640466071,0.0005819573119260748,9.317339789292107e-05,0.00036168797456569737,0.00010332544256171993
2.3199999999999945,125.02294804033069,0.0006069882584161165,9.523110107660891e-05,0.0003650478030914003,0.00010429224743629016
2.3299999999999943,124.93858856742851,0.0006358662836414134,9.693021587780899e-05,0.00037160528802465773,0.0001061708414257246
2.339999999999994,124.84318730635522,0.0006676972519420197,9.575501768698624e-05,0.00038145913878122177,0.00010898831193114021
2.349999999999994,124.74156538701924,0.0007016965806295849,8.958056975904273e-05,0.0003938765877708425,0.00011253448481345025
2.3599999999999937,124.63941000068886,0.0007368419769502216,7.732237304653926e-05,0.0004074507655187884,0.00011640674899318862
2.3699999999999934,124.54285155859425,0.0007719403885854061,5.923035726361237e-05,0.0004203895465741459,0.00012009218490169442
2.3799999999999932,124.45696805655422,0.0008059219401646147,6.993074663752269e-05,0.00043091984670893906,0.0001230825810738315
2.389999999999993,124.38674569950038,0.0008377697365674514,9.753789676824827e-05,0.00043775029697844736,0.0001250061661539366
2.399999999999993,124.33522835796411,0.0008667648933600846,0.0001238918421461533,0.00044041766850546514,0.00012572626037947262
2.4099999999999926,124.30217952218332,0.0008926474712362916,0.00014614892719594757,0.0004393917446067457,0.00012537119118125091
2.4199999999999924,124.28630026559748,0.0009153425552367256,0.00016197602114478084,0.00043596151859699316,0.0001243022987626033
2.429999999999992,124.28657986525356,0.0009347970427079794,0.00017032303697803273,0.0004319647467830142,0.00012303810860507603
2.439999999999992,124.31595734302688,0.0009511467821802013,0.00017157362889824997,0.0004293892208747298,0.00012214280634217548
2.4499999999999917,124.35616726832721,0.0009646377715854329,0.0001673235744806412,0.00042989554177019654,0.00012209240840131875
2.4599999999999915,124.3928038081889,0.0009752428057179391,0.00015990846939380993,0.0004343737745127346,0.00012314904802873891
2.4699999999999913,124.42364624793736,0.0009830429994995735,0.00015148599556674434,0.0004426810300614345,0.0001252841568797363
2.479999999999991,124.44547723304083,0.0009884997723754968,0.00014329933123496749,0.0004536628517176428,0.00012818080474390835
2.489999999999991,124.48113492588755,0.0009920289506457067,0.00013562601098595004,0.0004654279313543549,0.00013130890600759646
2.4999999999999907,124.51334638456593,0.0009938516493168956,0.0001283881115529435,0.0004757675738007868,0.00013404395796090844
2.5099999999999905,124.53587283624142,0.000994050503193775,0.00012161346225840129,0.00048264835099287617,0.0001358089404002887
2.5199999999999902,124.54775293677477,0.0009926458862934522,0.0001154193048998156,0.000484696743713119,0.0001362152712764843
2.52999999999999,124.54866503645442,0.0009895832981913378,0.00010980310463949644,0.0004815226278095151,0.0001351578198859767
2.53999999999999,124.53891816536226,0.0009847690866338036,0.0001043376771785044,0.00047376244047232183,0.00013282888698263503
2.5499999999999896,124.52015482809328,0.0009781107122388607,9.820208255086749e-05,0.00046287263745178127,0.0001296593883418888
2.5599999999999894,124.49613900970867,0.0009694009082462435,9.031765072136152e-05,0.0004507841567656982,0.00012621850454813978
2.569999999999989,124.47041982304025,0.0009585118564875309,7.984987860011814e-05,0.0004394879787049947,0.00012309120395115886
2.579999999999989,124.44532359096422,0.0009455038237355484,6.703581070184584e-05,0.0004306041850307422,0.00012074872785698558
2.5899999999999888,124.42487885901481,0.0009302827343341754,5.309911911004334e-05,0.00042502632913704467,0.00011944071506292786
2.5999999999999885,124.41533363750992,0.0009124716382005616,4.954000170891424e-05,0.00042274212007209884,0.00011914194414873779
2.6099999999999883,124.42149658161537,0.0008917432220576847,5.770535468257904e-05,0.00042288151803304084,0.0001195703026588083
2.619999999999988,124.4456072145696,0.0008679371383459188,6.54830283175939e-05,0.00042396184744606595,0.0001202646050788719
2.629999999999988,124.4882555579116,0.0008410984169354592,7.325708381708033e-05,0.00042425515495129643,0.00012069602293590944
2.6399999999999877,124.54642877603524,0.0008118729011048208,8.15676486092437e-05,0.00042223880187315925,0.0001203990310976095
2.6499999999999875,124.61406849187205,0.0007813532940377017,9.111242366520831e-05,0.0004170779697142274,0.00011910723493632377
2.6599999999999873,124.68422061340891,0.0007506977243765534,0.00010269962395559212,0.0004089672534321501,0.00011684690929225382
2.669999999999987,124.74991930296672,0.000721076218790554,0.00011707591795997908,0.00039915462274927563,0.00011394117735133223
2.679999999999987,124.80694904644706,0.0006933656440079453,0.00013488607027583005,0.00038964733161874745,0.00011092797701802016
2.6899999999999866,124.85609535599592,0.0006677962189111832,0.00015682033276109286,0.00038270825392729905,0.00010842434295312711
2.6999999999999864,124.90172675982313,0.0006440877868587068,0.00018361341560443623,0.00039181808911522886,0.00010696007496073774
2.709999999999986,124.94797952837729,0.0006220111883178336,0.00022009096965913723,0.00040534853789438564,0.00010680840217392903
2.719999999999986,124.99810145083099,0.0006015009876048824,0.00026701119853150113,0.00042119381704554026,0.00010786857887682835
2.7299999999999858,125.05302823275736,0.0005827675667360101,0.0003182625842663966,0.00043982282163555753,0.00011306940093406993
2.7399999999999856,125.11201925907754,0.0005660812088339182,0.00037198550862273103,0.0004631543274970925,0.00012351109038689264
2.7499999999999853,125.17796693981863,0.0005509922381205021,0.0004253755769692448,0.0004926424942964306,0.00013331462943696497
2.759999999999985,125.25414209569739,0.0005368623437503704,0.0004754637011813985,0.0005182900029023663,0.0001416076117540396
2.769999999999985,125.34104559835235,0.0005233477426758783,0.0005199455295710877,0.0005375510448934974,0.0001477150950790086
2.7799999999999847,125.43895878879933,0.0005099992786666508,0.0005575403861789592,0.0005487956878392222,0.0001512650814298733
2.7899999999999845,125.54533226845135,0.000496629870485448,0.0005879879080331325,0.0005514678915191571,0.0001521892757156389
2.7999999999999843,125.65372868796182,0.0004835624144363081,0.000611582492048095,0.0005457113571060055,0.00015059052126403493
2.809999999999984,125.75992517127533,0.00047085328878006304,0.0006293498369984341,0.0005323570630596306,0.00014679262024216863
2.819999999999984,125.86386929562761,0.00045797840748743203,0.0006432614663195671,0.0005130873183224884,0.00014140001037002897
2.8299999999999836,125.96579936506615,0.0004443023720794741,0.000655337482277646,0.0004897566222060074,0.00013503897961902577
2.8399999999999834,126.065939059324,0.00042914486672436075,0.0006675759547033841,0.00046442137358900496,0.00012833472368475329
2.849999999999983,126.16525651500228,0.0004117739646058855,0.0006825891833881322,0.0004399931419774449,0.00012209013891522345
2.859999999999983,126.2643096728166,0.0003916011442385878,0.0007029584444700549,0.0004196158693681102,0.00011709810897466688
2.869999999999983,126.36381615253566,0.0003680442769228002,0.000730627542590296,0.00043426724774647027,0.00011492090969977694
2.8799999999999826,126.46381458040743,0.0003406392820656024,0.0007670241674287905,0.0004598902074805291,0.00012241207678385222
2.8899999999999824,126.5601587267671,0.00030962871031572746,0.0008128168435663513,0.0004835207329645326,0.00012962550100125133
2.899999999999982,126.64419694020842,0.0002760827228673965,0.0008674034454301579,0.0005045412615711833,0.00013653170743840027
2.909999999999982,126.7055846354112,0.00027620947003918983,0.0009286269812729905,0.000523119988791579,0.00014311473356439183
2.9199999999999817,126.73624917902582,0.0003056863699621656,0.0009926709349217411,0.0005413691088710288,0.00014936950823202835
2.9299999999999815,126.73463601040903,0.0003372151995519786,0.0010546270743072546,0.000565679637630048,0.00015529705259186558
2.9399999999999813,126.70620419718736,0.0003718115262142243,0.001109867999506993,0.0005877613543173935,0.00016089828470235582
2.949999999999981,126.66076553333906,0.0004104702351336973,0.0011549233678248112,0.0006073511525095643,0.00016616796336681812
2.959999999999981,126.6094141809938,0.00045379479620912027,0.0011879263040478275,0.000626164159309627,0.00017109022958403005
2.9699999999999807,126.56160052516034,0.0005015513171159746,0.0012090924267021991,0.0006420256131890073,0.00017563663678534544
2.9799999999999804,126.52439332618175,0.0005525868567804206,0.0012210674808757359,0.0006551517235280489,0.00017976711776839435
2.9899999999999802,126.50578730305939,0.0006055664481013936,0.0012284941641039007,0.0006660331553771287,0.00018343394012034118
2.99999999999998,126.51448667769341,0.0006593497590303942,0.0012363165340358322,0.000675267752295635,0.00018674820807524644
3.00999999999998,126.5533088586978,0.00071233483800875,0.001247892887055057,0.0006834115070893283,0.0001896639035004742
3.0199999999999796,126.61693852367115,0.0007622313239180647,0.0012642524517911238,0.0006909246194876454,0.00019200460886839796
3.0299999999999794,126.69818931510339,0.0008064998397673022,0.001284557438829366,0.0006986203099037247,0.00019374724173954353
3.039999999999979,126.83424928863639,0.0008426670457239888,0.0013070535609323722,0.0007098286615035884,0.00019488005468976566
3.049999999999979,126.95088311272458,0.0008687360432519638,0.0013295501851160528,0.0007208744704414236,0.00019540042738523203
3.0599999999999787,127.03277146971273,0.0008837003771418026,0.0013491099593050725,0.0007301568396034863,0.00019531212684454355
3.0699999999999785,127.07049419116703,0.0008880106057803239,0.0013625948344505687,0.0007353939102256461,0.00019462213953236226
3.0799999999999783,127.06495745802441,0.0008837543156876323,0.0013679395621527153,0.0007456082104729141,0.000193337217637783
3.089999999999978,127.02835583913908,0.000874084941127238,0.0013647041874021266,0.0007548852559072176,0.00019146107385833696
3.099999999999978,126.97956152626745,0.0008627210834569063,0.0013536411211621645,0.0007602046633048674,0.0001889933592410315
3.1099999999999777,126.94115916384423,0.0008535160995848258,0.0013357332539239146,0.0007594827729388429,0.00018593063968210045
3.1199999999999775,126.93605881586785,0.0008499407716750734,0.001312047851154107,0.0007514920674593217,0.0001822683969374452
3.1299999999999772,126.9820628825822,0.0008547069283430716,0.0012839107836382596,0.0007362343904181844,0.00017800288994266516
3.139999999999977,127.08491471104318,0.0008689221570395562,0.001256740715752473,0.0007156098043504323,0.00017313246652955552
3.149999999999977,127.23509777297065,0.0008916887130134238,0.0012354531803425843,0.0006930597414252158,0.00016877074598499272
3.1599999999999766,127.4116110469622,0.0009206351181367243,0.001231720650060573,0.0006734257004592322,0.00017792318675491082
3.1699999999999764,127.58538631754648,0.00095226076575757,0.0012307726427004699,0.0006979697859765623,0.00018685725107711091
3.179999999999976,127.72314889022641,0.0009822494959297239,0.0012348777321763175,0.0007202080733755286,0.00019552735751791222
3.189999999999976,127.79423258904224,0.0010060306357863845,0.0012460462852121224,0.000743277021546064,0.00020388722803407094
3.1999999999999758,127.77365211291459,0.0010196198898911031,0.0012643784188685976,0.0007655128298385088,0.0002118900050489784
3.2099999999999755,127.64979098523024,0.0010206956595588976,0.001287912774621456,0.0007873543273083425,0.00021948858727904166
3.2199999999999753,127.43159001068739,0.0010085472219534641,0.0013142528717646346,0.0008091161235568379,0.00022663615608590687
3.229999999999975,127.14005981406841,0.0009833261291408162,0.001340967765561666,0.0008308405803549639,0.0002332867584621071
3.239999999999975,126.80693418192176,0.0009458604886886455,0.0013657165950064277,0.0008524365869497963,0.00023939589398915074
3.2499999999999747,126.46305783288791,0.0008977781868197505,0.0013869007930529021,0.0008738011698456373,0.0002449211147764563
3.2599999999999745,126.13716672738234,0.0008412964904060147,0.0014038532316542674,0.0008967387493182204,0.00024982259347106837
3.2699999999999743,125.85120700626999,0.0007818886194836547,0.0014165580736620544,0.0009187100445134489,0.00025406358149032584
3.279999999999974,125.61600498671041,0.0007197542289463086,0.0014251668218976763,0.000939244608143458,0.00025761073213639846
3.289999999999974,125.43200196900571,0.0006535937961754761,0.0014300896231297458,0.000955785716198488,0.0002604343339139265
3.2999999999999736,125.29250747468505,0.0005851461865816691,0.0014318313415335637,0.000966090391978971,0.00026250851808591553
3.3099999999999734,125.18979654162494,0.0005167059597807886,0.0014307015058986695,0.0009685708281029619,0.0002638114764930192
3.319999999999973,125.11691345499766,0.00045078306045616444,0.001427549662137003,0.0009629981859991386,0.00026432565675880255
3.329999999999973,125.06605071731809,0.0004024209195127632,0.0014241808912823296,0.0009526446299329399,0.0002640378492036493
3.3399999999999728,125.02812881254361,0.000451376095823188,0.0014222685925320254,0.0009386587572328068,0.00026293915493607044
3.3499999999999726,124.99459384069246,0.0005013410602953894,0.001422328820513905,0.0009231198269264557,0.00026102494282687305
3.3599999999999723,124.96202297797683,0.0005533128329799257,0.001423834952546249,0.0009170929371889721,0.0002582948767525685
3.369999999999972,124.93289605619606,0.0006078543575134482,0.0014258482976020088,0.0009348394630704636,0.00025475297488037203
3.379999999999972,124.91517586371481,0.0006646668590191041,0.001427492448126937,0.0009689310183924393,0.0002504076345936295
3.3899999999999717,124.91671103408676,0.0007229931996485411,0.0014276060778961005,0.00100043666090256,0.0002452716462752817
3.3999999999999715,124.93568476411826,0.0007827244384887724,0.0014245110334682705,0.0010291171431553736,0.0002393622807108214
3.4099999999999713,124.96103572215505,0.0008442342000292676,0.0014160647554969851,0.0010547452422854451,0.0002327014647503713
3.419999999999971,124.97739414152322,0.000907727965307893,0.0013998214563172456,0.001077107368043232,0.00022531595926395288
3.429999999999971,124.96775230058539,0.0009730325143414815,0.0013743281420155618,0.0010960057566420695,0.000217237430656027
3.4399999999999706,124.91564877996663,0.0010397931346877245,0.0013403683201262237,0.0011112608531973264,0.00020850233741874564
3.4499999999999704,124.80656922173608,0.0011071975645920548,0.0013002640241420004,0.0011227132745658635,0.00019915162277962768
3.45999999999997,124.63296843390606,0.0011732528762502714,0.001256252744561827,0.0011302250256613046,0.000189232887404687
3.46999999999997,124.55665611591482,0.001234792792217456,0.001209781166343963,0.0011336803324640914,0.0001787974562452363
3.47999999999997,124.74368265819011,0.0012883504943716445,0.0011613169549676825,0.0011329866103850152,0.00017568386358920822
3.4899999999999696,124.90949557829231,0.001331135821347636,0.001110133498319748,0.0011280754623909112,0.00017640886133854996
3.4999999999999694,125.0287498355352,0.001361049966292599,0.0010545063991614118,0.001118903250997269,0.0001761070509842575
3.509999999999969,125.09550469498062,0.0013763945913776504,0.0009927377413123364,0.0011054511657317932,0.00017051355661077688
3.519999999999969,125.10949062333819,0.001376764976973579,0.000922334143168473,0.0010877249394196863,0.00017793202522214317
3.5299999999999687,125.07538463809087,0.001363585284944741,0.0008426634278139284,0.0010657541646529316,0.0001860141731294449
3.5399999999999685,125.00770535568832,0.0013391013153958371,0.0007539664048569072,0.0010395914104978595,0.00018564763600804817
3.5499999999999683,124.9190890470411,0.0013056458399901029,0.0006575333678906846,0.0010093120199346798,0.0001775956042510924
3.559999999999968,124.81940077240026,0.0012657445677142424,0.0005545573993794273,0.0009750151785731206,0.00016435206201187148
3.569999999999968,124.71735667707817,0.001222142649897359,0.0004912318536943524,0.0009368255020692456,0.00014949710619339225
3.5799999999999677,124.62432098149374,0.001177715149517033,0.00056474509114935,0.0008948940125458597,0.00014987840811930565
3.5899999999999674,124.55241160820506,0.0011353513783328721,0.0006396983277427916,0.0008493986318519465,0.00015485433199879833
3.5999999999999672,124.51153228191207,0.00109743988333697,0.0007147415610180655,0.0008005451548412902,0.00015729265986274578
3.609999999999967,124.5131298208904,0.001065366476517987,0.00078775117875757,0.0007485690852047937,0.00015584116980554721
3.619999999999967,124.55243268259628,0.001038959279720728,0.0008563774726810838,0.0006937384467734417,0.00015040299459495796
3.6299999999999666,124.61591134985294,0.001016667606379495,0.0009186222891613994,0.0006363585058219427,0.0001623800194037126
3.6399999999999664,124.68635488368939,0.0010003734341932616,0.0009731450244835984,0.0006404474017679388,0.000171820934751751
3.649999999999966,124.74623518104704,0.001011782613881097,0.00101947367540366,0.0006699642418502282,0.0001785257010042884
3.659999999999966,124.77642852171707,0.0010192779513003662,0.0010585288757443251,0.000688676214320928,0.00018270411237280228
3.6699999999999657,124.75441729673585,0.0010196764058586834,0.0010923018450877122,0.0006967499647339374,0.00018488393318497428
3.6799999999999655,124.66059827298547,0.0010100870091089204,0.0011228419573019678,0.0007041215005945397,0.00018561971707572978
3.6899999999999653,124.48644302040258,0.0009889473763968852,0.0011516748328714145,0.000718579082016036,0.00018532373130529932
3.699999999999965,124.579183703177,0.0009555120211441877,0.001178524128977819,0.0007232824321059835,0.00018389929244380112
3.709999999999965,124.82962577670281,0.0009088243172645611,0.0012013163841218478,0.0007135906785902585,0.00018074350124182558
3.7199999999999647,125.1311173515929,0.0008482106090194893,0.001218079383217803,0.0006874105841004272,0.00017529274274345188
3.7299999999999645,125.48047742481137,0.0007749382687779032,0.001278662115126294,0.0006474545854720741,0.00016790938854536523
3.7399999999999642,125.86736571560215,0.000691769772099461,0.001350471922211253,0.0005996581919502027,0.00016106289591407409
3.749999999999964,126.27695931541142,0.0006018617490706451,0.0014147467176931514,0.0006149842282475262,0.00016212073038646862
3.759999999999964,126.68361719326694,0.0005093890877033141,0.0014718097739064705,0.0006572796422380876,0.0001731666937311138
3.7699999999999636,127.05636723057768,0.00041908797512197666,0.001523289614293997,0.000694080908222273,0.00018303427980722033
3.7799999999999634,127.37317886475746,0.0003343534441252596,0.0015719805176602935,0.000719349064584305,0.00019152886569881724
3.789999999999963,127.62215391504351,0.00040032428529126427,0.0016208943517316014,0.0007324853342369668,0.0001984796256793511
3.799999999999963,127.79634370509,0.00046720093188611783,0.0016722252143307967,0.000736427317339085,0.00020374902955352567
3.8099999999999627,127.89616390607046,0.0005274071496414295,0.0017266090345869336,0.0007642517036668047,0.00020723987240570314
3.8199999999999625,127.93372059485597,0.000582529174256341,0.0017831969008541778,0.0008060507731422117,0.00020889844467243893
3.8299999999999623,127.93134538175435,0.0006352401686542625,0.001840463959864751,0.0008338141800166563,0.000208714602363107
3.839999999999962,127.91684665248448,0.0006885992339031628,0.0018966379228259448,0.000844228425313711,0.00020671959110270027
3.849999999999962,127.91857302473186,0.0007451559418592289,0.001949305807133104,0.0008386401167768879,0.00020492460167343134
3.8599999999999617,127.95724188338757,0.0008060608249203953,0.001995890255252149,0.00082230944649131,0.00020968677575501784
3.8699999999999615,128.04057001051453,0.000871017654567669,0.002035450737770027,0.0008037745065505169,0.0002134753846673727
3.8799999999999613,128.16750300925443,0.0009391610376759571,0.0020693531481119714,0.0008303375763674238,0.0002162791170358619
3.889999999999961,128.3358480054775,0.0010097628991669356,0.002100112276808302,0.0008527863586959541,0.00021863848423541734
3.899999999999961,128.54059204115813,0.0010817606880445605,0.0021300739413854454,0.0008711274763971105,0.00022730268907862112
3.9099999999999606,128.76855015364285,0.0011532378610000253,0.0021611020758406487,0.000886374702987525,0.000234851015315303
3.9199999999999604,129.00567572314839,0.0012351540859644697,0.002194929981003178,0.000936397730433641,0.00024122511636870931
3.92999999999996,129.23990223598744,0.0013491610502293105,0.002233421682588511,0.0009864759218171258,0.00024638658340874766
3.93999999999996,129.45297365714313,0.0014514952618242699,0.0022783934901256945,0.001029114707255542,0.00025063057675276925
3.9499999999999598,129.62989208897753,0.0015383950377585631,0.0023303315821852338,0.0010566708676591587,0.0002540204878716403
3.9599999999999596,129.75477741310098,0.0016065569037805967,0.0023872941335570086,0.0010647279236101867,0.0002562895134461066
3.9699999999999593,129.81378003970167,0.0016533702553204565,0.0024452783052087593,0.0010540234520179093,0.0002607193857951201
3.979999999999959,129.8029936846799,0.0016781621041914365,0.0024989221673620055,0.0010574678498177,0.00026903013936407737
3.989999999999959,129.72707506558447,0.0016825225750205408,0.0025431095843767614,0.0010552500979999896,0.00027733167769060667
3.9999999999999587,129.59413511474904,0.00166979362094531,0.0025752349449340984,0.001095479575919111,0.0002855650658290086
4.009999999999959,129.4149151161307,0.0016445260223621441,0.0025950502022961514,0.0011427492812417287,0.00029366815462167513
4.019999999999959,129.19791395265347,0.001611204018583914,0.0026038161928684835,0.001186356471984924,0.00030157633559565523
4.0299999999999585,128.94737186873672,0.0015735804057335388,0.0026047691091678287,0.0012227648973300376,0.00030922313051952267
4.039999999999958,128.67094394349647,0.0015354061027826192,0.002601882590177132,0.0012495740912185944,0.00031654061702656437
4.049999999999958,128.38176496169376,0.0015002900923542018,0.0025982495591971473,0.0012661385458337952,0.00032345977255120477
4.059999999999958,128.09003449203342,0.0014702348238221532,0.0025961508881451717,0.001273643256470657,0.0003299108802017353
4.069999999999958,127.80484616528926,0.0014458284335534168,0.002596758043771733,0.0012746283449705973,0.00033582408230059795
4.079999999999957,127.54017992459961,0.001426995138754298,0.0025990573953861658,0.0012745902338186705,0.00034113013446035483
4.089999999999957,127.31466690472773,0.001412952997524702,0.0026000017425110286,0.0012733281297775774,0.000345761393906409
4.099999999999957,127.14575557450556,0.0014018985090141968,0.002596437959300261,0.0012706362146578348,0.00034965297133315686
4.109999999999957,127.03370076293204,0.0013896858171517572,0.002585479756442779,0.001267803974255072,0.0003527439105680598
4.119999999999957,126.95837395690079,0.0013701980331745963,0.0025640762565886407,0.001265265190633017,0.0003549783364704408
4.129999999999956,126.8917299757931,0.0013375421809418953,0.00253081838650847,0.0012640200287994995,0.0003563065146443599
4.139999999999956,126.802738404812,0.0012869317403828074,0.0024867147584671967,0.001262288590625475,0.00035668566385553915
4.149999999999956,126.75670866042724,0.0012149606172282678,0.002434109852314276,0.001258597578387838,0.0003560804236045635
4.159999999999956,126.71359907501565,0.0011205327264497673,0.0023760274731204397,0.0012522949294662543,0.0003544630425250074
4.1699999999999555,126.57865126348104,0.0010060370682303211,0.002315345339139932,0.0012428840352540144,0.0003518134007959724
4.179999999999955,126.35053839749098,0.0008767442644137933,0.002254023211905865,0.0012302679771893034,0.00034811895334530164
4.189999999999955,126.03771503288107,0.0007391985808541301,0.0021937706578541057,0.001219415027445997,0.00034337462756553824
4.199999999999955,125.66231579160001,0.0007132198342036974,0.002136244861057333,0.0012015243410737225,0.0003375826656674465
4.209999999999955,125.25997575410169,0.0008350964144403865,0.002081972965062983,0.0011761398616526777,0.0003307524606525122
4.2199999999999545,124.96067875530123,0.0009479222481097928,0.0020328913654685896,0.0011477889106029319,0.0003229004749799395
4.229999999999954,125.31034238257485,0.0010496635214528518,0.0019870948117684277,0.0011179634941147077,0.00031405023308323985
4.239999999999954,125.56477310678314,0.0011393998948007876,0.001942324798086174,0.0010843913148562924,0.0003042323165263366
4.249999999999954,125.73170733275055,0.001216915664357981,0.001896108183583695,0.0010595194600937644,0.00029348434029095985
4.259999999999954,125.82591985132892,0.0012828348863432257,0.0018451181723382218,0.0010660067792779978,0.00028185092787674787
4.269999999999953,125.8659451833927,0.0013385689038676962,0.0017862221617987574,0.0010720297997734846,0.00026938366520859735
4.279999999999953,125.8707591718338,0.0013859144204689585,0.0017179454247866078,0.001075140894423832,0.00025614091987677677
4.289999999999953,125.86089943250714,0.0014271446496406494,0.0016405344806856435,0.0010728428723455507,0.00024218739054590358
4.299999999999953,125.85370817710056,0.0014644945320850425,0.0015563649774154135,0.001062838002463773,0.00022759333574239797
4.3099999999999525,125.85437575785875,0.0014989893234696352,0.0014704334270111705,0.0010432226248166534,0.00021243348839206541
4.319999999999952,125.9304851882189,0.0015303084897067701,0.0013881324445240825,0.0010126215523265961,0.00019678573455827564
4.329999999999952,126.00433813625347,0.001557167032647387,0.0013133398772799845,0.0009935947552717457,0.0001807297490908096
4.339999999999952,125.99623204228836,0.0015771837993975378,0.0012479899467336528,0.00101075246569979,0.0001643457679233959
4.349999999999952,125.90093348851914,0.0015877776589064449,0.0011924777212459848,0.0010251424973781137,0.00015546623583246648
4.3599999999999515,125.73749197234355,0.0015875485850565107,0.001146396426370452,0.001036447419204625,0.00017441654209229902
4.369999999999951,125.64711286503143,0.0015762961495908927,0.0011086732020566049,0.0010443920976230244,0.00019311250257957602
4.379999999999951,125.57940383031251,0.0015543321101940506,0.001078469397762583,0.0010487456727344944,0.00020660515581979213
4.389999999999951,125.52569255277928,0.0015228103027938782,0.0010549161956165802,0.0010493241774643131,0.00021104674272786163
4.399999999999951,125.50105659845723,0.0014846154633751578,0.0010362126343091604,0.0010459933087683408,0.00020470287623553914
4.40999999999995,125.52569944580807,0.0014440047841095193,0.0010201443832852169,0.0010386701357066933,0.00018849470553368737
4.41999999999995,125.61463224560309,0.0014054670449211244,0.0010053200698985564,0.001027324279481183,0.00016591967939822227
4.42999999999995,125.76786656779291,0.0013722781328610214,0.0009920234606521795,0.001011979429780955,0.00014799024463618503
4.43999999999995,125.96081479707217,0.001344824771398428,0.000980463763032158,0.0009927143064180739,0.00016022529047659184
4.4499999999999496,126.14643554163385,0.0013203167002275658,0.0009686053590792568,0.0009696619853652028,0.00016815932459957763
4.459999999999949,126.27006616353046,0.0012941871786139054,0.0009520760132208445,0.0009430082901015056,0.00016541638916005614
4.469999999999949,126.28743301487155,0.001261970349659152,0.0009256343106874963,0.000912989935953954,0.00015209914104404878
4.479999999999949,126.17690540219056,0.0012206318167370521,0.0008847992206626968,0.0008798910204517924,0.00015981094904192028
4.489999999999949,125.93765401628852,0.0011841356077647819,0.0008262809745285289,0.0008440363689122158,0.00018727385067304192
4.4999999999999485,125.57681632731433,0.0011486196271083401,0.0007481797317524446,0.0008494291907716659,0.00021003639951327346
4.509999999999948,125.10204961055803,0.001105523872513407,0.0006506526511432944,0.0008721903891866233,0.0002213935663266023
4.519999999999948,124.52976090833461,0.0010563219944650754,0.0005369404685168351,0.000843267629170838,0.00021676384836389617
4.529999999999948,124.58049122590627,0.0010039321195308148,0.0004126848953618819,0.000783182008538944,0.00020285457270336095
4.539999999999948,125.36128856687773,0.0009525057832724512,0.0004922743056207751,0.0007482301265075125,0.00019726628105917472
4.549999999999947,126.12848113824407,0.0009069470175957921,0.0005796386803828628,0.0006807172973024829,0.00018163419101334513
4.559999999999947,126.78363091279068,0.0008720865289668519,0.0006658515731665952,0.0007226650357166548,0.00016482323320213496
4.569999999999947,127.24768639518113,0.0008511774167095633,0.0007517526701049688,0.0007745440481546301,0.00018343297284843557
4.579999999999947,127.48060768156559,0.0008440896325163506,0.0008399317574616173,0.0007958498517088767,0.0002003400516469619
4.589999999999947,127.4896961488553,0.0008466847644354355,0.0009329405613561153,0.0008188949701330248,0.00021526864441048473
4.599999999999946,127.3251803751207,0.0008518536124419606,0.0010317595656865123,0.000852238304959628,0.00022797524577617396
4.609999999999946,127.20765744852498,0.000850097082439271,0.0011361519502146296,0.0008744506498867502,0.00023825444695717274
4.619999999999946,127.1117993042397,0.0008307784180025064,0.0012450854249758895,0.0008881373065725739,0.0002459442749686164
4.629999999999946,127.10134860770037,0.0007842288131040507,0.001356295059733893,0.0009484286562775581,0.0002509309388105547
4.6399999999999455,127.23274415862028,0.0007027743125743123,0.001466821889306587,0.0009943605583495076,0.00025315276532598935
4.649999999999945,127.53419497720832,0.0005985133323228621,0.001573875126942382,0.0010103618039717435,0.0002526030111714891
4.659999999999945,127.99615388674258,0.0007545870933966611,0.0016754262567206357,0.000995950556053082,0.00024933135298832833
4.669999999999945,128.63714629669116,0.0009354998733918845,0.0017705258070427837,0.0009900684766026753,0.000258237909633225
4.679999999999945,129.51295891613185,0.0011321414597858387,0.0018585623815531016,0.001017461093796615,0.00026849665773142175
4.689999999999944,130.36215172074145,0.0013334039996484017,0.001939168017278941,0.0010622274859636133,0.0002748727581184959
4.699999999999944,131.08952547044248,0.0015280272449590977,0.0020361969385394117,0.0011008004751208791,0.0002778238647872972
4.709999999999944,131.5909133796108,0.0017065743516716863,0.002137993887176015,0.0011138709182406997,0.0002864891741224976
4.719999999999944,131.81393240753172,0.001862253312584007,0.002236186039509319,0.001100928890835808,0.000282324340431879
4.729999999999944,131.748036399831,0.0019907684804974075,0.0023296688612658946,0.0010647005609733158,0.00027201954635713903
4.739999999999943,131.42677634793193,0.002089976554190775,0.0024152337494866274,0.0010294821495682568,0.00026488400673458853
4.749999999999943,130.913270311073,0.0021595620377346213,0.002489743092187962,0.0010082398970555036,0.0002541272268410075
4.759999999999943,130.47149927115302,0.002201642601109843,0.002551491396422753,0.0010005215084371163,0.00024312814957282129
4.769999999999943,129.99835496024926,0.0022207285040861274,0.002600406867733312,0.0010761386421216262,0.00024466598024872077
4.7799999999999425,129.48665977494844,0.002222270880279165,0.0026374973576081826,0.0011245725297184465,0.0002758368753241055
4.789999999999942,128.98399617859633,0.0022115452582349244,0.0026644423936258684,0.0011516887907629697,0.00029458798769120526
4.799999999999942,129.17104226318722,0.002192540329807187,0.0026841577688256828,0.0011675309971567857,0.0002995043306754226
4.809999999999942,129.17644910991987,0.002166780160646151,0.0027001455929339087,0.0011933007908126287,0.0003040669805097561
4.819999999999942,128.97674110530866,0.002133702194937253,0.0027153329487923307,0.0012748951677871063,0.0003211013451073102
4.8299999999999415,128.66244728220917,0.0020922134453389973,0.0027314257987129634,0.001337664428489765,0.00033719440627235346
4.839999999999941,128.32481874652598,0.0020415198374715902,0.0027482233967231887,0.0013766546033495237,0.0003521851832829375
4.849999999999941,128.03444689173477,0.0019818920224761206,0.0027634249958747325,0.0013948946931785977,0.00036592559761740496
4.859999999999941,128.1628933146398,0.0020216198757034027,0.002773568053714463,0.0014017038664278095,0.00037827819647629374
4.869999999999941,128.38441218156984,0.002116750108581293,0.002775652082408929,0.0014267573331308253,0.0003891131723025295
4.87999999999994,128.67750315115063,0.002195980734049234,0.002768724039850754,0.001479740444211355,0.0003983069521913251
4.88999999999994,129.0813236609148,0.0022499614487590507,0.0027545227019146303,0.0015296239745945228,0.00040574324817659936
4.89999999999994,129.61997265145735,0.0022704969523541082,0.0027366734655489095,0.001572542928087205,0.0004113163916080336
4.90999999999994,130.12917919827473,0.002250804027762638,0.0027188792414694998,0.0016051795850078935,0.0004149363643486535
4.9199999999999395,130.5262012430828,0.0021871320077212443,0.002703607546774582,0.0016258206696300717,0.00041653450102199476
4.929999999999939,130.80420625820062,0.0020813091722429442,0.002692767317099711,0.0016347327318475553,0.00041606852880314723
4.939999999999939,130.98125322125807,0.001941715225879808,0.0026879472700417403,0.0016338103575459562,0.0004135259092276017
4.949999999999939,130.94448406985424,0.0017816465306374606,0.0026895304507864276,0.0016258106161103289,0.0004089249881204606
4.959999999999939,130.67350655417206,0.0016167364017252567,0.0026972805843448427,0.001613515351533923,0.0004023144341864038
4.9699999999999385,130.1750506785398,0.0014628070859100761,0.0027108502572650507,0.0015990022059665003,0.0003937722889247073
4.979999999999938,129.4806702958595,0.0013332554578433626,0.002728954508809831,0.0015830282116558259,0.0003835365271709842
4.989999999999938,128.6401573780404,0.001236599893155402,0.002750169576354111,0.0015644775809637553,0.00037216922713339103
4.999999999999938,127.72241696963039,0.0011766114661474598,0.002774989774278182,0.001539993919155236,0.0003593493393432681
5.009999999999938,126.80301195133505,0.0011522802593996505,0.0028049266354927553,0.0015041577402023693,0.0003452592288064974
5.019999999999937,126.33053425647391,0.0011582960476552034,0.0028404706757814233,0.0014505556011595417,0.0003301008556045858
5.029999999999937,126.7041253494928,0.0011866702565314835,0.0028813223943264204,0.0015269619014339608,0.0003140948292548701
5.039999999999937,126.82376058972476,0.0012259928967191455,0.00292715535330541,0.0016532552481492763,0.00031792402689876227
5.049999999999937,126.68162099663327,0.0012614531737282018,0.0029766366511481427,0.0017627884506238559,0.00032851750729877424
5.0599999999999365,126.32815244985792,0.0012779272404657394,0.003026642268135732,0.0018466898421539784,0.0003386898214399767
5.069999999999936,125.86038739735541,0.001269685688870409,0.003073318732252866,0.0018989631359910373,0.0003483141697329614
5.079999999999936,126.43706435662476,0.0012274747658081021,0.003119310200392081,0.001916988060400552,0.00035726595093891903
5.089999999999936,127.10026845568373,0.0011394794955092646,0.003155040463303756,0.0019015079727959013,0.00036542487325133067
5.099999999999936,127.67688867709548,0.0010858915226451965,0.003177342491323365,0.001856181445180428,0.00037267693764187344
5.1099999999999355,128.1601185317312,0.001193588017895711,0.003185910627472881,0.001786832019673646,0.00037891617871345216
5.119999999999935,128.57545150634076,0.001323083664476861,0.003182636833137433,0.0017005587797305512,0.0003840461027512095
5.129999999999935,128.96525213993127,0.0014757806089196047,0.0031718643339525613,0.0016048655120674887,0.0003879807546220176
5.139999999999935,129.38793936236735,0.0016505980454066536,0.003158947666042283,0.0016072870701502211,0.0003906453776068657
5.149999999999935,129.86904355903133,0.0018459327043859133,0.0031481900603068463,0.0016047822883329523,0.0003919767983381041
5.159999999999934,130.42637516223652,0.0020604394550804528,0.003142744464254491,0.0016467648815005412,0.00041533412473382055
5.169999999999934,131.06227511282947,0.0022916069012720343,0.003145422204760748,0.0016854998211578026,0.00041692914153459233
5.179999999999934,131.746325050761,0.002534962688702806,0.003157477837840793,0.001720237516847489,0.0003979901919977756
5.189999999999934,132.41959011643024,0.0027843754385005162,0.003176505767706681,0.0017502583803511178,0.0003831334150562339
5.199999999999934,133.01090596674123,0.003033248588428729,0.0031974343103332954,0.0017748870945286002,0.00038434171309344563
5.209999999999933,133.45388359280716,0.003275361108195563,0.0032154379771054398,0.0017935063965287537,0.00039220839227068464
5.219999999999933,133.69210433414358,0.0035040711359419223,0.003228052336422819,0.0018055704123557097,0.00039731535178928864
5.229999999999933,133.69436147121098,0.003713046435622732,0.003235343289046199,0.0018106170096302409,0.00040061129752311334
5.239999999999933,133.4663789289514,0.0038972283359884207,0.0032380243029632954,0.00180827861862115,0.00040151512480474414
5.2499999999999325,133.02891069121077,0.004050546735768203,0.0032371898165076806,0.001798291381512858,0.00042139906958349265
5.259999999999932,132.40680369597138,0.004165960533243231,0.0032345155243468414,0.0017805029235153026,0.0004453550513334421
5.269999999999932,131.642772434431,0.004238783372705576,0.003230320477539188,0.0017866533384169336,0.00045599118488592454
5.279999999999932,131.90062008568992,0.0042671415692044105,0.0032237204536997572,0.001860924350495782,0.0004547522856665739
5.289999999999932,132.52570608491942,0.004251747467392066,0.0032147577646907473,0.0019071011490188361,0.0004488683155549458
5.299999999999931,133.19708514273313,0.004198066960944274,0.0032046418561391113,0.0019044846539555194,0.0004440900786411546
5.309999999999931,133.78520753864203,0.00411657080148111,0.003194705095599733,0.001848506512327753,0.0004602844634540361
5.319999999999931,134.1453103084081,0.004019803840009773,0.003185648625871963,0.0017949067213075705,0.00046648017868070046
5.329999999999931,134.14955228292047,0.003919263232925954,0.0031783320956346507,0.001804567762220472,0.00047679473578318064
5.339999999999931,133.71570934191578,0.0038229342325822326,0.0031736911315260797,0.0017995351258992792,0.00048339527505077444
5.34999999999993,132.82522075485966,0.0038813800037456785,0.0031706752938815384,0.0017257523620210072,0.0004670507429299294
5.35999999999993,131.52910830972448,0.003977447640603362,0.003165804329632445,0.001569577984309611,0.0004266908603653614
5.36999999999993,129.94106370828595,0.004054929430412902,0.003153700052750872,0.0015447747084196078,0.0003654200864056063
5.37999999999993,130.65454653186202,0.004099444398194123,0.0031284925160029687,0.001630348108057217,0.00038156626702044104
5.3899999999999295,131.2979547593122,0.004095986483662637,0.00308606034634274,0.001821631288365203,0.0003999587378203756
5.399999999999929,131.73821705208312,0.0040320220475537375,0.003024357961393407,0.002005541350100553,0.0004174755742969882
5.409999999999929,132.28673149033585,0.003901015441748047,0.0029426789816673236,0.002143973035926212,0.000447088183595012
5.419999999999929,132.42124999199888,0.0037387128519817377,0.0028418464814534135,0.00221752425002428,0.000463556751033876
5.429999999999929,132.12517469020057,0.0035195498204404507,0.0027251233572061283,0.0023664980900462524,0.0005072830340337877
5.4399999999999284,131.44200931522926,0.0032547206902453457,0.0025980094947104905,0.0024773003879895975,0.0005392189032215166
5.449999999999928,130.46455597488426,0.0029647869530527457,0.0024670857157974534,0.0025272789011732363,0.0005503869112478102
5.459999999999928,129.3119300488703,0.002673126453051737,0.002339307904720266,0.0025103220331254062,0.0005386597713418988
5.469999999999928,128.2296859248425,0.00240255875247555,0.0022219145704569635,0.0024311515491577877,0.0005049806632185687
5.479999999999928,127.15084188839448,0.0021733918615244314,0.0021216157986995994,0.0023041980447020393,0.0004950805534359393
5.489999999999927,125.98404646291748,0.002001988287519027,0.002042763532059813,0.0021535359514302456,0.000493406120779744
5.499999999999927,124.80567966931787,0.001897242189679916,0.001986865155170957,0.0020023279410589195,0.0004887115102146106
5.509999999999927,125.26076692059615,0.0018586695266449398,0.0019526009618114392,0.0018650013285438128,0.00048099646482582066
5.519999999999927,125.97442216968538,0.0018778535818334235,0.001935427752681201,0.0020199970369169993,0.0004703203405050879
5.5299999999999265,126.54163162330391,0.001939774236845106,0.0019271992638961212,0.0022010380940105365,0.000456795512222349
5.539999999999926,126.95427184356211,0.0020244746455953737,0.0019169426736260955,0.0023632320550228533,0.0004405751195116198
5.549999999999926,127.21596808792279,0.0021087081781747037,0.001894842795161369,0.002488648683534462,0.000421837095440984
5.559999999999926,127.36070166304465,0.0021663150020109056,0.0018553827181146518,0.0025609710181991887,0.00040076947039494574
5.569999999999926,127.45316495097501,0.002170516216564878,0.001797064740599718,0.002598550928363185,0.0004374453478043693
5.5799999999999255,127.64996718594077,0.002098549230597744,0.0017214165410209085,0.0025861537690264366,0.00045976888700034036
5.589999999999925,128.13045518049506,0.0019359321756112007,0.001632231202850361,0.0024992754270117667,0.00045726326007083934
5.599999999999925,128.70192917940523,0.001678814533074254,0.0015447101284311374,0.0023398478595528702,0.0004145777095198998
5.609999999999925,129.35465989901004,0.0013347058945977304,0.0015257088616933408,0.002117645678194046,0.00033592459273115553
5.619999999999925,130.07477350733382,0.001249316970088231,0.0015118642936983978,0.001849535983394395,0.00025865500353931516
5.629999999999924,130.8521625329253,0.0014284882866793113,0.0015094463878534002,0.0016222801220035865,0.0002436884888661079
5.639999999999924,131.68116091138546,0.0016308348641870384,0.001524168677659693,0.0016533383251084721,0.00022674347895135216
5.649999999999924,132.54696061339845,0.0018517780073849985,0.0015593234644244278,0.0016897984188136638,0.00022855352821454192
5.659999999999924,133.4137179362416,0.002084151165076407,0.0016134996041225745,0.00166728523578889,0.0002994761732322792
5.6699999999999235,134.2683899048018,0.00231874954474847,0.0016805593187161675,0.0015704462112660887,0.0003406563416183805
5.679999999999923,135.11287724934957,0.0025465254522263566,0.001752271229085728,0.001402280561353878,0.0003602755959769846
5.689999999999923,135.75927925270946,0.002760551151757304,0.00182016627100459,0.0013771928237224676,0.00034511112997845974
5.699999999999923,136.17456739912043,0.002954704958862507,0.001875732755165253,0.0012832121815624332,0.00036205831959041274
5.709999999999923,136.32891948766354,0.0031225717386229117,0.0019105347707451918,0.001380416742791774,0.00038793268848878114
5.7199999999999225,136.21879116922412,0.003260616087310902,0.0019168300027820632,0.0014306829739965492,0.00039978361035702297
5.729999999999922,135.8851059326998,0.003370508813767138,0.0018895261924331427,0.0014679553260476535,0.0003959538684920271
5.739999999999922,135.40231341758295,0.003457827101292566,0.0018270367736268592,0.0016695530951003495,0.00040341066839150706
5.749999999999922,134.85585043772602,0.003529913515252673,0.0017296832640487326,0.0018207689995539565,0.00045278942635319444
5.759999999999922,134.31103609235925,0.003592791863139602,0.001599589137932144,0.0019123613215502482,0.0004822522506541825
5.769999999999921,133.78786560981283,0.00364803375363233,0.0014420169572651382,0.0019438269046721038,0.0005110197187058844
5.779999999999921,133.26683938829905,0.0037160247319393616,0.001265668820597522,0.0019880234579848504,0.0005434907624627368
5.789999999999921,133.08600333839345,0.003991650508525161,0.0010819335384607684,0.002043263414800226,0.0005572416329314721
5.799999999999921,133.8566095984073,0.004263198367342838,0.0009026904982069951,0.002081834759441534,0.0005664907054805661
5.809999999999921,134.4888633714595,0.004512254474505778,0.0007380040482180083,0.0020680996960210155,0.0005610367916627212
5.81999999999992,134.79150820799427,0.004722948481966536,0.0005946807199982127,0.00197761276830995,0.0005333021519355561
5.82999999999992,134.63069893743693,0.004882745143610405,0.00047558910413849324,0.001822797110235323,0.00048614970919424875
5.83999999999992,133.92483126182654,0.004983214038788092,0.00037967338539396985,0.0016316362672021076,0.00046041247865196544
5.84999999999992,132.6760217827148,0.005019286884519301,0.00030218066465873526,0.0017832394310714965,0.0004963126066563024
5.8599999999999195,131.52501536065267,0.004989021227950342,0.00023542839977258758,0.0018911661553769007,0.0005070599650731626
5.869999999999919,131.5831837493519,0.00489402845436045,0.00023462472726688022,0.001957172559211468,0.0004920602476477168
5.879999999999919,131.57951835987402,0.0047370453419938955,0.00029676543790884395,0.00198679728710682,0.00045288513225571754
5.889999999999919,131.40847850820572,0.00452007662922157,0.00036312346185078496,0.0020188434823468484,0.0004222817377385615
5.899999999999919,130.9910845478552,0.00424897346208122,0.00043727016731681163,0.0022229023155105683,0.00040869985260363976
5.909999999999918,130.29623470400244,0.003958811223944372,0.0005226325662906312,0.002415749751999063,0.00038264442062670086
5.919999999999918,129.3529620960923,0.0036245365167481398,0.0006203901209532473,0.0025860885141442704,0.00039630678663521787
5.929999999999918,128.5940861729029,0.003253443987730462,0.0007284288789406639,0.0027224559679984877,0.0004464186076859687
5.939999999999918,127.84319982321294,0.0028555144681265913,0.0008402117449237496,0.002816200463422608,0.00048336592840600483
5.949999999999918,126.86538923107975,0.002441455683403198,0.0009459027087313251,0.002886491624148677,0.0005085744062284246
5.959999999999917,125.68071253209321,0.0020219643226087485,0.001036894010712228,0.002916462947932446,0.0005244407492323445
5.969999999999917,127.4680569661885,0.0016080324467157166,0.0011082036577475325,0.002904291875734994,0.0005048224182671042
5.979999999999917,129.19782525725557,0.0017798401329001733,0.0011567804742878829,0.002850749761503775,0.0004470857311070776
5.989999999999917,130.76385400784207,0.0023619034768364855,0.001181915998559663,0.002898672913679085,0.00035365430059257856
5.9999999999999165,132.07246346967992,0.0029108175237751027,0.0011860094003434381,0.0031283532052432815,0.0003854414580689413
6.009999999999916,133.07017591200656,0.003411283822230813,0.0011725916908205585,0.0033595869680224533,0.00044338810620393065
6.019999999999916,133.7457137029949,0.0038540771912144722,0.0011821906474414289,0.0035772820289420677,0.0004783613212827094
6.029999999999916,134.2399494532111,0.004254629980489427,0.0012207200284333852,0.0037653736564743578,0.0004887779414467741
6.039999999999916,134.48110966130855,0.004603381076151503,0.0012650557543346396,0.003908080759743502,0.0005354152343148685
6.0499999999999154,134.49204443168506,0.004886211263809692,0.0013209724354092092,0.003991276040240538,0.0005572092200910326
6.059999999999915,134.29725836409486,0.005105791426340305,0.0013946499281150926,0.0040038389655563,0.0005447955674090729
6.069999999999915,133.91874886219705,0.0052681440997091235,0.0014890592364312902,0.003938826613373915,0.0005428260708430128
6.079999999999915,134.2786008365671,0.005383077825100854,0.0016027622575999854,0.003794309021748272,0.0006456079576676146
6.089999999999915,135.3062295462611,0.005464346107155868,0.0017311051987120968,0.0035737735422855265,0.0007224050817485171
6.099999999999914,135.77385864825408,0.005527840760769452,0.0018664612822541869,0.003286075498224465,0.00076408556876454
6.109999999999914,135.93047031140398,0.005586751947982849,0.00200050995477423,0.002944956475999177,0.0007942109204470533
6.119999999999914,135.92605566788765,0.0056482020583185875,0.0021278793519182793,0.0029329963972848077,0.0007921051501105365
6.129999999999914,136.16740693623956,0.005714503675885895,0.002245295159698459,0.0028061338989676197,0.0007518605216571152
6.1399999999999135,135.9840481910292,0.005784333281367297,0.002349065108718041,0.0026104281211978032,0.0006835147987861402
6.149999999999913,136.3701457438778,0.005852958089321725,0.002436463792535518,0.0023601947820825423,0.0005970436419457958
6.159999999999913,136.2967811367319,0.00591687797932962,0.002507997705479011,0.002300282338831852,0.0006377811495091257
6.169999999999913,137.02237114329185,0.005957077013336241,0.0025707117767508297,0.0023862082674330786,0.0006610872079580836
6.179999999999913,138.26687182634979,0.005957071601025134,0.0026294920482022957,0.0024259082380516544,0.0006718620167656012
6.1899999999999125,139.22492361621448,0.005906713678711938,0.002680942510180613,0.0023091434179025217,0.0006374151624871118
6.199999999999912,139.76404949054498,0.005806268049026249,0.0027291932883933105,0.0021586795523849778,0.0005937868129301174
6.209999999999912,139.80302563507254,0.005643038332034643,0.0027791388830325893,0.0020458336311237222,0.0005625679863717965
6.219999999999912,139.49832200791562,0.005413617043135382,0.0028342595040689836,0.002193467562759151,0.0005876995633900854
6.229999999999912,138.78445934290082,0.005119196913982617,0.002895834688857533,0.0023310387337595363,0.0006214699954769316
6.239999999999911,137.50925191667744,0.00476730923058441,0.0029652528499907226,0.0024223221455447913,0.0006409165139999559
6.249999999999911,135.7718828241793,0.004371657540214081,0.0030449677183198203,0.0024907304060481435,0.0006542828315481085
6.259999999999911,133.68314410634892,0.0041107050024770265,0.0031395245094300883,0.0025356467697488626,0.0006583218391319756
6.269999999999911,131.99377697444325,0.003995924228728035,0.003254884633233808,0.002543159374714271,0.0006492875492298982
6.2799999999999105,132.39988006608246,0.00395694488224741,0.003393407455774524,0.0025127584350925717,0.0006268715615041858
6.28999999999991,132.14537056271993,0.003984874741364665,0.003552087728269387,0.0024469557932904535,0.0005914275171034327
6.29999999999991,131.24833847136765,0.004058055070815024,0.0037251083480195264,0.002352471628138205,0.000545447040490543
6.30999999999991,129.997087465237,0.0041484270373429,0.0039048928163706543,0.002557452379073088,0.0005062724600469406
6.31999999999991,129.44812064970654,0.004225057245722768,0.004082050609978192,0.0029570021750321873,0.0004610434885366626
6.3299999999999095,129.07477844974898,0.0042574710128795564,0.004247855298789314,0.0032816292265281967,0.00046648157738126713
6.339999999999909,128.32926165804713,0.004221211188377459,0.004396983959357691,0.0035107782655238434,0.0004878682012935867
6.349999999999909,128.82535107806393,0.0041614535976219275,0.004526233071495169,0.0036334483622206116,0.0005624461053629754
6.359999999999909,129.1561532075391,0.00402679396184458,0.004632654315771895,0.0037398067449600563,0.0006062020990986218
6.369999999999909,129.37996483355334,0.0037867080632864136,0.004714134279450479,0.003745224413541228,0.0005986023969651598
6.379999999999908,129.5662069885874,0.0034473167978339558,0.004770159057278046,0.003645729069374867,0.0005410933260557827
6.389999999999908,129.78480833089057,0.0030240761366625746,0.004802543104176921,0.003465320640706455,0.0005301634137089406
6.399999999999908,130.10879502323277,0.002538813723989247,0.004814534891686562,0.0033825626288634353,0.0005367955903944713
6.409999999999908,131.73811870298533,0.002017174916587083,0.004810051667967058,0.0036466421110635315,0.0005421886680434821
6.419999999999908,132.96763242654202,0.00168555653129237,0.004793984240060973,0.0038202076414889747,0.0005462844711555552
6.429999999999907,133.72444400591166,0.0020824796073031795,0.004771733270366487,0.003966396774074585,0.0005490253182984001
6.439999999999907,134.01827613257126,0.002515560942662003,0.004749667187902672,0.004039858511610693,0.0005503641774508933
6.449999999999907,134.42802945733632,0.0029776238246681606,0.0047345803831034166,0.003988539664718649,0.0005502743390924316
6.459999999999907,135.77178196527677,0.0034561122431394013,0.004730737193716495,0.00382075076582298,0.0005487557628234454
6.4699999999999065,137.12876397039483,0.003932488261708116,0.004738798782103674,0.0035556150366951524,0.0005458383759236555
6.479999999999906,138.3996154961541,0.004384112001849448,0.004757680796375532,0.0032199599616105612,0.0005415842140611956
6.489999999999906,139.47870572052057,0.0047878601562862735,0.004785845709410554,0.003294184411249228,0.0005360883960057714
6.499999999999906,140.28478037691787,0.005124967044453768,0.004820959563945157,0.00353704175294606,0.0005808072973775957
6.509999999999906,140.7326687228852,0.005384210481857004,0.004859846085518712,0.0037772019435692522,0.000642783416507595
6.519999999999905,140.79245200207524,0.005561128764961914,0.00489917886004172,0.003962255622891835,0.0006793563591062525
6.529999999999905,140.45634235451283,0.005655602016562938,0.004936530253554965,0.004068617302456666,0.0006896369370780736
6.539999999999905,139.7337531336747,0.005670694990258065,0.0049703445827411945,0.004079074000667597,0.0006877685649884372
6.549999999999905,138.65712945157335,0.005612763970606842,0.004998645540799367,0.0039837640129628885,0.000670140018426922
6.559999999999905,137.28468545709538,0.005491217479612828,0.0050191882930669795,0.00378044978049931,0.0006326018525227583
6.569999999999904,136.74502994723315,0.0053512286069173146,0.005030236172014795,0.0034741834892945056,0.0005796173942298062
6.579999999999904,137.01341594649227,0.0051626960915401735,0.005030708852808825,0.0030765263281234386,0.0005502183967016235
6.589999999999904,137.09521141099023,0.004933261535676133,0.005021126155857555,0.0027113517915505507,0.0006109264494883052
6.599999999999904,136.99015528578286,0.004672744564973499,0.005003995700811274,0.0028842592656868875,0.0006636926961751737
6.6099999999999035,136.69578356100402,0.004389089072073635,0.004982304974915996,0.002993551828874479,0.0006941214556478852
6.619999999999903,136.2038860639111,0.004087485359038191,0.004957802267801929,0.003015559799978738,0.0006944263676594945
6.629999999999903,135.4949314537517,0.003953442736148208,0.004932048890313342,0.002937994965826013,0.0006595872014807173
6.639999999999903,134.5355845261594,0.004080249343159741,0.004908900893603483,0.0027657811996948944,0.0005934087291039039
6.649999999999903,133.28771277221873,0.004111330880369633,0.004892768792384295,0.0026294075065459474,0.0005814384697114298
6.659999999999902,131.7405062365714,0.004035309552154885,0.004884851815791323,0.002466006773284954,0.0005795391588565571
6.669999999999902,130.5319182212908,0.0038514048262790726,0.0048843555898988806,0.002281175403924154,0.0005440813428596544
6.679999999999902,130.62720535028825,0.003571820030271944,0.00489247984086094,0.0021285952187166278,0.000548098253446287
6.689999999999902,130.60122496072825,0.0032195226229918984,0.004912282880719298,0.002032541975960356,0.0005618340272203614
6.699999999999902,130.45537437617722,0.0028249658592491207,0.004946501235296454,0.0020775316276609316,0.0005719068244668183
6.709999999999901,130.25069030968922,0.002420606649657644,0.00499586265406706,0.002432868464925281,0.0005781966689959806
6.719999999999901,130.0248772073258,0.002036223607188639,0.0050574305122495725,0.002836274636030407,0.0005806433302890043
6.729999999999901,129.52620738819883,0.0016980041813602234,0.0051263217890135625,0.0031498349888154638,0.0005792468901053525
6.739999999999901,128.75802745777602,0.0014260619422078657,0.005196938970729028,0.003358977401960907,0.0005740675746536704
6.7499999999999005,129.32182208166842,0.0013085951702598454,0.00526159916701171,0.0034582087201752492,0.0005652252753753163
6.7599999999999,130.22297611792487,0.0018026987294543291,0.005312737391726504,0.003479239856413491,0.0005549020259656963
6.7699999999999,130.84079548212654,0.0022892758162276878,0.005347041992547519,0.0035291283851245406,0.000560691286645495
6.7799999999999,131.20650067231796,0.002756349156782614,0.005365591148780117,0.0036439339642934587,0.0005608060329233211
6.7899999999999,131.36089722102517,0.0031911103198307197,0.005371495483420325,0.004161699834989073,0.0005561889336623399
6.7999999999998995,131.3506489858315,0.00358127703461852,0.005370056229811765,0.004659640249126756,0.0006135481582567344
6.809999999999899,131.23012913360725,0.003916093860772911,0.00536868115995447,0.005100455240114544,0.0006722777854557049
6.819999999999899,131.5267562245753,0.004187105656571703,0.005373033361111743,0.005449448890751138,0.0007047446626708932
6.829999999999899,133.0846494495593,0.004394663683822238,0.005384739599357598,0.005678264135562913,0.0007085719974296661
6.839999999999899,134.28303247809487,0.004576631289155982,0.005402667540178916,0.005768165539287354,0.0006857750045186118
6.849999999999898,135.08156517182965,0.00468530312740316,0.0054250759723015775,0.0058289431900030225,0.0006590888833339129
6.859999999999898,135.45690563517732,0.004719385461675247,0.005452413175785516,0.005804013904780263,0.0006033457254838825
6.869999999999898,135.41205969992072,0.004681429358287477,0.0054855855227201,0.005630227280839032,0.0005579035306073426
6.879999999999898,135.00021240753875,0.004579843593994299,0.005515036773880838,0.005325386897794176,0.0005739277907409394
6.8899999999998975,134.3190567517869,0.004428165097927845,0.005545128061358427,0.004919421226954365,0.0005897828866580407
6.899999999999897,134.0589731499991,0.0042440171722338115,0.005583350653320217,0.004451129155902622,0.0006053239831941622
6.909999999999897,134.82512773758825,0.004049845015907612,0.005626576905169801,0.004332455369522788,0.0006204211258053619
6.919999999999897,135.82875142974353,0.0038688526224830142,0.005675983286415818,0.0045020557385771,0.0006349541712127173
6.929999999999897,136.47124269063434,0.003719096597020368,0.005732758272917987,0.004572547141207025,0.0006489333575939585
6.9399999999998965,136.7439896505341,0.003611398059317837,0.00579739918673225,0.004638553913750645,0.0006619205900669582
6.949999999999896,136.67066595601784,0.0035497118484824172,0.005869403070607,0.004559406979669619,0.0006741951237550852
6.959999999999896,136.30082857511323,0.003587284430434249,0.005945909834236886,0.004334946454431189,0.0006855865149353275
6.969999999999896,135.69886885816706,0.003668248472166535,0.006020979521260764,0.003978881639837968,0.0006960533088919223
6.979999999999896,135.52721484965562,0.003764021251313596,0.006087659164803663,0.003516986915328873,0.0007055616502077771
6.989999999999895,136.51787524482734,0.0038600368863890944,0.006139991769318216,0.0029839657483365775,0.0007140789427525111
6.999999999999895,137.35292254899122,0.003944341442948082,0.006173954370082141,0.0030355460734046856,0.0007215665232638164
7.009999999999895,137.9883151901968,0.00400708989114888,0.006187643349273555,0.003072225179138786,0.0007279877433858056
7.019999999999895,138.382761963342,0.004040620375310262,0.006181730833236697,0.0031421113221314343,0.0007332840822706126
7.0299999999998946,138.47211445892108,0.004042033025660649,0.006161305352359383,0.0031407216042494777,0.0007373636055231809
7.039999999999894,138.2463558760664,0.004072908433671112,0.006133506558779879,0.003036694123639444,0.0007401428827855305
7.049999999999894,137.7222302913659,0.004118994483339328,0.0061026713394296064,0.003048730259235675,0.0007415435444837344
7.059999999999894,136.91776560044656,0.004149273883629635,0.006070163758498052,0.0030599220760701433,0.0007414982625309793
7.069999999999894,135.84190225500438,0.004160433128487051,0.006033904666024081,0.0030957303220692164,0.000739953676529505
7.0799999999998935,134.93168160469313,0.004148871494984659,0.005988217483332817,0.003071897631975052,0.0007368697739182728
7.089999999999893,134.10470014011483,0.004113504974164941,0.005927416752453842,0.002997574285127799,0.0007322149284689252
7.099999999999893,133.5891749356099,0.004055285067299631,0.005847475118608251,0.002892969871327686,0.0007259584677935046
7.109999999999893,132.93967215093133,0.004488623698320672,0.00574578733474965,0.002797836980831145,0.0007180643120905931
7.119999999999893,134.8432305678526,0.0048953811861699335,0.0056223570345291,0.002875476915193563,0.0007084882926332391
7.129999999999892,136.4482033175064,0.005225999940479515,0.005481761274205103,0.0029184862084130478,0.0006971800559817389
7.139999999999892,137.14139918616837,0.005462735197402929,0.0053325413163176575,0.002887708287048815,0.0006840889901322259
7.149999999999892,136.83717742054915,0.005595962481103575,0.005184421047659695,0.0028147166445159828,0.0006691730044163293
7.159999999999892,135.58134371752507,0.005626501313672444,0.005046103277130041,0.0028406386908413554,0.0006524093439965916
7.169999999999892,133.53688343376163,0.0055655037629424664,0.0049235535849318085,0.0030038378703721746,0.0006338062172970167
7.179999999999891,133.49716317938697,0.005434250519158343,0.004818770763848381,0.0031535195457816074,0.0006758843630148379
7.189999999999891,134.09373663721465,0.005293493402765128,0.0047296254221386134,0.0032452215395388125,0.0007296807893674821
7.199999999999891,134.248164369318,0.005120596207197747,0.0046507665687952155,0.0032449348461163685,0.0007487997259005263
7.209999999999891,133.89698045589725,0.00493644281965624,0.004575149692292092,0.003587148093776876,0.0007302929032758159
7.2199999999998905,133.06750971881212,0.004756770196166258,0.004496627174775265,0.004057370181981631,0.0007184694899929692
7.22999999999989,131.87277454920135,0.0045913527361514765,0.004411708919028261,0.004446738055980635,0.0007181828383753214
7.23999999999989,130.4910291038543,0.004452158138586165,0.004319833275642709,0.004722155385098523,0.0007333674875799846
7.24999999999989,129.1278190045531,0.004378043718706212,0.004224911840047961,0.004859606782221197,0.0007152288458514511
7.25999999999989,129.03752640481838,0.004321161816026644,0.0041333976744978365,0.004848701078977425,0.0006612320056551006
7.269999999999889,130.8674604649241,0.004265364623731303,0.004048743862962356,0.0048673259417067035,0.0005816414234940893
7.279999999999889,132.28629573368377,0.004191039896155028,0.003970632759000395,0.004816036934234421,0.000550562625833065
7.289999999999889,133.21449398434143,0.0040759080809053124,0.003896415415882951,0.004730240392413529,0.0005618049587848438
7.299999999999889,133.65752240814723,0.003895445435863511,0.0038209847764661847,0.005147584230112143,0.0005713819875481977
7.309999999999889,133.71392352766924,0.0036252584656855046,0.003737720483354229,0.005487041225911296,0.0005951590650327997
7.319999999999888,134.1974619540665,0.003270261371797776,0.003640840878400024,0.005713760238265551,0.000593762583342306
7.329999999999888,135.35989955318166,0.0032900479130781963,0.003526403846479493,0.0058034614315556005,0.0005886661660793127
7.339999999999888,136.31413611864184,0.00384632586558782,0.0033921175042324605,0.0058148124041965,0.0005902084367962032
7.349999999999888,137.0400746320547,0.004357581778633482,0.0032374786937944254,0.00585916786790016,0.0006086044587119045
7.3599999999998875,137.52098337251806,0.004812274550702753,0.0030621498103648313,0.005771291598674953,0.0006847839405422841
7.369999999999887,137.7667402763297,0.005263988822398513,0.002865755449768628,0.0055566739037136974,0.0007810496455496846
7.379999999999887,137.81085118027858,0.005674974737373387,0.0026506601876237815,0.00523246240762413,0.0008397191503648256
7.389999999999887,138.3940146068979,0.005997994817638925,0.002421239948057222,0.004825338697043634,0.0008598164285964448
7.399999999999887,139.88102764872727,0.00622981440771074,0.002181967876302356,0.004368217636666944,0.0008433715050736669
7.4099999999998865,141.1880118080428,0.0063712983434289945,0.0019374515139248076,0.0038962324825372223,0.0007949263858892488
7.419999999999886,142.1983442483827,0.006427503084895539,0.0016902136749041405,0.0034425549903137212,0.0007209135500110755
7.429999999999886,142.8507732687457,0.0064076614344012114,0.001440037136396666,0.0032316497731417412,0.0006852596761049651
7.439999999999886,143.14668594276614,0.00632369972192282,0.0011859277155695973,0.0031708766891219765,0.0006858821485738734
7.449999999999886,143.13558647979139,0.006189917147905417,0.0009259436210329993,0.003033973805006415,0.0007491510834358842
7.459999999999885,142.88486112760899,0.006030275447708424,0.0006994840390035446,0.003184366586799538,0.0008122020107933355
7.469999999999885,143.55395474215587,0.005936483981765762,0.0009915358404792927,0.003291582649616613,0.000859206031685223
7.479999999999885,143.8194816926688,0.005845927663955059,0.0012878495213793026,0.0033415068687209634,0.000886916158439294
7.489999999999885,143.1121256154624,0.005768588985526055,0.0015805801006785812,0.0033187891401488083,0.0008916645541952561
7.4999999999998845,141.59185619560108,0.0057071756039875346,0.0018630312162061702,0.0032082179168914675,0.0008696969199125102
7.509999999999884,139.4598113551542,0.005656800179246373,0.002132191200639231,0.002997919384870562,0.0008180397318494895
7.519999999999884,138.78432790296745,0.005606594610735106,0.002387741944333554,0.0026835087925120727,0.000735783426459434
7.529999999999884,140.37411322519807,0.00554353005873133,0.0026283838862874317,0.002780033721210056,0.0007320414366632491
7.539999999999884,141.8319968703526,0.005455515929119755,0.002851184112473974,0.0029445683708352734,0.0007669934287126761
7.5499999999998835,142.98763881784635,0.00549089769764578,0.003054411639267416,0.003032041549217132,0.0007773593605502638
7.559999999999883,143.6879685629989,0.005873408090946713,0.0032389482312743883,0.0030446469535454737,0.0007630406988819056
7.569999999999883,143.82227512355405,0.006219852505577223,0.0034071682188016625,0.003032097062528325,0.0007385027956452639
7.579999999999883,143.59403483225805,0.0065073435552326885,0.0035631896523164353,0.003088003910891715,0.0007373631338783135
7.589999999999883,142.98964280755416,0.006718798688906753,0.003712951493755556,0.0030973921438565352,0.0007207062938625509
7.599999999999882,141.79774297060925,0.006845692286347071,0.003862239985915242,0.003083106053905454,0.0007140090307976142
7.609999999999882,140.10353555557856,0.006888962773814498,0.004014722084723435,0.0035146794945561033,0.0007337304960531274
7.619999999999882,138.14507392212263,0.006857111816585676,0.004171025671552666,0.003908588681317691,0.0007228987514191204
7.629999999999882,136.05679031140775,0.006764622852803738,0.004328051099362449,0.00423653662158104,0.0006815131094937642
7.6399999999998816,133.65050912167172,0.006629981828778904,0.004479564304131255,0.004498795254134215,0.0006229952573882656
7.649999999999881,133.15958249304867,0.006472280647843713,0.004620524915162309,0.004700316577416995,0.0006723731966142848
7.659999999999881,134.06347924995939,0.006309547022536579,0.004751785179868368,0.004850109758995498,0.0007489226213255161
7.669999999999881,134.686859507961,0.006158700539128692,0.004878712560773231,0.0049601808501154275,0.000823588432253255
7.679999999999881,134.716659458769,0.006034965488898617,0.005006615735871434,0.005116665976989972,0.0008833887762418834
7.6899999999998805,133.8856684821781,0.005949807102692776,0.005137305432120962,0.00527472609493665,0.0009167617499407395
7.69999999999988,133.31241513264732,0.005906463275508049,0.005267887295999484,0.005410376658791747,0.0009155030506314442
7.70999999999988,132.85750427821486,0.005899142702253408,0.005393568896682695,0.00552994237599742,0.0008761741859197453
7.71999999999988,132.24148159189548,0.005917450972217544,0.005515340838630871,0.005637965823570676,0.0008193835765850751
7.72999999999988,131.56762489475076,0.005947971332155747,0.005628028553867543,0.0057370147808578605,0.0007980232162891994
7.739999999999879,130.89964670841243,0.005972308755580623,0.005719848847938655,0.005827774652763351,0.0007464316977277635
7.749999999999879,130.44562236555655,0.005967690387411011,0.00578733757600634,0.005909386566679271,0.0007171207654489729
7.759999999999879,132.8233894130385,0.005909602094441012,0.0058303950159984625,0.005979931995181297,0.0007370362142762387
7.769999999999879,134.16016623571153,0.005773815844544227,0.005853495477484832,0.006036936490114084,0.0007551150329229606
7.779999999999879,134.40279561082696,0.005538384500009647,0.005863655928355384,0.00607779364504159,0.0007711762657568562
7.789999999999878,133.68415329434518,0.005185857948632751,0.005889840133975718,0.006128731578552936,0.0007850494774809607
7.799999999999878,133.23868950365505,0.004780076381361998,0.0060525803932619145,0.006135889324164741,0.0007965933772101435
7.809999999999878,132.870717231743,0.00427041207706756,0.006224466081677086,0.0060866851964582955,0.0008056994614317211
7.819999999999878,134.0046358515407,0.0036560978513648997,0.0064044258491322125,0.006033595923482395,0.0008122634274243489
7.8299999999998775,136.53819826990448,0.003503085372079382,0.006587979696868032,0.005959958317292928,0.0008318597296075559
7.839999999999877,138.81245750812795,0.004163339000633883,0.006768323200968978,0.005856658615859249,0.0008593836345068517
7.849999999999877,140.6162637060024,0.004796435057958887,0.006939989096315385,0.005721214117668522,0.0008859577227404839
7.859999999999877,141.80186794311933,0.0053737291080609975,0.007102719322924011,0.005551443720334208,0.00091153171589075
7.869999999999877,142.31906357373714,0.005874380878466609,0.007260571349818285,0.005345946024063858,0.0009360527208619746
7.879999999999876,142.20674832416785,0.006338208753136933,0.007418001406196658,0.005104616309941986,0.0009594647635835801
7.889999999999876,142.09405219559352,0.006781895571747286,0.007578078092551977,0.004829070259667006,0.0009817087599871403
7.899999999999876,141.68513268063396,0.007131511565123271,0.007743795556060609,0.004522843563926836,0.0010027227282677577
7.909999999999876,140.89679980145837,0.007381343739637845,0.007918201710036085,0.004191261817977345,0.0010224418506149632
7.919999999999876,139.9055372749078,0.007533511381611798,0.008101792173963973,0.004113841427044999,0.0010407985290470587
7.929999999999875,142.59317499140838,0.007597493554102309,0.008292139264219876,0.004504665818471977,0.0010577229660584798
7.939999999999875,144.8932527696315,0.007586390621624094,0.008487164708644702,0.004899003232087039,0.0010731443072157407
7.949999999999875,146.48919633859617,0.007512920054227655,0.008685916806122436,0.005221496447040258,0.0010869917286884937
7.959999999999875,147.19095687229913,0.007388537593682158,0.008887366993477877,0.005415479538521168,0.0010991950551648634
7.9699999999998745,146.9741972156525,0.0072259421533806874,0.009091255455907603,0.005456619237850849,0.0011096851763556343
7.979999999999874,145.92364839144406,0.007040155713794317,0.009296873789106154,0.005377581967927056,0.0011183947888811086
7.989999999999874,144.28275733414398,0.006845205713251343,0.009503323918600782,0.0054187555555596555,0.0011252595893403465
7.999999999999874,142.34776698017384,0.006726155842261368,0.009710979757811164,0.005341923278664381,0.001130219436254581
8.009999999999874,140.9596968696366,0.0066418676828117525,0.009920678564677142,0.005169284989100668,0.0011332190537386628
8.019999999999873,140.15749749642703,0.006984418958353818,0.010132575187397904,0.004935576592045202,0.00113420860062908
8.029999999999873,139.20993664435477,0.007381675081544308,0.010344697509386847,0.004825792268761701,0.0011331448116727334
8.039999999999873,138.21738483252363,0.007747153032289307,0.010551501140440117,0.004969657859388414,0.0011299929348572992
8.049999999999873,137.95369534902176,0.008056511474391386,0.0107444781568424,0.005102246729896626,0.0011247290091401685
8.059999999999873,139.46880632674083,0.008286479896820926,0.010915116907942167,0.005222929926519922,0.0011173419462656242
8.069999999999872,140.58342248307093,0.008417796007940195,0.01105752747973093,0.00533111057065008,0.0011078353311602903
8.079999999999872,141.16298537909302,0.008440128635925376,0.011169343020025736,0.005426226967869327,0.0010962290611040975
8.089999999999872,141.1301268424317,0.008354529900437425,0.011250365401714976,0.005507758022550689,0.0010825605901068692
8.099999999999872,140.61925973103453,0.00817125323776727,0.011302487853152295,0.0055752309746421105,0.0010668852386080054
8.109999999999872,140.8865753816331,0.007908254758347966,0.011330855134143704,0.005628229865633649,0.0010492753516221328
8.119999999999871,140.34145142244722,0.0076162302280218495,0.011341909118165865,0.005666402777014665,0.0010298188227876146
8.129999999999871,139.00577942636752,0.00740081376865648,0.011341725000401398,0.0056894672164706185,0.0010086177700397215
8.139999999999871,136.9968771916484,0.007142037519904578,0.011335062812841364,0.005697214411752133,0.001001294247442226
8.14999999999987,135.30411906625736,0.006866907488761158,0.011323727852499814,0.005778233704477456,0.0010124478437955882
8.15999999999987,136.25411984812402,0.006602902474325101,0.011306320951925868,0.006099882591877338,0.0010458950537566192
8.16999999999987,138.70619010086304,0.006375440051212049,0.011279990239593541,0.006427801437891646,0.0010859383414856991
8.17999999999987,140.20716007299623,0.006204965449259856,0.011241973646916347,0.006745834610640843,0.0010960599110235527
8.18999999999987,140.5293185711491,0.0061970316890566784,0.01118964385182125,0.0070344485376281785,0.0010682468246801472
8.19999999999987,139.55103065518486,0.0062589433912875825,0.011120986032606594,0.007273806872828206,0.0010334303628258064
8.20999999999987,137.2908907790842,0.006357476537007857,0.011035082648970082,0.007446783727315738,0.0010261134758057446
8.21999999999987,133.92099159946778,0.006463901938547685,0.010931178111430828,0.0075775864510093,0.001014210766575881
8.229999999999869,132.37894473405345,0.006546048289437732,0.010808087224591239,0.007711132209291136,0.000997445707484002
8.239999999999869,134.40602896694384,0.006572531142452093,0.010665124358496345,0.00775810036774188,0.0009756974573952327
8.249999999999869,136.33078361845836,0.006514943523392106,0.010503837044409468,0.007710574444427421,0.0009691601039429605
8.259999999999868,137.78069146158842,0.006348950475715187,0.010328813310877507,0.0075668433694826565,0.0010167707567383469
8.269999999999868,138.4880930564975,0.00615268357961489,0.010147287472835508,0.007331617508994864,0.0010639649242644047
8.279999999999868,138.34185580639553,0.005856999745699022,0.009967586466179786,0.00701552139763582,0.001110254174326984
8.289999999999868,140.0973797458757,0.0054243889351082725,0.00979654935640297,0.006633968013127283,0.0011551650321986271
8.299999999999867,141.71700861543604,0.004856094601249397,0.00963777498310387,0.006205597267910163,0.001198254533260353
8.309999999999867,142.63298409914705,0.004163840350109133,0.009488320327731933,0.00595644171417487,0.0012391154265584301
8.319999999999867,142.62165248378142,0.003369297429937277,0.009338672691170204,0.005803149434525435,0.0012773715974737775
8.329999999999867,141.6024448810133,0.0030261742803743973,0.009177521301210476,0.005558522614394979,0.0013126701413228399
8.339999999999867,142.67608366904307,0.0035763167853974853,0.008994551707976523,0.005242804189472614,0.0013446743882237343
8.349999999999866,144.66726351422986,0.0041285437452978245,0.00878261506061555,0.005295946102534732,0.0013730564202506406
8.359999999999866,145.9979930454604,0.004662424322898476,0.008540685870272095,0.005368781686409674,0.0013974888555449156
8.369999999999866,146.63074959246106,0.005158816441519638,0.008273240261857986,0.005374441667060212,0.0014176416831958383
8.379999999999866,146.97614894054567,0.005601342540515626,0.007986354676391246,0.00533762411935402,0.0014331889464683084
8.389999999999866,147.23468515935377,0.005977363394984324,0.007685243989249788,0.005286642159687464,0.0014438215181152127
8.399999999999865,146.9700444363644,0.006278869108534287,0.007376214026132946,0.00524071083474462,0.0014492577084774078
8.409999999999865,146.15307778520236,0.0065350413831191815,0.00706900942824511,0.0053465470581642496,0.001449249493768748
8.419999999999865,144.78812684896022,0.006812926835288095,0.006775086688710408,0.005485521461355779,0.0014435904651580807
8.429999999999865,142.9302892892837,0.0070043519503168086,0.006503034377568011,0.00559231578490438,0.0014321304486810988
8.439999999999864,144.40902440863553,0.007112780610503413,0.00625571549339943,0.005643810871781366,0.0014147920531214038
8.449999999999864,147.46410944250576,0.007146848474853979,0.006031253637581976,0.005630075563312096,0.0013915787112494212
8.459999999999864,149.40517273578257,0.007120012109359397,0.005866096005010746,0.0055546263551564746,0.0013625695182883804
8.469999999999864,150.003795746691,0.007049708499655456,0.0058651832277942725,0.005442231215681843,0.0013279063904825157
8.479999999999864,149.26702826194986,0.007571568700446293,0.0058521894457180465,0.005412116132329085,0.0012877825300020053
8.489999999999863,149.02981641109454,0.008212401096629717,0.005820290005582135,0.005334859071428168,0.001242435126059199
8.499999999999863,149.33936073369628,0.008901675341480798,0.005766832403865477,0.005214694606999813,0.0011921383977984083
8.509999999999863,149.07308849487947,0.009599336649625928,0.005693795604294862,0.0050621401474028336,0.0011371978913101263
8.519999999999863,149.70566409011425,0.010257591645533205,0.0056042747999636355,0.004891729875550465,0.0010914944990830905
8.529999999999863,149.59463565132612,0.010829946019900354,0.005499703694518045,0.004719595475139102,0.0010578570106367544
8.539999999999862,148.66939277985898,0.011277927950766639,0.005380939591125016,0.004625543748252247,0.0009726185202217428
8.549999999999862,146.97896503317045,0.01157482191292746,0.005250666705777366,0.004980922957192371,0.0009976625533726607
8.559999999999862,144.69136166025476,0.011707157913490565,0.005112420105506838,0.00525325981960015,0.0010534289157523714
8.569999999999862,142.661855324095,0.01167628424530067,0.00496743619284207,0.0054567823359619495,0.0011073526250419323
8.579999999999862,143.36068182987157,0.011499615954086958,0.0048136432617230055,0.005817299950568885,0.0011505561328255458
8.589999999999861,143.6380865012223,0.011210461620151258,0.004647062195773423,0.006332829502830846,0.0011827395676101667
8.599999999999861,143.56536086702238,0.010853789581987688,0.0044644834248976145,0.006776395837959671,0.001206279432243442
8.60999999999986,143.12667685446908,0.010682746731394353,0.00426456371539797,0.007125096288745865,0.001233796603461835
8.61999999999986,142.71769928555682,0.010512851397613567,0.00404752980224327,0.007363893112270811,0.0012906150558147443
8.62999999999986,143.421991214507,0.0103690528953822,0.0038147372038955713,0.007593296139236341,0.0013395291554343931
8.63999999999986,143.91028961487982,0.01027415822663882,0.0035680764102450097,0.0078019178502760165,0.0013788617442238365
8.64999999999986,144.0916524785593,0.010243497096885169,0.003308489700387285,0.00790207364525676,0.0014078969904286244
8.65999999999986,143.87908600978977,0.01028463808171957,0.0030345223280335057,0.0078989315354573,0.0014265827795347332
8.66999999999986,143.21592238398708,0.010395860273270628,0.0027454231460875425,0.00816654461931835,0.0014351474633198743
8.67999999999986,142.08710200049347,0.010566373344135202,0.0024432129282722865,0.008682590756346111,0.0014469432647227917
8.68999999999986,143.37846903788838,0.010778899081146893,0.0022031476989152195,0.009156002049662592,0.0014526936887063143
8.699999999999859,144.4668610897724,0.011115660993887083,0.0020708749910266317,0.009545033125699508,0.0014308591620397606
8.709999999999859,143.96726582831974,0.011407667942174158,0.0019383325395093752,0.00981114736523226,0.00137757794693206
8.719999999999859,142.30225508218192,0.011615877956283655,0.0018095873600704666,0.010021417371306842,0.0013220389349795083
8.729999999999858,141.99292826776647,0.01171114253888986,0.00168748080688893,0.01017864942789344,0.001266316316237739
8.739999999999858,140.36701484058685,0.011677169230615759,0.001572560329125404,0.010190569740867612,0.0012010493963930447
8.749999999999858,137.62220128708583,0.01165230105641611,0.0014652934777021663,0.010042757542735595,0.0011287617128097067
8.759999999999858,134.74184770401973,0.01151122507497685,0.0013669995050645636,0.009731483437637306,0.001052829510978808
8.769999999999857,136.03269742078078,0.011247729363070742,0.0012774514707822697,0.009264732072335694,0.000977077891801652
8.779999999999857,136.8932174388996,0.010864000768148049,0.0012033321769361767,0.008662049831925788,0.0009747210448405058
8.789999999999857,137.12141144789936,0.010369037622382966,0.0014427299115017638,0.007953137779675016,0.001038231165408171
8.799999999999857,136.69883742555612,0.009778659234849513,0.0016810502795295492,0.007175263283742594,0.0010676887194739164
8.809999999999857,135.72991686775242,0.009113215135996142,0.0019277719715297265,0.006890232858717353,0.00105887571072036
8.819999999999856,134.7883785543772,0.008392291480369681,0.002193285045532023,0.006944134461707725,0.0010125007082445324
8.829999999999856,136.8123140870754,0.00763267010473074,0.0024853470763308077,0.0068756100993026025,0.0010286757602733939
8.839999999999856,137.7954034097118,0.006848068319318517,0.0028080178792444905,0.00665857229259369,0.0010919724272507837
8.849999999999856,137.5905752373457,0.00604780111121553,0.003160803619464971,0.006277805276839213,0.001094593806912407
8.859999999999856,138.5634303643045,0.005237504956783712,0.003538134337562377,0.005737283839525272,0.0010358791036579752
8.869999999999855,139.32354379267426,0.004421590663900901,0.003929347335534144,0.005057087527205212,0.0009206761856209538
8.879999999999855,139.22353882332428,0.0036034887446060237,0.004319806778978521,0.004268364023832174,0.000760535054391213
8.889999999999855,137.99944686098033,0.0027835644909005326,0.004692102134541247,0.0034118175720489023,0.0007583020682137213
8.899999999999855,136.750462019714,0.0019595441755307142,0.005028011323038498,0.0028586418234139467,0.0007507075797741923
8.909999999999854,136.12200691143397,0.0013659279308644709,0.005312371059233776,0.002686143160098722,0.0007377107666400681
8.919999999999854,135.2650620636305,0.0017940366372322415,0.005536029581053587,0.002625202490634841,0.0007193093494453086
8.929999999999854,135.34404575747183,0.0022108838548608404,0.005698329372905693,0.0028056819468405434,0.000751723383605143
8.939999999999854,134.9536696092383,0.002742565006482238,0.005806846246932426,0.0029317981208321587,0.0007865684083317804
8.949999999999854,135.30563767793234,0.003218417553981687,0.005873665498513904,0.0030206643176891564,0.0008117018345653984
8.959999999999853,138.50585121535156,0.00411216536449876,0.005912521314503182,0.003296553580979473,0.0008307320193811347
8.969999999999853,140.73750152021677,0.005018396914425539,0.005935774076577015,0.003610439050036306,0.0008468676316848959
8.979999999999853,142.07222005357784,0.0059179756287082155,0.005951970947075282,0.0038596540733735326,0.0008621781061272977
8.989999999999853,142.71920675244522,0.00679541982008474,0.005966590943089532,0.004019253844395461,0.0009090747832595581
8.999999999999853,142.95391223027198,0.007631955527060783,0.006007353834459293,0.004075835381438087,0.0009233350492539802
9.009999999999852,143.0425194663513,0.008406771326307745,0.0061036294587361985,0.0040308919030815765,0.0009121045146676604
9.019999999999852,143.17329408383446,0.009098535424001535,0.0061997064147844925,0.0043353682692505585,0.0009528147888594751
9.029999999999852,143.4100253504533,0.009686073306855107,0.006527711270616852,0.004694302549988665,0.0010184540428297027
9.039999999999852,143.68583153489408,0.010150971342712306,0.0068894414443349565,0.004964215165525726,0.0010368361945234978
9.049999999999851,143.83736892191445,0.010479247188711498,0.007234290806137592,0.005141415969449437,0.0010007773028992736
9.059999999999851,143.66289412816096,0.010665207979929595,0.0075623237271923455,0.0052308017625288675,0.0009480251839600334
9.069999999999851,142.98689681364658,0.010716690977259783,0.007879455619187514,0.005454119582403709,0.0010882371901585434
9.07999999999985,141.7210103008023,0.010656108635013147,0.008195067466281292,0.005925660013402049,0.0012470506225877522
9.08999999999985,141.49214794823024,0.01051854169412347,0.008519278122198404,0.006463406519788122,0.0013741288743977268
9.09999999999985,143.0251725925959,0.010478096514810416,0.008860564198165905,0.00696857207743291,0.0014634208696881906
9.10999999999985,144.18237233943637,0.01048506908293599,0.009223721080317576,0.0073948627175087385,0.0015147218427419846
9.11999999999985,144.9998244701156,0.010500246622420596,0.009610313906554056,0.007697275933911417,0.0015649297140286477
9.12999999999985,145.51357618824508,0.01054668239271513,0.01002114494656915,0.007840336759164205,0.0016287951220181362
9.13999999999985,145.75075878708813,0.010644012152191316,0.010457080770147897,0.007803570011845818,0.0016604145904970463
9.14999999999985,145.74132996766934,0.010808417751863553,0.010915087962478707,0.007836377525237625,0.0016627164994090326
9.15999999999985,145.51546082744505,0.011048765074649542,0.011386875788736166,0.007918085190870734,0.0016411870330869777
9.169999999999849,145.74521619178194,0.01136469836310694,0.011861914290809567,0.007862518181516093,0.0016028463739936661
9.179999999999849,146.22096772257692,0.01174769717483315,0.012328287232235119,0.008506826393290378,0.0015551288877347904
9.189999999999849,146.3424558015827,0.012202396126911673,0.01277363907283395,0.009115544198001865,0.0015048428192335713
9.199999999999848,146.14489975643426,0.012726275520433115,0.013186521230512746,0.009598134396331394,0.0014573635901216908
9.209999999999848,145.6502815010758,0.013186132493528699,0.013558307542645096,0.009902901144411745,0.0014161655800341187
9.219999999999848,144.86376726155234,0.01353881809483093,0.013886261192618633,0.009993382121022208,0.0013827070052096543
9.229999999999848,143.77829260981366,0.013872961676926254,0.014172567296427489,0.009932736380003325,0.0013566148523385354
9.239999999999847,142.61130052607967,0.014119895828498848,0.014421321868444357,0.009975246131337928,0.001336105034546566
9.249999999999847,141.87773704024386,0.01424281107324175,0.014637417715646073,0.009832115126060293,0.001318573194817698
9.259999999999847,140.53731478421506,0.014229228807031305,0.014826335163021046,0.009499763608709393,0.0013012437718873575
9.269999999999847,139.87948524118212,0.014074343072303461,0.014993786617839932,0.008989180527122487,0.001286176436365077
9.279999999999847,140.25762043531668,0.013781599932335398,0.015143896150137297,0.00832457338423584,0.0013266076626663888
9.289999999999846,141.91003718429027,0.013362161974663474,0.01527764725170134,0.007540599375067558,0.0014026260529943276
9.299999999999846,143.93749496863825,0.012834489926723364,0.01539333324820125,0.006709456881887327,0.0014742019308535807
9.309999999999846,146.70728703668203,0.012223348769241868,0.015488225136999382,0.006662817393370155,0.0014924744474392275
9.319999999999846,148.9804089896732,0.01155580034574005,0.015559484372769179,0.006597721100715754,0.0014712483376283553
9.329999999999846,150.49230613098558,0.010856988027935579,0.015603944260249875,0.006515367388893254,0.001501766633137006
9.339999999999845,151.11431829042243,0.01014770736073302,0.015619416985314705,0.006417007555965336,0.0015295363906965202
9.349999999999845,150.8675529255377,0.009442807881564309,0.015607832600737052,0.006320280929081661,0.0015543302891567936
9.359999999999845,149.90334290323608,0.008750292796898856,0.015576577084617096,0.0062471486358977,0.0015759404829998134
9.369999999999845,148.45108802655528,0.008070533595155947,0.015532899953948942,0.006168127670836177,0.0015941913223003793
9.379999999999844,146.74867549998206,0.007394940379427062,0.015477905198732433,0.0060871895682677955,0.0016089446180627795
9.389999999999844,144.97885360756445,0.006706499833180255,0.015408471857465605,0.006004084639303456,0.0016200967839475262
9.399999999999844,143.22704466782116,0.005984645042150761,0.015321111718651926,0.00592462691532205,0.0016275753365689715
9.409999999999844,141.54109275653693,0.005210685397328405,0.01521475786316801,0.005853305643143779,0.00163133869174178
9.419999999999844,139.7444287319993,0.0044170738230143005,0.015092457432064372,0.0058385084713863744,0.001631376278837427
9.429999999999843,137.633299966861,0.0037555118422631286,0.014957733387912982,0.005839537685800682,0.0016277063098569316
9.439999999999843,135.0554661559639,0.0030560032038036765,0.014810838166800512,0.0058033868981660856,0.0016203730519019437
9.449999999999843,131.94646291913733,0.002340531993564514,0.014650922519730386,0.005738309259045709,0.0016094470826514553
9.459999999999843,131.14120308873268,0.001630777715739714,0.014478402621929206,0.005657794289060742,0.0015950282162076905
9.469999999999843,134.60180191914753,0.002539308667581805,0.014295968851514271,0.005678835406541478,0.0015772464396111607
9.479999999999842,138.57094486225574,0.0036126107415439365,0.014107563226226616,0.005872123487468838,0.0015889527015537851
9.489999999999842,142.15929764881804,0.0046165282202229535,0.013916502096517186,0.006043200923539964,0.0016254746755255233
9.499999999999842,145.0155250020353,0.005527609643526224,0.01372469007944503,0.006184697594514288,0.0016594808400274329
9.509999999999842,146.87933121777908,0.0063234237457459805,0.013531413092440712,0.006293148428802587,0.001690621862461476
9.519999999999841,147.63704278246493,0.006982189390489491,0.013334730754619268,0.0063700895883573505,0.0017185588580846314
9.529999999999841,147.34521625076485,0.00748716609520609,0.013135329689799436,0.0064215112286144715,0.0017429664098793137
9.539999999999841,146.22052658548097,0.007831342045837627,0.012936970581683535,0.006455819579792567,0.001763535592466456
9.54999999999984,144.59621811364943,0.008019485067100422,0.012741653668625303,0.0064812846717400225,0.0017799774094528504
9.55999999999984,142.8516211758649,0.008069778504079052,0.012547731058869608,0.006514034165904671,0.0017920263545208918
9.56999999999984,141.33006130214272,0.008013247155424267,0.012352677580338998,0.006558468372661399,0.001799443392180043
9.57999999999984,140.26666099031235,0.007891618390266537,0.012155109861117348,0.006578747507778668,0.0018020182200000233
9.58999999999984,139.74221966112867,0.007753614770045728,0.011955479157402001,0.006719587741407142,0.0018010116588276935
9.59999999999984,139.67061685232304,0.007648859000809554,0.011753842063123477,0.007041895148907999,0.0017963782372632001
9.60999999999984,139.8248234984544,0.007622783724655563,0.011549595130290849,0.007247550089350808,0.001786866875881676
9.61999999999984,139.9010433218234,0.0077111821940939905,0.011343957582569892,0.007327376926784371,0.0017723835638572274
9.62999999999984,139.6077681543519,0.007936031175686867,0.011140088658745734,0.0072803378666080895,0.0017528655331345174
9.639999999999839,140.91506527928144,0.00830393046101562,0.010941003622761231,0.007113332429179623,0.00172828162710407
9.649999999999839,142.54011297227112,0.008805252265185156,0.010748532945512942,0.006840872813005062,0.0016986331243782616
9.659999999999838,144.12594863586258,0.009414408415499368,0.010564413465193039,0.006824602831770391,0.001663954459832602
9.669999999999838,145.60199247185943,0.010091183169922642,0.010390048941808037,0.0074911813036516155,0.001624313088182706
9.679999999999838,146.8571845622742,0.01078463839066394,0.010225371349731704,0.008207983894931369,0.0015798087544488131
9.689999999999838,147.76768705967228,0.011438839210676306,0.010066892109696695,0.008838379844029074,0.001530573193321622
9.699999999999838,148.23537201854592,0.011999371838238442,0.009907427029403495,0.00932750811999723,0.001476770662488831
9.709999999999837,148.20651051910158,0.012419283914620863,0.009739517342890172,0.009628828367179121,0.0014185985101637778
9.719999999999837,147.67536802860948,0.012664608079205629,0.009559158283953421,0.00970916782217022,0.0013562867773404836
9.729999999999837,146.69058993484856,0.012718810798794923,0.00936726042184986,0.009552807127045556,0.0012900968483081227
9.739999999999837,145.34622187167645,0.012720641095930898,0.00916814241805516,0.00916396657486203,0.001243907752899881
9.749999999999837,143.7677757673177,0.01266407137063024,0.00896792127613842,0.008970532034846261,0.0012181920559447335
9.759999999999836,142.1031147219061,0.012468892450582332,0.008775423902477692,0.008647303069040676,0.001168650243902535
9.769999999999836,140.52553384200613,0.01215862067076153,0.00860118369275777,0.008182941195493511,0.0012374463130357422
9.779999999999836,139.17814240087625,0.011764165600369176,0.008453075281699798,0.007597321033685507,0.001418805907257838
9.789999999999836,140.45686421851468,0.011320129788396333,0.008334655125050546,0.006917241407768223,0.0015524530181292367
9.799999999999836,142.76050935455837,0.010860147549838363,0.008244987485867565,0.006239029325344601,0.001619562259055215
9.809999999999835,144.07520989583287,0.010409306915039156,0.008178258238477886,0.006096227499824104,0.001608418062194615
9.819999999999835,144.41713913692232,0.00997969026222243,0.00812556031249569,0.005787093580169707,0.0015170522630175668
9.829999999999835,143.93898364603498,0.009571248954816293,0.008076574606750729,0.0052675504188422085,0.0013688639798367969
9.839999999999835,142.89118698148124,0.00917461414540033,0.008018689304348058,0.0048045420214139194,0.0012610953269804718
9.849999999999834,141.569863193306,0.008773601949717741,0.007937468765524779,0.004456850954207521,0.0011260233156842217
9.859999999999834,140.77652712273826,0.008347972399446974,0.007820106307995404,0.0044624185706678265,0.001133912885508436
9.869999999999834,141.20663102715667,0.007875585604102132,0.007657532325183533,0.004727934642428638,0.0012031608528358271
9.879999999999834,141.08379831819437,0.007333292726867005,0.007447316002578984,0.004833335218801595,0.0012230540535557188
9.889999999999834,140.21338493167977,0.006698936390134981,0.007193414883970037,0.004774555957400932,0.0011917487845268266
9.899999999999833,138.52865713712697,0.005957061080492409,0.006903433515782621,0.004564338811879008,0.0011114912475944185
9.909999999999833,136.86374626670747,0.0054749812897442,0.0065870497320356354,0.004230532594757836,0.0009879792914957825
9.919999999999833,135.56197024419717,0.0049451989268919595,0.006253886159204043,0.0038138808684061525,0.0008294046077449392
9.929999999999833,134.86082037163231,0.004347704747048172,0.00591216932933515,0.003366344180536657,0.0007356057593709313
9.939999999999833,134.80319053487358,0.0037060507782344324,0.005569888283299667,0.0029499743617594897,0.0007314389996156747
9.949999999999832,133.80009755462245,0.0030419592540013667,0.005235250446390405,0.00304888035175331,0.0007217241293059238
9.959999999999832,131.87922922907507,0.0023745479541502435,0.0049133984586666995,0.003547888318987381,0.0007662189508032351
9.969999999999832,132.80857284731943,0.002881256577420251,0.004603372486251963,0.00399115495029596,0.0009445278461729807
9.979999999999832,133.52825250486922,0.003668975516913769,0.004300147565071365,0.0042588348988882975,0.0010516542524691265
9.989999999999831,134.56479176551326,0.0042924325921317626,0.003997002090387919,0.004330747287991391,0.001082906861531237
9.999999999999831,135.49472915668693,0.004757506631620207,0.003684833001577772,0.004353189572525639,0.0010412416983696176
10.009999999999831,136.09897857176537,0.005079975469667325,0.0033535004249866064,0.0042449238883541796,0.0009361373767196087
10.01999999999983,136.31265600304957,0.0052823352005139605,0.0029928857216430633,0.004032520928161862,0.0008471903376504233
10.02999999999983,136.08308410082003,0.0053910449111275365,0.0025927548021621653,0.0037486752577679076,0.0008395975311401981
10.03999999999983,135.38057024796979,0.005434322954215837,0.0021468708037507126,0.003838348204232789,0.0008106212652854532
10.04999999999983,135.84670243317336,0.005441872935873664,0.0016565329015251454,0.0042001783694909514,0.00074432859403202
10.05999999999983,136.24663675717065,0.005445867400375573,0.0011931021255016314,0.00456263082791908,0.0006760832795113174
10.06999999999983,135.91114598484606,0.005476635946438049,0.0015483845181799942,0.004889561263948508,0.0009259454338472968
10.07999999999983,134.81910376138373,0.0055579651596331875,0.0019008391429980141,0.005175751478064334,0.0011489179858774079
10.08999999999983,135.09616173529497,0.00570823846745312,0.0022361390509863482,0.005413935432289927,0.001318214114805091
10.09999999999983,135.4345756702578,0.005940213406423834,0.00253944104074225,0.00559423487918269,0.0014181306404007625
10.109999999999829,135.30275273707142,0.006259980589379014,0.002800266349914079,0.005704935055104735,0.0014427885185078098
10.119999999999829,134.61818530922966,0.006667586557990172,0.003014487367441012,0.0057344693572397186,0.001397030700788165
10.129999999999828,136.4592456068972,0.007157502008859208,0.0031831602854764884,0.0056743040336583285,0.0013869059548880143
10.139999999999828,138.87141238475965,0.007720840089046111,0.003571022319020445,0.005522202871586137,0.0013714197438576712
10.149999999999828,141.12584537055534,0.008346536842338511,0.0039894017390750625,0.00528506059155999,0.0013181535504690647
10.159999999999828,143.1832997849971,0.009020143183988923,0.004392249960445987,0.0053279330766936245,0.0012399314466650189
10.169999999999828,145.0001065811827,0.009722266223073497,0.004789900998155472,0.005977689374348036,0.0012211481926870165
10.179999999999827,146.52093189511217,0.010427340473987148,0.005194171803743897,0.006576882912020039,0.0012658315859349787
10.189999999999827,148.07481125071905,0.011104593161974633,0.005616136293694015,0.007081381110153712,0.0012610267214589299
10.199999999999827,150.61611140300954,0.011721746351547336,0.006064679578227901,0.007451808028226264,0.0012074222656461942
10.209999999999827,152.68201284027282,0.012247919881430838,0.006545411047209206,0.007657713759921619,0.0011677235312276188
10.219999999999827,154.05053627554472,0.01281211954928599,0.007058327298035691,0.007681036003787755,0.0011840955469359065
10.229999999999826,154.52468249356735,0.013281748769054975,0.00759624673696573,0.007518301209786846,0.0013390953404904525
10.239999999999826,154.00190621870442,0.01362359696847041,0.0081468239173826,0.007181187617105493,0.0014723605853797974
10.249999999999826,152.4922414527823,0.013830077641815411,0.008696416563817483,0.006934889601084209,0.0015649809968815464
10.259999999999826,150.11142831775587,0.013904754343728011,0.009230934826926041,0.006678011260503696,0.0016043602815467703
10.269999999999825,147.51291279484673,0.013861911163865254,0.009736511441999282,0.0063231581846304565,0.00158585265686096
10.279999999999825,148.27489435875466,0.013722887625714364,0.010203355478956297,0.006269039654838384,0.0016149393164940704
10.289999999999825,150.75414979522043,0.013511617272110792,0.010629820132335722,0.00634266958061765,0.0016738229047551282
10.299999999999825,152.2762739092254,0.013251120767216634,0.011021042842484566,0.00627543962941426,0.0017693829419361468
10.309999999999825,152.60235918808635,0.012961307981289295,0.011382996949464702,0.006305249756924139,0.0017987848080853444
10.319999999999824,151.68840622899626,0.012658062578370754,0.011719686674423989,0.006146299029270178,0.0017532699456299864
10.329999999999824,149.70130497938962,0.012349688158868843,0.01203490755256032,0.0058501225042243594,0.001663587364482117
10.339999999999824,148.76556465304583,0.012032884882186424,0.012332445338898887,0.005623287265177877,0.001596979989799007
10.349999999999824,149.95763618486296,0.011693589078837982,0.012613015782978822,0.005710296391424726,0.0014765758720623975
10.359999999999824,150.393384495565,0.011308895440111983,0.012874160470648422,0.005881752268212388,0.0014078200897657909
10.369999999999823,150.00421180974544,0.010848555197014095,0.013113406920060973,0.005943260592088855,0.0014548693542710371
10.379999999999823,148.82046151649797,0.010280124841012851,0.013331232125299573,0.005869820149648664,0.0014584764380634382
10.389999999999823,146.9757951462849,0.009757275853269859,0.013531328998374543,0.0059814977068504355,0.001527578246643765
10.399999999999823,144.68165411145333,0.0094444059975374,0.01371870539990445,0.006099187986365798,0.0015919997145676843
10.409999999999823,143.8298712261892,0.008982060891491077,0.01389872997904338,0.006039018097549876,0.0015994804870404595
10.419999999999822,142.47246810271366,0.008369927592966557,0.014074769369640621,0.005803680317196004,0.0015720591335030047
10.429999999999822,141.44674101896774,0.00761795978394,0.014246870279196681,0.005953347251610342,0.0016230096212849735
10.439999999999822,142.56389080504263,0.0067458364486304954,0.014454141236489575,0.006097978271021533,0.0016721700810548436
10.449999999999822,145.88150745207977,0.005781436014905843,0.014650671901088668,0.00622625173865887,0.0017194923224334749
10.459999999999821,147.0282577557822,0.004755896626046164,0.01483116160577762,0.006342356470864056,0.001764930546527559
10.469999999999821,145.94920683719604,0.0036991415794969127,0.014991064660610993,0.006452214089742156,0.001808434608376993
10.479999999999821,143.09487015965524,0.003261624961300466,0.01512669765207063,0.006560817394470213,0.0018499491048268057
10.48999999999982,139.3286642690386,0.003921653915185927,0.015236844614614458,0.006671517058191557,0.0018894106889355763
10.49999999999982,135.69526414385723,0.004352897370738972,0.01532287499035577,0.006849495350865481,0.0019267409199817756
10.50999999999982,136.30329086117806,0.0045855353661653575,0.01538695221799494,0.0070088058779857135,0.0019618407425839586
10.51999999999982,138.38062115071463,0.004661900796984592,0.015432260672733449,0.0071299960594921495,0.001994593112574082
10.52999999999982,140.6196157456588,0.004631260615649841,0.015464138774356486,0.007286603477656569,0.0020248722685665844
10.53999999999982,145.01691268028182,0.004544999424121404,0.015489407374550209,0.007432245080620817,0.0020525520160881703
10.54999999999982,147.29480272560573,0.004452725044890562,0.0155133020054535,0.007527543500697785,0.00207750870784779
10.55999999999982,147.97477369037261,0.004396388641274337,0.015537364701325156,0.007563221479506962,0.002099622286738187
10.569999999999819,148.92877054247606,0.0044038885593880635,0.015561905873739066,0.007669771489443115,0.002118790608852231
10.579999999999819,149.010019708292,0.004489015890157518,0.015589065399867643,0.007932300587027381,0.0021349107658101816
10.589999999999819,148.41566505267934,0.004654610589874314,0.015623946288846273,0.008202673954347543,0.0021479012104599258
10.599999999999818,147.40019939930798,0.00489424666243684,0.01567490256613496,0.00842903677182335,0.0021576998756762133
10.609999999999818,146.206401447558,0.00519320060889311,0.015751492159725242,0.008565032232380362,0.002164268584620086
10.619999999999818,145.01162928469154,0.005530985310690377,0.015860496604081866,0.008586056320027657,0.0021676065788311365
10.629999999999818,143.89417738389463,0.0058853636318708675,0.016004979137367103,0.008509914794415437,0.0021677649231590175
10.639999999999818,144.25493972913554,0.0062350243202741115,0.01618654503045246,0.008559585840195904,0.002164851957375345
10.649999999999817,143.70082528704998,0.006563657038409026,0.01640590184254219,0.00852379570410305,0.0021590291037711087
10.659999999999817,145.7814121485828,0.006864243808058875,0.016661552156735635,0.008413546383374066,0.0021505052480812283
10.669999999999817,146.41698416824116,0.007138644390980529,0.016950265539005627,0.008254239256374687,0.0021395608495540512
10.679999999999817,151.15700737114793,0.007394123948944441,0.01726778750809336,0.008077828829595759,0.0021264951414657835
10.689999999999817,152.84122377847012,0.007639542407364002,0.01760767954490362,0.007913781468002075,0.002130568592124444
10.699999999999816,151.30311352687295,0.00797325153147218,0.017961522229687794,0.007844631640742684,0.0021588614158597305
10.709999999999816,152.8989982256525,0.008388153981687744,0.01831998657239931,0.007856419067324,0.002182067750830006
10.719999999999816,153.73678762445599,0.00879526077583183,0.01867404206377261,0.0078643598786548,0.002200147814517871
10.729999999999816,155.54976496766605,0.009195387034347649,0.01901596928626895,0.008093294007994025,0.002213101414786995
10.739999999999815,156.53246101748582,0.009586601017491474,0.0193398658257795,0.008356000521059347,0.0022209518504573912
10.749999999999815,156.67491955405038,0.009963649710014597,0.019642921338346102,0.008590195981802756,0.002223775938549475
10.759999999999815,156.04980147786188,0.010320501765730433,0.019924573072835565,0.008730457041340059,0.002221690985993473
10.769999999999815,155.08078162768703,0.010651897113838727,0.020185456940432587,0.008729492350031506,0.0022148543092796445
10.779999999999815,153.84532827608135,0.010952424326870462,0.02042782488813426,0.00859136190050099,0.0022057307132122743
10.789999999999814,152.28095181285795,0.011218063232265365,0.0206558563192013,0.008703023730191863,0.002199767339387446
10.799999999999814,151.50228700556232,0.011448411825278788,0.02087682832903378,0.008877625283901187,0.002189896776788622
10.809999999999814,149.84114556193143,0.0116448382379387,0.021100085378252524,0.009003016751217629,0.0021763309625581874
10.819999999999814,156.00202387270957,0.01180691127797829,0.02133391189447076,0.009046208908619676,0.0021593051802815243
10.829999999999814,159.64508193670707,0.0119302526631638,0.021583489279398023,0.00898358064917699,0.0021390756199440057
10.839999999999813,160.80745753589497,0.012006347977769439,0.021848702690203618,0.008994984213740915,0.002115916156660751
10.849999999999813,159.87848805979826,0.01202423078432794,0.022124731849545807,0.008933623006747448,0.0020901149629800244
10.859999999999813,160.6823400925499,0.011971270778620494,0.02240279802952624,0.0087760932683245,0.002061971886749418
10.869999999999813,161.61012944975306,0.011833182125096896,0.02267176345539601,0.008521879206145768,0.00203179668068728
10.879999999999812,162.26048933447888,0.0115947959332732,0.022920194826549594,0.008209712800975703,0.001999907198592645
10.889999999999812,162.59088285970054,0.011239840027686052,0.023138277154575136,0.00799712983939198,0.001966626808437948
10.899999999999812,162.50918915274136,0.010782349313824548,0.02331948610805561,0.007755108074672312,0.0019322813228217662
10.909999999999812,161.87347283276796,0.010838165742029901,0.023459363161468877,0.00808159637014356,0.0018971963577265156
10.919999999999812,160.54435939007192,0.01074664673141231,0.0235548086402701,0.00846799995426497,0.0018616953940836663
10.929999999999811,158.43868560444827,0.010492762236294181,0.02360679804546239,0.008695719701098658,0.0018727148497998457
10.939999999999811,155.56270361152437,0.010066617001696913,0.023619106004389104,0.008952037803688417,0.0018312942004860865
10.949999999999811,152.02352080469083,0.009464442080671757,0.023594780967109492,0.009252595561884435,0.0017964296561326105
10.95999999999981,148.25247995754313,0.008688154495633597,0.023535066047400965,0.009526792052521688,0.0018401258047075796
10.96999999999981,144.78793334861703,0.0077473278536756935,0.02343908909310946,0.00977259292379264,0.0018850904664943651
10.97999999999981,140.3028055149291,0.006660955474666448,0.023306175905787246,0.009988119973585704,0.0019214102476501995
10.98999999999981,136.99430931822135,0.005457693997275947,0.023138517048597623,0.010171669767639129,0.001948783992804739
10.99999999999981,137.77751911690171,0.0041750714233497336,0.0229411512352556,0.010321734774042761,0.001966974312969971
11.00999999999981,137.82392357939997,0.002856331351541095,0.02271996435965791,0.010437026971000744,0.0019765921694904365
11.01999999999981,138.21700622339733,0.001547298564281583,0.022477694829071523,0.010516502252261401,0.0019801839359064595
11.02999999999981,143.8271755232113,0.0015484584588553929,0.022213049114645358,0.010559382608892333,0.001974214479528712
11.039999999999809,148.3917224754033,0.0016490519937202846,0.02192327710619979,0.010565173198544331,0.001958679900728293
11.049999999999809,151.60954839303605,0.0022661489222830216,0.021605439244652858,0.010533672594829051,0.0019336456960089012
11.059999999999809,153.29038991162298,0.0031134932256495296,0.021258313831125007,0.010464976163116991,0.001899245971114143
11.069999999999808,153.3798910774884,0.0037764351644017946,0.020883842110778806,0.010359473638215037,0.0018556822152579707
11.079999999999808,151.96720278357657,0.004250779926716976,0.020486583689079393,0.010217841498553109,0.001803221642020792
11.089999999999808,149.27208811669445,0.004545741002642577,0.020073003682222895,0.010041029939630474,0.001742194853718257
11.099999999999808,147.66666251345356,0.004682088669509859,0.0196492019041558,0.009830245180989322,0.0016729927851711274
11.109999999999808,148.72415929964282,0.004686737949092239,0.019218015380404324,0.00958692934391608,0.0016492158114139505
11.119999999999807,148.92275874816082,0.004647487253438735,0.018777547172519442,0.00931274015133751,0.001624308525416706
11.129999999999807,148.1875992340504,0.004613814246779185,0.018322295404512377,0.009009531961508053,0.0015972373603868925
11.139999999999807,146.55412232283308,0.00502201780759812,0.017846159811199643,0.008679339169554656,0.0015681150140860987
11.149999999999807,144.16807774212037,0.005357342239708104,0.017343709573188988,0.008324362090643658,0.001537070810140264
11.159999999999807,141.2733668891788,0.005609652417987849,0.016810165412222675,0.007946954271354265,0.001504235053813639
11.169999999999806,143.02748692522192,0.005781041267473722,0.01624430618135195,0.007549609938733725,0.001469733973147246
11.179999999999806,143.8084796024386,0.005883132061607608,0.015651683359652245,0.007134950783201969,0.00143369147799409
11.189999999999806,143.19020357553342,0.005933576373561068,0.015041340563821339,0.00670571163036144,0.0014254176428276095
11.199999999999806,143.35155610693167,0.005953238985969818,0.014421896635195986,0.006264724411180756,0.0014242869386795148
11.209999999999805,145.13083462210028,0.006112294506740202,0.013801414448343615,0.005814899035327675,0.001421861662683688
11.219999999999805,146.3105239034698,0.006237702048131755,0.013185648200664644,0.0053591994488824,0.0014177740143261604
11.229999999999805,148.0143810449588,0.00632605410348476,0.012578152906939597,0.005254551021805573,0.0014116593124485755
11.239999999999805,151.1367606948119,0.00640018466329442,0.011982491167695631,0.00528071618565497,0.001403159453394187
11.249999999999805,153.34723590722083,0.006482296611692499,0.011401125472990862,0.00539692891373046,0.0013980186304294367
11.259999999999804,154.5490441668377,0.006590798757388487,0.010833922988654635,0.005508885266058688,0.0013913341353563337
11.269999999999804,154.62628073518792,0.006736694998962231,0.010279804706896644,0.00557443622557098,0.0013810375742434767
11.279999999999804,153.58570480736725,0.006922270746708652,0.009738235524212368,0.0055860459447746235,0.0013668176893622188
11.289999999999804,151.5101161574677,0.007141916573327671,0.009208384373261741,0.00555007891937683,0.00134839188481465
11.299999999999804,148.5286852154809,0.007383831733974978,0.008688358601447711,0.005478661751773244,0.0013255090819706168
11.309999999999803,145.01699726332515,0.007632355891211846,0.008174684335094716,0.005435338943758656,0.0012979536342083054
11.319999999999803,142.30440593045194,0.007870023404514594,0.007663429227484226,0.00539621046422769,0.0012655498024973146
11.329999999999803,142.7406456301565,0.008077808500909375,0.007152111564860364,0.0052955006843102385,0.001228165117398866
11.339999999999803,142.76723628064175,0.008235557256034517,0.00664020409027182,0.005118426598874451,0.0011857119923383381
11.349999999999802,142.3066972100778,0.008323657092998765,0.006282619682895298,0.004995062602315229,0.0011381487467507806
11.359999999999802,143.09944079542757,0.008324282852905056,0.006010504826994131,0.00523168296582533,0.001085481168796007
11.369999999999802,145.7796662609731,0.00822209303010789,0.005733483316956716,0.005354291083856903,0.0011537989745335567
11.379999999999802,147.69276757180668,0.008005271078983696,0.005458300933936864,0.0052996081842336985,0.0011873785593132687
11.389999999999802,148.74489129702283,0.007668736172310661,0.005188315031223176,0.005044079035886113,0.0011477729507545736
11.399999999999801,148.96399295308436,0.00721575474656902,0.004924024122708036,0.0054387730856825965,0.0011881437851326102
11.409999999999801,148.476797683962,0.007118871206708885,0.0046646706830194805,0.005751983800760539,0.0012949595578775983
11.419999999999801,147.48145641001963,0.007357684850582385,0.004409505556423154,0.005941866997517713,0.0013613039505494065
11.4299999999998,146.3845170280517,0.007490762534054417,0.004157305367639785,0.0062738767992553245,0.0014805903805709592
11.4399999999998,145.4968243455963,0.007494385820538286,0.003906764249205949,0.006684780740915727,0.0016274922564169147
11.4499999999998,143.95038609871267,0.0073488991818002536,0.003655484822932141,0.006893565923423735,0.0017077321198187335
11.4599999999998,142.8787615288461,0.0070414333450143475,0.0033992934468428026,0.0068631994080246145,0.001712444026220721
11.4699999999998,141.91011998014048,0.006567880619152645,0.0031320283519261764,0.0065810550144699154,0.0016385695378175926
11.4799999999998,139.37712029572677,0.005933112173805709,0.002845661196877301,0.006058714583310422,0.00148877170368622
11.4899999999998,135.5655952418058,0.005149232858130877,0.0025327380882993896,0.0053309139557421005,0.0012707433335253297
11.4999999999998,132.4874704898877,0.004234646449103421,0.002189584463287011,0.0044565816372307675,0.00099605087535175
11.509999999999799,131.74188777880988,0.0032151167722476942,0.0018161434662467744,0.003528449137116617,0.0007683099976181837
11.519999999999799,131.1450787912089,0.002122727363519777,0.0014158337621368161,0.0031836524734131064,0.0007098811193691182
11.529999999999799,130.14796484783588,0.0014020005687249923,0.0010972441374642117,0.002810820391132386,0.0006479571883583963
11.539999999999798,131.71889534393023,0.0014173049618656584,0.0014975422443294624,0.0028074205963885285,0.0005987913646653221
11.549999999999798,134.62471654928905,0.002086756225430359,0.0019017630854822726,0.0032622782142163473,0.0007747439974723566
11.559999999999798,137.18487676967575,0.002829762545576945,0.0023005542040836855,0.0039036345677335733,0.0010656161791166
11.569999999999798,139.51829400417498,0.0034680026614516504,0.0026834546531877192,0.004673412591683953,0.001306462836834814
11.579999999999798,141.7155591343959,0.004139351231238719,0.0030404444965632586,0.005289128146559094,0.001485458541730642
11.589999999999797,143.79373389504184,0.0046734771747778715,0.0033644095788953653,0.0056603186902021785,0.0015935526676983424
11.599999999999797,145.67696639610372,0.005020602938117531,0.0036532580977420557,0.005767280501243255,0.0016254824457814447
11.609999999999797,147.2149324312025,0.005174953909942038,0.003909894932693838,0.0056073210586890625,0.0015806475940885823
11.619999999999797,148.22390119961227,0.005141610822279242,0.00414074160377409,0.005196539687324347,0.0014637120014802092
11.629999999999797,148.52889770636298,0.004937755435713537,0.0043545046031362835,0.004693133398751331,0.001284788117316872
11.639999999999796,148.0033169531394,0.004590429743124164,0.004560111676036778,0.004890666790963071,0.0012237868411451673
11.649999999999796,146.69252752701138,0.004203329283054584,0.004763651374986845,0.005111949070643825,0.0012622877417824254
11.659999999999796,147.3218821885479,0.0041406960534712016,0.004968582270087233,0.005463551668019605,0.0012944148042030306
11.669999999999796,147.37046262770437,0.003988111607974271,0.005183800188431181,0.005731431251826928,0.0013201283717745572
11.679999999999795,146.2756826336503,0.0037797723300993205,0.005436165531398751,0.005847154890380441,0.0013444565006435379
11.689999999999795,143.86962520603493,0.003651931216879897,0.005702485477238363,0.0057851017411978106,0.0013621629673266908
11.699999999999795,140.16851395501942,0.0037182902053699567,0.005987509510397607,0.0055651495711555804,0.0013732379108027115
11.709999999999795,135.3901196567883,0.0037341858189234925,0.006294781938892314,0.005255972236812741,0.0013777955107177754
11.719999999999795,136.40245093250732,0.0037175416346273862,0.006625746041107088,0.005101567802270976,0.0013760030276068784
11.729999999999794,139.54786084859427,0.0036902253463300927,0.006978505238491674,0.005087070647623428,0.0013680789064642726
11.739999999999794,142.4172221521977,0.0036740034083577065,0.007347130995270842,0.005007364856729443,0.0013543031010364995
11.749999999999794,144.86098691271914,0.003687912591010315,0.0077233920573698414,0.00494130260005315,0.0013349859596179451
11.759999999999794,146.82238428991002,0.003801592883020792,0.008101938650699811,0.005052328789159348,0.001310475100623998
11.769999999999794,149.93388790882486,0.004079745884373574,0.008481450865667402,0.005115462001906501,0.001281171551209837
11.779999999999793,152.01834901930079,0.0043546533823653095,0.008860704856265245,0.005046224570144478,0.0012475130874432271
11.789999999999793,152.76659441957287,0.004600334867336123,0.009235863374601316,0.004918878175959513,0.0012099711166343142
11.799999999999793,152.1137927211368,0.00479665601674086,0.009599798033060125,0.0051072097667672475,0.0011690474326103522
11.809999999999793,150.14287182064436,0.004933467315156176,0.009944594826219098,0.005281666148553971,0.0012501659349104335
11.819999999999792,147.0691545496508,0.0051241794754503436,0.010265223434079616,0.005494231864901042,0.0013341002457480824
11.829999999999792,143.21721166022235,0.0054031303732894834,0.010559531678558812,0.005626517641301163,0.0014163349157993801
11.839999999999792,138.8202420854127,0.005645951988812857,0.010826668777228323,0.005711351733722379,0.0014978321333240813
11.849999999999792,135.7993100050073,0.005831142858804151,0.011067327009559156,0.00579181025474631,0.0015760137532474666
11.859999999999792,138.61112403944912,0.005939735881277987,0.01128468105928093,0.0059311090038467774,0.001649957982005441
11.869999999999791,141.73471615287946,0.00595933952349892,0.01148525376914819,0.0061879511146731665,0.0017190437264602337
11.879999999999791,143.59840386678442,0.005886430420508406,0.011678027882771088,0.006398781408866298,0.001782666265765475
11.889999999999791,143.9356625393403,0.0057241972640434706,0.011871976472476516,0.006560613237109264,0.0018410168726642271
11.89999999999979,142.7024627014237,0.005478835458904693,0.012074617415897443,0.006728935656184751,0.0018948031544852775
11.90999999999979,142.57754639220434,0.005158263356090054,0.012289819379217845,0.006990426405590956,0.0019423352813123615
11.91999999999979,144.79379340902588,0.004842586019842234,0.012516380252995294,0.007223490466720578,0.0019832337574566274
11.92999999999979,146.34838115035672,0.0051532556338779924,0.012750457413701234,0.007390045379090546,0.002017221163508644
11.93999999999979,147.05352386574714,0.005426344932686984,0.012988279746155285,0.0074678830037495526,0.0020440468144711185
11.94999999999979,146.81272969965923,0.005725970364515276,0.013225498928288518,0.007475657914387616,0.0020635402512967234
11.95999999999979,145.66190394585087,0.005893771299617425,0.013456478511117188,0.007595997436778563,0.0020756308912998284
11.96999999999979,146.79466928907814,0.005910357275683506,0.013676120663663714,0.007647396201551264,0.0020803173249945824
11.979999999999789,148.8623367639771,0.005758077146631107,0.013880773139224341,0.007615528385410291,0.002077655951730381
11.989999999999789,152.1966187738008,0.00542236301073808,0.014069350664385692,0.007506931007549039,0.0020677686807482245
11.999999999999789,151.7452352610827,0.004896763291448997,0.014243088596770696,0.007347120500140346,0.0020508566678041885
12.009999999999788,147.2746929039444,0.004187032910039709,0.014401973192472682,0.007170516978955697,0.002027117302705456
12.019999999999788,138.956635569397,0.0033108543194123293,0.014544889439567846,0.007074847876203863,0.001996834737079128
12.029999999999788,133.51891605608043,0.002296554754537647,0.014671783972978882,0.006930600171109917,0.0019603400777680425
12.039999999999788,131.1314781458218,0.0011814752725702918,0.014782229043188351,0.006751989485541768,0.0019180123002723209
12.049999999999788,132.51703133088444,0.0012181097901911434,0.014875380249416759,0.0065919740524409435,0.001870282126868283
12.059999999999787,136.7076142028361,0.0020952564802100056,0.014951905128855013,0.006428183940031131,0.0018176289558155582
12.069999999999787,140.5763927428223,0.002934174681537145,0.015014308694038034,0.006230872248392575,0.0017605708499870336
12.079999999999787,143.74254768282307,0.003791896229463639,0.015066801277433426,0.00600454666069968,0.0016996576701628766
12.089999999999787,146.78349274936372,0.004746202693479761,0.015114286459473004,0.006021757944714731,0.0016354741335095158
12.099999999999786,151.11560017468912,0.00555147392855787,0.015161548191051272,0.00657692278852031,0.001637136104956208
12.109999999999786,151.83372824311897,0.006187570845155916,0.015214689427318746,0.006879573181178987,0.0017350439521700632
12.119999999999786,150.73995736781367,0.0066460931986583776,0.015280918334401806,0.006922931635289745,0.0017491598326143235
12.129999999999786,150.1945379625805,0.0069288722701970245,0.015366170983919233,0.006726226203402893,0.0016867584929172697
12.139999999999786,150.5788010907681,0.007045709951563131,0.015474887308090782,0.006327417571367438,0.00155922284690346
12.149999999999785,150.85544111711386,0.0070139387141056105,0.015609532916788052,0.0057867979524103405,0.0014573559224394515
12.159999999999785,150.95270952910693,0.006858000495943611,0.015769098322789117,0.005965885723900054,0.001528918655173926
12.169999999999785,150.73914834992505,0.006606087266855872,0.01594849857506185,0.0061387371725963235,0.0016057634108745536
12.179999999999785,149.9935305940713,0.006285424213279534,0.01613830692439419,0.006303570395468651,0.0016846252188308227
12.189999999999785,148.5558116781499,0.005920888798063042,0.01632666446736539,0.006458601176016706,0.0017615477910336095
12.199999999999784,148.06665630531523,0.005855885801170096,0.016502349360438796,0.006602054903609669,0.0018327732593182453
12.209999999999784,147.60318413502642,0.005915853724689071,0.01665716116610762,0.0068001559195093745,0.0018954402410137207
12.219999999999784,144.7521396120987,0.005909731167321031,0.016786306572221025,0.006966645215846133,0.0019477143011450476
12.229999999999784,147.1914513733031,0.005870038508409126,0.016886508774890188,0.007082972412482137,0.0019882633913202805
12.239999999999783,149.7801870554439,0.005830412420589287,0.01695559032467823,0.007159151806269308,0.002016144124242816
12.249999999999783,152.30155952506675,0.005820485125578531,0.01699320697759606,0.007235292069684754,0.002031011112558878
12.259999999999783,159.765037511489,0.0058629483533823995,0.01700202887110333,0.00730447060483888,0.0020334566171899015
12.269999999999783,165.95029248593897,0.005976949180537525,0.016987526751506967,0.0073636509513432345,0.0020249547168151544
12.279999999999783,169.1847270354199,0.0062772930510419786,0.016955972941981326,0.007370657870413037,0.002007290410273149
12.289999999999782,169.63690221023984,0.006513735822309528,0.01691381535233368,0.007321168275203328,0.0019823777566617554
12.299999999999782,167.80976423053255,0.006661703765981817,0.016866520957625763,0.007219764613823899,0.0019518903765581494
12.309999999999782,165.35017802855384,0.006932618866621717,0.01681838191452355,0.0070765187701055,0.001917214904454818
12.319999999999782,162.54783181956114,0.00715844393670386,0.016773322015268707,0.0069042001728113166,0.0018797100608876544
12.329999999999782,157.10879992109093,0.007299159305189637,0.016734275154543458,0.006744868807792413,0.001840468562680097
12.339999999999781,149.85717687668196,0.007323309788314287,0.01670302240317561,0.006595215650515084,0.0018002935595654718
12.349999999999781,144.7408936708233,0.007212705232817823,0.016679839895277264,0.006423290705424543,0.001759582889386569
12.359999999999781,139.48178207861213,0.006963773540129867,0.016662785433865294,0.006230202176855934,0.0017181191871403834
12.36999999999978,133.92357379082432,0.0065844765886196,0.016646884697406415,0.006017245390795699,0.0016748416586595252
12.37999999999978,134.062731974582,0.006092804790965012,0.016623893446581575,0.005864184772705032,0.0016277841407790056
12.38999999999978,133.63244297806563,0.005514866423344547,0.016584892096365548,0.0058245061048170545,0.0015768669715021174
12.39999999999978,133.76256320579301,0.0048808830684011475,0.016523475742652505,0.0057591748891263365,0.0015679739513120717
12.40999999999978,135.62435797735884,0.004223518885551662,0.016435694732156027,0.005717761859201222,0.0015524938935679489
12.41999999999978,137.3623773673273,0.0035749224168040777,0.01631967694629325,0.005920689324596914,0.0016338041917643691
12.42999999999978,138.74675376412435,0.002961459847730039,0.016177430569391093,0.006285081279177452,0.0017209810753436529
12.43999999999978,139.57887769191848,0.002798586653538016,0.01601399119478842,0.006590843607186121,0.0018071323108378747
12.449999999999779,139.74645923680416,0.002849843424851152,0.015833701921058842,0.006830214692417401,0.0018912471363094969
12.459999999999779,139.252077759147,0.003049820233450431,0.01563999151386771,0.007170752772247753,0.001972316966524468
12.469999999999779,138.20119672194375,0.003194108073093809,0.01543591761081122,0.007490439636074205,0.00204934305672754
12.479999999999778,136.85644511954288,0.0032384658401237608,0.015222567859563713,0.007745706993275843,0.0021213465547214047
12.489999999999778,137.19801786275966,0.00316356558584163,0.014999612124456803,0.007927229058566135,0.002187385197893246
12.499999999999778,137.5163565004309,0.002959890242444589,0.014767207631217378,0.008046244397639332,0.002246569727479426
12.509999999999778,138.9353215260083,0.0026266348363189933,0.014526364261736445,0.008192292681768711,0.0022980719961689065
12.519999999999778,142.33299888144398,0.0021690829633796253,0.014279078253603672,0.008382670827723551,0.0023411271723622457
12.529999999999777,142.16861731185617,0.002255648629131025,0.014027820890705096,0.008497988852936744,0.002375040361664093
12.539999999999777,139.1301441624133,0.002378192374525857,0.013774100952719097,0.008542250957806672,0.002399201433749562
12.549999999999777,139.27584130071583,0.002490526111021497,0.013519815079329714,0.008534856827187276,0.002413099601001267
12.559999999999777,141.8942092408646,0.002608612745512114,0.013268298380997042,0.008599167121161884,0.002416328944838548
12.569999999999776,141.9154847366233,0.00309585357619234,0.01302138531923361,0.008595505742955504,0.0024085871309881867
12.579999999999776,139.12954206412047,0.003658568071698426,0.01277877493310042,0.008514806192879108,0.0023896765264888637
12.589999999999776,137.02086933363393,0.004166574128207371,0.012539320966633814,0.008366984980736087,0.0023595112940525465
12.599999999999776,140.0158778697717,0.004618893203258343,0.012301938173603236,0.008172903992833483,0.002318123207883606
12.609999999999776,142.71346648847907,0.00506140046484904,0.012066973711021868,0.0079520256981022,0.0022656583643575214
12.619999999999775,144.8196419097175,0.005683426559004576,0.011836112966372091,0.007742740361653104,0.0022023686155364483
12.629999999999775,146.07747175590032,0.006188923940507741,0.011817410980115515,0.007553221676876289,0.0021286082715179368
12.639999999999775,146.4115082735239,0.006558313774212426,0.0118382817114146,0.007379599100449083,0.0020448378196936752
12.649999999999775,145.72330313550378,0.006777678741091626,0.011840111913103394,0.007216221334494586,0.0019516250009697141
12.659999999999775,144.34903109243987,0.006842798150923698,0.011822145393010308,0.007040582642226385,0.0018496358490923057
12.669999999999774,142.5295812037684,0.0067605100671417045,0.011784304067539535,0.006822857750015415,0.0017396205810127794
12.679999999999774,143.16121825415314,0.0065480120091245,0.011727749411935783,0.006538436913117422,0.0016224056746117878
12.689999999999774,145.03035712141178,0.006231201158795158,0.011654863306483406,0.006176988698270435,0.0014988954716276962
12.699999999999774,145.78031567671636,0.005841988395510999,0.011569454815452811,0.005745042315011833,0.0013700738687109843
12.709999999999773,148.39000822327804,0.005800600885958037,0.011476477079074282,0.005776624591419778,0.0013245719323449713
12.719999999999773,151.27000144101976,0.005926246028137463,0.011378733504349176,0.005838603952979786,0.0012968444670811733
12.729999999999773,151.69892738353957,0.006026619392561988,0.011274880072359975,0.005764122084186252,0.0012618503557050398
12.739999999999773,149.64658936346794,0.0061361722651556904,0.011159997442601686,0.005545038355276297,0.0012198774236153553
12.749999999999773,145.32677377973974,0.006305650643116514,0.011026076804323133,0.005195430328930116,0.0011713312467838105
12.759999999999772,143.62492485009258,0.006800267779975935,0.010863481927413635,0.005258395141439831,0.0011572277136909339
12.769999999999772,144.28110410158263,0.007337672344223466,0.01066260883044379,0.0056144333007225,0.001164970812768861
12.779999999999772,145.77282182118807,0.007874494542553366,0.010416658603646566,0.00583255405792677,0.0011893336958008326
12.789999999999772,147.1417879773844,0.008364290314098705,0.010124582568104877,0.005875288085564969,0.0012055776311177776
12.799999999999772,148.28816719616773,0.008762330333408183,0.009790087921691669,0.005742097530924193,0.0011670923264388874
12.809999999999771,150.17677248421685,0.009030623230894283,0.009419475245769558,0.005607735849447135,0.0011595671435094853
12.819999999999771,152.58546611750384,0.009488565327262952,0.009020380450461404,0.005731782588397334,0.001147433194871933
12.829999999999771,154.14889482761717,0.009944429683805633,0.008599176836396397,0.006092281152506173,0.0011304654123747999
12.83999999999977,154.6680362180536,0.010249913978100688,0.008305332588020303,0.006331451676554874,0.0012041718133560732
12.84999999999977,154.03029093985305,0.010358550775770619,0.00807869493168641,0.0064176997709879295,0.0012934573932779103
12.85999999999977,152.18656699732298,0.010238469404407776,0.007848478222921796,0.006330508165126307,0.0012908532134872132
12.86999999999977,149.14845877557295,0.00987692622606254,0.0076202767719779595,0.006063853315396608,0.0011927255781049254
12.87999999999977,145.04705830479386,0.009286009295664449,0.0073996679961204955,0.005627639776349058,0.0010929094226627062
12.88999999999977,140.1565673649813,0.008502923691603279,0.007192030612022988,0.00504692850762601,0.0010951363757632118
12.89999999999977,139.292429348869,0.007584100006486303,0.007002064424202411,0.004359101075524998,0.0010985236088251452
12.90999999999977,141.442439638207,0.006596908332680633,0.00683229431366512,0.004029852161540238,0.0011037846749061885
12.919999999999769,142.68804508597552,0.005610833858430216,0.006680017111989206,0.004021124908445319,0.0011101589180186648
12.929999999999769,143.27956457507656,0.004689985863034123,0.006536616926740274,0.004083381903567184,0.0011152298139368586
12.939999999999769,146.02594865219677,0.0038877797974691277,0.006391398575401704,0.004251329479435966,0.001115989657528639
12.949999999999768,147.7608404095602,0.003241380512786318,0.006235275537749645,0.004229169783298126,0.0011099309058679044
12.959999999999768,148.29996596451826,0.002866794029031708,0.0060620725012057305,0.004516969586642505,0.0010954246110147512
12.969999999999768,147.58109853668066,0.00268259535691265,0.005869145082125264,0.004691975336484116,0.0010719052207145204
12.979999999999768,145.6769513160687,0.0025151460414472126,0.005657212215029487,0.00471701102019076,0.0010398240807909349
12.989999999999768,142.7949613120688,0.0025371912438953035,0.005429599287778715,0.004584783275499535,0.0010004232289808077
12.999999999999767,139.2462502142061,0.002521377854250554,0.0051907353506803885,0.004302015352361434,0.0009552938496038739
13.009999999999767,135.38689010338973,0.002437832828701877,0.004944871110040093,0.004345823883568048,0.0010705729579144447
13.019999999999767,134.43327100056723,0.0022580521175705913,0.004695642194934193,0.004636530359296275,0.0011762147424872593
13.029999999999767,135.40673530395102,0.0019581744180830665,0.004444804721032473,0.00471508765076912,0.0012129884056855378
13.039999999999766,135.00998996007797,0.0016208954294935536,0.004191325284448462,0.004538096370940919,0.001170437554412843
13.049999999999766,132.8660994004844,0.001266235333490253,0.003932154147078186,0.0040919665211768775,0.0010448630088294305
13.059999999999766,133.3642494410955,0.0018508149837947563,0.003663304829131528,0.003829673609731368,0.0009778329862677494
13.069999999999766,133.13008382483775,0.0025870785400355224,0.003381110060227764,0.003794669821637268,0.0009952745773494074
13.079999999999766,134.09366919747933,0.0033345698698103504,0.0030833749586113776,0.0036946123076200916,0.0010039863162930015
13.089999999999765,134.3188114247849,0.0040664994657425724,0.002768893376242452,0.0036766663151770484,0.0010032025080136072
13.099999999999765,134.0300332531323,0.004754952254965163,0.0024376893081805868,0.003782831663431947,0.0009923726709590694
13.109999999999765,133.5188601819055,0.0053721098675223525,0.0021049979786168737,0.004076319339395181,0.0010876281978268606
13.119999999999765,133.94967453245522,0.0058911200159903546,0.0017638541982405447,0.004580095446305357,0.0012479543278872498
13.129999999999765,138.03923386426663,0.006287810268194135,0.0014116436612691952,0.005404621526835571,0.0014999274303025439
13.139999999999764,140.7179209260714,0.00679108591271749,0.0010544100141655658,0.006018024868502414,0.001685941868954204
13.149999999999764,141.7832200416482,0.007155945539382628,0.0007010758523439055,0.006345900347072749,0.0017871304758537664
13.159999999999764,141.1315639420708,0.007319306653581426,0.000685885684616168,0.00636395405626935,0.0017978310725882286
13.169999999999764,138.76349748481687,0.007278245682453987,0.000683396447622962,0.0060705599335341915,0.0017182746860116252
13.179999999999763,139.39754230977715,0.007041600593182966,0.0006884423371093239,0.005540570270150895,0.0015545351888720125
13.189999999999763,139.5876942653448,0.006631004617427905,0.0007594342194099451,0.005558185504743985,0.0013181858615481767
13.199999999999763,138.93485628356734,0.006079463940229463,0.0010898194892812049,0.005566199190816527,0.0013161094797937032
13.209999999999763,137.43348863660847,0.005428442236104595,0.0014133335430583259,0.005570900913478112,0.0013167879816929707
13.219999999999763,138.4729183646457,0.004723816413206313,0.001728888791224819,0.00585564611943927,0.001306145102884197
13.229999999999762,140.22241218866145,0.004012373367650196,0.0020349019290799926,0.005990393065046767,0.0012842016218146022
13.239999999999762,141.15692649892495,0.0041933036132892725,0.0023267604248694285,0.0059287619928773015,0.001251090945880605
13.249999999999762,141.25882885305006,0.004638620489657673,0.0025993823635366018,0.005664001354535971,0.001207063296750317
13.259999999999762,140.97360766296785,0.005252891047533168,0.0028511738488762412,0.005228865440317893,0.0011524803942417618
13.269999999999762,139.93337291159162,0.005916474574587348,0.0030995464695183516,0.0046865593621231594,0.0010878049887053881
13.279999999999761,138.33560920537133,0.006572990638742043,0.003344769683440344,0.004603870288921099,0.0010151149012465914
13.289999999999761,139.21893474534363,0.007162734484031633,0.0035811099663564175,0.0052785808439293706,0.0010569989293344694
13.299999999999761,142.16747868075657,0.007629344294124258,0.0038050481735387226,0.005862522094087453,0.0010933112561815777
13.30999999999976,144.66456784450938,0.008069936944505451,0.004010125955503231,0.0063102560799329745,0.0011383250661284746
13.31999999999976,146.42691001260872,0.008574842363169789,0.004190732359408268,0.006609232299878553,0.0011526435248312382
13.32999999999976,148.6980470944278,0.008942693837567996,0.004344756764136821,0.006751037355139089,0.0011657083920537954
13.33999999999976,150.9669661000949,0.00914153169214802,0.0044733866748929,0.006732201447144043,0.0011897614881343386
13.34999999999976,152.23322188771243,0.009154673345515266,0.004579281619096687,0.006555270904199138,0.0012066440272287403
13.35999999999976,152.46096311565663,0.00898294645636895,0.004666172233185023,0.006229939090392791,0.0012160906808855426
13.36999999999976,151.67542368018053,0.008646040976015323,0.00473875240181319,0.005773917121681042,0.0012178869870900586
13.37999999999976,149.9649317059038,0.008179002180708907,0.0048018536469012114,0.005213130322500059,0.001211872161369379
13.389999999999759,147.44805359614398,0.007626055540956281,0.004858829121627992,0.004710159569580478,0.001197941265947602
13.399999999999759,144.24280204522898,0.007036627756411451,0.004909154254087327,0.004603163171391045,0.0011760466791706041
13.409999999999759,140.47446566414632,0.006461458670016499,0.004948335071740336,0.004470609837091857,0.0011461994598634443
13.419999999999758,136.3117975420116,0.0059471856327555925,0.004970643594580053,0.004313780839529318,0.0011084710630834343
13.429999999999758,134.56127835498194,0.0055325140913953874,0.00497190549538811,0.0041615567940075215,0.0010629950531598831
13.439999999999758,137.89168159039343,0.005244767741342446,0.004951408510334155,0.004146999728635137,0.0010099680469110037
13.449999999999758,141.35752813236212,0.005095841705909245,0.004912280998198203,0.004083421163206231,0.0009914874249373348
13.459999999999757,143.57998016145274,0.005079742534197409,0.004859245271483238,0.004256978563676796,0.0010752431068955346
13.469999999999757,144.21256548455938,0.0051735009567749944,0.004795759873099234,0.00438301563347966,0.0011106238441886832
13.479999999999757,143.12245388885398,0.005340405170042419,0.00472306193738125,0.00457474325631803,0.0011206774116783267
13.489999999999757,141.35544495474696,0.005533661134377258,0.004640349019611959,0.004761236504894963,0.0011879053915123407
13.499999999999757,141.88657349670288,0.00570188304151456,0.004546095112014836,0.004919866023728854,0.001246130202309867
13.509999999999756,141.98675530798295,0.00579657769127984,0.004440407609241765,0.005032753343191379,0.0012950210684394292
13.519999999999756,141.54036565804904,0.005779780450208419,0.0043259352025817755,0.005090597292637583,0.001334347196825981
13.529999999999756,140.4700057196518,0.005628489878690068,0.0042074665941777886,0.005095529409712537,0.0013639769713668694
13.539999999999756,138.76380041227148,0.005383101405971172,0.004089810718706697,0.005060471261172389,0.0013838748821643437
13.549999999999756,136.47993535822766,0.005242691997923864,0.003974544749920128,0.005050292756569141,0.001441917209460883
13.559999999999755,137.45737073638304,0.004970254364406255,0.003861310062308814,0.005122341250808747,0.0014622950930078895
13.569999999999755,136.06071100758848,0.004553412426001196,0.00375196734793476,0.004971821514866353,0.0014036131586114234
13.579999999999755,133.25931076624528,0.003987448861052035,0.0038549500277485185,0.0049080478192625974,0.0013690045161120702
13.589999999999755,133.4792337135833,0.0032781964197117334,0.003948896921522642,0.004896589317313232,0.0013432581923732137
13.599999999999755,133.08037166991892,0.0024422672970214124,0.004030980502298002,0.004838491483712747,0.0013096151556669863
13.609999999999754,132.1650352260497,0.0015068362419939276,0.004099959030373046,0.004704735052014877,0.0012686434341789925
13.619999999999754,131.59708675856461,0.001243230970193753,0.004156398307721465,0.0044845291830085295,0.0012209666599546187
13.629999999999754,132.25983609671368,0.001910275322574792,0.004202438638268871,0.004236925491586325,0.0011672525233203323
13.639999999999754,132.18142785509835,0.002530750297217311,0.004240168194755863,0.0044847200594766885,0.0011081991410043547
13.649999999999753,137.54111118441546,0.0030828787846253407,0.00427143793309224,0.005463844949573263,0.00123448598058483
13.659999999999753,143.14071222431065,0.003654634571126438,0.004301109868453891,0.006349824151910059,0.0015023294310401157
13.669999999999753,146.78343748209357,0.0043169690586775875,0.004336693609069484,0.00697388317794632,0.001679001477607447
13.679999999999753,148.20435857351123,0.004797013000838161,0.004395832616298128,0.007282732426257394,0.001753027563738429
13.689999999999753,147.33889367510258,0.005078470674638713,0.004536547421150107,0.007276250643951616,0.0017214962076884269
13.699999999999752,144.32138834944573,0.005158716046935773,0.004686848539827509,0.006981941168698866,0.001590133228861628
13.709999999999752,139.46096209698183,0.0050514027792512226,0.004843949612800085,0.006461519804852982,0.0013724502691349616
13.719999999999752,138.84789393901644,0.004784356787028071,0.00500175101342641,0.005818957117272477,0.0012752945628588786
13.729999999999752,139.82523034862484,0.004393707827924666,0.005152832208684723,0.005187090704715859,0.0012868689873278033
13.739999999999752,140.25345287462693,0.004278308233138728,0.005290316605571995,0.00470784237118691,0.0012884110334863063
13.749999999999751,140.10443896640507,0.00494655870767349,0.0054103272752026674,0.00470682080039871,0.0012798254083923304
13.759999999999751,145.20591525932292,0.005606110513626733,0.005512487100381446,0.005051354825742176,0.0012610954983560934
13.76999999999975,149.3242660400339,0.006233478677667563,0.005600538576100662,0.0052660690120558224,0.001232283896397699
13.77999999999975,151.07998905226216,0.006802714879878409,0.0056796159412086855,0.005330441604634388,0.0011935324251529673
13.78999999999975,150.48242123802586,0.007415237162427616,0.005754626052671583,0.005712719266547933,0.0011450617915255454
13.79999999999975,147.61284587483317,0.00798763971735315,0.0058313810498189945,0.0064155475365276285,0.0011221152796508937
13.80999999999975,142.92092886625977,0.00847710227218776,0.005915162198194628,0.0069185637659134385,0.001104394860635293
13.81999999999975,145.55489242883144,0.008864291871979874,0.0060076105240768245,0.007213871017411032,0.001078882222612205
13.82999999999975,147.74710428521186,0.009132134611573276,0.006106649131639668,0.007303234697390584,0.0010460706580222852
13.83999999999975,149.34045397083824,0.009265774207323224,0.006208382945201377,0.0071974322200007235,0.0010065441183581664
13.84999999999975,150.24459749219582,0.009253827987625213,0.0063090504600040904,0.006915693504710922,0.0009735826006898726
13.859999999999749,150.71878989693144,0.009090466131449449,0.006405168387682375,0.006485116239969522,0.0009592399310615922
13.869999999999749,151.8682363192738,0.008779414588034629,0.00649248040858931,0.005939841479328086,0.0009599482290822465
13.879999999999749,151.95887035178473,0.00833707122187136,0.0065660558122581335,0.005319720215353762,0.0009837455797942415
13.889999999999748,151.02384430618727,0.007790919783553731,0.006619789013628647,0.004939659928112992,0.0011171502956370777
13.899999999999748,149.13227109841065,0.007176499146646403,0.006696705117350633,0.005175954285149788,0.0011853202448690702
13.909999999999748,146.3912141697828,0.006535462252621618,0.006804452046909554,0.005269424093440604,0.001181155263325426
13.919999999999748,142.94513394321746,0.0059103887544618506,0.006885906442724715,0.005203280601681858,0.0011088824328139553
13.929999999999747,138.9480408234415,0.005338461110174319,0.006943029700507333,0.00497648653443316,0.0009828132268828477
13.939999999999747,134.58566022594454,0.004847885826740964,0.006978208322947236,0.004597424212504693,0.0009438295122482235
13.949999999999747,135.09427242110982,0.004455719686687173,0.006993103027915655,0.004088588360523933,0.0009166278149683894
13.959999999999747,137.9399839231797,0.004165903506426237,0.006989847348661732,0.0036179169133888386,0.0008859159251159487
13.969999999999747,140.7847474757485,0.003967158099263179,0.007218085906574302,0.004095211417961169,0.0009097233643193721
13.979999999999746,143.07051270763083,0.003833463644978674,0.007486500650569515,0.004521601572435631,0.0010529084081954483
13.989999999999746,144.43428395526587,0.003729397473524523,0.007751875762177148,0.0048534406592466274,0.0011174531055972137
13.999999999999746,144.56823675363776,0.0036159257352094995,0.008015991192296975,0.005058056666912199,0.0011236439663243353
14.009999999999746,143.23500537152162,0.003454118918127223,0.008278782497249094,0.005108774909067762,0.0012131183093447863
14.019999999999746,141.36289482562788,0.0032101408785713205,0.008536926905726699,0.004987656127070251,0.001294874474355162
14.029999999999745,140.65095475978995,0.0028619378413016444,0.008784918520339944,0.005154862492155487,0.0013682778471477452
14.039999999999745,138.9789230505599,0.002402745346102741,0.009016725359285204,0.005461756424340775,0.0014327541062868659
14.049999999999745,136.54828037186005,0.001840548705954267,0.009227090529283366,0.005693058704764528,0.0014877932178955367
14.059999999999745,133.57565595976124,0.001887616373060769,0.009412155397299497,0.006064405094246665,0.0015329536663228592
14.069999999999744,134.1922482313631,0.002319841363593122,0.009568035488754335,0.006388510429601368,0.001567867234474106
14.079999999999744,138.06274626636548,0.0026323773678307107,0.009690435202866466,0.006580201014151616,0.0015922437041987348
14.089999999999744,141.36740722650882,0.00283126850763628,0.009777034717055733,0.006605161403091425,0.001605874666660786
14.099999999999744,142.9509552701373,0.003071910999506243,0.009827829088185417,0.006456148479641772,0.0016086364076006434
14.109999999999744,142.65947441710497,0.0037302277470277253,0.009844516820515627,0.006281163823011436,0.0016004924018087018
14.119999999999743,140.64682533954254,0.004391462423119333,0.009832655282863928,0.006470852431446938,0.0015814955341767265
14.129999999999743,137.29375128132628,0.005033284632061363,0.009801059187197403,0.006623688493507099,0.0015562940290751608
14.139999999999743,135.96545186958593,0.005632844693791702,0.00975809827879937,0.0067382682050315,0.0015218270959548948
14.149999999999743,140.41226875892292,0.006168501192183744,0.009710183079083822,0.006813438872365497,0.0014772265517773863
14.159999999999743,144.15017916371235,0.006620285536959286,0.009662001814779905,0.006848302174976107,0.0014228513262632345
14.169999999999742,146.87345393147805,0.0069708355038158145,0.009615774573311137,0.006842486616397046,0.001359135307275542
14.179999999999742,148.43708839684479,0.0075097797984973735,0.009570959711984356,0.0072164936210450436,0.0016558312888463752
14.189999999999742,150.10502434386066,0.008026981258283272,0.009524544881781463,0.007713388762902214,0.0018843969273790973
14.199999999999742,152.7724056182998,0.008347730495759194,0.009470269254604237,0.007954623541534226,0.0020153789828227385
14.209999999999742,153.5105462507176,0.008448924195648046,0.009399244907482686,0.007864264742809383,0.002036052525779835
14.219999999999741,152.2017668318772,0.00832284364814688,0.009302837036445279,0.00740872459223305,0.0019423263171376513
14.229999999999741,148.90106322140204,0.007979419961416653,0.009176394400733324,0.006595150189094961,0.0017395200011579228
14.23999999999974,143.8390492851195,0.007445000423780648,0.00901991424812836,0.005712497299459676,0.0014422392737568545
14.24999999999974,137.4754842167341,0.0072305429462175465,0.00883533693828222,0.005640215907676102,0.0011267379463283528
14.25999999999974,137.6196471086687,0.00753784932854626,0.008627171124314315,0.0055470328464442605,0.0011303672044048153
14.26999999999974,138.51555987454586,0.007887804732418496,0.008403388946580397,0.0054252340025718335,0.0010659914685632553
14.27999999999974,138.5941703576714,0.008346533286089548,0.008171680551286694,0.00527559541578006,0.0009690724879156704
14.28999999999974,140.0327863191125,0.008685954174470472,0.007937542538956647,0.005346397140502774,0.0011144392436629558
14.29999999999974,144.79614308881824,0.008898093983563102,0.007708686965013225,0.006262697460993998,0.0011822551732456807
14.30999999999974,146.9413291349232,0.008986042517770562,0.0074920740635174244,0.006937659272309091,0.0011652825495977572
14.31999999999974,144.56983633473888,0.00896302603312542,0.007280162901642942,0.007363818702358102,0.0012302725680865029
14.329999999999739,143.30499771048335,0.008848987911680355,0.007070662068264122,0.007550523252812351,0.0013068377982802964
14.339999999999739,141.34992450045416,0.008665978605794445,0.0068603538210415295,0.007520131636271814,0.001377834173924304
14.349999999999739,137.99551282390803,0.008434149148654806,0.006647012124675282,0.007303830057248937,0.0014426091415609184
14.359999999999738,138.92116977370273,0.008168974275714998,0.006431770674095388,0.006937790696681639,0.0015005630425102459
14.369999999999738,140.2907638924527,0.007880866726664855,0.006218083707048028,0.006460124916538784,0.0015511542381470272
14.379999999999738,142.60982590592414,0.007576583261096113,0.006008584587063714,0.006110026217976476,0.0015939027282268201
14.389999999999738,145.1713410117989,0.007261685075649928,0.006004960104935666,0.006111675641329438,0.0016283944694568482
14.399999999999737,147.0478525254046,0.00694143375070196,0.00617547074390868,0.0062795989814549615,0.0016542867880464391
14.409999999999737,148.05182681424134,0.006620672859185092,0.0063332906202209225,0.006459347040931207,0.001671312790743056
14.419999999999737,148.07996374246238,0.0063055378460784685,0.006481065357613878,0.006524509284371556,0.0016792829996390098
14.429999999999737,147.1024741416779,0.006004580474961196,0.006622697806880074,0.006463445283365935,0.0016780851249776096
14.439999999999737,145.13641215554196,0.005726564355784464,0.006761086804636223,0.006285779889535093,0.0016676842286173096
14.449999999999736,142.25689195707318,0.00547773303354082,0.006897153716242145,0.006026441461235781,0.001648123718975309
14.459999999999736,138.62299831268342,0.00526137083063518,0.007028886055937112,0.005808696078274177,0.0016195253037060522
14.469999999999736,134.48663157207923,0.005078100212536749,0.0071504960454068685,0.005675944807807483,0.0015820866191206134
14.479999999999736,135.7768371349909,0.0049255042718091,0.007253970365597387,0.005519051796485979,0.001536077942550872
14.489999999999736,139.6692296853011,0.004796847431588605,0.007330555743275236,0.005586337517658699,0.00148184026896762
14.499999999999735,142.37347023876157,0.00467915410404102,0.007371344505325892,0.005827719620376061,0.0014198001546812814
14.509999999999735,147.01759585852776,0.004554148553899993,0.00736941573864799,0.006087048286446683,0.0013504283693985123
14.519999999999735,152.9339346047572,0.00440344669938986,0.007322689355818617,0.0062386635636189096,0.0012742538875960222
14.529999999999735,153.8320586617473,0.004212757800713135,0.00723421450034362,0.006179427511701985,0.0013249461027127433
14.539999999999734,149.1506459881166,0.0039727413970732555,0.007110265107281986,0.00584955613606664,0.0012765535458939986
14.549999999999734,142.2897219723847,0.0036815036156153274,0.006957915905393302,0.005303841401347775,0.0011252834550808744
14.559999999999734,140.56583583219253,0.003347483340604696,0.006783913073579411,0.00479348367068877,0.001054181930489099
14.569999999999734,138.40705969925847,0.002986320942476946,0.006595930201225944,0.004252131924518406,0.001070163142754633
14.579999999999734,135.75571154954574,0.002702780905110394,0.0064031797348110585,0.004067864881131961,0.0010800988245644376
14.589999999999733,132.81801773196545,0.002837340232707931,0.006212831935010437,0.004382966327086794,0.0010835405909049383
14.599999999999733,140.74926616667483,0.0028675480952341007,0.006161318383466589,0.0049512117970680735,0.0011947698386354341
14.609999999999733,149.0882376467939,0.002756376324297944,0.006130906433343924,0.0053135967980902695,0.0013150911001616377
14.619999999999733,152.91142746128352,0.0024775444321296315,0.006092935645741304,0.005401402329780287,0.0013424518643222558
14.629999999999733,151.95844608829688,0.0020201403546173512,0.0060413584941766294,0.005187591931060506,0.0012685359699304353
14.639999999999732,149.14624395992828,0.0013899533231182405,0.0059677359882264825,0.004713337638091904,0.00109425494805301
14.649999999999732,144.8440064380273,0.0014932352871491839,0.005863533485688883,0.004428885688248823,0.0009569867523102219
14.659999999999732,142.7204089219929,0.0021461195992739973,0.005722707128165726,0.003995420451350968,0.0009113432110447778
14.669999999999732,139.52420707040568,0.002785511995449894,0.005563243150012083,0.0035680853169267127,0.0008591630222897758
14.679999999999731,135.3677837071072,0.0033769789284960805,0.005588939783428911,0.003650364948140642,0.0008459595374770205
14.689999999999731,132.32661129834375,0.0038904030287961163,0.005588969309166541,0.004174282605895205,0.0008742208866695505
14.699999999999731,133.4924522535299,0.004458367239828964,0.005563085848654779,0.005085504859801707,0.001146745076427791
14.70999999999973,136.40403981399587,0.005193615918014195,0.005512557595260476,0.006112233219546868,0.0014495540118443723
14.71999999999973,139.29539276684886,0.005764133712555313,0.005439281378293928,0.006905466765303277,0.0016709055347643564
14.72999999999973,142.873363106224,0.0061476118103845345,0.005345225907411298,0.00740193439576718,0.0017962807187717326
14.73999999999973,144.76347634379886,0.006505669491865314,0.005233042012383989,0.007574264437856451,0.0018180136246162258
14.74999999999973,144.7393470424042,0.007007618704691415,0.005105307962715176,0.007429144230103277,0.0017356983460500026
14.75999999999973,142.8541979893909,0.0073816760906876625,0.004964049800759541,0.007008316584042561,0.0015561567512167374
14.76999999999973,140.27793626132416,0.007801361736273239,0.0048117594748508085,0.006391069912597715,0.0013072160749830755
14.77999999999973,139.43666549286812,0.008467660150610758,0.004651072521735743,0.005847492283876137,0.0013262208864722894
14.78999999999973,138.22874629702935,0.00895735853809848,0.0044834876667417065,0.005996241055833417,0.0013351275049507116
14.799999999999729,142.50941184839894,0.009262891552214186,0.004309136774484957,0.005956984804629277,0.0013338583496531977
14.809999999999729,146.112781962999,0.009391638142086645,0.0041269207289422885,0.006265386628613359,0.0013224219270951843
14.819999999999729,148.70440794685263,0.009364561481437357,0.003934292169605801,0.006879105866724578,0.0013009131870227945
14.829999999999728,149.78249187844452,0.009214180047901836,0.0037280016630420816,0.007295783388058269,0.0012695125542571705
14.839999999999728,149.3267948693158,0.008978916319123505,0.003505487812750492,0.007520098077251998,0.0012668753891840923
14.849999999999728,147.42759109485863,0.008696522838562185,0.0032651667194007208,0.0075664982437184435,0.0013172868863860644
14.859999999999728,144.26604637348728,0.008399177834788496,0.0030055487227760545,0.007456259544796537,0.0013004063085322887
14.869999999999727,140.12116725802713,0.008110303165608176,0.0027251950582160263,0.007214726631841268,0.0012171810030762221
14.879999999999727,137.9866481254568,0.007843365015303834,0.0024244469525764724,0.006869051557825257,0.0010774119249028437
14.889999999999727,139.06973457330068,0.007601377498349201,0.002105040681085139,0.006446616125959533,0.0009241517357960267
14.899999999999727,139.96274448748756,0.007377191968935762,0.0017686998052993382,0.005974123618361936,0.0010376669880464127
14.909999999999727,141.70774148437275,0.007155871355021026,0.0018985470015183456,0.0054771213000176545,0.0011099436516665122
14.919999999999726,144.56921623529587,0.006918509916254082,0.00208543639789452,0.005363626666833844,0.0011277673318902228
14.929999999999726,146.5995023851937,0.006647678486036315,0.002261485942265932,0.005551917665439551,0.0010864917421337672
14.939999999999726,147.52103812631415,0.006332289496026955,0.0024547383537258157,0.005621972708747717,0.0009909271585780792
14.949999999999726,147.24298467117643,0.005967860239249523,0.00263373171514105,0.005557328666508205,0.0009487168821059801
14.959999999999726,145.56794846242593,0.005555513026236857,0.00279081143977727,0.005353084389797949,0.0008510310092391575
14.969999999999725,142.5021842679226,0.005102366039019316,0.002924320776685991,0.005015082493949101,0.000816649315039242
14.979999999999725,138.15568368869756,0.004621245913701439,0.00303275870341981,0.004563384366041309,0.0008744167507004692
14.989999999999725,132.76599990857278,0.004128718011196656,0.0031157883884660527,0.004019437328431572,0.0008835427912744752
14.999999999999725,131.03911689388275,0.003642244683125867,0.003174624798826379,0.0036778523109365214,0.0008396705260457305
15.009999999999724,133.48187468006356,0.003178271777968582,0.0032125382117877055,0.004003029539535903,0.0008063630809074006
15.019999999999724,136.423674042411,0.002751065321026603,0.0032349982596367806,0.004363959132463417,0.0008150425298115273
15.029999999999724,139.17898662398719,0.00237243355714583,0.0032476693322828994,0.0046549105364127735,0.000897504161191419
15.039999999999724,142.28717423480694,0.0020524624634817557,0.0032546874798128505,0.004819638117295642,0.0010243191746194262
15.049999999999724,143.85538111621955,0.0017992910789618188,0.003258260773227076,0.004817923624781231,0.0010735877290527507
15.059999999999723,143.7363410559692,0.0016165215400616951,0.003531885083039465,0.004619254734493609,0.001040316859401181
15.069999999999723,141.98394060598258,0.001501063868934436,0.0037989176506793556,0.004305386613833421,0.0009317694910113675
15.079999999999723,140.49664906035446,0.0014445250645725818,0.0040551817643003744,0.0038364768840511536,0.0010022677046737356
15.089999999999723,138.35360102351427,0.001436651843767127,0.004301052330671312,0.0039886213417754165,0.0010652574170497034
15.099999999999723,135.4296982877874,0.0014674361320000417,0.00453813625626359,0.004290142584906908,0.0011203672873065103
15.109999999999722,133.14688825509106,0.0015266750917723986,0.004767863280992395,0.004640772865221888,0.0011672933480688214
15.119999999999722,134.8766729712107,0.0016025284232203268,0.004989926650101832,0.005190424428276454,0.0012058009139884899
15.129999999999722,135.2421192938426,0.001680329823544693,0.0052025126411248904,0.00564827663623148,0.0012357265308058979
15.139999999999722,140.49442107491672,0.0017427393690363099,0.005403669610382655,0.0059192720781299215,0.0012569795763387598
15.149999999999721,144.13036289291276,0.0017702482165906479,0.0055918161634065065,0.005946403868454647,0.0012695425630869911
15.159999999999721,143.7313456300299,0.001742026635213946,0.005765988805261097,0.005719864440107955,0.00127346981505931
15.169999999999721,142.3385729437924,0.0016388697828074597,0.0059261178877629715,0.005287784748483061,0.0012688851266550822
15.17999999999972,141.18065091585896,0.0014459670514769065,0.006072774945191966,0.004792971025017314,0.0012559790530034057
15.18999999999972,139.06987003055946,0.0011680634853003988,0.006206644629651557,0.004694738950725662,0.0012350058082228387
15.19999999999972,136.2609311905225,0.0017610408222210887,0.006327963448226523,0.004790319235000164,0.0012062793433709148
15.20999999999972,133.07392672716415,0.002308760141183572,0.006436066998938885,0.005005532538649903,0.0011701684182603418
15.21999999999972,135.79473674001784,0.002740705874250104,0.006528169160546396,0.005253096882747969,0.0011270910304038068
15.22999999999972,140.66938448369922,0.003017345966467048,0.006599565740645569,0.005907358067881257,0.0013164129131009719
15.23999999999972,144.17415589217305,0.0031191492609647597,0.006647400646777223,0.006388881343404685,0.0015216532336845567
15.24999999999972,145.4839226891026,0.0030485180368297186,0.006673328093424058,0.006574444833201093,0.001618076707739747
15.25999999999972,144.4589068141796,0.002828453590935786,0.006683158148919576,0.006401287999441137,0.0015962501659983182
15.269999999999719,142.90498403970898,0.002953759827646433,0.006685468508502409,0.0058597272911424655,0.0014569648337613098
15.279999999999719,141.12281275081602,0.0031924855297895665,0.006688247369848342,0.0049893116932537155,0.0012109382046346885
15.289999999999718,137.7571803978327,0.0033102099112546756,0.006695666209017414,0.0045293601114498845,0.0009376676059738822
15.299999999999718,136.31738585879265,0.003317814304148071,0.006708425353648289,0.004493375730425032,0.0009789377000216787
15.309999999999718,136.56164631267126,0.003238586091437001,0.006725989617223807,0.0045552526702702266,0.0010176698447798768
15.319999999999718,136.1302782139561,0.00333929364317488,0.0067470466065398796,0.005224916634913084,0.001053124993272592
15.329999999999718,137.5280170478688,0.003678043265277749,0.006769438578003471,0.005798015900037972,0.001084401195353264
15.339999999999717,143.85503489339268,0.0038850182070267916,0.006790751010801526,0.006263512993394512,0.0011783558516464752
15.349999999999717,148.5156767816345,0.004124941875504841,0.006808125862872531,0.006614621043762427,0.0014341857280261456
15.359999999999717,151.2576962898896,0.0043833584149027,0.006818962569338717,0.006846717386069127,0.001594647070386652
15.369999999999717,151.96604621095506,0.004451345879561513,0.0068214131353167,0.006955715886582525,0.0016517573296738366
15.379999999999717,150.66167274944226,0.004331927170496802,0.006815175731938056,0.0069373586795795205,0.0016052265674443207
15.389999999999716,147.49484620534753,0.004039841698048366,0.006802029105870492,0.006787680125504531,0.0014622356885373817
15.399999999999716,142.7345287760563,0.0036005436776248775,0.006785379069186637,0.006504575371970727,0.0012971770504421995
15.409999999999716,143.12220920127302,0.0032815420290726806,0.006770604655523535,0.00609008676136873,0.0013239512249400296
15.419999999999716,144.51083760189792,0.0033727721804987713,0.006763912167919437,0.00555283775117757,0.001345555499020448
15.429999999999715,147.9463884629365,0.003391890860973246,0.006771015119441382,0.005081893543772888,0.0013633807066919497
15.439999999999715,148.9001816227619,0.0033242184001844644,0.006796920185509128,0.005131047905410737,0.0013786862083548623
15.449999999999715,147.07174366312847,0.003167421439982466,0.006844037444384893,0.0051250436886216555,0.0013920562437692175
15.459999999999715,145.9152986233681,0.0029324304198261367,0.006912133478956748,0.005155677344263189,0.0014033807303810493
15.469999999999715,144.5515570290345,0.002641986129073071,0.006998707782487624,0.005140717032592059,0.0014119588770439811
15.479999999999714,142.28396425276853,0.002327019267920486,0.007124904343151053,0.005174928345996185,0.0014164137628653838
15.489999999999714,139.119538773004,0.0020218870986630283,0.007259819127799743,0.005190884644401735,0.0014155300171046793
15.499999999999714,135.17333308793292,0.0017590222709365213,0.007399561220844446,0.005162525981287798,0.0014087347626840687
15.509999999999714,137.33623415143273,0.0015647745543437952,0.007542214342777699,0.005086165053019569,0.001395804102156292
15.519999999999714,139.23851848897743,0.0014974017362793122,0.0076866764948042,0.004967394029162134,0.0013767971465455965
15.529999999999713,140.6554263871483,0.0014356057165596597,0.007832592741302491,0.005251660358786062,0.0014350889338693082
15.539999999999713,141.45776046396637,0.0014935613402441024,0.007980481698995547,0.00552583656554723,0.001541022515760428
15.549999999999713,141.57778012239166,0.001606978878513925,0.008131901979058213,0.005848736502365719,0.001642678688421225
15.559999999999713,141.94630170058525,0.0017455776323500045,0.008288458977737846,0.006250777807377754,0.0017392595979727745
15.569999999999713,142.9029631753539,0.0018776562018537183,0.008451412962692861,0.006614204809464615,0.0018300044735801517
15.579999999999712,142.66296401098484,0.001973284692446693,0.008758163412549966,0.0069379043663817955,0.0019182658904393665
15.589999999999712,141.22308754885972,0.002007972409827382,0.009102972827883386,0.007193577051068087,0.0020037174592075603
15.599999999999712,138.68374774489106,0.0020110294175166234,0.009454178311892304,0.007522320797053105,0.0020811621785483342
15.609999999999712,136.96498863420356,0.002047405142917288,0.009809853601787157,0.0077711779161364755,0.0021499799842322267
15.619999999999711,135.12537872371072,0.0021752259856200984,0.01016435779885669,0.00793896743245086,0.0022096293825768073
15.629999999999711,130.47280415608702,0.0023188794001624624,0.010511078413637992,0.008045116173216701,0.0022596554317801686
15.639999999999711,130.65427751686903,0.0024030125635980146,0.010843691511069406,0.008121012245760966,0.0022996886804637177
15.64999999999971,134.43459278487904,0.0024085392704506783,0.01115637690816402,0.008292280422259804,0.0023294364220326227
15.65999999999971,141.99804173398329,0.0023189406119848354,0.011445295127823161,0.008405973816768084,0.002348677127640276
15.66999999999971,147.33981315637993,0.002123843768335445,0.011709475035261853,0.008442036378751985,0.0023572654992093283
15.67999999999971,150.3060367047138,0.0024488084942943618,0.011950895978938997,0.008400884993315106,0.0023551429947944857
15.68999999999971,150.85650481183154,0.0029659349832875876,0.012173477654254637,0.00830044289906191,0.002342343768687503
15.69999999999971,149.0575856986211,0.0034108321706511724,0.012380726969115933,0.008165061945051143,0.0023189944147800666
15.70999999999971,145.07797814850173,0.0037536824179352536,0.01257592116578843,0.008012537998503096,0.0022853152775783652
15.71999999999971,139.19251998916764,0.003973077284744131,0.012763305838829966,0.007880971416018564,0.002241628877467318
15.729999999999709,135.18239129757168,0.004058038721907058,0.012946321530819354,0.007743227235281965,0.002188369664494465
15.739999999999709,135.94730363729593,0.004011805171074255,0.01312535546451694,0.007581370101145838,0.0021260841931809234
15.749999999999709,139.45318414667855,0.0038531436662628056,0.013298932192421982,0.00737977804577213,0.0020554203983962683
15.759999999999708,142.23888442363594,0.0036127898597238303,0.01346610099754224,0.007125460828636485,0.0019771164675112165
15.769999999999708,150.01919996155235,0.003866488401219617,0.013626987214069037,0.006815387210434991,0.0018919974143282276
15.779999999999708,155.4880247235136,0.004169707095360547,0.013781750632033895,0.006458707029244805,0.0018009746430123845
15.789999999999708,156.73552261932298,0.004401562337904755,0.013929091914427755,0.00611590174177132,0.001705038349292859
15.799999999999708,153.54343286567467,0.004542614437304528,0.014161065622708885,0.005914041887272384,0.001605240836132422
15.809999999999707,149.72743688148688,0.0045789763052138605,0.014516908999695,0.006043691173804975,0.0015026786452848725
15.819999999999707,143.77988377104649,0.004505960363212404,0.014850931627001322,0.006046348565563286,0.0015187255893248292
15.829999999999707,135.8153644641598,0.004329556189472852,0.01515563295833909,0.005943025949079379,0.0015406290361353189
15.839999999999707,134.8628723286911,0.004065388115515914,0.015422835814824032,0.005783149014414573,0.0015572044198099283
15.849999999999707,134.08759836284568,0.0037366138075256546,0.015644876685110318,0.005832495710902162,0.0015683325140571096
15.859999999999706,135.51175584302428,0.003370623043568345,0.01581688998789634,0.006123056187253463,0.0015793307169443816
15.869999999999706,143.77742835772318,0.0036687990610604544,0.015937243017157095,0.006426268704370735,0.0016196328477820657
15.879999999999706,152.78969156674071,0.004222135158585985,0.016006043958190972,0.00661357106325134,0.0016500850160149146
15.889999999999706,157.7221779631747,0.004621526960948312,0.01602324842126166,0.006671377744884984,0.0016704647678439748
15.899999999999705,158.39187185660208,0.004850991864389834,0.015989408979109065,0.006769098565197579,0.001680724181681682
15.909999999999705,154.99090656929405,0.0049077105350281485,0.016013206980606345,0.006693258122768513,0.0016815614256884554
15.919999999999705,148.04303649070658,0.0048017597083530785,0.016089341362724174,0.006396564018078654,0.0016740228624537688
15.929999999999705,141.11002344586277,0.004554040469948596,0.01614549277384853,0.005937316565424105,0.0016591125273570464
15.939999999999705,141.10683206062563,0.004194097606776375,0.016185315197635504,0.006071104327752998,0.0016379565099914311
15.949999999999704,141.11587685262947,0.0037579371596258826,0.01621159077873423,0.006225523561045621,0.0016363750029300542
15.959999999999704,141.07826358710741,0.0032834967611397314,0.01622406486641947,0.006414141250738496,0.0016787168012403987
15.969999999999704,144.4546819553756,0.0031304236102767287,0.016220143587626176,0.006749092758777156,0.0017163558970732652
15.979999999999704,148.89782043507415,0.003487586745595323,0.016196965418794167,0.006998377272486903,0.001749119635119375
15.989999999999704,151.76614839409646,0.003682731382195433,0.016152349582949622,0.007133219229922819,0.0017768804940467829
15.999999999999703,151.44974870476565,0.0037186303544803445,0.01608484412663092,0.007145834038086388,0.0017995554522988286
16.009999999999703,148.01856808153377,0.0036123781929446753,0.01599324659289687,0.007049769487968417,0.0018171067655053089
16.019999999999705,141.71254729888116,0.0033926756590200923,0.0158767056814343,0.0068784691438763005,0.0018295434196688909
16.029999999999706,134.7936895898998,0.003095964013895961,0.015734885875589036,0.00673090988115529,0.0018369207880732034
16.039999999999708,135.36896297947067,0.002762441157848355,0.015567239020721848,0.006978816320901793,0.0018393376633229768
16.04999999999971,135.36788323632257,0.0024317309860751746,0.015372687127179785,0.0072018603837126546,0.0018369326141493016
16.05999999999971,135.7041703324169,0.0021387890273329283,0.01515033285937194,0.00739828935260814,0.0018298816116726613
16.069999999999713,136.7877347741145,0.0019121792222745527,0.014900170169734077,0.007566519712294022,0.0018183961340496651
16.079999999999714,139.21083524299718,0.001773055858156656,0.014624104354123141,0.007705159008351257,0.0018027194168160553
16.089999999999716,144.95017208891798,0.00173288312482408,0.014386445400625298,0.007813028824842647,0.0017831203538859796
16.099999999999717,148.5622962019164,0.001792524293529777,0.014126023673295766,0.007889188016448659,0.001759887186848007
16.10999999999972,148.64480777359225,0.001944221400550514,0.01384460570559852,0.00793295476343288,0.0017333229061117514
16.11999999999972,144.9982352099712,0.0021742337958428953,0.013544836836996471,0.007943925945661411,0.0017037416130285276
16.129999999999722,142.79579686867092,0.0024643591643886977,0.013229265690820623,0.007921992023131775,0.001671463753553321
16.139999999999723,140.71842676874246,0.0027942595657090338,0.012899626202453612,0.007867345280047625,0.001636809953795866
16.149999999999725,138.02355881535942,0.0031449622895835198,0.012556939958836897,0.007780481140968596,0.0016000954953794562
16.159999999999727,134.98624159120294,0.003499608376837644,0.01220118776630777,0.007662193658522118,0.0015616269997559206
16.169999999999728,138.00374263426627,0.003842249999779663,0.011831722518454973,0.0075135652845808604,0.0015217002946644575
16.17999999999973,140.8602093034708,0.0041576465689754155,0.011447910356746938,0.00733595192164973,0.0014855707156762041
16.18999999999973,142.454621778219,0.0044305700975249855,0.011050085730681858,0.007340097556933021,0.0014570831844806877
16.199999999999733,142.5640002090194,0.004646614617472805,0.010639082248221512,0.007374203148033289,0.0014276033965488699
16.209999999999734,141.1108318924681,0.004795889301114293,0.010214737744629275,0.007373299462001174,0.0013972970614295685
16.219999999999736,138.16262840110625,0.0048752369745169175,0.00977692301708489,0.007337228436593011,0.0013951899887020343
16.229999999999738,136.81319929206003,0.0048879753912564935,0.009326126245447125,0.007266134483738657,0.0014055167602201634
16.23999999999974,136.48532868025595,0.004843893855850535,0.00886292091303885,0.007160461717815031,0.001407360670501994
16.24999999999974,135.6892812748275,0.00475880386416574,0.008388000486855346,0.007020948117262111,0.001400397306138142
16.259999999999742,137.1476184751353,0.005023028797552442,0.007902022860200173,0.006848618111769947,0.0013843810509727818
16.269999999999744,138.7731720722867,0.00534660408660585,0.00740524252944424,0.0066447724626555165,0.0013591520707306323
16.279999999999745,140.3724622970996,0.005662454996776823,0.006897682460250286,0.00641097653710898,0.0013246424906077543
16.289999999999747,141.7167255741773,0.0059492367591806004,0.006380329733460726,0.006149049060120363,0.0013128980214281202
16.29999999999975,142.58176634416856,0.006181600979585878,0.00585571100664997,0.0058610487917530206,0.001434413874440846
16.30999999999975,142.78854557034666,0.0063338931076599705,0.005326869843782159,0.005549256157785539,0.0014747814879485612
16.31999999999975,142.23852833757667,0.0063840595866921125,0.00479705606935263,0.005216149914852705,0.0014299640184858603
16.329999999999753,140.93068713743904,0.006315781953698391,0.004270930458304332,0.004890703070615876,0.0013018949591882176
16.339999999999755,140.3030117521373,0.006121174710153199,0.0037544138572707755,0.004546197098097882,0.0010983269104388662
16.349999999999756,140.1842554721691,0.005802635951499064,0.0032518802765116547,0.004136183160480727,0.0009109575445745428
16.359999999999758,139.67491391635662,0.005372346874865662,0.0027647109116629848,0.004308315745798424,0.0008689706940420063
16.36999999999976,138.78933622295114,0.004849614834688107,0.0022920190528067166,0.004581730131456096,0.0009007813249702598
16.37999999999976,137.57034220532765,0.0042579305562017505,0.0018323097942267287,0.0047951525487266635,0.0008941438988946323
16.389999999999763,136.0596491767118,0.0036235282794738356,0.0013837789038908873,0.004933362008002052,0.0008097811516339285
16.399999999999764,134.65597697598426,0.0029729599643223874,0.0011774979322885265,0.004982492620372627,0.0008197043801649362
16.409999999999766,136.29609390516268,0.0028377602394404904,0.0012192481757919472,0.004930134175140712,0.001035188111154378
16.419999999999767,137.5731589003328,0.0032914986650270208,0.0012717401691917198,0.004766040256176842,0.0011791703004674916
16.42999999999977,137.45862775435933,0.003589933546000303,0.001418720039800604,0.004483436994516182,0.0012449215870758443
16.43999999999977,138.51026879215826,0.003726827004343591,0.001762723646869454,0.004472951663482741,0.0012321777132340114
16.449999999999772,139.41736779196827,0.003708822984980187,0.0021928857318749607,0.004220431998539848,0.0011471542207124935
16.459999999999773,140.12531233691465,0.003679500945757206,0.0026310137224533994,0.00377350345243848,0.0010019686762112393
16.469999999999775,141.7419609154608,0.004213418629294077,0.0030759397006347882,0.004111086733833834,0.0010980271991682842
16.479999999999777,143.40815042790848,0.004552534251802523,0.0035254002676780158,0.004239444266456776,0.0011321265552093778
16.489999999999778,144.50284001357997,0.004698962614800192,0.003975599338543915,0.004075845015613603,0.0010792915338451907
16.49999999999978,144.805981225389,0.004674402510993836,0.004421327726999604,0.003660190905944449,0.0009844453141148407
16.50999999999978,144.15646211449658,0.004517394501467418,0.004857855322857579,0.0038244766814948014,0.0010749112681150022
16.519999999999783,142.48128294129896,0.00427699510487668,0.0052818029938339894,0.004080863241347308,0.0011578275687866627
16.529999999999784,139.80869030531318,0.004005721828919043,0.005689947966630095,0.004327093552761862,0.0012327145344137897
16.539999999999786,136.81743690895175,0.003751589441413278,0.006079624244232043,0.0045941681188550595,0.001299159182155295
16.549999999999788,138.87256128170793,0.0035514157187976647,0.006450738705968703,0.004843959320583393,0.0013568213932577168
16.55999999999979,141.28207170886913,0.0034274567944440446,0.006806857782173833,0.0050598699275447205,0.001405436473337102
16.56999999999979,143.26682866934652,0.0033865448491179726,0.007153730931783625,0.005338016148125385,0.0014448147200948902
16.579999999999792,144.71717388340815,0.003421775594894509,0.007496864377132988,0.005622041144696745,0.001474845405909687
16.589999999999794,145.60105814950592,0.003516536172122657,0.007840661842873074,0.0058783376995086255,0.0014955084272807494
16.599999999999795,146.72357927204922,0.0036492642557609343,0.008188492732915208,0.00606440280989407,0.0015068867255634102
16.609999999999797,149.2764821251895,0.0037973092254172235,0.008542596109373182,0.006143732450465573,0.0015091700325519605
16.6199999999998,150.67597604007688,0.003939794490437021,0.008904443058146872,0.006098715948217153,0.001502649679549452
16.6299999999998,150.86930304421654,0.004059783228539628,0.009274551669075566,0.005937285578141627,0.0014877132272495108
16.6399999999998,149.8976128355895,0.004146259308889833,0.00965197844895688,0.005691273843064701,0.00146484414693178
16.649999999999803,147.87389959619713,0.004195729715861109,0.01003473749484692,0.005837412946583044,0.001562422371855079
16.659999999999805,144.97326640783396,0.004212264767126152,0.010419828373292129,0.006011849121161246,0.0016647041024019592
16.669999999999806,141.81407761507506,0.004205995610315248,0.010802761279203293,0.0062425332822721126,0.0017636496853277732
16.679999999999808,141.21227438384437,0.004190514233261664,0.011178474063668157,0.006563415575769128,0.0018586416049336553
16.68999999999981,140.64883013552446,0.004178962868464051,0.011543218654322228,0.006869601671316679,0.0019490721659200364
16.69999999999981,140.05694828071873,0.004180380020413844,0.011895692573164814,0.0072198948263830585,0.0020343503949911616
16.709999999999813,140.9875191363384,0.0041984606404301935,0.012237584695157695,0.007592118207577709,0.0021139066690816577
16.719999999999814,147.4145205596964,0.004232811254574327,0.01257267699540498,0.00792709801603314,0.0021871967025527397
16.729999999999816,151.0565464349126,0.004280470805304069,0.012905047735600658,0.00819913935317992,0.0022537073125140695
16.739999999999817,151.77110808693598,0.004336260098388467,0.013239160893292074,0.008396700264194965,0.002312963691299688
16.74999999999982,149.6348352177287,0.004394175715886228,0.013579767834704277,0.008523294203524039,0.0023645355053290595
16.75999999999982,146.76339561145642,0.004617488280816006,0.01393039212143128,0.008661958175508307,0.002408040501997278
16.769999999999822,144.03990637321465,0.004835654806625642,0.014292991879267693,0.008868651848409218,0.0024431475069936087
16.779999999999824,143.80976429415037,0.005042141942450784,0.01466772656180311,0.009019135202761274,0.0024695849332533617
16.789999999999825,143.10737938250915,0.005228130552763563,0.01505226866060784,0.009104172246627478,0.0024871445813923624
16.799999999999827,142.05142963322868,0.005379645746802141,0.015442237100901188,0.00912473211652256,0.002495664449109789
16.809999999999828,148.22373614530196,0.0054802630736012275,0.01583316557930686,0.009105163024133743,0.0024950620167711905
16.81999999999983,153.7383179943415,0.005514123881741682,0.016221615666959607,0.009090434223058965,0.002490876406035443
16.82999999999983,156.4335414537159,0.0054680032590466434,0.016604344520215183,0.009034867935241053,0.00248359793746123
16.839999999999833,156.0076657604248,0.005333201072193374,0.016978920619402607,0.008913980400038981,0.0024682263836471497
16.849999999999834,152.445716236328,0.005107589806589418,0.017345269346712173,0.008754610770326483,0.0024448660877731446
16.859999999999836,146.03437249601956,0.004796161913557348,0.017704750128038505,0.008626902741356373,0.0024136847772987012
16.869999999999838,137.6599275966817,0.004409436574735343,0.01805752284899114,0.008478903489261804,0.002374911261438896
16.87999999999984,135.538437522024,0.003962352130428084,0.018402145004129827,0.00830653336446039,0.0023288344008320716
16.88999999999984,134.80714813151806,0.003473697857209616,0.01873621090188708,0.008105196387787573,0.002275803019108385
16.899999999999842,134.35388395130224,0.0029631417918528206,0.019056559183039022,0.007871600908961914,0.0022162243360921716
16.909999999999844,138.4314143871036,0.0024472494564705357,0.019360622115706157,0.0076436607705821545,0.0021505599589525847
16.919999999999845,142.17191008091842,0.0019674225733613284,0.01964710324413494,0.007453936857032413,0.0020793213068739285
16.929999999999847,143.79528050916943,0.002344549099819667,0.01991447717136562,0.007219407830895854,0.0020030666048592607
16.93999999999985,143.1564735953025,0.0026086538382956424,0.02016014696560471,0.006982731213724487,0.001963520673329732
16.94999999999985,140.8396649527208,0.00275105601581513,0.020380683232905313,0.007116080644026672,0.0020054781058390907
16.95999999999985,144.73262137414818,0.0028144814066522693,0.020571469075752833,0.0072078197001010005,0.0020376099194816303
16.969999999999853,147.35482462092455,0.0032221900536670988,0.02072775327613718,0.0072605593009487214,0.002058842474597009
16.979999999999855,148.4071728471258,0.0034823550066225067,0.020847145965907303,0.00728477793619438,0.002068836047339317
16.989999999999856,147.67722901558955,0.003597158771104508,0.02092979018710953,0.007277707783234619,0.0020680281529802543
16.999999999999858,146.62487081594398,0.003583428481134861,0.02097699523389424,0.007241143759117712,0.002057232568895871
17.00999999999986,150.59208902719752,0.0034702172602968607,0.020990960758174023,0.007200962722362354,0.002037552454612229
17.01999999999986,153.03356980232738,0.0032964803311001487,0.02097439700968717,0.0071305700540837715,0.0020102668145609943
17.029999999999863,153.45075739905516,0.003107239692465321,0.020929646999623592,0.007025166232616079,0.0019765718766540175
17.039999999999864,151.51806112125092,0.002947314663683702,0.020858879998610202,0.006959988716272104,0.001978797367638186
17.049999999999866,150.36754511975357,0.002854033615543224,0.020764753819491354,0.007373326925297978,0.002092781125849729
17.059999999999867,147.98882374076118,0.0028507579289922666,0.020650460044190428,0.0078111059579341,0.0022044377374066566
17.06999999999987,143.78256028243774,0.0029447211644900643,0.020519583380763762,0.008243096701681291,0.0023126969633326133
17.07999999999987,142.71786057894076,0.003128813462974479,0.020375995493488258,0.008650913986179695,0.0024165164165146718
17.089999999999872,141.06094107469065,0.003383458535131202,0.020224334425850716,0.009078568174215554,0.0025149027640844215
17.099999999999874,138.16359924127855,0.0036793893207855005,0.020069904874972844,0.009484475994168982,0.0026069327716738504
17.109999999999875,144.70159329509636,0.0039829888967484435,0.019918959939798954,0.00984632743974244,0.0026917659323773776
17.119999999999877,149.17892752749833,0.004262985420861388,0.019792446334955194,0.010143934351023308,0.0027686507230986345
17.129999999999878,151.68006057325104,0.004495856420278962,0.019670433366298937,0.01036630450645307,0.0028369321933690767
17.13999999999988,154.87661499143832,0.004668984129569562,0.019548276705771236,0.010515602087472233,0.002896061507816591
17.14999999999988,156.6083660527257,0.0047816433448515236,0.019419846004238305,0.010605893828012754,0.00294559908580863
17.159999999999883,156.73898125140707,0.004842983664540648,0.019279212151339015,0.010656937036477498,0.0029852059743860327
17.169999999999884,155.34610484172973,0.0048697753662858756,0.019122190987669426,0.010721498184615007,0.003014630112826382
17.179999999999886,152.71780373806186,0.004884325131885949,0.018947066209581108,0.010809813142472507,0.0030336994845890585
17.189999999999888,149.3128592546924,0.004909827689636555,0.018754117588398178,0.010858545216127957,0.0030423251365434708
17.19999999999989,150.0567029699934,0.004965004475747398,0.0185449283456598,0.010861751116166985,0.003040505187445376
17.20999999999989,149.38113626002485,0.005060148178945138,0.018321766279690083,0.010815539115046884,0.0030283217375019953
17.219999999999892,147.1969413525384,0.005195280129040042,0.018086875857316453,0.010719770426070377,0.0030059338617840323
17.229999999999894,143.64711612628912,0.005361073686842071,0.017841423484456113,0.010578477370199601,0.0029735754145921796
17.239999999999895,144.8220133422576,0.005582925483986347,0.017587658942371357,0.010458444554417905,0.0029315591967590837
17.249999999999897,145.89326406355556,0.0057472418531826905,0.017329713608914263,0.010355450760603676,0.0028802799665209617
17.2599999999999,147.06432011541014,0.005857399576496887,0.01707245263080642,0.01020816577927104,0.002820210300556566
17.2699999999999,147.34217846053497,0.005946461730436131,0.01682052971569488,0.009995265485168455,0.002751893326765925
17.2799999999999,144.41479375774523,0.005962835378928987,0.01657727878342675,0.009704884524479228,0.0026759406465563206
17.289999999999903,144.60701844078943,0.005892473125367369,0.016344278115030003,0.009342795250595098,0.002593035321853524
17.299999999999905,145.07010399222588,0.005728731020231084,0.016122360226002427,0.008933116980969274,0.002503930440672619
17.309999999999906,145.24305649405545,0.0054948904815433595,0.015911725376608753,0.008531911857250267,0.0024094371157970195
17.319999999999908,145.10019882099317,0.005328975788445841,0.015711960322084474,0.008212947168957707,0.002310407496543495
17.32999999999991,144.62437233788532,0.005136013317767426,0.015522698441863903,0.00788092321715515,0.0022077230348082197
17.33999999999991,143.80834880512575,0.004910335603322827,0.01534321776940947,0.007529966388492971,0.002102289504833724
17.349999999999913,142.66533705899926,0.004643148908730582,0.015171772067674274,0.007154628582267518,0.0019950297029417336
17.359999999999914,141.2454717254722,0.004324742309571774,0.015005505315153315,0.007023589583968697,0.0018868670207942036
17.369999999999916,139.63722509425398,0.003947863344013644,0.014840833382228039,0.007051922581820802,0.0017787049983782786
17.379999999999917,138.0561482830855,0.0035095482924382597,0.014674340906193446,0.007067558512996782,0.0018133132066953663
17.38999999999992,136.6363852686274,0.003011819248038916,0.014504186640116878,0.007069620936002175,0.001878951647066339
17.39999999999992,135.1024383079866,0.0024617069747648046,0.014332054445154877,0.00705731088506858,0.0019379447217689478
17.409999999999922,134.68847461236297,0.0018700134679198593,0.014163475020062622,0.007029922745862234,0.0019897220587984
17.419999999999924,136.02309641911907,0.0012498004358857176,0.014004832383396847,0.007230477522628644,0.0020337784033002617
17.429999999999925,137.32706597553596,0.0017122921975971262,0.013860464982250032,0.007392346298401455,0.002069678059423093
17.439999999999927,138.8298424648692,0.002368877853438906,0.013733481806950667,0.007498656718690985,0.002097059420041877
17.44999999999993,141.14385522066294,0.0029699452090234807,0.013627195345394466,0.007551940439353282,0.002115637422414302
17.45999999999993,142.05639106480186,0.003492891577585451,0.013543806640863324,0.007649712996717519,0.002125204050730593
17.46999999999993,141.79974076775724,0.003917714208534127,0.013483740950253535,0.007714715554833488,0.002125629226444421
17.479999999999933,142.36091911721667,0.004229317992447301,0.013446205157349327,0.0077238659629787,0.002116863327413454
17.489999999999934,142.47674685120475,0.004420540465552407,0.013428936688921068,0.007666526346198871,0.002098939650415826
17.499999999999936,142.0464496443202,0.0044940379756862455,0.013428039255009174,0.007539683504268272,0.002071974406210101
17.509999999999938,141.71714512643302,0.0044627619580751374,0.013437830336553934,0.007370842251583486,0.002036164255569261
17.51999999999994,142.70304040714356,0.004349006999266495,0.013450285325790047,0.007191605037531644,0.00199178369740461
17.52999999999994,143.216456000543,0.0041817211810346614,0.013455813209967808,0.007047956106774201,0.001939183709066283
17.539999999999942,143.11697940672857,0.003993031139268825,0.013445986857194125,0.00690722584141466,0.001878790121933191
17.549999999999944,142.33467346405885,0.003814712505759864,0.013415268526468405,0.006719979307511555,0.0018110993257943616
17.559999999999945,140.88587022708563,0.0036742498779546236,0.013360748005553993,0.0064667593015907505,0.0017366713773095234
17.569999999999947,138.85930184443458,0.0035906438706828007,0.013281174241507274,0.006138708012697788,0.0016561230768086129
17.57999999999995,136.38510858826535,0.003571618182285626,0.013175702589435869,0.005755512915036202,0.001570122634753825
17.58999999999995,133.99349629330172,0.0036134314022818665,0.013044333289869797,0.00563501042588885,0.0014793844977909094
17.59999999999995,134.2457679069056,0.003702297141534778,0.012888432755168681,0.005520994485592617,0.001384662010468377
17.609999999999953,134.07397379732853,0.003816557892553205,0.012711351042476476,0.0053822323101975576,0.0012867381109185002
17.619999999999955,133.58267033415694,0.003930563495623539,0.012517981170387018,0.005219666045313129,0.001186416662702573
17.629999999999956,132.90793667821782,0.0040201693439004225,0.012314079890687021,0.005034415162882583,0.0010845158550016867
17.639999999999958,132.38112638077806,0.004067776562205032,0.012105040956014503,0.004827746098450326,0.001163881025369199
17.64999999999996,134.05497518084226,0.004065789984960446,0.011893927474570604,0.005090420480731328,0.001251082369361969
17.65999999999996,136.26558765307712,0.004016968136927394,0.011680306815715,0.005362331447459963,0.0013320028806938333
17.669999999999963,137.5896273133233,0.003932179161324226,0.011460657493137093,0.005721146845709249,0.0014059658066833008
17.679999999999964,137.9769060280052,0.0038287576986693584,0.011229860531677138,0.005970111558668333,0.0014723423154244044
17.689999999999966,137.4438582597467,0.003728518930297036,0.0109824325157136,0.006108544134394872,0.0015305570381726218
17.699999999999967,136.06258863259498,0.0036538549001937553,0.010713195589945195,0.006150175745517958,0.0015800937943694666
17.70999999999997,133.94705831417457,0.0038174393579425685,0.010417950911338621,0.006120031801879827,0.0016205009837224086
17.71999999999997,131.97829497916715,0.00407313200521195,0.010093219578180417,0.006058240468386178,0.0016513960321969854
17.729999999999972,132.17544270612402,0.004265818674316594,0.009736005358412587,0.006083544260348969,0.0016831766252711237
17.739999999999974,132.2491671217714,0.004393959487486034,0.009344701605892366,0.006221142966431003,0.0017103223596227344
17.749999999999975,132.19560998683852,0.004465511077075075,0.008919676112938648,0.006303044322542279,0.0017269623162837564
17.759999999999977,132.03013078168902,0.004495820557973421,0.008462673867545794,0.0063167903259725424,0.0017328935656139733
17.76999999999998,131.7573668594439,0.004503952182427428,0.00797604270820201,0.006256903020241581,0.0017279942163631093
17.77999999999998,131.3654043118869,0.004683823615467595,0.007463197444586709,0.006228524896955685,0.001712224533527317
17.78999999999998,132.4629848790104,0.004806604723456422,0.006928992833200598,0.006243479525553127,0.001685627897844433
17.799999999999983,133.12976864940413,0.004851596402328181,0.006447001016192821,0.006191673460864781,0.0016483316085624407
17.809999999999985,133.05681492786084,0.004804818546718344,0.006199730312546791,0.006057606064690259,0.0016005468572688679
17.819999999999986,132.37450476122706,0.004724412037844376,0.0059350956337865515,0.005841911755988188,0.0015425673064092496
17.829999999999988,133.10602935042374,0.004825634494835499,0.005653360036444108,0.005560345367774017,0.0014747664946016031
17.83999999999999,134.71768323571507,0.004920498737652696,0.005354838540988805,0.00552259534271231,0.0013975947645736289
17.84999999999999,136.23926517067366,0.00498742887809923,0.005038845461669286,0.005546654655408976,0.001311575940650601
17.859999999999992,137.4944777817401,0.005003691205168316,0.004703306929617021,0.005515317695648984,0.0012173031994558397
17.869999999999994,138.30230274298899,0.004948749604582066,0.0043455510277482295,0.005378447262309372,0.0011154335942519297
17.879999999999995,138.50690209099875,0.004807373726346768,0.003963263860173069,0.005101327989256939,0.0010959709311373874
17.889999999999997,138.0128117130603,0.004572330739342822,0.003554649741539995,0.004668443980405785,0.0010346802487327855
17.9,136.81103946409803,0.004245440670656134,0.003118137865905901,0.004083433424775812,0.0009195089271582807
17.91,134.98273516890376,0.0038370839431674025,0.0026523397317041873,0.0034405337181057484,0.000758531364489685
17.92,132.68309870017774,0.0033650666677356414,0.0021558656336461987,0.0030534739775120363,0.0006436148715112719
17.930000000000003,132.04680717316327,0.002852203494886943,0.0016274312562872485,0.0032128854178432287,0.0006383099625382195
17.940000000000005,131.849666912115,0.0024470841389690164,0.0022906348003854118,0.0033582496584045524,0.0006365113413832063
17.950000000000006,133.97346998352597,0.0020589661557160743,0.003014211167879128,0.0034898225820554456,0.0006388723235399558
17.960000000000008,135.78089291769325,0.0017562358618040045,0.0037524635506456998,0.00360792579876141,0.0006453798006839211
17.97000000000001,137.1894195409732,0.0017291324608283388,0.004499216673188582,0.003712939834090702,0.0007076962309090713
17.98000000000001,138.8177539308915,0.0016656481555535983,0.005245120024328136,0.003805296998751349,0.0008039210980422924
17.990000000000013,139.4284328340514,0.0015653852801986166,0.00597886796305319,0.003885473982563759,0.0008972454359006107
18.000000000000014,138.953599038139,0.0014327456055254833,0.006689501858543686,0.003953985572955434,0.000987105405965451
18.010000000000016,138.4080929064579,0.0013892928999027195,0.007368762971565129,0.004155382355940807,0.001072957354279491
18.020000000000017,137.77783534440644,0.0013457607710516783,0.008011594901495616,0.0043747223742570136,0.0011542729210902727
18.03000000000002,136.8878122589196,0.0012873134043244474,0.008615794514542453,0.004534663499870963,0.0012305550729816831
18.04000000000002,135.79136036883702,0.001233389400901968,0.009181437467060398,0.0046663198395782085,0.001301336530451447
18.050000000000022,134.80787805185042,0.0012033852444550016,0.0097101961507116,0.004822896307599883,0.001366133028841253
18.060000000000024,135.72229046742078,0.0013186009332362744,0.010205213398967562,0.005032139655693849,0.0014245190757240182
18.070000000000025,136.1779485524437,0.0015535804969731967,0.010702059693681659,0.005214032713931981,0.001476118761657278
18.080000000000027,136.03784602321275,0.0017659596493944684,0.011174188657126934,0.005439809392175044,0.0015206131935320635
18.09000000000003,135.24194960370593,0.001933366636465246,0.011625706406744686,0.0056547140938937816,0.0015577448818079615
18.10000000000003,133.72890474104665,0.002037911890867617,0.012060745118846547,0.005815906215610342,0.001587326555322734
18.11000000000003,131.53206463885525,0.0020683933193388717,0.01248412008723989,0.005912326367999079,0.0016151162727704163
18.120000000000033,129.77128921663083,0.002277981197200902,0.012900396319167468,0.005958278177306471,0.0016372003752650965
18.130000000000035,130.15495147859423,0.002512116240580553,0.013312306834415347,0.005982707024967933,0.0016516496928798208
18.140000000000036,132.30715903335968,0.002712882894993836,0.013719558852859692,0.0060655694946103525,0.0016586527171154216
18.150000000000038,134.40312640078898,0.0028678027579943145,0.014119292316519037,0.006147481926787957,0.0016584979218586917
18.16000000000004,136.20942992971197,0.002974096866474882,0.014506847479000414,0.006237134258099056,0.001651571872117728
18.17000000000004,137.53371207229577,0.003038218484058823,0.014876440761002157,0.0063070108675849015,0.0016383514984408855
18.180000000000042,138.2503647506209,0.003073869067767177,0.015223057354467972,0.006357166796425402,0.0016193868939272708
18.190000000000044,138.31319978655264,0.0031003076706990294,0.015543152384668338,0.0063878167455517455,0.0015952816834114902
18.200000000000045,137.7589615709477,0.003139445462233468,0.015834198822423727,0.006399328197191672,0.0015666805902645568
18.210000000000047,136.69728943431485,0.0033045618436512163,0.016094624435292162,0.006392212842682913,0.0015342644475723102
18.22000000000005,135.28057450940815,0.003610967466848724,0.016323735634699302,0.006367116773962573,0.001498744132577207
18.23000000000005,133.67261828066526,0.0038540525533876527,0.016522223794050734,0.006324810428232373,0.0014608481232986762
18.24000000000005,132.01425394339137,0.0040287018864253975,0.016692987532827677,0.0062661804987832696,0.0014534254720945424
18.250000000000053,130.40525318052133,0.0041360849027688084,0.01684098390494301,0.0061922250414648125,0.0015847879061831474
18.260000000000055,130.33673885847085,0.004217718119414342,0.016972127630065555,0.006323589301599242,0.0017149608482090084
18.270000000000056,133.72253682961698,0.004442384139733631,0.01709157007018681,0.006680147985699381,0.0018430652537989524
18.280000000000058,138.24201736318568,0.004612508428656358,0.017203239816398503,0.007214001531415349,0.001968227703441352
18.29000000000006,141.83299183092953,0.004700863689104619,0.017310196879479378,0.007744503780075336,0.002089586285464929
18.30000000000006,144.39449893060615,0.004686328154219101,0.017413753566754078,0.008227856936363914,0.0022062986286324527
18.310000000000063,148.04099793191466,0.004555946261379543,0.017534272464156588,0.008642563739047435,0.0023175507408918715
18.320000000000064,151.3301469494081,0.004306892932000537,0.017676992373680072,0.008979251005274273,0.0024225642464572933
18.330000000000066,152.89376036301167,0.0042681562494409405,0.017818651571877186,0.009243013416054451,0.0025206018696126466
18.340000000000067,152.63555361653476,0.0043279438828204625,0.017957760692094447,0.009450960751492973,0.0026109734205458394
18.35000000000007,151.50729205029523,0.004371428874667601,0.018092294186474414,0.009625647540931957,0.0026930436681326434
18.36000000000007,148.95614043959944,0.004375551541682248,0.01822045466900004,0.009786790348145894,0.0027662405387260435
18.370000000000072,144.80236678473406,0.004317194048386505,0.018340637951334678,0.01000106024372144,0.0028300611862460317
18.380000000000074,146.80552405939014,0.004350734537955248,0.018451612817240684,0.010209961723285475,0.00288407579004545
18.390000000000075,149.37865576362947,0.0044842464333264215,0.0185530530307782,0.010373910198501587,0.0029279311387651543
18.400000000000077,150.72937280029296,0.0045255453740904675,0.01864529892213112,0.010489967593311498,0.00296135515746746
18.41000000000008,154.31884285443857,0.004466221969702912,0.01872837725077307,0.010557448916625292,0.002984160918259041
18.42000000000008,155.62760012158367,0.00430460016208675,0.018801554900345678,0.010577994900462177,0.002996248037434157
18.43000000000008,154.7133949713052,0.004046482781679775,0.01886372707892647,0.01055534693345552,0.00299760162257094
18.440000000000083,151.26505176775566,0.003705633502383942,0.01891400950904409,0.010515085121481391,0.002988291026443761
18.450000000000085,145.4540232629738,0.0033033594873572276,0.018952930131546763,0.010467495422972884,0.0029684697312846054
18.460000000000086,140.5688202830119,0.0028664639631374037,0.018982595515637652,0.010371284210023056,0.0029383750127366035
18.470000000000088,147.0059141978582,0.0024248073064947226,0.0190057200859587,0.01022710093648689,0.002898325312168045
18.48000000000009,152.55247392265105,0.0020090172888275947,0.019025350746277838,0.010053119111827982,0.002848715421707872
18.49000000000009,156.39411577787862,0.001834370634008811,0.019044592992153834,0.009898304195646843,0.0027900116223352734
18.500000000000092,157.94921080349275,0.0017983336311616243,0.019066233516706454,0.00970371840077367,0.002722748054736398
18.510000000000094,156.94145856490422,0.0017572576103602347,0.019092549745924028,0.009459075238406682,0.0026475230461028565
18.520000000000095,153.4166216238998,0.0017127517775765726,0.019124818020877277,0.009161621281373312,0.002564993370405798
18.530000000000097,147.70509456944538,0.0016692133140852907,0.019162753143863308,0.008817467302073511,0.00247586652439565
18.5400000000001,144.74378414945457,0.00163276527125213,0.019205185145982327,0.008439543665045816,0.0023808931417698977
18.5500000000001,144.92122018129584,0.00160982195128283,0.019251271315705344,0.008043386090233758,0.002280860791924781
18.5600000000001,144.82970694639067,0.0017548867635941386,0.01930019740991461,0.0076425988034831875,0.0021765878366335647
18.570000000000103,144.44801384441467,0.0020905774456266616,0.019350763286818746,0.007738317254732601,0.002152637069061129
18.580000000000105,143.80520535266947,0.0024500576487821247,0.019401512952712516,0.007909207971900138,0.002216020556136829
18.590000000000106,142.9826303567578,0.002808949369072824,0.019450359474443436,0.008066409286584742,0.002275001735616366
18.600000000000108,142.3700764851383,0.0031436358786627117,0.019494785461537774,0.008215808743380654,0.0023289375532117677
18.61000000000011,144.67594028857397,0.003432836951318195,0.019532676172906563,0.00836426218639302,0.00237723553485173
18.62000000000011,145.54497055642975,0.003659449898858648,0.019563087576990726,0.008509836065039252,0.0024193615432318957
18.630000000000113,144.89876792723692,0.003811631430253402,0.01958515063653512,0.008620963715091984,0.0024548414063198564
18.640000000000114,142.89209131502233,0.003882037723074658,0.01959702456834693,0.008743816991222335,0.0024832612264336766
18.650000000000116,143.65644531476715,0.0038671355024811334,0.019596423608433236,0.008850546257322824,0.0025042723476372533
18.660000000000117,145.52820342380906,0.003768085255071456,0.019581447008927007,0.008923039853211622,0.0025175994453652435
18.67000000000012,147.53683553345897,0.0035912570069192196,0.0195504872068506,0.00895181547957625,0.0025230443986159886
18.68000000000012,149.3633493392044,0.0033478226610732477,0.019501508970923887,0.008934107577741017,0.002520482921533216
18.690000000000122,150.69606191803072,0.0031835049729149437,0.01943202585005591,0.008874371079975097,0.002509859689576372
18.700000000000124,151.2825126915445,0.003075249193184339,0.019339681762767343,0.00878131706296153,0.0024911885980178497
18.710000000000125,150.96311864475132,0.0028805637823353042,0.019222181542168433,0.008663469308129104,0.002464556281938684
18.720000000000127,149.69463610051352,0.0026007969484064183,0.01907745308722483,0.008525848557195414,0.0024301210944325884
18.73000000000013,147.57037841089107,0.0022417155428443363,0.018904731340885234,0.008375134659259577,0.002388105250223559
18.74000000000013,144.8074730328707,0.0018132397720649173,0.01870515560113242,0.008232229296842817,0.002338787289268636
18.75000000000013,141.69621128787412,0.002036038927224021,0.018481506165215232,0.00807104754696333,0.0022825020711131254
18.760000000000133,138.53888811610267,0.0024013006326028727,0.018237390292734166,0.007879834347504893,0.002219646006094496
18.770000000000135,135.59574286642044,0.002746173131433287,0.017976279352167304,0.007648452040310752,0.0021506789092061397
18.780000000000136,133.0481907706721,0.0030388991799502676,0.01770139187688947,0.007374186510657234,0.0020761189924823503
18.790000000000138,130.9609696989093,0.0032515338088147092,0.01741524490604133,0.007064157406706804,0.0019965366243187336
18.80000000000014,133.55343283538053,0.0033637682501655363,0.017118899329795087,0.006733142103434634,0.0019125526123222772
18.81000000000014,136.57127210115618,0.003364820497802748,0.016811988994945706,0.00640280049816695,0.0018248381335334138
18.820000000000142,137.98836827129784,0.0032544843023821633,0.016493091907124342,0.006075068785308599,0.0017341086181575894
18.830000000000144,137.78465117158487,0.0030425179067284968,0.016160190819656646,0.005749655328164111,0.0016411097238347402
18.840000000000146,137.40569682034544,0.0031178587354949833,0.015811541189350433,0.005432501837483868,0.001546602375417403
18.850000000000147,137.5095766028038,0.0033256629965998366,0.015446480667896497,0.005425203217988996,0.0015338584282663529
18.86000000000015,137.026712512871,0.0034711511429235307,0.015064697329990493,0.005522620501656212,0.0015656609813883603
18.87000000000015,136.60696334783265,0.0038053807218855254,0.014665513352932036,0.005598643781966602,0.0015930333794317523
18.88000000000015,136.0213324601653,0.004242841702236523,0.014248748741708657,0.005667235141405434,0.0016151935690890224
18.890000000000153,135.28796245407673,0.004608117001929025,0.013815320498192993,0.005730723097945001,0.0016316872442501437
18.900000000000155,134.46213062526238,0.004878029748603194,0.013367222831058453,0.005772209140048903,0.001642389381573971
18.910000000000156,133.60530378853326,0.005034293883193939,0.012907258539861525,0.00579554073260461,0.001647430055369556
18.920000000000158,136.2636286076294,0.005064442790975509,0.012438042603091804,0.005822141435270763,0.0016469120848443982
18.93000000000016,139.03698080091235,0.004963277141123976,0.011962156517238875,0.005825799804988309,0.0016409606335246781
18.94000000000016,139.76039945188984,0.004733651248119961,0.011483159079360811,0.0057994524396646555,0.001629998038502482
18.950000000000163,138.43224437188448,0.004386236311845256,0.011005050786420553,0.0057417478637780805,0.0016146221913237084
18.960000000000164,138.35309892874844,0.003939205316560892,0.010804695646633819,0.005657560294145746,0.0015954513039046498
18.970000000000166,138.66845712094067,0.003418329270722527,0.010662830276899017,0.005556146033600418,0.0015730922907313814
18.980000000000167,140.05674872262924,0.0028551819007243237,0.010524351864073356,0.005454342786574312,0.0015480357847913438
18.99000000000017,141.28956879792113,0.002283618294641226,0.010388816833045272,0.0053755270111192945,0.0015205113018437408
19.00000000000017,142.30093334424117,0.001737440560518001,0.010254827361116693,0.005290068491477543,0.0014905235248646612
19.010000000000172,143.02953747226962,0.0015586459243228693,0.01012039466790306,0.00518754146957481,0.00145794771186542
19.020000000000174,143.41289539159732,0.0014111738044965115,0.00998282301150327,0.005079739742196902,0.0014224501927140936
19.030000000000175,143.40341354337707,0.001278927883979039,0.009838708306261476,0.00495299522407585,0.001383579752386672
19.040000000000177,142.98793256377718,0.001161529316147816,0.009684606334973667,0.004803497283601522,0.0013409040204216426
19.05000000000018,142.18578084919832,0.0010595241345055673,0.009516519246090243,0.004630245636297216,0.0012938279465485904
19.06000000000018,141.03156143162064,0.001191834221051264,0.009329795482633194,0.004433078318221643,0.00124157939389282
19.07000000000018,139.5640130708994,0.0014794038587776746,0.009120678687000502,0.004212933603665366,0.001183644906782199
19.080000000000183,137.83430464002404,0.0016840981372127598,0.008887225455307641,0.004016363808945381,0.0011200286015889181
19.090000000000185,137.49495803965323,0.001793022009955773,0.00862827975064117,0.0038048443042563588,0.0010509562922332758
19.100000000000186,137.8674649449733,0.0018047784232131459,0.00834272412530371,0.0035950064046619368,0.0009766552569093515
19.110000000000188,137.79925652552473,0.0017281915761151677,0.008030807002291017,0.0033606012411360967,0.0008977244661821572
19.12000000000019,137.17524040617693,0.001772739674546119,0.007694366392317523,0.0031754035184476644,0.0008151908436654704
19.13000000000019,135.92478203280535,0.0019651398416723185,0.0073343520918647265,0.0031174180656058266,0.0007297970573778233
19.140000000000192,134.02678585630554,0.0020838016566596972,0.0069498876430017665,0.0031483921075277995,0.0007008610688429914
19.150000000000194,131.49517247016092,0.002119415271209525,0.0065399333565839,0.003181599981830317,0.0006827488670359179
19.160000000000196,131.2357738951969,0.0020696016258338677,0.006104646268797157,0.003102418194085576,0.000658400642664119
19.170000000000197,131.59686775096213,0.001939394644159836,0.005645813700594545,0.002922088269900991,0.0006685124462840917
19.1800000000002,132.031795733907,0.00173965292514832,0.005166559324635814,0.002678752827363353,0.0007062180883126704
19.1900000000002,134.0118653297819,0.0014847144252989487,0.004670669127034063,0.0027552513711041598,0.0007418153425439589
19.200000000000202,135.58546746162716,0.0012202568741069284,0.004162244604822215,0.0028064834837995246,0.0007745408484345848
19.210000000000203,136.6399152055576,0.0011588497160906134,0.0036453433690303415,0.002910828174729852,0.0008036629201269433
19.220000000000205,138.31575359961795,0.0010406241162132022,0.003123496631873252,0.0029996274159005396,0.0008284926759275922
19.230000000000206,140.29969783515986,0.0009417697773198777,0.002599402342194787,0.0030704276938311697,0.0008483888930967472
19.240000000000208,141.41273790483274,0.0011741598477058742,0.002075127618628628,0.003138525180846042,0.0008627631195130044
19.25000000000021,141.61635327260984,0.0014474322805509909,0.0015525778794729117,0.003222073765684793,0.0008710897433301366
19.26000000000021,140.9337128491305,0.001748979160519427,0.0011370999586111383,0.0033621662984154653,0.0008729170628615415
19.270000000000213,139.46004254778296,0.002060093116091588,0.0009843873212794997,0.00346248940360097,0.0008678720330600741
19.280000000000214,137.36994173533108,0.0023582037515476914,0.0008389924345492885,0.0035088975464776153,0.000859483972541139
19.290000000000216,134.8969564467674,0.0026197165414700283,0.0006981085970896947,0.0034521948503590276,0.0008486888982947938
19.300000000000217,134.02560125654463,0.0028231508119162985,0.0009963030443304718,0.0032972951522799204,0.0008298811810174004
19.31000000000022,133.77892112328442,0.00295138623876056,0.0014885132292051819,0.0031912391937791097,0.0008029414510858844
19.32000000000022,135.55049192217626,0.0034059307839777943,0.0019760108813626645,0.003059070919159601,0.0007678348790247091
19.330000000000222,136.43613737342977,0.0039017481053073414,0.0024594118953525056,0.002871507272934805,0.0007723897058039016
19.340000000000224,136.3970476733853,0.004359885041136847,0.0029374953267545826,0.0032406841302290794,0.0008775953591937375
19.350000000000225,135.50317406389382,0.004765200672331402,0.0034078805307688363,0.003473243727468868,0.0009349801171563853
19.360000000000227,134.36354891844508,0.005104733393654461,0.003868230332757594,0.0035433603828279956,0.0009398280036541719
19.37000000000023,135.32148108279935,0.005367990733852141,0.004316754033787129,0.003663442171181263,0.0009254628895304025
19.38000000000023,135.89658020690268,0.00554691304880191,0.004751950737892294,0.003870697839477007,0.0009577001360246156
19.39000000000023,136.30277304303456,0.005990586601022721,0.00517220214844853,0.004092662838340441,0.0009556494351242336
19.400000000000233,136.70805444873818,0.006410690158985259,0.0055758193439958475,0.004352934656120957,0.0010339656754112438
19.410000000000235,136.9961472912444,0.006739456484534594,0.005961363277294408,0.004772570430547881,0.001210931693669668
19.420000000000236,137.13978909176475,0.0069536670768271976,0.006327283956023568,0.005189386965089878,0.0013422129064716974
19.430000000000238,137.16793300625775,0.007035597226476302,0.0066716007936344435,0.005421954239943781,0.0014145797891138455
19.44000000000024,138.65598643588717,0.006974688051152947,0.006992471176445614,0.005437958631399924,0.001419087456460447
19.45000000000024,136.90391935307818,0.006768560203791106,0.0072886008817877514,0.00522669074003985,0.0013521409736441136
19.460000000000242,135.70212978507882,0.0064236098417918535,0.007559663059839598,0.004860554376261181,0.0012159536345702836
19.470000000000244,135.79502511473052,0.005955141205504848,0.007806429525969246,0.004705262428402524,0.0010183364683105107
19.480000000000246,135.56254797810575,0.005385534098818634,0.008029911856703134,0.004346982251741703,0.0007719383989658952
19.490000000000247,135.00648430511725,0.004741713745056184,0.00823084198556858,0.003961912136798304,0.0008415061115441558
19.50000000000025,134.18015394305422,0.00405399429627216,0.008410237016884075,0.003769785896976435,0.0009531172356265422
19.51000000000025,133.9003800181076,0.0033545067720967305,0.008569503703847032,0.003948888759562958,0.0010625110304269924
19.520000000000252,136.38176951915833,0.00267499097283216,0.008709091334726957,0.004359935671729791,0.0011689834677246706
19.530000000000253,138.5818563158008,0.002139467947899166,0.008829043008413922,0.004764045558892911,0.001271854388193588
19.540000000000255,140.17905217762922,0.00185149869671641,0.008930433532116415,0.005146365486571521,0.0013704784607812767
19.550000000000257,140.8953566354416,0.0020725022259773474,0.009014848185640538,0.005491403385944417,0.001464230302548248
19.560000000000258,140.53835766391626,0.0022827893491201463,0.009084610499929898,0.005788012923080369,0.0015525392851955353
19.57000000000026,139.04354909816894,0.0024177802689180844,0.009143551962917162,0.006033492081279831,0.001634862743914265
19.58000000000026,136.50396620777474,0.0024592072818344878,0.009195046650902606,0.006234390547310689,0.0017107153458358285
19.590000000000263,133.5656268223792,0.002399829515061538,0.009241516355257886,0.0064033962498787666,0.001779675467992506
19.600000000000264,133.66467332005388,0.0022445740404820787,0.009284427689449593,0.00655366946470353,0.0018413869698775797
19.610000000000266,134.49251644679796,0.0020098070175380445,0.009324992084663133,0.00669351699476571,0.001895557381472994
19.620000000000267,134.93777107362993,0.001720081354993275,0.00952439790187496,0.006824257678266239,0.0019419600253267767
19.63000000000027,134.8735016777515,0.0014038371273861652,0.009947761623441964,0.006941914875845655,0.001980440459206907
19.64000000000027,134.21213355891908,0.001090010136798377,0.01036885852836842,0.007042878995879597,0.0020109201905549527
19.650000000000272,132.90678725255407,0.0009428691887990365,0.010785612506558098,0.007144271424083651,0.0020333929919900957
19.660000000000274,132.36505805174647,0.0009793498832756803,0.011196290535620369,0.007229656605701761,0.0020479180692988676
19.670000000000275,133.80304198314144,0.0009478141301239361,0.011599631458334553,0.007285654177113642,0.0020546173451570474
19.680000000000277,135.01518367332392,0.0008432202918580737,0.011995027416744967,0.007299018537964598,0.002053677298510844
19.69000000000028,135.95941920562996,0.000715613926350064,0.012383012421485132,0.00726387459117553,0.0020453493077778814
19.70000000000028,136.6460248113737,0.0007236440883028132,0.012764522750955042,0.007184822868738026,0.0020299450458996318
19.71000000000028,137.08455792106506,0.0007439181916238731,0.013140882656233166,0.007105907567833544,0.0020078310190871167
19.720000000000283,137.3427666563469,0.0008374815358108333,0.01351402365761259,0.007024351540476195,0.001979428396572278
19.730000000000285,139.12396394234736,0.001042190752941009,0.013885524734918107,0.006918197157461108,0.0019452173353787826
19.740000000000286,141.6001526314471,0.001279376964413456,0.014256005108769707,0.006789166948668625,0.0019057382079614629
19.750000000000288,143.40943807314449,0.0016092976496971272,0.014624631137025902,0.006640350794689172,0.0018615850347519505
19.76000000000029,144.45167688883524,0.0019132316962755548,0.014989241890230107,0.0064785557189025265,0.0018133949151403728
19.77000000000029,144.67012167461277,0.0021858647410598576,0.015347952371416337,0.006306889603566935,0.0017618402660631318
19.780000000000292,144.05876108827,0.0024600632341888404,0.015699605868234275,0.00614813760134164,0.0017076247727799802
19.790000000000294,142.65854756516427,0.0027375199377348385,0.016043542667602915,0.0059611188171300004,0.0016514774534230768
19.800000000000296,140.56014502865935,0.0030329930035155116,0.016379494649498626,0.005743283693228699,0.0015941414821124776
19.810000000000297,137.91313834090792,0.0035037494467127345,0.016706790730768344,0.005647265637698187,0.0015826443107244102
19.8200000000003,135.89015501541977,0.003920365774870584,0.017023857245800064,0.005709752070708074,0.0016156014527864118
19.8300000000003,137.27084479777463,0.004260241048242302,0.017328948761505408,0.0057775508106549045,0.0016456598283487486
19.840000000000302,139.94941955944563,0.004506075415666231,0.017621066159636014,0.006126148468152065,0.0016723337212693342
19.850000000000303,142.44372873702724,0.004763022497407661,0.01789951242005696,0.006518336588677133,0.0016952301360038274
19.860000000000305,144.5716040935569,0.005051134469637805,0.01816381430686152,0.006849385413326012,0.0017352021773421428
19.870000000000307,146.3296420602656,0.005268452841409598,0.01841413717227183,0.007107872416481216,0.0017973751639043351
19.880000000000308,147.71735731391328,0.005407196884230823,0.018650929426991026,0.007292602548915664,0.0018556072291904993
19.89000000000031,148.72942537705268,0.005462906820942403,0.018874897367735413,0.007409965073239841,0.0019095515787072074
19.90000000000031,149.34565061657972,0.005434703557849209,0.019087053879185883,0.007471730240032931,0.0019588967019945765
19.910000000000313,149.5289119296746,0.005662910203418359,0.01928837862207854,0.0074932652019451765,0.0020033686080642332
19.920000000000314,149.24122070895461,0.005879001131674903,0.01947874894539628,0.007491709408554231,0.00204273468378553
19.930000000000316,148.46813322697304,0.006022961245281549,0.01965649046891715,0.007483735677673653,0.0020768072521173708
19.940000000000317,147.23414503993365,0.0060766592299509896,0.019819387747049038,0.0075835569257272474,0.0021054449134769388
19.95000000000032,145.6069710618931,0.006023748301006796,0.019965079159190338,0.007663076608551054,0.002128552405708915
19.96000000000032,143.69837670943258,0.005851479930966087,0.020091095344232014,0.007712327308996293,0.0021460813320377014
19.970000000000322,141.95343124613106,0.005552368741616735,0.02019556297878613,0.007731433813461658,0.002158032343005738
19.980000000000324,140.5196771230908,0.005125823307473715,0.020277291476175883,0.007722163175757851,0.0021644566132693246
19.990000000000325,138.91656651556886,0.004579315787896782,0.02033535785307702,0.007688098497796061,0.002165454591125166
20.000000000000327,137.1685251039537,0.003928556939616193,0.020368866917900057,0.007634447423633658,0.0021611728579067914
20.01000000000033,135.3129282150689,0.0031966197110134794,0.020376643075507118,0.007567385459354619,0.002151801569627817
20.02000000000033,134.30954038152638,0.002412441235770748,0.020357105023965576,0.0074963204253874075,0.002139960605349945
20.03000000000033,133.71000335723838,0.002250043961737883,0.020308720466159707,0.007488401647543251,0.0021334470809488987
20.040000000000333,133.2315814223946,0.0023903825735386228,0.020230690760256468,0.007484357879174806,0.0021226393041478215
20.050000000000335,133.89931598508164,0.0024985361969893432,0.020123355271457796,0.00747345482004568,0.0021077834208918012
20.060000000000336,136.71292408652968,0.002555578295597051,0.01998827402526501,0.0074413436856852495,0.0020891542536689584
20.070000000000338,137.87058597501323,0.0025477610824850543,0.01982730857383663,0.007374180852485839,0.00206705303728051
20.08000000000034,137.12857939536946,0.0024674662082500463,0.01964138349099193,0.007266509855848212,0.002041804515919578
20.09000000000034,137.73160898002462,0.002323610110182679,0.01943096534987206,0.007131060267384939,0.002013751669327447
20.100000000000342,138.04759768472897,0.0025336943765399095,0.019197536012139315,0.007020158958222271,0.0019832490576078025
20.110000000000344,138.1004195757607,0.0026363243219370562,0.018943464649648162,0.006893490296431223,0.001950657176032839
20.120000000000346,137.92858300181462,0.0026485977633241412,0.018671343240466487,0.006757335062957066,0.0019163383923990764
20.130000000000347,137.58592046664486,0.0026130933072221426,0.018383947118819927,0.006687533805835065,0.001880652608322881
20.14000000000035,137.17405020067568,0.0027851833045942436,0.01808363744626358,0.006622254032376695,0.0018564790036150309
20.15000000000035,139.49559071516222,0.002914327724955431,0.017772113256409337,0.006667306518410271,0.0019007848982492603
20.160000000000352,143.23854336209732,0.0029969310251858152,0.01745090082307249,0.006825977070598708,0.001939943084498659
20.170000000000353,145.51076936796878,0.003032235635571661,0.01712163150390042,0.0069808268571397245,0.00197329194053642
20.180000000000355,146.3263792082181,0.0030219975003092986,0.01678577874707994,0.007109241145741644,0.0020002352984199835
20.190000000000357,145.79683740702694,0.00297007527314856,0.016443783894086395,0.007208201518583444,0.002020251558957768
20.200000000000358,144.08825633117917,0.0028833730883705126,0.01609463361596245,0.007287878151065691,0.00203289509056477
20.21000000000036,141.38250928922366,0.0027721821847999702,0.015735821579440857,0.007322207988313017,0.002037794651381593
20.22000000000036,137.90055439813256,0.0026495188125034625,0.015363910382200356,0.007309755875026442,0.0020346544118009036
20.230000000000363,137.71632511156932,0.0025299381985647326,0.014976336007794881,0.007255370690844459,0.0020232565597578427
20.240000000000364,140.06139952570663,0.002427789521622591,0.01457187640359905,0.0071669386996787545,0.0020034604268648697
20.250000000000366,142.4825554624431,0.0025400191490095665,0.014150224199317817,0.007054582677293886,0.0019751971646615285
20.260000000000367,144.39005782721776,0.0027236628168467365,0.013712169192976055,0.006929197454749751,0.0019384655578784267
20.27000000000037,145.67711173327004,0.002908729899247882,0.0132590200189841,0.006768671068248203,0.0018933338587118801
20.28000000000037,146.2874158990879,0.0030863083988934407,0.012792025959031957,0.006590529660423255,0.0018399445400223498
20.290000000000372,146.19575241221895,0.0032482621289354747,0.012312644096027276,0.0064022078428484204,0.0017785147911656158
20.300000000000374,145.40645473807285,0.0033877185099876485,0.011822513486292024,0.006193782954944216,0.0017093312342076655
20.310000000000375,143.97224696085925,0.0035003562965842876,0.011322994712228541,0.005959516518866763,0.0016327446078942267
20.320000000000377,141.9941761625555,0.003640132995684182,0.01081504944961101,0.0056921300344015885,0.001549169176580851
20.33000000000038,139.59083278869,0.003927724862908294,0.010299327503266306,0.005385857319642139,0.0014590840123839
20.34000000000038,136.96178862195856,0.004084358867774866,0.009776576099835146,0.005039605800817889,0.0013630296530947157
20.35000000000038,137.43383022715128,0.004101726642819795,0.009248165921204045,0.004964416761104612,0.0012615992511535853
20.360000000000383,137.906839097981,0.004164388534720463,0.008716506794897768,0.004934576863331929,0.001155430535420328
20.370000000000385,138.39580174173022,0.004293405065806197,0.008184256955922098,0.004896185035457135,0.001115093841187233
20.380000000000386,139.23057669058196,0.004355739707711989,0.00765373033209924,0.004848074486326652,0.001083661590226341
20.390000000000388,140.65369364291828,0.004347118061399323,0.007126547688476906,0.00478910344424893,0.0010503040245152758
20.40000000000039,141.57829561666884,0.004267762694861634,0.006603337435914991,0.004718176535649391,0.0010146997273019621
20.41000000000039,141.97438232768994,0.004122298179652513,0.006083755367440198,0.004634269642545027,0.0009765348730053122
20.420000000000393,141.8675637207559,0.004194148095057007,0.005566735631579985,0.004536455460388249,0.0009355096671807599
20.430000000000394,141.32697258019147,0.004305159295326059,0.005051192165672447,0.0044239248947241785,0.0008936228805624053
20.440000000000396,140.44443164931502,0.004398540904908101,0.004536406017050325,0.004296003465321379,0.000859376422338166
20.450000000000397,139.52041835187813,0.00445784460822559,0.004021607426465757,0.004152167412612805,0.0008215259334726796
20.4600000000004,138.48422259823514,0.00446688667716069,0.0035062132363324243,0.003992063095388427,0.000806873229799934
20.4700000000004,137.08014730114277,0.004410758083806133,0.0029905282900194665,0.003815525657722026,0.0008838709602887348
20.480000000000402,135.34755297017853,0.004277122797054798,0.002474959667062234,0.003622590105497613,0.0009220033175145454
20.490000000000403,133.54441104300088,0.004057452012845353,0.0019598364289873296,0.003413494699049508,0.0009152039677860139
20.500000000000405,134.98213144781278,0.003747603416284015,0.0014465488782353362,0.0031886815157608378,0.0008606855901541223
20.510000000000407,136.06231518341679,0.003348271539147697,0.0016479426823918497,0.00298997346087262,0.0007590555633189792
20.520000000000408,136.50751436922647,0.0028651475987106225,0.002005524718073542,0.0028783124516131957,0.0006381080554564758
20.53000000000041,136.2844823437809,0.0030435646119080476,0.002354548908599135,0.0029953333160156834,0.0007050437753686851
20.54000000000041,135.44182610999255,0.003176233049349006,0.0026927903053627217,0.0030176197697616308,0.0007649693483796683
20.550000000000413,134.08948440524324,0.003231265720244673,0.00301854082847047,0.0029746544198860038,0.000816445035170351
20.560000000000414,133.38033776019606,0.003207113841554268,0.0033311997766704024,0.0031569705578352518,0.0008593434095769714
20.570000000000416,133.39221175276373,0.0031093673967391455,0.003630694418553095,0.003506994642286364,0.0008936240894922824
20.580000000000418,133.01501432605596,0.00295010580736088,0.0040455049615505684,0.0039364391152865,0.0009193300693296719
20.59000000000042,132.2692121554208,0.0027468982586444247,0.0044851476686799275,0.004248751681955389,0.0009365869399259563
20.60000000000042,131.1914410604106,0.0025208372927620322,0.004915153350248006,0.004442849234375773,0.0009559511305003337
20.610000000000422,130.44060325736248,0.0024664945275297495,0.005334500540629431,0.0045247532872302754,0.0010023628480613938
20.620000000000424,129.58520985113174,0.0026567847893530588,0.005741289880577927,0.004506754173564058,0.0009896218182023932
20.630000000000425,129.04579743168986,0.0027283035497316257,0.006132968216079454,0.004405982310770701,0.0009659186296129704
20.640000000000427,130.1149307191683,0.0026894065284899637,0.006506929931006089,0.004242457122910887,0.0009688473071020415
20.65000000000043,131.38166194744002,0.0025560054923924836,0.006859896287381196,0.0040368196338583275,0.0009704024742949537
20.66000000000043,132.7529271823286,0.0025103511785423845,0.007188012790934904,0.004212609781124851,0.0010739202328522688
20.67000000000043,134.0830044762209,0.0024997330547051207,0.00748807402571592,0.004461987156966058,0.0011764026070439386
20.680000000000433,135.19869974076497,0.0024426304877271455,0.007758634603608929,0.004775863974288591,0.0012763763554559356
20.690000000000435,135.9357396878533,0.002345576839490195,0.007999236024403085,0.005230843250420469,0.0013732609854202435
20.700000000000436,136.1741433689242,0.0022170548781021964,0.008210168940186356,0.005621495885835282,0.0014664874528152313
20.710000000000438,135.86125135911462,0.002066591313462792,0.008392383604391691,0.0059288470860687816,0.0015555034241731276
20.72000000000044,135.36339357433621,0.0019045212015618704,0.0085463694839006,0.006154503984074757,0.0016397770831463854
20.73000000000044,135.26383998837792,0.001741582701928436,0.008786808893295682,0.006318610639480169,0.00171880148720604
20.740000000000443,135.056109196373,0.0015881512142917988,0.009153563965673002,0.006452011668448762,0.0017921004604612668
20.750000000000444,134.79885097697988,0.00145394860382519,0.009513781222220581,0.006614816553752543,0.001859234542045766
20.760000000000446,134.55015717729663,0.0015395442250232957,0.00986897098647565,0.0068369216099271185,0.0019198050001091912
20.770000000000447,134.35534528264762,0.0018164857258555797,0.01022172930871979,0.0070329048130316155,0.0019734560492038608
20.78000000000045,135.00685883715582,0.002054997997561386,0.010574802913056363,0.00718973848826054,0.002019877278855123
20.79000000000045,136.582653873111,0.002240918451122279,0.01092998049090552,0.007306808341606602,0.0020588074154135765
20.800000000000452,137.62927655086156,0.0023613111025728214,0.011288029348521895,0.007391380966308951,0.0020900381275883654
20.810000000000453,138.0355648050863,0.0027425099101340707,0.01164899819860593,0.007487010636678817,0.0021134159776376974
20.820000000000455,137.74304139148927,0.0030192590902587244,0.012012035193658538,0.0075365896115237975,0.002130678916056678
20.830000000000457,136.74253352332812,0.003153232782021391,0.0123748880312428,0.007591384596500868,0.00215226077793009
20.840000000000458,135.07724107578179,0.003138850036850216,0.012733807214542987,0.007612537764206628,0.002165618733908113
20.85000000000046,132.85351583294798,0.002983429983276512,0.013084109867521603,0.007611585129171289,0.002170724167422733
20.86000000000046,133.05835357623442,0.002706595834139289,0.01342103097634022,0.007601422369917093,0.002167612670624494
20.870000000000463,133.36420794500492,0.002338372402284948,0.013740276225415215,0.007573192930725275,0.00215638280013761
20.880000000000464,134.46523437921186,0.001964600563738776,0.014038982639859693,0.007527200763543774,0.0021371952301657824
20.890000000000466,135.65382960908246,0.001938532806159936,0.014316145598690539,0.007556236444392495,0.0021102731086824283
20.900000000000468,136.89458103753097,0.0018624052822070127,0.014572549980461815,0.007795470804558812,0.002075901659052773
20.91000000000047,138.10556995117437,0.0017366134452241081,0.01481009215607567,0.008012789186335233,0.0020344250690601607
20.92000000000047,139.16574007205506,0.0015650980313415698,0.015031083745524504,0.008207134394695522,0.0019862415100393833
20.930000000000472,139.92886064719184,0.0013547768484768435,0.015237401469330697,0.008377634697229757,0.0019317988306928274
20.940000000000474,140.24811490139254,0.0013414347754499292,0.015430494230398169,0.008523604172630306,0.0018715917152789545
20.950000000000475,140.00983991443795,0.0013686430473955483,0.01561213034516966,0.008644541265181953,0.0018061583240028762
20.960000000000477,139.16217726985104,0.0014064593649151269,0.01578405680896157,0.008740126420691798,0.0017360745310743392
20.97000000000048,137.72723469339618,0.0014413787100932861,0.015946797771979805,0.008810218872770946,0.0016619467413294604
20.98000000000048,135.80070297672117,0.0014573753996374823,0.016099499107838592,0.008854853021161761,0.0015844058732600507
20.99000000000048,134.62592157240286,0.001513650653742426,0.016240467883752167,0.00896966592698528,0.0015041031933799428
21.000000000000483,136.31605029524692,0.001808013653635562,0.01636718632540562,0.009075243949004759,0.0014217059725589677
21.010000000000485,137.2760137853539,0.002064334783961586,0.01647603019347963,0.009141532387789196,0.0013378911596513797
21.020000000000486,137.33017456875032,0.0022676746827775002,0.016562333772619765,0.009167775326091775,0.0012533380174566892
21.030000000000488,136.38241010265395,0.002410522646634253,0.01662125562245386,0.0091535551087817,0.0012881749175412969
21.04000000000049,134.42995393558033,0.0024924043545222676,0.016648585265755723,0.009098793037040958,0.0013704522126712104
21.05000000000049,135.24422671016688,0.0025188331373149878,0.016641455406530774,0.009003748288473796,0.0014522288322371063
21.060000000000493,136.0833055928446,0.002499431120788611,0.016599442318026736,0.008869013088389305,0.001532815612944635
21.070000000000494,136.80312612019077,0.0024461477188619865,0.01652404745710422,0.00869550595257078,0.001611516106636802
21.080000000000496,137.45822146168192,0.0023720754879302036,0.016417124906774414,0.00848446525166336,0.0016876308702663994
21.090000000000497,138.0744011302046,0.002290735399626586,0.016281064021568696,0.008237440998387194,0.00176046719122494
21.1000000000005,138.64315431384674,0.002551555699697381,0.016119718086496815,0.007956284589548578,0.0018293525837509133
21.1100000000005,139.88623178051273,0.0028856819319383648,0.015938291766857904,0.007643137395833707,0.0018936467920378415
21.120000000000502,141.38714524303043,0.003136846135712223,0.015742046644210216,0.007300416081057275,0.0019527502145190276
21.130000000000503,141.99104503260958,0.003291220932319253,0.015534910692284857,0.007216211956200181,0.002006112100820643
21.140000000000505,141.64399008160748,0.00334078213272722,0.015319658950938488,0.007341791183125084,0.0020532417072105596
21.150000000000507,140.3466685034516,0.0032846471330527914,0.015098608871565666,0.007427835443021475,0.002093720004939554
21.160000000000508,138.37722930738187,0.0031293653402598744,0.014873272688813092,0.007491507023724634,0.002127206349298427
21.17000000000051,137.48461790460246,0.002887968148975482,0.014644124194330223,0.007547681421671729,0.0021534386033804907
21.18000000000051,136.4619977360764,0.0025787396700202984,0.014411202728473191,0.00761078667496839,0.0021722316152649633
21.190000000000513,135.40491409842392,0.0024246259296181864,0.014174505393620791,0.007665301393047862,0.002183478884543687
21.200000000000514,136.916812434093,0.0023649601934567837,0.013933851825993252,0.007695815666091176,0.002187155586500985
21.210000000000516,139.28076377864448,0.002227486919081645,0.013689134809257961,0.007696592740800764,0.002183317311126265
21.220000000000518,140.91921649851895,0.0020026769218580167,0.013440410363842763,0.007663791517042972,0.0021720933887776615
21.23000000000052,141.7573803102426,0.0016876034446382763,0.01318722774329921,0.007597551781633079,0.0021536798654042425
21.24000000000052,141.8172274817663,0.0012865733793881264,0.012928957606894614,0.007501662339328507,0.0021283362903274437
21.250000000000522,141.2003087040815,0.0008111910662548284,0.01266514042258528,0.007381445652714863,0.0020963840185917767
21.260000000000524,140.0657636893529,0.0006816575159211208,0.012395513516481379,0.007249995620099437,0.002058200664295118
21.270000000000525,138.58907060775365,0.0009130445947593739,0.012120181437222209,0.007114820103840411,0.0020142119818625493
21.280000000000527,136.9174275437547,0.0011113664212614458,0.011839859765290056,0.006948057560758422,0.0019648872969114943
21.29000000000053,135.15231235180985,0.001624190953643785,0.011555822900120968,0.006748540445428235,0.001910702829528381
21.30000000000053,133.97497580145713,0.002100447881173139,0.011535162141190547,0.006542885275743403,0.0018521805308566925
21.31000000000053,135.26734422742996,0.0024877885556337615,0.011545500065283749,0.006336763052205976,0.0017898684636584103
21.320000000000533,136.36486207182054,0.002764834901366456,0.011530057759857925,0.006117661189757071,0.0017243353556862697
21.330000000000535,137.1765067121627,0.0029190800871669604,0.01149032939114143,0.005881536803442816,0.001656175919801939
21.340000000000536,137.6179437373764,0.0029486036257112395,0.011427462461677034,0.005628185184454241,0.0015859591952465328
21.350000000000538,137.6241847338278,0.002862662549159901,0.011342258392087325,0.005361340830625403,0.0015142748061899487
21.36000000000054,137.15294740760004,0.0026813133858514904,0.011234963010936894,0.00510391331732932,0.0014417144803526615
21.37000000000054,136.18385347117874,0.0024340786356431424,0.01110559271820578,0.004966038114197455,0.0013926832724265544
21.380000000000543,134.7342878388892,0.0021570796879249697,0.010954852098301557,0.004947714961808943,0.0013935021056190363
21.390000000000544,132.87486290527306,0.001889049252655501,0.010784470847166187,0.004913236264284368,0.0013914461118987684
21.400000000000546,131.32774178793736,0.0017885369948789308,0.010596611292195218,0.0048877801784710075,0.00138661463474222
21.410000000000547,131.3331968779082,0.0018415153296885956,0.010392625443984851,0.004896326504752063,0.0013788570961811026
21.42000000000055,131.0830399518201,0.0018708467458762852,0.010172443937773962,0.004896318225832717,0.0013676057176191026
21.43000000000055,131.1471182031048,0.0018557538738119407,0.009935417773067402,0.004876994561850009,0.001352125483383567
21.440000000000552,132.54122476148314,0.0018727481999401801,0.009681647780806662,0.004830375131407821,0.0013319028743463484
21.450000000000554,133.80026375058642,0.002020222203495174,0.009411977245410541,0.004752960428473933,0.001306650826134923
21.460000000000555,134.40166729176792,0.0023840285621432875,0.009127584561265892,0.004645145880796915,0.0012761644867484209
21.470000000000557,134.32016080000312,0.0027978476663060104,0.008830000081471714,0.004542953448266298,0.0012404317744267436
21.480000000000558,133.58270145367263,0.0032280148460086962,0.008521121581479293,0.004469264134499352,0.0011995677562527795
21.49000000000056,133.2801906924085,0.003640697286616629,0.008202705966353158,0.004380121188840584,0.001153684705274529
21.50000000000056,133.16433017283188,0.004006260390654621,0.007876777747301259,0.004267632335462753,0.001103021202367321
21.510000000000563,132.83717563784455,0.004302855339886364,0.007545866524730717,0.004123467306768503,0.001062243993175868
21.520000000000564,132.29202059952436,0.00451804962390333,0.007212627933549507,0.00394008319270152,0.0010436831878420272
21.530000000000566,131.53639128539695,0.00464904407215519,0.007000086293923388,0.0037121201743977104,0.0010203641269708175
21.540000000000568,130.59293821819472,0.00470210548990981,0.006909427824633648,0.003593875750036798,0.000992509812886957
21.55000000000057,130.12277815563615,0.004690544496638413,0.006822596135391302,0.0036094256553553723,0.0009603906481119026
21.56000000000057,130.71162209448562,0.004632384696078859,0.006737386320664691,0.003622563143757188,0.000924320367382523
21.570000000000572,130.8815208382337,0.004548121454525433,0.006651317668117266,0.0038270529318401012,0.0008846510212744209
21.580000000000574,130.6837034585899,0.004457705138803636,0.006562149178917623,0.00390973123788572,0.0008494479169388746
21.590000000000575,130.83987278176355,0.0043773544310757384,0.006468241234049792,0.003859982308392264,0.0008132536448538434
21.600000000000577,130.56239013240133,0.004317097969424007,0.0063684999552063954,0.00371869693836544,0.000774808986110441
21.61000000000058,129.83706532438532,0.004280055620584041,0.006262224570147393,0.0038441838139104114,0.0007368481722453657
21.62000000000058,128.95801702087513,0.0042628405212455835,0.006149147194581093,0.0042468520641325445,0.0007180971567601258
21.63000000000058,128.565886505021,0.004256283910023541,0.006028655303877107,0.004631629875238536,0.0006780773813257973
21.640000000000583,129.59298578209552,0.004246834390356913,0.005899961805756019,0.0049629538537618355,0.0006225977178411323
21.650000000000585,131.91299639267888,0.004218097328005917,0.005762551360513756,0.005205717703858937,0.0007019858377905862
21.660000000000586,133.21167982964053,0.00415246689250059,0.005616380169287577,0.005328903697538046,0.0007524277369693301
21.670000000000588,133.3973817753984,0.004033019294645826,0.005461385456228826,0.005308693625007789,0.0008211284311842071
21.68000000000059,132.47575986464423,0.00384548948958942,0.005297553468820072,0.0051307379693881945,0.0008990035075313136
21.69000000000059,132.77010353265024,0.0035802902376510025,0.005125408281235344,0.004791393787222017,0.0009718344961833475
21.700000000000593,134.14815608878268,0.0032336572972528404,0.004945324825594423,0.004297915255411272,0.001039089154801135
21.710000000000594,135.13687599949876,0.0028076574296117185,0.004756630965827756,0.0041643837698134446,0.0011002784042295295
21.720000000000596,135.71265374792935,0.002309970826691812,0.0045581739321978775,0.0042478738506225655,0.0011549601359740155
21.730000000000597,135.89056053717817,0.0017529535411867643,0.004349130434311944,0.0043094389937031454,0.0012027418565663099
21.7400000000006,135.7318553046075,0.0011521257490487648,0.004128918677769543,0.004442196990285578,0.0012432827758082523
21.7500000000006,135.34128127855368,0.000868143175351592,0.003897332350988604,0.004618467782781154,0.0012762959764587183
21.760000000000602,134.84297743348594,0.0011699977443648097,0.0036545207200772574,0.00480643864912971,0.001301550475452835
21.770000000000604,134.4152181166159,0.0014242958240288837,0.0034002759589270002,0.004940504804835503,0.0013188724075149842
21.780000000000605,134.43203439267234,0.0016327041412906717,0.0031337382561914618,0.005001330959721185,0.001328145069153522
21.790000000000607,133.72322925116552,0.0020298579639640734,0.0028534707897750027,0.005060078908656417,0.0013293085294462641
21.80000000000061,133.70756762920539,0.0024494010986838557,0.002557841572340801,0.005167824406564472,0.0013223595580319394
21.81000000000061,133.91909445462082,0.002769710498921849,0.0022451925554837705,0.0052031960155986025,0.0013073516018173167
21.82000000000061,134.68149020456718,0.0029819127224713954,0.0019136825277191272,0.005146827756001779,0.0012843939071550924
21.830000000000613,136.41547598704383,0.0030842378521883564,0.0015617391560285687,0.004991350966302536,0.0012536495621965702
21.840000000000614,137.83488442723868,0.0030823751325605737,0.0011886905950422109,0.004744034317954891,0.0012153332596515558
21.850000000000616,138.82928119112793,0.002988971829293819,0.0012124300135405058,0.004427867246651145,0.0011697095280489645
21.860000000000618,139.31292313572135,0.00282340080379217,0.0014194496297170972,0.004080163054658082,0.0011170911441251799
21.87000000000062,139.23429051469475,0.002611094553004132,0.0016342705109042858,0.0038880273885233472,0.0010578368059342646
21.88000000000062,138.59461107250797,0.0023816733937560655,0.0018568221088324406,0.003727080349817638,0.0009923477412924465
21.890000000000622,137.44637348129342,0.002165981395079452,0.0020867896979103063,0.003619093683097519,0.0009210639682857407
21.900000000000624,136.55471906254854,0.0019927220172224953,0.0023233484150878164,0.0036689823864866477,0.0008444610096877933
21.910000000000625,135.83947090642334,0.0018855268128220902,0.0025651447392049886,0.00371159360039548,0.0007630468365143241
21.920000000000627,134.8355046006081,0.0018607507279323702,0.0028107905098883447,0.003776714083447491,0.000753859772195504
21.93000000000063,133.57584968911712,0.0019262902554930252,0.0030591099701003264,0.003878886807290701,0.0008223680343164771
21.94000000000063,134.26065681452425,0.00208110352018539,0.003541430104797543,0.003966677169875206,0.000888940144491727
21.95000000000063,136.0903495583925,0.002315144652975836,0.004083357160678756,0.004038368840753776,0.0009531215588332666
21.960000000000633,137.45417631201568,0.002610009344162422,0.004635118421911332,0.004092414937267206,0.001014477729227517
21.970000000000635,138.26497733799923,0.0029412825472507494,0.005197668324363609,0.0041274826610915635,0.0010726049396950915
21.980000000000636,138.8714353300308,0.0032820966425060197,0.005771319682634777,0.004218649247846136,0.0011271390746165598
21.990000000000638,139.1118668764882,0.0036064765020110564,0.0063554943513953,0.004415407695252213,0.0011777594657646547
22.00000000000064,138.67266353451808,0.003892350714343894,0.00694858897466585,0.004588083292925789,0.0012241907971776444
22.01000000000064,137.4627555089524,0.004123463725386248,0.007547691080196125,0.00471470420435107,0.0012662068642037168
22.020000000000643,135.8692310890518,0.004290622183110445,0.00814871167821543,0.004801970097920385,0.0013036349588479124
22.030000000000644,134.873921043479,0.004393082643957118,0.00874715894430617,0.004908879759854582,0.0013363563249234249
22.040000000000646,133.94989872979644,0.004438426451561966,0.009338634517918469,0.004998452539377235,0.001364301469313656
22.050000000000647,133.13353817774384,0.004440267158737371,0.00991822542475993,0.005071992155966325,0.0013874444956446293
22.06000000000065,132.4197470219481,0.004415669176547127,0.010481006091606614,0.005131321666240876,0.001405800620444084
22.07000000000065,131.89152734498478,0.004382989341947642,0.011022609222924284,0.005178179666521436,0.0014194257736570319
22.080000000000652,132.5324252548406,0.004359207473468947,0.011539716773615516,0.005213700281345423,0.0014284138933655256
22.090000000000654,132.47033487800934,0.0043566903666904045,0.01203035111725488,0.005382531662689727,0.0014328908083166827
22.100000000000655,133.03964676186192,0.004380785323835353,0.01249424559857461,0.005598840261933097,0.0014330092035063837
22.110000000000657,133.2760397722534,0.004428865908686264,0.012932699969862248,0.005798193390491006,0.0014289492050467668
22.12000000000066,133.5294619037589,0.004490190612296702,0.013347826135956298,0.005980120948701459,0.0014209230159590498
22.13000000000066,133.38368199930582,0.004547513751186969,0.013741982912800365,0.006144291799184449,0.0014091779157212332
22.14000000000066,132.8473352313991,0.00457957436440321,0.014117091761274566,0.006290505830569942,0.0014023662998202604
22.150000000000663,131.96018342510618,0.004562979127730425,0.014474078704048631,0.006418681919429971,0.0014112632714133367
22.160000000000664,130.77871902362227,0.004474873090655053,0.014813221705094672,0.0065288421491083905,0.0014151975407777264
22.170000000000666,132.070934908402,0.0042966413667925255,0.015134495618181056,0.006621094445375204,0.0014145628371043354
22.180000000000668,134.0410343185912,0.004017084438125991,0.015437432922884475,0.006695614971599815,0.0014096449135433183
22.19000000000067,135.725858393982,0.0036336155925435253,0.015721039514485263,0.006752630475776361,0.0014005912885854148
22.20000000000067,136.89672842832124,0.0031520630121357474,0.015983811774820306,0.006803885753785396,0.0013874088891873823
22.210000000000672,137.34541203388937,0.002586241143574926,0.01622381283535109,0.00689414138998461,0.0013699816572600276
22.220000000000674,136.9264280482137,0.0019566740865295603,0.016439113826410893,0.006962191883754887,0.001348195322677043
22.230000000000675,135.58639878224622,0.0015932426269534663,0.0166279501526014,0.007007327607002008,0.0014131514423390192
22.240000000000677,133.37220498953062,0.0013411804355255778,0.016788837108975555,0.007028971766355083,0.001497330552379309
22.25000000000068,130.42590995952872,0.0012405697097315211,0.01692092105261308,0.0070266838141963515,0.0015799687776703896
22.26000000000068,128.89612775006253,0.0015145095950222405,0.017023990183884955,0.007000158778368793,0.0016605628694437292
22.27000000000068,131.34449901481716,0.001734987241675999,0.017098699379279433,0.0069493134090074194,0.0017386195494569572
22.280000000000683,133.09958562359608,0.001954688940291685,0.01714687978866975,0.006874165220205938,0.0018136591962205502
22.290000000000685,136.0373748987548,0.002344716076105378,0.017171206141355387,0.006857083114804651,0.001885218342015614
22.300000000000686,137.96831677576526,0.0026379545863401345,0.017174257268622557,0.007111958787546405,0.0019528532015645728
22.310000000000688,137.3265242682275,0.0028359455544903467,0.017158072362291363,0.007324832325329305,0.0020161446157115565
22.32000000000069,134.49946606304778,0.002944950660343144,0.017124493424965144,0.007492967479944076,0.0020747023761263717
22.33000000000069,135.08391562222184,0.002975090011747219,0.017075381606708104,0.00762640279543032,0.0021281673089069155
22.340000000000693,134.59308995770482,0.00293967900704383,0.017012626372426745,0.007771266045777632,0.002176212201295064
22.350000000000694,133.76201741064435,0.0028539296201545,0.016938182828594987,0.007901292510601962,0.002218543841955285
22.360000000000696,134.23376355659025,0.00273376171684976,0.016854232210026854,0.008004789882052893,0.002254906409218809
22.370000000000697,134.3610736411046,0.002595012491892308,0.016762973710004823,0.008095459215138972,0.002288545478681893
22.3800000000007,139.34368798496675,0.0024526217575293807,0.016666247223077617,0.008223688248156636,0.0023248809345309627
22.3900000000007,143.41766100516568,0.002319708074346517,0.01656552168447616,0.008362426993074327,0.0023548507901594287
22.400000000000702,145.68127813030262,0.0022069707764112334,0.016461608222475325,0.008461517032578424,0.0023783026512288626
22.410000000000704,146.04868076319696,0.0021228481432211824,0.01635439847657079,0.008515675192832839,0.002395124485551374
22.420000000000705,144.48710499391018,0.002073816456064434,0.01624334482391108,0.00852580426790207,0.002405245967684361
22.430000000000707,141.026544867069,0.0020640836556180446,0.01612820509532733,0.008499000322780966,0.002408637843821644
22.44000000000071,136.45233911706657,0.0020949540681370208,0.016009058922959108,0.00846173403420745,0.002405310301793259
22.45000000000071,132.65455049598646,0.0021644802861176928,0.01588596170202594,0.008406054108934427,0.0023953123262891907
22.46000000000071,131.34928767261508,0.0022676417405837353,0.01575851269465361,0.008330580330122003,0.0023787322883027802
22.470000000000713,134.1782148011821,0.0023969951212943455,0.01562612525244287,0.008286341164152021,0.002355698004154881
22.480000000000715,140.45334764797656,0.002543377395076866,0.015488241461078515,0.008250942078964024,0.002326374972191702
22.490000000000716,145.73024386915978,0.0026965321853498316,0.015344108581191356,0.008209489931587113,0.002290963767227037
22.500000000000718,149.45368920353513,0.0028461920849361705,0.015192696097547243,0.008139045508712247,0.002249698477340823
22.51000000000072,151.16928910879307,0.0029836360558075127,0.015033030857446722,0.008016280269529118,0.002202846330288472
22.52000000000072,150.5974631075383,0.003103068956633543,0.014864861639006426,0.007826397197483705,0.0021507066459920464
22.530000000000722,147.6887337776787,0.0032025015796066144,0.014779081702132275,0.007570054765468421,0.002093607731900233
22.540000000000724,142.65269817745508,0.0032841625720876092,0.014855801376039451,0.00726566141104662,0.00203190269562929
22.550000000000725,135.94685848641214,0.0033540067665328676,0.014907728243338846,0.006945361335011149,0.0019659662004145972
22.560000000000727,131.10662413265445,0.0034201009249322516,0.01493567241379659,0.006715078831022063,0.001896192514436876
22.57000000000073,130.09257969545618,0.0034906336879264818,0.01493989080030758,0.006539325719037563,0.0018229931330871558
22.58000000000073,129.13563148500384,0.0035723376673351573,0.014920153011211634,0.006372926632372763,0.0017467926794527164
22.59000000000073,129.87076817321255,0.0036689774261370388,0.014875875727293661,0.006202195491393387,0.0016680241468589136
22.600000000000733,130.42625912248798,0.003779608559256874,0.014806176675608157,0.006009876682188244,0.0016337490388627016
22.610000000000735,132.00820192981115,0.0038975222177558477,0.014710394078139719,0.005821699845063501,0.0016477116884096013
22.620000000000736,132.18077404584454,0.004010451458341415,0.014588397124904302,0.005837285947132002,0.001657459644855336
22.630000000000738,132.18847090155543,0.0041016110269633255,0.01444049705071359,0.005844270101513196,0.0016627909071647085
22.64000000000074,131.27365991817354,0.004151253664158957,0.014267208362863621,0.005840017134764431,0.0016635503438579189
22.65000000000074,129.73848202645956,0.004138869317371944,0.014069000147975732,0.005823557104785673,0.0016596305856103133
22.660000000000743,128.23634517427362,0.004045688069441833,0.01384635421683508,0.005798999133476274,0.0016509761473878502
22.670000000000744,127.1966806930415,0.0038569435165111414,0.013599505576548855,0.005753234876902897,0.001637587521971822
22.680000000000746,128.04524200194487,0.0035636010962049056,0.01332829892344055,0.005686174452475872,0.0016195204654073012
22.690000000000747,128.8737870066735,0.003163608480219659,0.013032898120685798,0.005605688887358038,0.0015968807873098048
22.70000000000075,129.8391348411756,0.002662888642907085,0.012714057405084652,0.0055241112208211105,0.0015698198338858539
22.71000000000075,131.51640738092945,0.0020757983794981055,0.012372669575104153,0.005424422593122733,0.001538533561586775
22.720000000000752,132.16125820750662,0.0014244731073788826,0.01200947275653894,0.005302433318981046,0.0015032619099655253
22.730000000000754,131.81319241364358,0.0010144605536107757,0.011625197918545424,0.005157879527727273,0.001464283840846525
22.740000000000755,132.15206420077453,0.0009042298556713974,0.011351963234691913,0.004995630004004862,0.0014219087387815329
22.750000000000757,132.02369811876372,0.00111456143143046,0.011159817498214219,0.0048236115850500616,0.0013764695328586391
22.76000000000076,131.4704622797677,0.0014718072820189638,0.01096458502408523,0.004653777930246538,0.0013283204637489713
22.77000000000076,130.5941956479363,0.002006750048122299,0.01077621037658389,0.004479096501938979,0.001277836206187185
22.78000000000076,129.47311185886113,0.002446578556517329,0.010577609237430459,0.004297515294837293,0.0012254077650871542
22.790000000000763,128.2200140191905,0.0027826938947303004,0.010369974290352227,0.004110475570504654,0.0011714359007896791
22.800000000000765,129.1443949434688,0.003015314794482361,0.01015492540535042,0.004162917650407247,0.0011792538876680878
22.810000000000766,130.29305837199755,0.0031518691710474512,0.009934144372043084,0.004266074973012927,0.0012092539072394485
22.820000000000768,130.71926474883148,0.0032053023171346585,0.00970883133241055,0.004368656321361822,0.0012378102771832679
22.83000000000077,130.53066656989876,0.0031931265249267233,0.009479216653075844,0.004478317026506828,0.0012647141875621877
22.84000000000077,129.72150541436582,0.0031356277844232896,0.009244582466187864,0.004573719330218035,0.0012894785202157892
22.850000000000772,129.38418656393083,0.003053397795150038,0.009003672618276073,0.004649778321592954,0.0013114594070436994
22.860000000000774,128.30763361188448,0.002965106096114987,0.008755432561500418,0.00470468320144845,0.0013300710234531571
22.870000000000775,127.86239839683664,0.002885824128845064,0.008499026965527793,0.0047398852744546475,0.0013447928816389483
22.880000000000777,127.60524067355689,0.0028265518377914925,0.008233482621794033,0.004758629026071096,0.0013550708710420272
22.89000000000078,127.1776510421597,0.002794191748027227,0.007957911445588814,0.004780491841924421,0.0013603857813450418
22.90000000000078,128.838929165472,0.002791384886330026,0.007671906700197726,0.004811679980019779,0.0013603713143842504
22.91000000000078,130.34812974135656,0.002816993209248188,0.0073755640394775395,0.004860416185871644,0.0013593623909715089
22.920000000000783,131.55725128425965,0.002867232321883168,0.007069228246072565,0.004903815182842872,0.0013565013332701556
22.930000000000785,132.3707393193215,0.002936495621668362,0.006753804783449053,0.00492598408571386,0.0013481135572483587
22.940000000000786,132.7067430932485,0.003018126466903946,0.006431186243252003,0.0049447603178218785,0.001334489519797361
22.950000000000788,132.51133499522928,0.003105687477445199,0.006103979497753252,0.004994219247003706,0.0013161634308352043
22.96000000000079,132.39751270139894,0.003193807987733775,0.005774587556507682,0.005020221592992113,0.0012936298982149288
22.97000000000079,132.00271587379444,0.0032786783318250216,0.005444832933153454,0.0050057444170744595,0.0012672343778519647
22.980000000000793,131.28469926875115,0.003358639173426958,0.005115973934533723,0.00493785964711398,0.001237177233796979
22.990000000000794,130.31958975466776,0.0034343483253051043,0.004788518523718857,0.004810788855882132,0.0012034622753828567
23.000000000000796,130.61356216222086,0.0035084058696289713,0.00446246596348742,0.004627070502368808,0.0011659685168644064
23.010000000000797,132.60945340561975,0.0035849425563202063,0.004137774104709342,0.0043968918965560135,0.0011245855475388422
23.0200000000008,135.283343178965,0.0036691995745729536,0.0038140510395707405,0.00413511706259263,0.001079126460485698
23.0300000000008,137.04546069995308,0.0037668046583280387,0.003599728850231774,0.0038571574512066935,0.0010292392613608541
23.040000000000802,137.72913363499237,0.003882940287357748,0.0034828475487066134,0.003575374535731602,0.0009745130122912373
23.050000000000804,137.29361005687065,0.004021339345493101,0.003354838965021862,0.0033286767728087077,0.0009146034330256524
23.060000000000805,135.8322971316081,0.004183670392933972,0.0032133408306744297,0.003360536155238685,0.0008493880092846381
23.070000000000807,133.71537174880265,0.004369361724065964,0.0030573153786246994,0.003491700960133415,0.0007791208203158786
23.08000000000081,133.38725342120935,0.004574998632181505,0.002886710631118833,0.003548458111798191,0.0007043306748358219
23.09000000000081,132.78677076755375,0.004793700690238455,0.0027015937095149563,0.0035313568871281347,0.000645770982834248
23.10000000000081,131.9436557876447,0.005014869076052895,0.0025018888226611973,0.003446944588328961,0.0006997121554642029
23.110000000000813,130.93676130450456,0.0052239967957919495,0.0022877920019441773,0.0033247896015000627,0.0007309804748207863
23.120000000000815,131.12137908516627,0.005402934162547005,0.0020601165017877865,0.003329151206116973,0.0007376585352619144
23.130000000000816,132.05480646954427,0.005531081709165339,0.00182003421954544,0.00333918533631514,0.0007200972769778936
23.140000000000818,132.51304651654246,0.005587015129292662,0.0015684020268886233,0.0033466077395397993,0.0007303984040217381
23.15000000000082,132.3932666043907,0.0055503428853090125,0.0013054375703845645,0.003526003381454454,0.0008160317727206213
23.16000000000082,131.69512299950722,0.005403870910799384,0.0010312397581279577,0.003675014002711216,0.0008660878881322898
23.170000000000822,130.4576144460885,0.005135633578055443,0.0010473378998383635,0.0036943688773122055,0.0008729893578679928
23.180000000000824,128.86698170023888,0.004740593839269683,0.0013364057748167625,0.0035705018779934976,0.0008323918076230507
23.190000000000826,129.784671590376,0.004221999418419979,0.0016186439495612904,0.003309381465513016,0.0007439133097607395
23.200000000000827,130.74678796513965,0.003592288006241646,0.0018949677849346715,0.0029915370865810378,0.0006114682373572758
23.21000000000083,131.5855520236094,0.0028727264434036336,0.0021664273006835634,0.0026186177261438496,0.0006040091959788549
23.22000000000083,132.14529564004005,0.0020915444037525603,0.002433638001150151,0.00227757619236239,0.0006017293748099773
23.23000000000083,132.32581648198146,0.0012814227859378206,0.0026965071051607624,0.0023721985029081095,0.0006469684237617515
23.240000000000833,132.9898340449979,0.0004768650971957106,0.0029540194634549706,0.0026488048810946207,0.0007183599570980224
23.250000000000835,133.8363746229987,0.0005257539634594227,0.0032044507250468595,0.00289352034552036,0.0007860724676884875
23.260000000000836,133.93831886231698,0.0012218705400307234,0.003445806529488316,0.0031028196204804215,0.0008492397805568274
23.270000000000838,133.18240017307915,0.0018253727524087868,0.0036762173091663417,0.0032782954807095252,0.0009070339033129695
23.28000000000084,131.54103558276665,0.0023206400199340884,0.0038943761117801083,0.003441455643860855,0.0009588240871347525
23.29000000000084,129.09501341817753,0.002701242650106817,0.004099884483602235,0.0036406613303310866,0.0010252846032467598
23.300000000000843,126.02504329037926,0.002970384102769975,0.004293552098069484,0.0038548886766097356,0.0010881944297464266
23.310000000000844,125.83571071197166,0.003139694935729886,0.004477323095586904,0.004050509850183951,0.001145904326931018
23.320000000000846,127.81782409158807,0.003227131819471821,0.004653727508696167,0.004228667583247175,0.0011986578242618008
23.330000000000847,129.64405743927566,0.003254455413021225,0.004824837519369238,0.004396356176721757,0.0012466390853775712
23.34000000000085,131.16482303696247,0.0032444597120029313,0.004992245910837012,0.004561344129680507,0.001289905086494814
23.35000000000085,132.2670968324867,0.003218333365751199,0.00515745935515454,0.004707821583775441,0.0013284878252489962
23.360000000000852,132.87696845032008,0.003193564330002038,0.0054556304463699735,0.0048240445376369415,0.0013624739527235278
23.370000000000854,132.96109360594426,0.0031823715547182737,0.005852321889974307,0.004911794997712486,0.0013918839253803006
23.380000000000855,132.53337080439587,0.0031910108865684335,0.006246865517712272,0.004980240247786396,0.0014166306386538985
23.390000000000857,131.65345556957672,0.00322025265204012,0.0066374405364698,0.00504014846505062,0.0014366073658116168
23.40000000000086,130.41271649367653,0.0032662665828256826,0.00702263459403881,0.005115594756400084,0.0014518208750174347
23.41000000000086,130.0177607219942,0.00332181131704642,0.007401631950678661,0.005187137944139943,0.0014624402677689164
23.42000000000086,133.08235895995836,0.003377825323180829,0.007773862497238722,0.005253039179785211,0.0014686932678407989
23.430000000000863,136.14941013994613,0.0034252003974580628,0.00813887974747878,0.005330913469845225,0.0014708306801379395
23.440000000000865,138.96206646900384,0.003456518629427145,0.00849665418717858,0.005423703652194431,0.0014691872366167692
23.450000000000866,141.24287873209948,0.003467471937405421,0.008846757462011853,0.005508120993654552,0.0014640096294080349
23.460000000000868,142.72773524219474,0.0034579021399237897,0.009188177201841239,0.005569614393962409,0.00145534899265035
23.47000000000087,143.21394930508708,0.003432102540248191,0.009519663827350793,0.00559393112629391,0.0014431644883769236
23.48000000000087,142.5943509395022,0.0033980810948370478,0.00984013043709887,0.005570466795956512,0.001479491045923195
23.490000000000872,140.87444060748584,0.0033665176151282286,0.010148969091849019,0.005682267610950731,0.0015581196573514224
23.500000000000874,138.17761082798128,0.0033498039105181532,0.01044568716500045,0.005980554823803998,0.0016328931083037684
23.510000000000876,134.7415428984099,0.00336078068630177,0.010729780117944454,0.006250337544627961,0.0017033953668754446
23.520000000000877,130.89327936595052,0.0034109658610868335,0.01100132208720123,0.006535894458805042,0.0017692397428703006
23.53000000000088,133.41558888935245,0.0035088551059447976,0.011260865747281374,0.006808722927265746,0.0018300739333307794
23.54000000000088,135.82836873705358,0.003659062454670941,0.011508786052366927,0.007054449969614756,0.0018855866230306883
23.550000000000882,137.64228973660596,0.0038619627493522417,0.011745259695183526,0.007260549570882699,0.0019355108612210317
23.560000000000883,138.73037871245688,0.0041135840639102035,0.01197039259440173,0.007417079021216149,0.0019796235295119627
23.570000000000885,139.04531610474467,0.004405810155193563,0.01218461389544963,0.007519591198462764,0.002017745049205101
23.580000000000886,139.56018315737273,0.004726445594993574,0.01238914501153269,0.007570760274235359,0.002049742538115748
23.590000000000888,139.2632022555642,0.005059608367102788,0.012585939974885411,0.007579987051977995,0.0020755344725240906
23.60000000000089,138.14760556430423,0.005386820782559175,0.012777365346750221,0.007560873599740225,0.0020950927280190203
23.61000000000089,136.2969779104981,0.0056878933460968225,0.012965826969772247,0.00752727294721597,0.002108441572949576
23.620000000000893,133.8888475294755,0.005941863617909282,0.013153378532105565,0.007489510479013813,0.0021156572971162543
23.630000000000894,131.18273465039834,0.006128500060369683,0.013341545339669013,0.00747138901088949,0.0021168707150336177
23.640000000000896,132.5395318616087,0.006229866140843064,0.013531035685837287,0.007435630157501482,0.002112269725665828
23.650000000000897,133.80560095549373,0.006231267453103238,0.013721813629128473,0.007401309689575471,0.002102097544453787
23.6600000000009,134.6843634541139,0.00612196634702602,0.013913305066958067,0.007355114240332216,0.0020866466055553755
23.6700000000009,135.0824469158384,0.005896189756166706,0.014104129364512148,0.007286571928587743,0.0020662524340078012
23.680000000000902,134.95508573440318,0.005553806863139435,0.014292241152501748,0.007195403902111298,0.0020412901087934606
23.690000000000904,134.38782898999258,0.00510072537811769,0.014489326136918803,0.00708389754915214,0.0020121708623591157
23.700000000000905,135.43911390451794,0.004549051019692392,0.014897435503289458,0.006962975795912076,0.001979334913638421
23.710000000000907,135.92985489006847,0.0039169237547913285,0.01529941464704116,0.006860129979584131,0.0019432409482761342
23.72000000000091,135.63648469168436,0.0032279300806952807,0.015692638326996276,0.006750510989511052,0.0019043569966951325
23.73000000000091,136.0803512594697,0.0028299582699584324,0.016075280380797675,0.00663010815405515,0.0018631557148985505
23.74000000000091,136.64838195894535,0.0025029329342145475,0.016446201975753368,0.006494791429218392,0.001820111631998993
23.750000000000913,139.72663777413632,0.0021706468616159717,0.016805081208538776,0.006342363099599601,0.001775696398741233
23.760000000000915,143.66342720518645,0.0018526104938638673,0.01715242015408733,0.006173799424049838,0.0017303723576181363
23.770000000000916,146.21486136183424,0.001565940524963564,0.017489008688690365,0.006354192778315661,0.0017059160398769956
23.780000000000918,146.98463538476693,0.001324021796467038,0.017815253238661708,0.006599794747772649,0.001770984457530867
23.79000000000092,145.74939421271174,0.0012021441553692039,0.0181312198205234,0.006780263748704015,0.0018333825326306813
23.80000000000092,142.49754700786536,0.0014918596469273907,0.01843669654073612,0.0069043727876869875,0.0018928765580333436
23.810000000000922,137.4408991554536,0.0016961848433370249,0.018731421940229993,0.006995316879211624,0.0019492511281834295
23.820000000000924,132.9332491955421,0.001866508594824012,0.019014895025087564,0.007186368445408732,0.0020023101540702004
23.830000000000926,131.7516856658766,0.0020598942813789085,0.01928612242262097,0.007382366416078714,0.0020518789188231517
23.840000000000927,131.9390475515085,0.002205872926131457,0.019543538125258695,0.0075849989504454055,0.0020978055122541214
23.85000000000093,133.6973732165675,0.002300501866773663,0.01978506946800534,0.007753372526754115,0.0021399606860405653
23.86000000000093,135.29033301570965,0.002341030402731336,0.020008629412891686,0.007881422685743992,0.0021782372197926567
23.870000000000932,139.2688224788374,0.002327168016570444,0.020212497712998122,0.007969125529648935,0.0022125504231082184
23.880000000000933,142.09590512058787,0.0022618015039985308,0.020394861649375873,0.00804997350223777,0.0022428396119988383
23.890000000000935,143.03100845931337,0.0021754349991040213,0.020553636696782965,0.008154255965406676,0.002269068700501526
23.900000000000936,141.92732099613133,0.002264009031261729,0.020687074626749444,0.008353006869589678,0.0022912248033245593
23.910000000000938,138.9674147000143,0.0023582806733563953,0.020794112083591988,0.008706417516034584,0.0023093160020518934
23.92000000000094,138.4466471814439,0.002448108684593514,0.02087447998449848,0.009040065954560979,0.0023233701088144184
23.93000000000094,137.78472748336662,0.0025231663629538114,0.02092858196623053,0.009351690235012517,0.0023334344032713197
23.940000000000943,136.89088560394254,0.0025749633397515663,0.02095707384670634,0.009639228217194788,0.002339574540436868
23.950000000000944,135.85208729396246,0.0025985330171970416,0.020960569299646556,0.009900803835130633,0.002341871681972762
23.960000000000946,134.76525114619238,0.002593540904511617,0.02093957778125035,0.010134751525177468,0.0023404192185267117
23.970000000000947,133.93045780683846,0.0025649524384909776,0.02089446531867144,0.01033963501406573,0.0023353209542726116
23.98000000000095,135.76846558724506,0.002522682764260116,0.020825408629449073,0.010514260492070025,0.002326690576355148
23.99000000000095,137.33592008448892,0.0024800148825413907,0.02073269445326595,0.010657683794264903,0.0023146504956551555
24.000000000000952,137.4128110704443,0.002491948059058351,0.020616829299326907,0.010769211534331255,0.002299329167361903
24.010000000000954,136.94533665244893,0.0024599458961811955,0.02047806366485446,0.010848396418758779,0.0022808583395343652
24.020000000000955,136.99827149233965,0.002500776658984204,0.0203161308052412,0.010895027886132775,0.0022593720002188
24.030000000000957,136.6455993978851,0.002603891653758916,0.020130505351796453,0.010909120232098734,0.0022350065954692463
24.04000000000096,135.99846913101808,0.0028426126373443817,0.019920820866519265,0.010890899570124738,0.0022079004475662628
24.05000000000096,135.17943322709542,0.0030755824600281483,0.019687165629174642,0.010840790108326686,0.0021781915039775367
24.06000000000096,136.93932616842542,0.0032920466301552755,0.019430141558237794,0.010759561187427394,0.0021460148806075577
24.070000000000963,139.29847731278375,0.0036294003396454234,0.01915059822002311,0.010647871453625389,0.0021115018892560906
24.080000000000965,141.55298433118512,0.00399659987152816,0.018849349166866772,0.010506599602878487,0.0020747801302767894
24.090000000000966,142.8298987874459,0.004372226300277925,0.018526922470123563,0.010336826814191838,0.002035972801621268
24.100000000000968,142.96686566702306,0.004732708231202024,0.018183425411329567,0.01013977750793574,0.0019951966184336466
24.11000000000097,141.89793922996748,0.005054363142344192,0.01781885231486562,0.009916809974361304,0.0019525598685530454
24.12000000000097,139.66311797346506,0.005314822719912967,0.017433547495045217,0.009845803502325542,0.001908162149176896
24.130000000000972,137.25934679655313,0.005494324693214901,0.017028541671420747,0.009775284003929897,0.0018620952254871502
24.140000000000974,136.05917991271735,0.005577033735802188,0.01660521556055131,0.009673145531975097,0.0018144431632950689
24.150000000000976,135.24052482014082,0.005551774402914628,0.01616458035871662,0.009539192708784337,0.0017652811925006273
24.160000000000977,136.36639606292215,0.005412650092509733,0.015707294690315926,0.009373431870834089,0.0017146748114852345
24.17000000000098,138.66772798530826,0.0051596697872293784,0.015233772566818888,0.009176077464977575,0.0016626805929541607
24.18000000000098,140.26540609638107,0.004798850165189905,0.014743850325852096,0.008947557023395399,0.0016093480924689839
24.190000000000982,141.00124376346832,0.00434192617209517,0.014237062685678996,0.008688515310338079,0.0015547209926110425
24.200000000000983,140.78196981015046,0.0038054286100368474,0.013713343031128469,0.00839981662820308,0.0014988368125066736
24.210000000000985,139.6581649415704,0.0032094243294479045,0.013173259121536138,0.00808254374631624,0.0014417265307968277
24.220000000000987,138.55180132028514,0.002817551645404934,0.012618033368317617,0.0077379958500031765,0.0013834155673372855
24.230000000000988,136.78336315997836,0.002601979188238008,0.012049474860882965,0.007367834589058765,0.0013239256402063388
24.24000000000099,137.18225514801475,0.0023154873278064957,0.011469671249853314,0.006973587228480719,0.0012632757773802837
24.25000000000099,137.47238117317883,0.001974206018978395,0.010880770037727043,0.0065571576095884,0.0012033836274968422
24.260000000000993,137.57265299511175,0.001612039272224055,0.010284842589981951,0.0061206284061037395,0.001176832247666255
24.270000000000994,137.40736865505096,0.001252732366020138,0.009683652212397297,0.005666243719569091,0.0011479390830185432
24.280000000000996,136.9183193799524,0.000998976722847892,0.009078604934820609,0.005196390251762121,0.0011168060209281133
24.290000000000997,137.02431767530751,0.0013389025393448644,0.008471142671851598,0.004732194291887686,0.001083550924207755
24.300000000001,136.9478872035222,0.001606643871817095,0.00786237200526831,0.004550064755745453,0.0010483052346307942
24.310000000001,136.57592534848058,0.0018090574143218175,0.007252876710494792,0.004358876482530349,0.0010112090430299317
24.320000000001002,135.87241232155552,0.0019866672722909113,0.006643118736188521,0.00415944351457789,0.0009724076391162248
24.330000000001004,134.80807701648843,0.002130183534076733,0.006033696315638085,0.003952621115651617,0.0009320510975705115
24.340000000001005,133.36869055054373,0.002224498937002339,0.0054253647348233855,0.0037392902371229018,0.0008902939241449131
24.350000000001007,131.56812435779634,0.002269849297789806,0.00481914673821964,0.003601804080370415,0.0008472916412161267
24.36000000000101,132.23123909251484,0.0022670051615528994,0.004216436358954448,0.003458576019609512,0.0008031957351492088
24.37000000000101,133.12309743911212,0.002292218772530849,0.003619246632056441,0.003306100624577209,0.0007581512501467678
24.38000000000101,133.77172001207444,0.002341131415312424,0.0030302485856435048,0.00329953538026399,0.0007235410623891223
24.390000000001013,134.43989116453426,0.0023897179926085903,0.0026974817934572086,0.0033150365102876805,0.0007763371094025272
24.400000000001015,134.82775816566163,0.002433059236724866,0.0025853843392379524,0.0033164776484317236,0.000823679222183636
24.410000000001016,134.88284128760716,0.002463730320635378,0.0024730839271156126,0.0033037088715940463,0.000865420483277951
24.420000000001018,134.51698317284936,0.002473561943351214,0.0023606685195738074,0.003315639286423955,0.0009014526603431878
24.43000000000102,133.32089621098567,0.0024555368334504826,0.0022473349494905423,0.0033717890386402746,0.0009317066200480702
24.44000000000102,131.99542327865288,0.0024055074093155167,0.0021317524584846433,0.003468144148467043,0.0009561518170359111
24.450000000001022,130.43151591736574,0.0023234869939581,0.0020126552837218467,0.0035687609261670777,0.0009747953612138863
24.460000000001024,128.71687063405378,0.0022144433321586968,0.0018887523556217248,0.0036568677887054888,0.0009876815917992865
24.470000000001026,130.11598815136293,0.0022923563782127686,0.0017583901427560243,0.0037311482933046524,0.0009948922319342926
24.480000000001027,132.27110357133182,0.0025178987441299974,0.0019329370354092107,0.0038187503691977684,0.0009965461372547955
24.49000000000103,134.12129265521867,0.0027062011191751876,0.002323567756528983,0.003891993826643313,0.000992797974816681
24.50000000000103,135.59899319840918,0.0028408412260220745,0.0026968068097092627,0.004012164769776914,0.0009838365095674296
24.510000000001032,136.60199374703478,0.0029093431654389343,0.003053150647361695,0.004198647094121005,0.000969883548904998
24.520000000001033,137.71095440065713,0.0029046256753287483,0.003393134727176822,0.004356878264565801,0.0009511933902311337
24.530000000001035,138.45470999963257,0.002825773546300969,0.003717234380126482,0.004487043845674405,0.0009280515565343795
24.540000000001037,138.5729008397346,0.0026783470180816856,0.004025762853750623,0.004589555627108079,0.0009140500823859226
24.550000000001038,138.09338612173002,0.002473689892851654,0.004319024724397775,0.004665224128967423,0.000982727999966066
24.56000000000104,137.08146755170463,0.0026427980603539744,0.004597334996829296,0.0047147610299709845,0.0010492797248999712
24.57000000000104,135.64952969172393,0.0030108582256848236,0.004861298857298294,0.00473917226177334,0.0011134606638641626
24.580000000001043,133.95772753305522,0.0034025099930284426,0.005112083652090108,0.004739676688799574,0.0011750233985378677
24.590000000001044,132.18730034407537,0.0037927699565673367,0.005350894302960414,0.0047176553449076244,0.0012337190982484886
24.600000000001046,132.89188012256201,0.004156099539288888,0.0055785219487326536,0.004755036458436417,0.001289300337581131
24.610000000001047,133.86574252744458,0.004469069693772444,0.005795400321831362,0.005007501657306201,0.001341523658311818
24.62000000000105,134.627675669603,0.004712279773164472,0.006001863679020037,0.005243544361974514,0.0013901507388488818
24.63000000000105,134.48637394182458,0.004871467043807061,0.006198519641327742,0.005426184870386764,0.0014349491428670839
24.640000000001052,133.46846399288796,0.004937872936423027,0.006386181717548408,0.00554724488829848,0.0014756943543504373
24.650000000001054,131.69959269423248,0.004908120580099819,0.006565674557313139,0.005610239926664834,0.0015121731636150923
24.660000000001055,130.117266907806,0.004784046425462495,0.006737743516155867,0.005746631738705258,0.0015441867370951246
24.670000000001057,130.32507157953907,0.004572280922619821,0.00690297851395057,0.0058545843603788296,0.0015715522748123744
24.68000000000106,130.8350345201237,0.004283537073858173,0.007061688890594837,0.005927344228219529,0.001594104213677937
24.69000000000106,131.5091544062172,0.003931436257235103,0.007214324605845073,0.005962578806022556,0.0016116965881133212
24.70000000000106,132.1889905376854,0.0035309619221918923,0.00736127227547013,0.005961670228712253,0.0016242064987938294
24.710000000001063,132.4559755981572,0.003192060683671,0.007502846030220696,0.005929597331969555,0.0016315369546838212
24.720000000001065,132.31976437016655,0.003324058338862201,0.00763948757762333,0.0058738712809243325,0.0016336179551953093
24.730000000001066,133.13051354300939,0.0034099711501450695,0.0077716843514824135,0.005802822282524005,0.0016304067618601282
24.740000000001068,134.07740056735955,0.003396386300629516,0.00789990229124462,0.005765843220346108,0.0016218890487070163
24.75000000000107,135.11980036058287,0.0032819125084273867,0.008024809443385685,0.005687087164835855,0.001608081033990284
24.76000000000107,136.1979587619182,0.0030721828638906605,0.008147309409621344,0.005582106434566538,0.001589030997855005
24.770000000001072,137.23670752124286,0.0027794068543702784,0.008268138730859426,0.005533144547081314,0.0015648191346153998
24.780000000001074,138.14748887230155,0.002421519438902225,0.008387785407091657,0.005494125634955743,0.0015355567027277768
24.790000000001076,138.83245240822953,0.0020203144776283484,0.008506687544406007,0.005448994500646967,0.001501386109067941
24.800000000001077,139.1949792923131,0.0015990483043441341,0.008625212375531792,0.005381211718648227,0.0014624819582133082
24.81000000000108,139.15362503617865,0.0012615041059047057,0.008743680050742043,0.0052729808068422805,0.0014190514243689603
24.82000000000108,138.6584073219923,0.001427397889147303,0.008862529276596722,0.0051839637403670044,0.0013713328753766235
24.830000000001082,137.71079549910777,0.0015467550649255158,0.008982323752421516,0.005036904814916875,0.0013195937290562602
24.840000000001083,136.29078922854714,0.0016242541074445865,0.009103638244338628,0.004977612235330677,0.0012641292128307787
24.850000000001085,134.45987969561335,0.0016652274134572715,0.009227067170103402,0.0049729035929993405,0.0012052620225604816
24.860000000001087,132.3176142644744,0.0017968068035541015,0.009353289079096588,0.004957555569979318,0.0011433411374234723
24.870000000001088,130.8741066520914,0.001932936644485293,0.009483020741950655,0.00493209209779272,0.001078738710691729
24.88000000000109,133.07452124996792,0.002053985177031409,0.00961666090850277,0.004897127579115908,0.0010118461734543185
24.89000000000109,135.13244369501885,0.0021579645942214395,0.009753974307386077,0.004853361031524266,0.0010008342723141742
24.900000000001093,136.91468664905943,0.002241984489551979,0.009894220993850294,0.004801567856015809,0.001026524933631584
24.910000000001094,138.31258874869232,0.002302534302867056,0.010036420946826547,0.0047425883137647866,0.0010550584345009975
24.920000000001096,140.56130044054134,0.002336514599186121,0.010179545443301557,0.00467731487400986,0.0011142502432911652
24.930000000001098,142.620839755154,0.0023422268217406046,0.010322757865439824,0.004628784874383446,0.0011719373262540004
24.9400000000011,143.66723802517083,0.002320157105769405,0.010465319994055958,0.004715446725007641,0.001227849684473481
24.9500000000011,143.7148813849486,0.0022735108053847717,0.010606285511495107,0.004791362417577924,0.0012816751606701063
24.960000000001102,142.7478417546372,0.002208472667363305,0.010744836581390256,0.004856929273404847,0.0013331513653445665
24.970000000001104,141.13585342864383,0.002144931649693464,0.01088052485944193,0.004985574099337472,0.0013821332678962892
24.980000000001105,140.45345426405498,0.0022993051138677466,0.011012905122013604,0.00514366175521252,0.0014284882619975423
24.990000000001107,139.3160720076049,0.0024468035270673615,0.011141448360573514,0.005304888046265801,0.0014720919832458938
25.00000000000111,137.78906353395763,0.0026795307134876204,0.011265859515829538,0.005442679344586149,0.0015128565154342744
25.01000000000111,138.7253341942237,0.0028789454433496226,0.011386324788665034,0.005559104295415155,0.0015508551570624395
25.02000000000111,140.41613043365632,0.0030277207806011426,0.011503186027277793,0.005658779571358411,0.0015862056804336105
25.030000000001113,141.7141930558522,0.003111385434717498,0.011616328231313741,0.005754377184736181,0.0016189133954337567
25.040000000001115,142.57133538002455,0.0031200892830016286,0.011725374803227696,0.005857708410992962,0.0016489126240272814
25.050000000001116,142.96846132142028,0.003049951048989913,0.011829772075736988,0.005962954775184605,0.0016760862041381404
25.060000000001118,142.92139536310097,0.003139791665962111,0.011928599559351554,0.006050894179664815,0.0017002139100928113
25.07000000000112,142.48107437171217,0.003525993117623635,0.012020972932466224,0.006120782663916937,0.001721086798869091
25.08000000000112,141.72103153339833,0.003927073144581937,0.012106285621892395,0.006172527852559506,0.00173857667658267
25.090000000001123,140.72391022334762,0.004317483265273253,0.012183955708697741,0.006206580899457231,0.0017525639987427137
25.100000000001124,139.5804286746175,0.0046711605003825745,0.012253220652668883,0.006224101390934831,0.0017628780456027983
25.110000000001126,140.50411773516166,0.004964442158656347,0.012313328786319671,0.006227306544929752,0.001769349756865452
25.120000000001127,141.62065320308804,0.005178220510656129,0.012363955590227443,0.006228625342300651,0.001771929670124045
25.13000000000113,142.08588191930463,0.0052995959784650284,0.012405351522993647,0.00621780926810848,0.0017707264324505446
25.14000000000113,142.8197473231324,0.005323165913196572,0.012438231542903239,0.006195318534315073,0.0017659831835517212
25.150000000001132,143.67956449171814,0.0052511329645254755,0.012463545692023464,0.006162446970659011,0.001758009417258496
25.160000000001133,143.68246218932651,0.005092456247545317,0.012482401983833387,0.00612054784828947,0.0017471497231809389
25.170000000001135,142.78523237409357,0.004861457790962441,0.012496080033056507,0.00607102839519574,0.001733789002707301
25.180000000001137,140.98168025180516,0.004575866003767184,0.01250580171665362,0.006023709125478929,0.0017188402273439279
25.190000000001138,138.39623434286858,0.004254854972944299,0.012512279658704467,0.006004749173847286,0.0017114911544623235
25.20000000000114,135.24720365059218,0.003917211348601108,0.012515608612220485,0.005979636691267364,0.0017019879005534854
25.21000000000114,133.95527574571085,0.003579312536721175,0.012515674899999024,0.00594631440021148,0.0016901848615126656
25.220000000001143,133.70029240908096,0.0032535067481940737,0.012512473199353993,0.005904470669786677,0.0016759634280599275
25.230000000001144,135.11457061076848,0.0032928676639641975,0.012506090025919904,0.005870549086324117,0.0016592310979751655
25.240000000001146,136.89461519445817,0.003406241614127063,0.012496694879999744,0.005869630743763289,0.001639922589842334
25.250000000001148,136.94194415340456,0.0034349246759361293,0.012484292258110612,0.005855236151065539,0.0016322251043394721
25.26000000000115,135.14575665421546,0.003377616080399666,0.012468383624141488,0.005825809358859815,0.0016261588083551985
25.27000000000115,134.49462874716215,0.0033013579841716764,0.012448229215276729,0.005781967365428007,0.0016184908960299674
25.280000000001152,135.34026071292132,0.0031784160204447274,0.01242444105927894,0.005726572678547108,0.001609277180192817
25.290000000001154,137.18665820264712,0.0029600185738392583,0.012399317149047353,0.0056972598940306885,0.0016056927178935857
