time_s,stress_mpa,displacement_m,displacement_y_m,deformation_m,idr
0.01,181.44903622267236,0.00024327114516680418,7.074028572020475e-06,0.00021910305526469105,6.259844053059898e-05
0.02,181.44903622333712,0.00024327114661734452,7.074028525762852e-06,0.0002191030552662175,6.259844053103511e-05
0.03,181.449036227223,0.000243271154987427,7.074030771326993e-06,0.00021910305527694018,6.259844053409885e-05
0.04,181.4490362381151,0.00024327117846497897,7.074051205100345e-06,0.0002191030553216028,6.259844054685998e-05
0.05,181.44903625947163,0.00024327122452694118,7.074125738477677e-06,0.0002191030554491667,6.259844058330898e-05
0.060000000000000005,181.44903629735387,0.0002432713061470437,7.074281318886668e-06,0.0002191030557317503,6.259844066405302e-05
0.07,181.44903635811218,0.00024327143664590802,7.074505350219629e-06,0.00021910305625760015,6.259844081430971e-05
0.08,181.44903644413097,0.00024327162047370628,7.074722172758523e-06,0.0002191030571057191,6.259844105665616e-05
0.09,181.449036561587,0.00024327187007829314,7.0747619734617435e-06,0.00021910305829640002,6.259844139689274e-05
0.09999999999999999,181.44903672840687,0.00024327222329716678,7.074402549859767e-06,0.0002191030597587424,6.259844181475695e-05
0.10999999999999999,181.44903697018367,0.00024327273525899876,7.074635974808486e-06,0.00021910306137129537,6.259844227552978e-05
0.11999999999999998,181.44903732258345,0.00024327348321334178,7.076439117046745e-06,0.00021910306285335962,6.259844269897351e-05
0.12999999999999998,181.4490378103583,0.00024327452117131558,7.079112165112116e-06,0.00021910306378565946,6.259844296523197e-05
0.13999999999999999,181.44903839313935,0.00024327576144791545,7.082372190379574e-06,0.0002191030633004414,6.259844282685961e-05
0.15,181.44903893888605,0.00024327691597307872,7.085612421540096e-06,0.00021910305981369724,6.25984418310965e-05
0.16,181.4490392870191,0.00024327761089456296,7.088108874018081e-06,0.00021910305846459545,6.25984414464861e-05
0.17,181.44903945554978,0.0002432776027992177,7.08926295972839e-06,0.00021910307877770602,6.259844725143071e-05
0.18000000000000002,181.44903629945935,0.00024327678537405762,7.0886950196345524e-06,0.0002191031171307499,6.259845821088961e-05
0.19000000000000003,181.44903042996455,0.00024327494469764035,7.086198889629715e-06,0.0002191031810971406,6.259847648850982e-05
0.20000000000000004,181.44903643990787,0.00024327162363385282,7.081637413797518e-06,0.0002191032768461103,6.259850384530238e-05
0.21000000000000005,181.44904019158525,0.00024327594519006537,7.075083435739524e-06,0.00021910340962056276,6.259854177531619e-05
0.22000000000000006,181.4490427732064,0.0002432834519971992,7.08073721982164e-06,0.0002191035811321413,6.259859078271231e-05
0.23000000000000007,181.44904729020362,0.00024329276023721507,7.08815604799019e-06,0.00021910378853861394,6.259865004276968e-05
0.24000000000000007,181.44905192851652,0.00024330189487751136,7.093171114663084e-06,0.00021910401671367585,6.259871523167486e-05
0.25000000000000006,181.44905518458506,0.00024330876187174857,7.094073150306732e-06,0.00021910423174196475,6.259877666189516e-05
0.26000000000000006,181.44905765145086,0.0002433143679781336,7.0901944295645995e-06,0.00021910438626951789,6.259882080369243e-05
0.2700000000000001,181.4490622944321,0.00024332289261231563,7.0802222733754645e-06,0.0002191044209342681,6.259883069663079e-05
0.2800000000000001,181.44907075310246,0.0002433392577660357,7.085795433839524e-06,0.00021910427186888227,6.25987880929807e-05
0.2900000000000001,181.44908398267407,0.0002433673521429443,7.11011542232733e-06,0.00021910389115594844,6.25986793029439e-05
0.3000000000000001,181.44910279888362,0.00024340868453913967,7.133510782932189e-06,0.00021910325385886186,6.259849720343496e-05
0.3100000000000001,181.44912646859854,0.00024346024581984227,7.146175704540408e-06,0.0002191037198195898,6.259863034367796e-05
0.3200000000000001,181.44915231553207,0.00024351469875361615,7.140702451351391e-06,0.00021910488696454052,6.259896383007697e-05
0.3300000000000001,181.44917670898818,0.00024356475402349044,7.1149790867483775e-06,0.00021910637790475968,6.259938983835114e-05
0.34000000000000014,181.44919554690523,0.0002436034932057858,7.074597646837687e-06,0.00021910827537792853,6.259993200805477e-05
0.35000000000000014,181.44920394195015,0.0002436217223516381,7.122021746487595e-06,0.00021911071435035356,6.260062890118413e-05
0.36000000000000015,181.4491627367257,0.00024360996600951274,7.1631558325903195e-06,0.00021911388302599453,6.260153430343122e-05
0.37000000000000016,181.44899007030295,0.00024356276091470306,7.186608412235958e-06,0.00021911798707397273,6.260270691167203e-05
0.38000000000000017,181.44869448084285,0.0002434837339181208,7.183360462847265e-06,0.00021912318434167885,6.260419187963261e-05
0.3900000000000002,181.4489113443549,0.0002433866582290867,7.1489007171958554e-06,0.00021912949816610256,6.260599587424147e-05
0.4000000000000002,181.4490781634344,0.00024328944589305305,7.087244671859244e-06,0.0002191367233317239,6.260806025648953e-05
0.4100000000000002,181.44910977801854,0.0002433314596312567,7.138472902272592e-06,0.00021914437837462436,6.261024751743913e-05
0.4200000000000002,181.44913359498207,0.00024337192855357784,7.22218910513696e-06,0.00021915170646062245,6.261234155858928e-05
0.4300000000000002,181.44914398919747,0.00024335751234549698,7.306930375381327e-06,0.00021915766210740475,6.261404330163906e-05
0.4400000000000002,181.44900554143214,0.00024327845051495543,7.385558793934012e-06,0.00021916088440777085,6.2614964082648e-05
0.45000000000000023,181.44862871983878,0.00024340965154338322,7.4449268175719826e-06,0.00021915980210659056,6.261465444437159e-05
0.46000000000000024,181.44875183998124,0.0002436150194105526,7.4734373425777e-06,0.0002191529494074293,6.261269589096775e-05
0.47000000000000025,181.44929592830937,0.0002438624832866823,7.468177738100804e-06,0.00021913927199567005,6.26087877321368e-05
0.48000000000000026,181.44937784339712,0.00024412926061321926,7.4366800818880805e-06,0.00021911826284918022,6.260278469808678e-05
0.49000000000000027,181.4494507725448,0.0002443912937124233,7.391440479473432e-06,0.0002191171070710839,6.260245441825988e-05
0.5000000000000002,181.44955549911384,0.0002446221962272303,7.342659733047082e-06,0.00021915151377163098,6.261228509167118e-05
0.5100000000000002,181.44963714385824,0.00024479483994484724,7.304967651719613e-06,0.0002191898300483277,6.262323282842314e-05
0.5200000000000002,181.4496933654479,0.0002448915284469927,7.294988194314219e-06,0.00021922897320701267,6.2634416839172e-05
0.5300000000000002,181.44972439012366,0.0002449096747452738,7.317672590488981e-06,0.00021926500172175412,6.264471094646278e-05
0.5400000000000003,181.4496529291041,0.0002448587705337487,7.372794894905773e-06,0.00021929350035319889,6.265285423836995e-05
0.5500000000000003,181.44932254826236,0.00024475622679251895,7.464135404415054e-06,0.00021931019819711333,6.265762603770181e-05
0.5600000000000003,181.44881873481543,0.00024462526603210086,7.597678613813553e-06,0.00021931148228011876,6.265799218809646e-05
0.5700000000000003,181.44826343730563,0.00024449237677902054,7.789301880576493e-06,0.00021929505262662644,6.26532970348609e-05
0.5800000000000003,181.44772101355724,0.00024437846919781977,8.067576152433433e-06,0.00021926045992024174,6.264341361404701e-05
0.5900000000000003,181.44722519161508,0.0002443009963501559,8.45343820593176e-06,0.00021920899151730062,6.262870963378596e-05
0.6000000000000003,181.4469724483816,0.0002442814908871156,8.941166189466175e-06,0.0002191435521039107,6.261001189608878e-05
0.6100000000000003,181.44704740017755,0.00024433743546782506,9.501466603678634e-06,0.00021914139829313841,6.260939498368038e-05
0.6200000000000003,181.44732419272245,0.0002444716840520471,1.0095731380703356e-05,0.00021921772955909067,6.263120468801193e-05
0.6300000000000003,181.4477805124937,0.0002446760458289233,1.068176734583549e-05,0.00021928676788723943,6.265093051441765e-05
0.6400000000000003,181.448377357151,0.0002449461237947587,1.1217450367239934e-05,0.00021933948453024853,6.266599273902451e-05
0.6500000000000004,181.44914528681645,0.0002452827818198305,1.167304880764986e-05,0.00021936813559126107,6.26741787839133e-05
0.6600000000000004,181.44980695558652,0.00024568217737414776,1.2033802170908669e-05,0.00021936673749576734,6.267377901033919e-05
0.6700000000000004,181.4499769901722,0.0002461332013267211,1.2281691361487694e-05,0.00021933117623092348,6.266362208738522e-05
0.6800000000000004,181.45006962910008,0.00024661235012404754,1.2376285877509848e-05,0.0002192594772717557,6.264313618247582e-05
0.6900000000000004,181.45024546248158,0.00024709331606874327,1.2273082088988121e-05,0.00021915262638789247,6.26126022129696e-05
0.7000000000000004,181.45042032452,0.00024756589805439625,1.1966516872859433e-05,0.00021919540657102388,6.26248264034716e-05
0.7100000000000004,181.45076179349158,0.0002480193926379265,1.1506257475712593e-05,0.00021935280389998046,6.266979692831531e-05
0.7200000000000004,181.4511036255566,0.00024842906768106484,1.0985304579693918e-05,0.0002195197244064709,6.271748982217553e-05
0.7300000000000004,181.45138440839338,0.00024877955163638216,1.050204541802496e-05,0.0002196830261567977,6.276415198735433e-05
0.7400000000000004,181.4515785339059,0.0002490722841377632,1.0130346978680478e-05,0.00021982920132044978,6.280592058732204e-05
0.7500000000000004,181.4516867403378,0.00024930716123005794,9.919269696366252e-06,0.00021994521368048933,6.283906871962003e-05
0.7600000000000005,181.4517184616765,0.00024947313712758994,9.877834888997652e-06,0.00022001916438481341,6.286019990948902e-05
0.7700000000000005,181.45166421640704,0.000249554818757669,9.95573245512507e-06,0.00022004158221805909,6.286660626420437e-05
0.7800000000000005,181.4512212267124,0.00024956073901020087,1.0078867259339553e-05,0.00022000718732715654,6.285678065350012e-05
0.7900000000000005,181.45053080515538,0.00024953746689593596,1.0203309934146297e-05,0.00021991628469043663,6.28308105725966e-05
0.8000000000000005,181.44983177001234,0.00024954705229716186,1.031759256927959e-05,0.00021977498287796104,6.279044181149471e-05
0.8100000000000005,181.44932854174607,0.00024963835975959884,1.0421731267531911e-05,0.0002195946018943273,6.273889506303535e-05
0.8200000000000005,181.44931097719734,0.00024982683688432055,1.050799934853971e-05,0.0002193908067174975,6.268065236999102e-05
0.8300000000000005,181.44953246597706,0.00025011475495558146,1.0564453912461587e-05,0.00021918283767264902,6.262121842353541e-05
0.8400000000000005,181.45007714516973,0.0002505315158450725,1.0596351579229302e-05,0.00021922313274518244,6.263269084294507e-05
0.8500000000000005,181.4508919471694,0.00025111404907011384,1.0610588886650566e-05,0.00021937424204717776,6.267584692839408e-05
0.8600000000000005,181.45126312951493,0.00025185369334678636,1.0595371584500624e-05,0.0002194633524610979,6.270128369075763e-05
0.8700000000000006,181.45150686103364,0.0002527003276308987,1.0522005752098218e-05,0.0002194736578220109,6.270423325355443e-05
0.8800000000000006,181.45176330780407,0.00025360028107943873,1.0353788853204502e-05,0.000219394681551572,6.268165886827738e-05
0.8900000000000006,181.4520779579905,0.0002544999668792782,1.0083496567253789e-05,0.0002192226938161536,6.263244597573602e-05
0.9000000000000006,181.45257831148035,0.00025533539120881017,9.743214422180474e-06,0.00021925692878573073,6.264214722654828e-05
0.9100000000000006,181.4530722606736,0.0002560317545301894,9.38530489546929e-06,0.00021959718637668823,6.27393097716959e-05
0.9200000000000006,181.45347310842382,0.00025651341735841117,9.07792018002135e-06,0.00021999789142093266,6.285373536987239e-05
0.9300000000000006,181.4535729873383,0.0002567308777590202,8.875722788923706e-06,0.00022043274342400926,6.29779089179208e-05
0.9400000000000006,181.45267300701275,0.00025668403788754973,8.791852577097726e-06,0.0002208712534264402,6.310312269401507e-05
0.9500000000000006,181.45090624575195,0.00025640549324649624,8.792401409404053e-06,0.00022128219359325352,6.322059638807362e-05
0.9600000000000006,181.44848334024573,0.0002559636031806062,8.815875536972449e-06,0.00022163629512998828,6.33218405100782e-05
0.9700000000000006,181.44582231608874,0.0002554926837987558,8.796683252860924e-06,0.00022190843119416554,6.339956690349639e-05
0.9800000000000006,181.44342000946233,0.0002551448973310894,8.660417892659892e-06,0.0002220804626012273,6.344858052783268e-05
0.9900000000000007,181.44174578774064,0.00025504918574441765,8.32067006931723e-06,0.00022214498870292652,6.346676664902495e-05
1.0000000000000007,181.4412093655906,0.00025530831761061765,7.688413179160658e-06,0.00022210723070044126,6.345560763890464e-05
1.0100000000000007,181.44200436944385,0.0002559682209830822,7.4812057554631486e-06,0.0002219828788355319,6.341986196758762e-05
1.0200000000000007,181.44462951210696,0.0002569965907634621,8.97830464053498e-06,0.0002217946292741158,6.336590728522313e-05
1.0300000000000007,181.44832131484756,0.0002582808933907,1.0976597108454625e-05,0.00022157006173089956,6.330156676262505e-05
1.0400000000000007,181.4523382061344,0.0002596521868462377,1.337889100136547e-05,0.00022134008515009397,6.323574470179108e-05
1.0500000000000007,181.4529738949116,0.0002608989503778167,1.5970938557256576e-05,0.00022113622852437402,6.317736467679994e-05
1.0600000000000007,181.45316961117106,0.000261788449295972,1.843478745597127e-05,0.00022098626643525163,6.313443404622768e-05
1.0700000000000007,181.4532612990664,0.0002621531749715829,2.038982344954757e-05,0.0002209096110778297,6.311255157799346e-05
1.0800000000000007,181.45326588295143,0.0002619868448609877,2.1531511322232074e-05,0.0002209144795727053,6.311389794368434e-05
1.0900000000000007,181.45219296331578,0.0002614085494104773,2.1698339984744674e-05,0.0002209978267713724,6.313741617264744e-05
1.1000000000000008,181.45022486723383,0.0002605466410086018,2.0860426646546658e-05,0.00022114718899225293,6.31796540475898e-05
1.1100000000000008,181.44765691116112,0.0002595394440203742,1.914141400843369e-05,0.00022134241707049074,6.323514697347853e-05
1.1200000000000008,181.44508658948226,0.0002585557030385486,1.6797048170959512e-05,0.0002215567698242038,6.329633619826176e-05
1.1300000000000008,181.44306860825654,0.0002577462891299763,1.4169421482193838e-05,0.00022175920723873572,6.335416195073859e-05
1.1400000000000008,181.4417567203833,0.0002571947744961449,1.1659329909645124e-05,0.0002219194193072616,6.339982837743575e-05
1.1500000000000008,181.44099491792588,0.0002568915248493221,9.664026873058186e-06,0.00022201383398804138,6.342669443758536e-05
1.1600000000000008,181.44057093612054,0.00025676188823805515,8.45372839968744e-06,0.00022202883826103202,6.343095962339775e-05
1.1700000000000008,181.44033704173464,0.00025672399629162785,8.147424581104168e-06,0.0002219601862642859,6.34112878939844e-05
1.1800000000000008,181.44010247755455,0.0002567096603703974,8.711668338102204e-06,0.00022181165515494511,6.336862703399392e-05
1.1900000000000008,181.43969870144926,0.000256671318816115,9.891176662973486e-06,0.00022159564082554827,6.33067425224006e-05
1.2000000000000008,181.43914716498801,0.0002565906940417195,1.1278447065555118e-05,0.00022133390840931898,6.323201694595593e-05
1.2100000000000009,181.43881089538655,0.0002564075473405061,1.2486536670915123e-05,0.00022105498583380623,6.315252390716264e-05
1.2200000000000009,181.44041565590445,0.0002560291026123935,1.3253291827754187e-05,0.0002207887152834533,6.30768556703805e-05
1.2300000000000009,181.44255379129612,0.00025551509725024025,1.3452874178535355e-05,0.00022056225883524818,6.301239449172391e-05
1.2400000000000009,181.44421287590455,0.0002550947721200011,1.3058658063875926e-05,0.00022039949848057434,6.296597064993222e-05
1.2500000000000009,181.44482126475128,0.00025490815895849955,1.2082938370263268e-05,0.00022032040467462416,6.294345303619121e-05
1.260000000000001,181.44461855518762,0.00025490352382120056,1.0584779341521777e-05,0.00022033698221599944,6.294844026385542e-05
1.270000000000001,181.4437212656337,0.00025502784623702453,8.739627860904659e-06,0.00022044852782167546,6.298067143701216e-05
1.280000000000001,181.44190274833232,0.0002552962301095747,7.317896481678397e-06,0.00022064149088789713,6.303619853056575e-05
1.290000000000001,181.4427144536189,0.0002557198267614398,8.930822751000434e-06,0.0002208937141406867,6.310898941841766e-05
1.300000000000001,181.4466242818378,0.000256324468297778,9.862680510192676e-06,0.00022117757465218296,6.3191194477526e-05
1.310000000000001,181.45180797664347,0.00025716067155403963,9.80405398209334e-06,0.00022146167749068874,6.327281092513333e-05
1.320000000000001,181.4559874367909,0.00025824230937873774,8.649906911077655e-06,0.00022170590481951274,6.334218878479901e-05
1.330000000000001,181.45780827120322,0.0002595173424077625,7.569071350938926e-06,0.00022186614606977632,6.338749858494797e-05
1.340000000000001,181.45917089556963,0.00026089447132698364,1.015170551359797e-05,0.00022190664695460977,6.339851721059008e-05
1.350000000000001,181.46050108767815,0.00026226345110442887,1.2813142928823862e-05,0.00022179934785834153,6.336722005228654e-05
1.360000000000001,181.46181518886317,0.00026354697719749174,1.5185932886862023e-05,0.00022152459046530273,6.328798360639134e-05
1.370000000000001,181.46296857957066,0.0002647521385585714,1.6969891831177666e-05,0.00022202778633454418,6.343112269983201e-05
1.380000000000001,181.4639236782886,0.0002659672148687947,1.774366382017808e-05,0.00022335204127696246,6.381124764215201e-05
1.390000000000001,181.46477237725372,0.0002673303250656806,1.7284465561186407e-05,0.0002246378756381192,6.417944092152246e-05
1.400000000000001,181.46561122811434,0.00026899830642954304,1.5602158729604273e-05,0.00022587885920901678,6.453553441992592e-05
1.410000000000001,181.46646487013237,0.0002711695955922996,1.2994225176430182e-05,0.00022709575458443348,6.488389205005959e-05
1.420000000000001,181.46730965161143,0.0002739911423421326,9.965072033722066e-06,0.00022830458451421776,6.522968300244443e-05
1.430000000000001,181.46823090400972,0.0002774074682007935,7.385233194646016e-06,0.00022953452046236642,6.55810782055865e-05
1.440000000000001,181.46934494342204,0.0002812209118561861,9.695424783723471e-06,0.0002308211347173903,6.59488757885006e-05
1.450000000000001,181.4706244225816,0.00028518216225385893,1.1068699923751878e-05,0.00023222412288493186,6.634949060988167e-05
1.460000000000001,181.4720839602874,0.0002890333705462812,1.1260928733957075e-05,0.0002338083114653249,6.680166852180662e-05
1.470000000000001,181.47363756619072,0.0002926009646169525,1.0203890234503855e-05,0.00023560060923064896,6.731311753879539e-05
1.480000000000001,181.47515908608008,0.0002958011207550897,8.070432102030466e-06,0.00023758718910224898,6.788025456450222e-05
1.490000000000001,181.4765718020383,0.0002985907899565451,8.861412094368287e-06,0.00023971337155732884,6.848708394879602e-05
1.500000000000001,181.4775752092965,0.000301014481810757,1.1711618600549074e-05,0.00024190220653013444,6.91111940382075e-05
1.5100000000000011,181.47812106346464,0.00030322685647619213,1.4099321604662177e-05,0.00024407035880642886,6.97295946144113e-05
1.5200000000000011,181.47732334039887,0.0003054010932697798,1.5703411873495e-05,0.0002461244549214482,7.031595911383105e-05
1.5300000000000011,181.4757779250022,0.0003077577312896571,1.6442240543877493e-05,0.0002479493595014045,7.083657826280926e-05
1.5400000000000011,181.47467830376766,0.0003106198700141118,1.6474362837850892e-05,0.0002494257204829538,7.125730871929878e-05
1.5500000000000012,181.47551959320393,0.00031432752753188757,1.6137863126781332e-05,0.00025047809872018095,7.155774726406595e-05
1.5600000000000012,181.47852138798584,0.00031902649826443094,1.581594530634018e-05,0.0002511040661596955,7.173660082988654e-05
1.5700000000000012,181.47950945333747,0.00032458854222055475,1.5847646973097352e-05,0.0002513537143961426,7.18081700073127e-05
1.5800000000000012,181.48017059334637,0.0003307772837750648,1.6410307659138387e-05,0.0002513003763203833,7.179338857212491e-05
1.5900000000000012,181.47982569431053,0.00033741712655676475,1.7437170389353135e-05,0.0002510482449583476,7.172200422520474e-05
1.6000000000000012,181.4797547531641,0.00034446394133668003,1.8688225178150795e-05,0.00025074433465663027,7.163599298001466e-05
1.6100000000000012,181.48012080294933,0.0003518401146137192,1.9970798846413193e-05,0.000250558933753052,7.158396761736969e-05
1.6200000000000012,181.4809783990025,0.00035930549158392816,2.1314198431202716e-05,0.0002506535162682563,7.161200711176175e-05
1.6300000000000012,181.48236116481195,0.0003666086104941923,2.2904336572970903e-05,0.0002511572865095757,7.17569563888243e-05
1.6400000000000012,181.48423852191308,0.0003735796318197329,2.5041033602637043e-05,0.0002521605300101133,7.20445287061523e-05
1.6500000000000012,181.4863873167096,0.0003800440228599826,2.809195177076361e-05,0.00025371942753264304,7.2490683493086e-05
1.6600000000000013,181.4884020553368,0.0003857509056889057,3.225476554165819e-05,0.00025585273132754967,7.310067581967629e-05
1.6700000000000013,181.4898464354975,0.0003903257823250583,3.749908599754563e-05,0.00025852134111260713,7.386321302193141e-05
1.6800000000000013,181.48978847102717,0.0003933022536823508,4.359049986536035e-05,0.00026161431530936544,7.474588749312038e-05
1.6900000000000013,181.4838062491501,0.0003943819454800064,5.0027923323220284e-05,0.00026492595871303973,7.569045794977552e-05
1.7000000000000013,181.47200051688483,0.00039362202179104997,5.615234337357952e-05,0.00026820864825105416,7.662569194958317e-05
1.7100000000000013,181.4551975796247,0.00039136359897420133,6.142798038303289e-05,0.00027118430168143835,7.747178857592116e-05
1.7200000000000013,181.4347349082053,0.0003880939680621238,6.560991842937674e-05,0.00027356193137682014,7.81451810841003e-05
1.7300000000000013,181.41230194759035,0.0003843340327517368,6.864702964749568e-05,0.00027506815425605807,7.856726062254347e-05
1.7400000000000013,181.3895458113878,0.00038054788711718723,7.065522831669822e-05,0.00027549076132854115,7.867683358525837e-05
1.7500000000000013,181.37082612478596,0.0003771815250035275,7.190715229383558e-05,0.0002747146532069061,7.844040188650965e-05
1.7600000000000013,181.37786318706605,0.0003746600898048452,7.262509550918281e-05,0.00027273465323554775,7.785585032311634e-05
1.7700000000000014,181.39147762369586,0.0003732167969839109,7.306885548582157e-05,0.0002696486230419564,7.69505162054904e-05
1.7800000000000014,181.40034911699425,0.00037294788452393553,7.372177503446177e-05,0.0002656490904751791,7.577883676916469e-05
1.7900000000000014,181.4038847833808,0.0003738683907261366,7.515599859501833e-05,0.00026102479129903774,7.442284554682913e-05
1.8000000000000014,181.40222035950828,0.0003756789546295587,7.780418022596486e-05,0.0002561474525048719,7.29884692756373e-05
1.8100000000000014,181.39697251198803,0.0003777059707733963,8.168707142904304e-05,0.00025142162962778675,7.15912473225342e-05
1.8200000000000014,181.3906128244929,0.0003791505899760185,8.648702209455987e-05,0.00024722260311241777,7.0338600867982e-05
1.8300000000000014,181.3852460339064,0.0003794064424735763,9.193743653765265e-05,0.00024385595853148453,6.931828443184794e-05
1.8400000000000014,181.38669955874707,0.0003780285282649789,9.788949252960516e-05,0.00024467313324186014,6.988118312684507e-05
1.8500000000000014,181.39647794593785,0.00037445728365558656,0.00010417751353832203,0.00024709062104979215,7.057106357215848e-05
1.8600000000000014,181.41260466784001,0.0003682785062956325,0.00011048852982035422,0.00024967501550793075,7.130904643310856e-05
1.8700000000000014,181.43436665680096,0.000359664255727075,0.0001162494111850516,0.0002521680703532702,7.202134948109216e-05
1.8800000000000014,181.4570466840276,0.0003492784435667938,0.00012082672657472829,0.00025429212532729665,7.262862945359104e-05
1.8900000000000015,181.46195793724544,0.00033805820289025426,0.0001237937407697409,0.00026189593894165565,7.30542140924028e-05
1.9000000000000015,181.47001611491308,0.00032706843439855377,0.0001251245685805258,0.00027005276819645264,7.323113033454486e-05
1.9100000000000015,181.4751270501908,0.00031722105129000384,0.00012530206434482213,0.000276290889940717,7.310328597011604e-05
1.9200000000000015,181.47700372555607,0.00030898983649789284,0.0001249461425232066,0.00027997182898789266,7.26308614697975e-05
1.9300000000000015,181.47522662021996,0.00030221451086683677,0.00012449892339562736,0.0002806702138644428,7.180213751933324e-05
1.9400000000000015,181.46782831538405,0.00029643026932820555,0.00012435729546458204,0.00027823737890122455,7.063705599013166e-05
1.9500000000000015,181.45725203064728,0.0002913771153089657,0.00012488494555532254,0.00027283451364182835,6.918293350204277e-05
1.9600000000000015,181.4440780704506,0.000287006082408178,0.00012606334251969806,0.0002649271451689028,6.750696935014251e-05
1.9700000000000015,181.42732681667383,0.00028329475851644693,0.0001273559152207885,0.0002552399880427488,6.56907429268032e-05
1.9800000000000015,181.41191683033313,0.00028003129216342624,0.0001281798313117729,0.0002446786761212705,6.382547432741364e-05
1.9900000000000015,181.39719681579558,0.0002767971310178149,0.00012816104265761576,0.00023422558958321823,6.326326114920923e-05
2.0000000000000013,181.38475387992295,0.0002732310326435057,0.00012712656074240187,0.000227377638311554,6.496140792137415e-05
2.010000000000001,181.37520701697656,0.0002690842382356775,0.00012525607593048973,0.0002326226630287214,6.645706994333231e-05
2.020000000000001,181.38315432912475,0.000263881728416393,0.00012296585783854244,0.00023699356088193317,6.770190793314844e-05
2.0300000000000007,181.38811889861944,0.00025703309677722083,0.00012064799159456568,0.0002404036234649017,6.867099965496816e-05
2.0400000000000005,181.3831763242886,0.0002483474142793186,0.00011859837767369602,0.00024284627832730168,6.93623103449879e-05
2.0500000000000003,181.39837576911006,0.0002483294867731568,0.00011697209605272313,0.00024439241386372813,6.979592900606915e-05
2.06,181.4266457574362,0.00025943254642093756,0.00011563138874574994,0.0002451812292495332,7.001146345670574e-05
2.07,181.45539035296102,0.0002704748787412827,0.00011440175213681689,0.00024539382501775843,7.006051507878623e-05
2.0799999999999996,181.48093409948785,0.0002805242231171945,0.00011362626548624793,0.00024521826120873873,6.999670959152696e-05
2.0899999999999994,181.4965074314625,0.0002890114582080442,0.00011411040519311742,0.00024482358831378514,6.986828256625173e-05
2.099999999999999,181.5012450702177,0.00029559400352824274,0.0001164487427024343,0.00024434834678783285,6.971479921801409e-05
2.109999999999999,181.50261872655182,0.00030011906753356555,0.0001205879280154544,0.00024389773790493708,6.956634930015593e-05
2.1199999999999988,181.50163168919798,0.00030272389484371846,0.00012623355716730926,0.0002435339112707929,6.944076554214756e-05
2.1299999999999986,181.49769393919257,0.0003036628646244305,0.00013253036134863784,0.00024325214722118328,6.933680004712856e-05
2.1399999999999983,181.49101700632707,0.000303187509044445,0.0001386352568742866,0.0002429649364856048,6.92295455958467e-05
2.149999999999998,181.4821518831478,0.00030153127350068717,0.00014376059118833076,0.000242523456432888,6.907654252041173e-05
2.159999999999998,181.47817532354549,0.0002988315857353699,0.00014717167047749091,0.00024176303657969404,6.883076073676079e-05
2.1699999999999977,181.47776493491216,0.00029503687148411636,0.00014850004045889413,0.00024053331904936505,6.845657126386782e-05
2.1799999999999975,181.4739781789588,0.00029001646599689687,0.0001479469667239642,0.00024375132323521464,6.864819383056999e-05
2.1899999999999973,181.46552643887378,0.0002837093780026061,0.00014573625510104455,0.00025001737963245443,7.054710323977495e-05
2.199999999999997,181.45247061810943,0.00027617268796226966,0.00014168444267635648,0.00025442919442829895,7.189813729491099e-05
2.209999999999997,181.4349132317281,0.0002676013595575964,0.00013600565828303656,0.0002565623664623781,7.25857832708445e-05
2.2199999999999966,181.41310859124525,0.0002583742383395516,0.000128695987405644,0.0002561075495059193,7.252136250720182e-05
2.2299999999999964,181.38868920725648,0.0002490559105208454,0.0001196654330697509,0.00025291105961680447,7.166177251731497e-05
2.239999999999996,181.36472715224224,0.00024631763453321034,0.00010939347147520954,0.0002470672987799651,7.003509890414468e-05
2.249999999999996,181.34085080681447,0.0002543895993963737,9.893358673235825e-05,0.00023892404135793916,6.774119877341304e-05
2.259999999999996,181.35814231029434,0.00026164267589544646,8.923137851324653e-05,0.00023499781143982573,6.661545621726229e-05
2.2699999999999956,181.38047631342,0.00026839799743193785,8.08521195720011e-05,0.00023764142434818492,6.736092012612562e-05
2.2799999999999954,181.40572158490352,0.00027517146473081866,7.438116328633384e-05,0.00023890455176931116,6.771289820333172e-05
2.289999999999995,181.43616182096474,0.00028243155203742855,7.039468806455548e-05,0.0002385847507143558,6.761324093431466e-05
2.299999999999995,181.47130363289557,0.00029066480955607213,6.900847467709772e-05,0.0002454952497537611,6.991981748514858e-05
2.3099999999999947,181.5039728763466,0.0003002735637850386,6.997834115775425e-05,0.0002554152761676647,7.281223007154777e-05
2.3199999999999945,181.5161458644312,0.0003112380756913797,7.255584980455118e-05,0.0002639624126197766,7.53010821443828e-05
2.3299999999999943,181.5249351302394,0.00032316695130662376,7.492710001324922e-05,0.0002710477463004354,7.73599837084963e-05
2.339999999999994,181.53783679740908,0.00033581649574710327,7.45840922037645e-05,0.0002767843948129744,7.902797596262311e-05
2.349999999999994,181.55468204119944,0.0003493145995761813,6.940743338611044e-05,0.0002813498477996486,8.035603854067316e-05
2.3599999999999937,181.57183004911764,0.0003637346254472024,5.8316477675773036e-05,0.00028502240201427675,8.142408571267774e-05
2.3699999999999934,181.58551321344876,0.00037906709608405577,4.1564147084143764e-05,0.00028819441986450907,8.233918623361493e-05
2.3799999999999932,181.59520453535782,0.00039541253230716134,2.9383345651169016e-05,0.00029126883371607466,8.321944607985027e-05
2.389999999999993,181.60366814876406,0.00041801259407386583,5.530474911023587e-05,0.00029471154763933434,8.419718707742624e-05
2.399999999999993,181.61283260969898,0.00044396318472005904,8.012873181866964e-05,0.0003003588793060681,8.538271425723561e-05
2.4099999999999926,181.62134564118287,0.00046717658546205983,0.00010102188661110713,0.00031188721882679355,8.684268629250231e-05
2.4199999999999924,181.6259274567842,0.0004879372609449045,0.00011565897835618977,0.0003203277629283943,8.860662751200647e-05
2.429999999999992,181.62535656376932,0.0005064744397238556,0.00012299602097301873,0.00032503144684756875,9.069361392302733e-05
2.439999999999992,181.6224631900753,0.0005231224744243887,0.0001234216169397473,0.0003266679126714074,9.312167690115904e-05
2.4499999999999917,181.62153041008972,0.0005490545469618928,0.00011853579565779903,0.0003366134600236252,9.587265063662865e-05
2.4599999999999915,181.6238955492509,0.0005762938052388156,0.0001106781086316254,0.0003475130816973386,9.888216161155829e-05
2.4699999999999913,181.63081093052483,0.0006035453942553203,0.00010201010664902156,0.0003589355723452713,0.00010202733147216175
2.479999999999991,181.64617830880204,0.000630530993188704,9.377842956733622e-05,0.00037040912101753517,0.00010517616559300884
2.489999999999991,181.65581233386317,0.0006569865101089284,8.626292077039282e-05,0.0003815535390484391,0.00010822339120004542
2.4999999999999907,181.66207074961088,0.0006825120872691825,7.938623988181359e-05,0.00039208495330351117,0.00011109169476597774
2.5099999999999905,181.66752441000145,0.000706679546727617,7.317509879248326e-05,0.0004017323747121106,0.00011370759553048385
2.5199999999999902,181.67190674155472,0.0007291676748660521,6.774429375842021e-05,0.000410205175300509,0.00011599185742381899
2.52999999999999,181.67269324292624,0.0007497519362080728,6.308769142681313e-05,0.00041727307913686564,0.00011788239125954445
2.53999999999999,181.66857137047816,0.0007683299007596223,5.877315245709728e-05,0.0004228723259790399,0.00011936490775543167
2.5499999999999896,181.67255600764753,0.0007849517105751571,5.397321685849303e-05,0.0004271181397077975,0.00012047664595767493
2.5599999999999894,181.68013505605796,0.0007997054027156684,6.172443570670321e-05,0.00043020542275988506,0.00012127779819780074
2.569999999999989,181.68656309050874,0.0008129073568468438,7.231020826040026e-05,0.00043230199831864553,0.00012182068308895923
2.579999999999989,181.68730270244873,0.0008251830341334238,8.480745109149252e-05,0.0004335753597705223,0.0001221573769859932
2.5899999999999888,181.68022371833268,0.0008370689927887921,9.819830827264101e-05,0.00043433009688137117,0.00012237916379656937
2.5999999999999885,181.66971507168319,0.0008488107418677383,0.00011163737701460961,0.00043503673824546235,0.0001226243077416179
2.6099999999999883,181.6617651760331,0.0008606193566996365,0.00012469649024353152,0.00043615428754487356,0.00012302593298764688
2.619999999999988,181.6569721021988,0.0008727245104839468,0.0001373633037696302,0.0004379407282641719,0.00012365660084715776
2.629999999999988,181.6517552486738,0.0008853610829738036,0.00014999920148126244,0.0004404683296958975,0.00012453265231742006
2.6399999999999877,181.64699062248684,0.0008991383350081346,0.00016312116628750545,0.0004437912072904999,0.00012566287855787106
2.6499999999999875,181.65001957424826,0.0009147848915338887,0.0001774044823848051,0.0004480311145533835,0.0001270735006708419
2.6599999999999873,181.66094904063837,0.0009328018680120921,0.00019363484908222145,0.00045328427977476865,0.00012878160930224924
2.669999999999987,181.66084189768554,0.000953463841676742,0.0002125366069198593,0.00045950463313994657,0.00013076514826668105
2.679999999999987,181.65737541268055,0.0009765594459910112,0.00023473257746307245,0.0004673826657891475,0.00013296827347103457
2.6899999999999866,181.66232426717454,0.0010011280851869124,0.00026089152244679873,0.0005059952446313757,0.0001353245155183187
2.6999999999999864,181.6679849266005,0.0010256979493897713,0.00029172710221752083,0.0005418866096177331,0.0001378057476360557
2.709999999999986,181.67371844847,0.0010489422463758487,0.00032765031510589073,0.0005739841279751261,0.00014039421375653532
2.719999999999986,181.6800624404597,0.0010698731622218157,0.00036847175829879283,0.0006015191229634443,0.0001430300103260462
2.7299999999999858,181.68708241232,0.001088015105379253,0.00041326951974532075,0.0006240908949874372,0.00014561659992012182
2.7399999999999856,181.70219779392255,0.001103220671871959,0.0004601909320082575,0.0006416872717343921,0.00014805679613227114
2.7499999999999853,181.7151068337774,0.0011148951718685705,0.0005064372833050572,0.000654664345761456,0.00015027987498570402
2.759999999999985,181.72600067887012,0.0011225160307431542,0.0005490437782032674,0.0006636969970223371,0.00016231853198936898
2.769999999999985,181.73462965636864,0.0011260913180850722,0.0005857093986839103,0.000677286280021526,0.00017271577199591418
2.7799999999999847,181.74018930609566,0.0011257214319201087,0.0006151568165168029,0.0006892317253334588,0.00018083294903942365
2.7899999999999845,181.7527906111683,0.0011219239843887226,0.0006371318810687668,0.0007064723804245347,0.00018658671087176754
2.7999999999999843,181.76923837352743,0.0011158476961203492,0.0006519422810697806,0.000716228418160966,0.0001900554318692735
2.809999999999984,181.78173715737475,0.0011084697623745417,0.0006606157470637044,0.0007196365375820551,0.00019152998794067042
2.819999999999984,181.79445698128472,0.0011002547962017917,0.0006651365884493294,0.000718539776985307,0.00019157555753863712
2.8299999999999836,181.8096019412728,0.0010915905216731792,0.000667542039193483,0.0007148070773746331,0.0001907751207714036
2.8399999999999834,181.8248467302742,0.001082823093379868,0.0006698520768292801,0.0007102773559293841,0.0001897082153716232
2.849999999999983,181.8370221106448,0.0010741549530198797,0.0006747061262091991,0.0007206062956224798,0.00018913134492786528
2.859999999999983,181.84729477925956,0.0010657856315317274,0.0006847181831269731,0.0007353747774854395,0.00018979264466915867
2.869999999999983,181.85983711655186,0.0010577390512120667,0.0007018704453779928,0.0007522597628333586,0.00019225830305926069
2.8799999999999826,181.87480835464,0.0010498931950224213,0.0007344894759614565,0.0007710614360143888,0.00019694709461515102
2.8899999999999824,181.8883621863099,0.0010424990932009334,0.0007779503513775882,0.0007915713597003622,0.00020406028868563084
2.899999999999982,181.89843283969807,0.0010362594271341777,0.0008303423456117451,0.0008135774760068078,0.00021343472632067258
2.909999999999982,181.9083297700385,0.0010319435437696073,0.0008895403280029759,0.0008368483762159859,0.0002244617521668752
2.9199999999999817,181.92498037704743,0.0010299135660234307,0.0009517615810749103,0.0008611099929970963,0.0002360585542967859
2.9299999999999815,181.94862887602784,0.0010296895384310702,0.0010121331823460063,0.0008940040306640174,0.00024683185588497925
2.9399999999999813,181.97114828402894,0.0010299694424755169,0.0010660643121100895,0.0009239650535429402,0.00025547111163032695
2.949999999999981,181.98407883662816,0.0010289569729460836,0.0011101226587923961,0.0009432724420263286,0.0002609998624955697
2.959999999999981,181.9847151427037,0.0010247764543181443,0.0011424815916869658,0.0009599406351067317,0.00026290487831304507
2.9699999999999807,181.97032324257722,0.0010160191855283845,0.0011634003886653195,0.0009822520288551705,0.00026127475172339407
2.9799999999999804,181.93855479505237,0.0010019672143902591,0.0011755729975487527,0.0010021892322066425,0.00025689969254727863
2.9899999999999802,181.8833197804251,0.00098201458793701,0.0011836954951976405,0.001018999222884248,0.00025114638750702733
2.99999999999998,181.80020242668814,0.0009554399321764725,0.0011927704408859845,0.0010319899796459187,0.0002454713513185425
3.00999999999998,181.69330624412126,0.0009221952493716404,0.0012062188530300197,0.0010405893346580558,0.00024088013459082542
3.0199999999999796,181.5714041804471,0.0008832527020282929,0.0012251351355937806,0.0010443886277139078,0.00023771409143484752
3.0299999999999794,181.48433080973166,0.0008402690918243629,0.0012487468875216625,0.0010431663369839675,0.0002357814592307064
3.039999999999979,181.59488968302924,0.0007953461178051069,0.0012753634549795014,0.0010369011575460047,0.00023462775748795477
3.049999999999979,181.66853874823713,0.000750656747524075,0.0013028547756719947,0.001025777022043559,0.00023367257190566422
3.0599999999999787,181.70656463104962,0.0007079252849486827,0.0013283398752867153,0.0010101859673559452,0.0002321219224499687
3.0699999999999785,181.73881913917245,0.0006679148068442087,0.001348731580525573,0.0009906539962461775,0.00022912579145517904
3.0799999999999783,181.77770541324585,0.0006301718012599168,0.0013620090144130712,0.0009677887066394775,0.00022414218881389948
3.089999999999978,181.80011557381127,0.0005935001891405329,0.0013677697876054273,0.0009422476278515889,0.00021709360642246085
3.099999999999978,181.81570189517657,0.0006024691872954054,0.0013667970850902767,0.0009146904519596264,0.00020824222127461452
3.1099999999999777,181.8289132831869,0.0006128325693062183,0.001360097321320405,0.0008857297505789755,0.00019791566396670223
3.1199999999999775,181.83878506322787,0.0006259272447159316,0.0013487530140534009,0.0008558757687104646,0.00018646617997137942
3.1299999999999772,181.84500318421016,0.000643196337214626,0.0013340961164980411,0.0008254879599462386,0.00017431949232367828
3.139999999999977,181.85057976687114,0.0006648695771150555,0.001317335038099414,0.0007947456591842836,0.00017494659298238503
3.149999999999977,181.85950726277997,0.0006896981643692238,0.001299448908090928,0.0007636433249894144,0.000179237838225737
3.1599999999999766,181.8733875793746,0.0007155762467857302,0.0012816428335749234,0.0007320074243630125,0.00018322581844517323
3.1699999999999764,181.88666116871187,0.0007399101289468862,0.0012657021918488626,0.000699526889943092,0.00018687050475858248
3.179999999999976,181.89306614704756,0.0007598790227699761,0.0012539211194012368,0.0007088420788564404,0.00019015623784737263
3.189999999999976,181.89082064603514,0.0007728633120688277,0.0012483437535409975,0.0007217346259061623,0.0001930712511925368
3.1999999999999758,181.88132057522677,0.0007770825024003389,0.0012491121547357096,0.0007338042054253982,0.00019559745416742585
3.2099999999999755,181.86532435307566,0.0007724210195855894,0.001254314009645237,0.0007445418111854586,0.00019773022166325158
3.2199999999999753,181.8346351853165,0.0007601100568440154,0.001261608172427601,0.0007532443362365318,0.0001994692826741003
3.229999999999975,181.78522478749153,0.0007417334878035454,0.001268625331376723,0.0007591509500946269,0.0002008172393647471
3.239999999999975,181.72100248831202,0.0007188546757293365,0.0012730927863949396,0.0007616341934501474,0.0002017783477542681
3.2499999999999747,181.6492350411346,0.0006930409220417046,0.0012734869281972388,0.0007603838473902903,0.0002023578886228551
3.2599999999999745,181.60116189456053,0.0006656606031545052,0.0012692228144695846,0.0007565564322459093,0.0002025614666851829
3.2699999999999743,181.57823601343708,0.0006374514214513614,0.0012826978126882912,0.0007620833817688769,0.00020240896971357688
3.279999999999974,181.55038564379836,0.00064124381355869,0.00129476058430777,0.0007647690081463432,0.00020189735898500663
3.289999999999974,181.5339511215615,0.0006635511078152006,0.0013046351996572167,0.000764152005676675,0.0002010284294470776
3.2999999999999736,181.51612188134234,0.0006841509567214102,0.0013128942001378152,0.0007599766844358145,0.00019980791791619594
3.3099999999999734,181.5015921640805,0.0007035909765124517,0.0013199111675287016,0.0007522435170196076,0.00019824224199226957
3.319999999999973,181.49570399594822,0.0007232522425884226,0.0013265956958970822,0.000741222634170928,0.0001963396955835347
3.329999999999973,181.5044995444319,0.0007445955839755266,0.0013348087657250908,0.0007274232607867728,0.00019411009895671768
3.3399999999999728,181.5349827561381,0.000768417433973771,0.0013462750444570468,0.0007115235849195005,0.00019156605659279477
3.3499999999999726,181.59056873559038,0.0007945183555974668,0.0013615560840918874,0.0006942819759641119,0.0001887237294745453
3.3599999999999723,181.6601592153896,0.0008221980134939547,0.0013801637541194702,0.0006764467963268123,0.00018559882523824708
3.369999999999972,181.73225776008,0.0008506557156173062,0.0014011900938612108,0.0006586576870281715,0.00018221131645047622
3.379999999999972,181.79603890649523,0.000879420324444968,0.0014237813389326548,0.0006413563872068234,0.0001785830079221224
3.3899999999999717,181.84897076955076,0.0009080276123771761,0.0014467903117244478,0.0006588658993687754,0.00017473788193628353
3.3999999999999715,181.89043901729113,0.0009350456147422349,0.0014685437544564293,0.0007310948396951874,0.0001707011740623151
3.4099999999999713,181.94872482818923,0.0009583738675045068,0.0014868938984198261,0.0008041983953558556,0.00016649781292783967
3.419999999999971,182.0036113349509,0.0009759955152191657,0.0014993789982766371,0.0008761236402508968,0.00016215154377073916
3.429999999999971,182.04285025569345,0.0009862589282281624,0.0015045193728339163,0.0009444488258746609,0.0001585249268595482
3.4399999999999706,182.07077695107145,0.0009877306722526384,0.0015030620220353938,0.0010065802113169758,0.0001626559705897864
3.4499999999999704,182.08770400630976,0.0009795024611636601,0.0014972836605765857,0.0010599889154744452,0.000166521147319263
3.45999999999997,182.09316364552703,0.0009619369713255016,0.0014893678300686056,0.001102454911841852,0.0001701051420614427
3.46999999999997,182.09108611197368,0.000936700444500739,0.0014806981470756586,0.0011322894780850434,0.00017339138727730312
3.47999999999997,182.0837434558688,0.0009059778931932244,0.001471669561684006,0.0011485056264300222,0.00017636266630405065
3.4899999999999696,182.07241663650248,0.0008716714591442774,0.0014614726764630478,0.0011509162180542484,0.00017900329985744547
3.4999999999999694,182.0587029767863,0.0008352327796485546,0.0014480177742528203,0.0011401697723725606,0.00018130043457615231
3.509999999999969,182.0466319054354,0.0007985316062722848,0.0014288062326104508,0.0011177392329870038,0.00018324366846400914
3.519999999999969,182.03633729621438,0.0007629787959820446,0.0014022268010525753,0.001085846454284307,0.00018482441292340794
3.5299999999999687,182.02472628862387,0.0007290623002496599,0.001367527989449018,0.0010472989181578816,0.0001860360010929554
3.5399999999999685,182.0113928490381,0.0006973115572576514,0.001324821345274771,0.0010052601453513243,0.0001868731982467575
3.5499999999999683,182.0009615820264,0.0006688831198146257,0.0012752591154824861,0.001012652051595809,0.00018733031822897413
3.559999999999968,182.00044122259231,0.0006451969072364395,0.001219888453335739,0.001037165093732043,0.00018740045182146243
3.569999999999968,182.01459696536097,0.0006275466102509462,0.0011589553395789788,0.0010593165464336091,0.00018707757086532375
3.5799999999999677,182.04441808582905,0.0006167627991017493,0.001092558151354573,0.0010789609338087642,0.00018635909842792616
3.5899999999999674,182.0851313764922,0.0006130014675420604,0.0010212750385991168,0.0010959625831171679,0.00018524605896058145
3.5999999999999672,182.12402641736773,0.0006156998639838135,0.00094647031814694,0.001110197239216457,0.0001837412147903735
3.609999999999967,182.16853896556418,0.0006240336199221954,0.0008702989519372875,0.001121552810380533,0.00018184752112602141
3.619999999999967,182.2118375604151,0.0006374536316784305,0.0007951592840493735,0.0011299305241825317,0.00017956784887346723
3.6299999999999666,182.2512039785672,0.0006556282463541237,0.0007231151062206452,0.0011352474290045554,0.00017690490776411995
3.6399999999999664,182.28127093068105,0.0006776687368273827,0.0006555889196434994,0.0011374374335920425,0.0001738608794975426
3.649999999999966,182.3043134314415,0.000702142892162019,0.0005931500132003398,0.0011364497037603242,0.00017043801364489774
3.659999999999966,182.32337607721786,0.0007277935676115668,0.0005941747606160083,0.0011322479522786271,0.00016664067936619236
3.6699999999999657,182.3386880341786,0.0007540912775494478,0.0006423841830448074,0.0011248127393577465,0.00016247681390581985
3.6799999999999655,182.34635527871868,0.0007805797593498226,0.0006868316371603582,0.0011141439177523433,0.00015795668481008532
3.6899999999999653,182.34354408154672,0.0008060935903236255,0.0007289126329903699,0.0011002607948514815,0.0001620580653433112
3.699999999999965,182.33244316527134,0.0008294792730275923,0.0007682271362496301,0.0010832013775476925,0.00016620017561327612
3.709999999999965,182.3162585631565,0.0008507590382386053,0.0008025840693205351,0.0010630220594061797,0.0001691756379719253
3.7199999999999647,182.29810545550237,0.0008706852493706542,0.0008299003696602669,0.0010397972542445274,0.00017038377706787456
3.7299999999999645,182.27883312580616,0.0008890535543202989,0.0008493665787159495,0.001013619291913531,0.0001695856847749561
3.7399999999999642,182.2559444199971,0.0009050585224245497,0.0008610378275236895,0.0009845994109824818,0.0001667891085062514
3.749999999999964,182.22465286112205,0.000918244217132763,0.0008650350307706731,0.0009528684790801253,0.00016202174322979307
3.759999999999964,182.18080028623936,0.0009276570260371544,0.000861950720749241,0.0009185756654572382,0.00015544584859631766
3.7699999999999636,182.11881351820662,0.0009320065802555513,0.0008536872232005475,0.0008818862267548509,0.00014759460980079072
3.7799999999999634,182.03730319792,0.0009312353337869891,0.000843316398607287,0.0008429806758624248,0.00013933110250316638
3.789999999999963,181.93759790673334,0.0009267434069705133,0.0008341299677895976,0.0008020554259522294,0.00013422929223369325
3.799999999999963,181.82185852157042,0.0009205653739030782,0.000828602008592857,0.0007593234269105935,0.00013771741493850848
3.8099999999999627,181.69842441540303,0.0009151512645507389,0.0008276460357223298,0.0007150143147865129,0.00014163247198765525
3.8199999999999625,181.58154192017403,0.0009135156334500748,0.0008306854866095782,0.0006933801873765037,0.0001458136818934573
3.8299999999999623,181.4861377306268,0.0009189688455518273,0.0008364597627929354,0.0007238241250619054,0.00015000863973736175
3.839999999999962,181.42217230349277,0.0009343632269601678,0.0008434501833934898,0.000752107803872739,0.00015396839686804097
3.849999999999962,181.3958059604934,0.0009612574304614063,0.0008494843548785651,0.0007775386571226187,0.00015750130240507052
3.8599999999999617,181.4167191038268,0.00099918295475241,0.0008522102573562913,0.0007995694277858161,0.00016275838182980182
3.8699999999999615,181.4669211795699,0.0010458408376524443,0.0008508957553492374,0.0008176837180022756,0.00016782223804587328
3.8799999999999613,181.54188683494252,0.0010982852168292517,0.0008470971187228487,0.0008314217622034447,0.000171965589535563
3.889999999999961,181.62352794865598,0.001153941551323752,0.0008435006313416407,0.0008405370956969946,0.00017515224065680165
3.899999999999961,181.7057969716736,0.0012103955184470784,0.0008426037124321636,0.0008450589164901885,0.0001773574176854713
3.9099999999999606,181.76728567377504,0.001265039699025701,0.0008464006926552919,0.0008451535911165087,0.00017856938741612178
3.9199999999999604,181.78651424251927,0.0013158953543304162,0.0008567326052657841,0.0008409889647008979,0.00017879098176419315
3.92999999999996,181.7999266778043,0.0013619303828853024,0.0008755473472540881,0.0008328206241007801,0.00017804172886030887
3.93999999999996,181.80911550768693,0.0014023885263758156,0.0009047204113079882,0.0008212026645176309,0.00017635988946784777
3.9499999999999598,181.81465766641085,0.0014364116443217083,0.0009515556443245381,0.0008071991033607211,0.00017380411188315672
3.9599999999999596,181.8261863330838,0.001462622481608878,0.001046288992952646,0.0007914098459590803,0.00017045367165825605
3.9699999999999593,181.84266240832775,0.0014790716252658053,0.0011445126485532745,0.0007747164404251546,0.00016640464916196598
3.979999999999959,181.8622139207346,0.001484421120891548,0.0012407068212008305,0.0007583360912981453,0.0001644942646692472
3.989999999999959,181.8735021191415,0.0014963600539545493,0.0013295869815090323,0.0007468777364898264,0.0001611374736285008
3.9999999999999587,181.86398249085607,0.0014940326033385776,0.001408370351156822,0.0007333265252660313,0.00015555730498799917
4.009999999999959,181.8367975166121,0.0014786482138624366,0.0014766255115875359,0.0007183315069898979,0.00015212573510395226
4.019999999999959,181.7942641536644,0.0014520163770207631,0.0015354262301262467,0.0007053594283994946,0.00015785662839856168
4.0299999999999585,181.73453068306915,0.001415810124495908,0.0015878203580980087,0.0006978150620183969,0.00016194959516996438
4.039999999999958,181.66013434882453,0.0013725528860475005,0.001637594005249382,0.0006922858964140535,0.0001654577362806506
4.049999999999958,181.5813767915102,0.0013256113466267978,0.0016876545472405233,0.0006884363403798928,0.00016918571465821813
4.059999999999958,181.5076699473266,0.001277723251614053,0.0017401000086748502,0.0007037652929052503,0.00017370855933369908
4.069999999999958,181.44551230975085,0.0012310487800198404,0.0017959223793597406,0.0007188474765987717,0.00017928472682816548
4.079999999999957,181.40293010255726,0.0011876728232591033,0.0018539322118928175,0.0007293755344393022,0.0001855453024065648
4.089999999999957,181.38636313406366,0.0011492465074409305,0.00191091016446769,0.0007454105575075456,0.00019153790909713926
4.099999999999957,181.40238571805833,0.0011163367665784553,0.0019635351518668027,0.0007625266290012211,0.00019628236372922636
4.109999999999957,181.44861354204875,0.001086802313526267,0.0020087581039236386,0.0007777459802889591,0.00019888225877459013
4.119999999999957,181.50940804716728,0.0010559347669556803,0.0020433714825721597,0.0007912220683106875,0.00020430082676374588
4.129999999999956,181.56238510366887,0.0010185235976408267,0.0020658171730172604,0.000803191300925947,0.00021072241468003135
4.139999999999956,181.58668771021337,0.0009697186053698167,0.0020769646548637524,0.000814032478454171,0.00021681060315472412
4.149999999999956,181.5678588901919,0.0009453002343922706,0.0020790310709653394,0.0008241530484243437,0.00022255676739340005
4.159999999999956,181.4987291784161,0.0009129850580536864,0.0020749256359605833,0.0008338806777957152,0.00022795375964152636
4.1699999999999555,181.37928674870255,0.000870903793251233,0.0020674245340603107,0.0008434546013013603,0.0002329950170813238
4.179999999999955,181.21586355246734,0.0008209321378029169,0.002058398926742507,0.0008530248654159191,0.00023767340035796983
4.189999999999955,181.02197125680394,0.0007657774278766733,0.002049482643651495,0.0008626094823177145,0.0002419804594960513
4.199999999999955,180.819324747878,0.0007086842332108731,0.0020422701200875013,0.0008720846445448166,0.0002459072524005711
4.209999999999955,180.78191656194966,0.0006527760502595797,0.0020372383508941456,0.0008812489761337684,0.0002494463976136846
4.2199999999999545,180.85444521083974,0.0006002009656181362,0.002034054308843995,0.0008898961423258748,0.00025259371993971615
4.229999999999954,180.89912622133537,0.0005518779364184931,0.0020320100756033134,0.0008978364513630231,0.00025534811776295387
4.239999999999954,180.92697715558685,0.0005076888079069135,0.002029583533121046,0.0009048904510996277,0.0002577097136424098
4.249999999999954,180.96410323153825,0.000467016307966846,0.002024295514140156,0.000910896245115488,0.0002596777868569598
4.259999999999954,180.96682748526007,0.0004287515934449201,0.002012823604527725,0.0009157276759149427,0.0002612500111826762
4.269999999999953,180.94484598361083,0.00047072024493521495,0.001992049131595243,0.0009213812940057197,0.0002624232015134132
4.279999999999953,180.90837704338455,0.0005089079573191053,0.001960520505063597,0.0009272402758686492,0.00026319502619386113
4.289999999999953,180.86413956732403,0.0005411575902523181,0.0019185167625861363,0.0009330338040105652,0.0002635659352671688
4.299999999999953,180.8150357352736,0.0005705802742516853,0.001868455959110159,0.0009385590583436213,0.00026353993779665156
4.3099999999999525,180.76125891354883,0.0005991489111357862,0.0018153877054714667,0.0009434493871882032,0.0002631236152175677
4.319999999999952,180.7028909478008,0.0006275606640902747,0.0017647684578100669,0.0009465919937798166,0.00026232453149384923
4.329999999999952,180.63893371746835,0.0006556084853556498,0.0017205491350861697,0.0009470586142287815,0.0002611501897234163
4.339999999999952,180.56341814062455,0.0006819966464577272,0.001684743878458627,0.0009441370680465852,0.0002596069043796613
4.349999999999952,180.50582213338785,0.000705127718261622,0.001657832263166322,0.0009553469525971713,0.0002576992280387553
4.3599999999999515,180.54255585010623,0.0007243372577991526,0.0016394950191518103,0.0009705937505901847,0.00025543166182447833
4.369999999999951,180.57464752283994,0.0007397612812561706,0.001628748628139582,0.0009852491543280773,0.0002528108591294274
4.379999999999951,180.6034992162584,0.0007515219565891306,0.0016248445468547868,0.0009991143980158902,0.0002498460619774208
4.389999999999951,180.63360995335296,0.000759982175452443,0.0016270035787861266,0.0010120514515039344,0.00024654733813578837
4.399999999999951,180.70198026705458,0.0007666419583667737,0.001633512209243579,0.0010239189003710615,0.00024292270051565735
4.40999999999995,180.73814572965352,0.0007738937406149353,0.001642239876347629,0.0010345763487639354,0.00023897671893126222
4.41999999999995,180.73093525443363,0.0007840971944263306,0.0016518747360648699,0.001043889667601191,0.00023471162759485488
4.42999999999995,180.6719125217615,0.0007984196700641117,0.0016627761146448955,0.001051729481344722,0.00023012956962622128
4.43999999999995,180.5674290321715,0.0008154661522325278,0.0016752246461484333,0.00105797158528433,0.0002252341618319271
4.4499999999999496,180.56950764693266,0.0008312600931500233,0.0016872502559586756,0.0010625046140105298,0.00022003086510062692
4.459999999999949,180.79576694537667,0.0008408100196924443,0.0016945377542185735,0.0010652336856960048,0.0002145269811716169
4.469999999999949,180.99734675829868,0.0008400068377520518,0.0016918924495808432,0.0010660756772080046,0.0002087314353270104
4.479999999999949,181.16371420051098,0.0008268286536030867,0.0016748694302130514,0.0010649587273491251,0.00020265342154473395
4.489999999999949,181.28628350663436,0.0008010563013757604,0.001640204974347846,0.0010618285976010966,0.00019630025317210963
4.4999999999999485,181.351499384958,0.0007628711934166633,0.0015860156184644705,0.0010566495597187809,0.00018967684542009895
4.509999999999948,181.34806721513044,0.0007121449709711196,0.0015124656007727212,0.0010494005347827357,0.00018278827078370774
4.519999999999948,181.27737168551016,0.0006496464658098547,0.0014227944625845612,0.0010400782800525088,0.0001756431655204449
4.529999999999948,181.1509833459596,0.0005782492529957929,0.0013226360008410788,0.0010287025130400805,0.00016833669161090553
4.539999999999948,180.98187602011345,0.0005027274056224728,0.0012173291041055047,0.0010153110583527019,0.00016192329985823513
4.549999999999947,180.78803709371476,0.00042922931452913895,0.0011106712371459222,0.000999954026800497,0.00015527566214803206
4.559999999999947,180.59861338909684,0.0004932721071187085,0.0010045364286506758,0.0009826989931576192,0.0001483824820268556
4.569999999999947,180.68674287095615,0.0005701246084854072,0.0008983861340454691,0.0009636352990544286,0.00014122922868398376
4.579999999999947,180.84361167821817,0.0006313983396822585,0.0007898974237754661,0.0009428662143747382,0.0001338061302858374
4.589999999999947,180.9601895850448,0.0006767570772733311,0.0006767455827729668,0.0009205025846687592,0.00013580893035758997
4.599999999999946,181.04259607749697,0.0007085083067324216,0.0005581337396457155,0.0008966681737151117,0.00014601435398907398
4.609999999999946,181.10444049797206,0.0007313129889039262,0.00043443641401522587,0.0008715028918461938,0.00016270375221310714
4.619999999999946,181.1634336346556,0.0007513224124972832,0.0005323796758794335,0.0008451549886534059,0.00017976525739527472
4.629999999999946,181.23745093892052,0.0007745167234039129,0.0006337918809670534,0.000817774840901485,0.00019651359575374798
4.6399999999999455,181.34545253162264,0.0008061274779787751,0.0007329654653121119,0.0008053261042452213,0.00021208558509868574
4.649999999999945,181.50238408510566,0.0008495057369118195,0.0008273220763596753,0.0008417209489200337,0.0002256878737862369
4.659999999999945,181.7098709569579,0.000905032270119642,0.0009150941984279521,0.0008880261571801173,0.00023676734701963504
4.669999999999945,181.95063232879258,0.0009706953464853105,0.0009956391390309085,0.0009315415791925574,0.0002451037892652879
4.679999999999945,182.10579762238535,0.001042960391260731,0.0010686939238967199,0.0009710310152907598,0.000250598855176756
4.689999999999944,182.1181962072552,0.0011174685390029837,0.0011342738581488045,0.0010044591526985498,0.0002532483526667637
4.699999999999944,182.12994281044664,0.0011900582166056526,0.0011938721094591686,0.0010349459362607254,0.0002534864442324441
4.709999999999944,182.15506845351283,0.0012578870543307355,0.0012498998437863874,0.0010548330553681684,0.0002520238564802673
4.719999999999944,182.18865305933036,0.0013782142450294,0.0013037389813100235,0.0010563642713820065,0.00024928658018449743
4.729999999999944,182.21485746440896,0.0015357388999153662,0.001354449309584468,0.0010472863543057721,0.00024504461091484734
4.739999999999943,182.22234389082112,0.0016667639511411345,0.0013989697608905228,0.0010256763588552332,0.0002384723762001333
4.749999999999943,182.20646770039923,0.0017664563329424267,0.0014342911059038747,0.0009862894358808217,0.00023809512770764352
4.759999999999943,182.1743589795364,0.0018332327555341257,0.001458817231866156,0.0010081132010315136,0.00024780197031106795
4.769999999999943,182.12641989687629,0.0018695060336997708,0.0014725674151000012,0.0010585997372682696,0.0002567928047890147
4.7799999999999425,182.0532779633021,0.001880759209757,0.0014766218153011929,0.0011046655789359958,0.00026418788503960083
4.789999999999942,181.95077555065424,0.001874572228618963,0.0014727128512565038,0.0011438503345040708,0.0002691973472516506
4.799999999999942,181.84595821564616,0.0018592077272204543,0.001463790762540184,0.0011746459485306934,0.00027132584499351157
4.809999999999942,181.77300235378047,0.001841715453215029,0.001453375189602573,0.0011962260286836309,0.00027028648200547536
4.819999999999942,181.73466592008964,0.0018273158486643369,0.001444393646450217,0.001208033494145101,0.0002658552419258629
4.8299999999999415,181.7057208900834,0.001851923668273166,0.0014385344290229773,0.0012100977172830266,0.00025798090315220726
4.839999999999941,181.6840439603195,0.001918304546059897,0.0014355613746684375,0.0012036737142933933,0.0002609301018712503
4.849999999999941,181.6925241817693,0.001984860509499468,0.0014331217836377062,0.0011911463091978595,0.00025401416992721227
4.859999999999941,181.7361777942918,0.0020519908379837168,0.001427684772311919,0.0011751312223575317,0.00025390416442791876
4.869999999999941,181.81876813687552,0.002120188203002711,0.0014161644059972791,0.0011577416063747394,0.0002592888335902768
4.87999999999994,181.92249377354773,0.00218975874350046,0.0013975060034832436,0.00114061959325358,0.0002632564314698441
4.88999999999994,182.01872250834762,0.002260780162154154,0.0013733341876852726,0.0011252957610990452,0.00026572614283654195
4.89999999999994,182.18195058498762,0.0023316345814620317,0.0013471516594124175,0.0011155017404737132,0.00026662923785699
4.90999999999994,182.27233404257058,0.002398174137544716,0.0013378828126880667,0.0011313605055712594,0.0002659143553325076
4.9199999999999395,182.3664109359228,0.0024548136976660006,0.0013440674471086296,0.0011388554234097988,0.0002635484995005745
4.929999999999939,182.42359138976093,0.002497086591285197,0.0013563940272613294,0.0011364132130651313,0.00025993835527528237
4.939999999999939,182.43254221711837,0.002523164012357732,0.0013763974317573778,0.001136749230908296,0.00026837929792426193
4.949999999999939,182.39836791788693,0.0025333279563830393,0.0014043976124245721,0.0011568545437066768,0.00027615537212881646
4.959999999999939,182.35402167049753,0.002528964341421181,0.0014400863678377233,0.0011985639547285214,0.0002832439098159929
4.9699999999999385,182.33652139902313,0.0025122078707420104,0.0014830360996780404,0.001270486548208149,0.00028963189325531763
4.979999999999938,182.3437207482239,0.0024850484021091746,0.0015318730069252464,0.0013457565900930185,0.00029531047021632455
4.989999999999938,182.34192492917566,0.002448265530305408,0.0015850750258482173,0.0014206203641520094,0.00031489694987980475
4.999999999999938,182.28566404611414,0.002402443346203425,0.0016430294067246492,0.0014906403042982063,0.0003385887833107103
5.009999999999938,182.20522391636734,0.0023482796438899453,0.0017071338397089415,0.0015508594454333616,0.0003583949833715724
5.019999999999937,182.14127076529098,0.002286904577105868,0.0017777595804826405,0.0015964388063577607,0.0003732309418370396
5.029999999999937,182.08067840008567,0.0022208446736865506,0.0018544828187179417,0.0016237633499354511,0.0003820062884652972
5.039999999999937,181.98244367861838,0.0021521472516652573,0.0019368479796693333,0.0016310744269732477,0.0003836904738237687
5.049999999999937,181.8167500105029,0.0020809299188456988,0.0020233885204606864,0.0016180841339150543,0.00037782036679716557
5.0599999999999365,181.60303674420652,0.0020068855067230415,0.0021108427772503443,0.0015854763494090166,0.0003647935611520017
5.069999999999936,181.37638410290202,0.0019306212777884873,0.002195216714446095,0.0015352712185105531,0.00034550034299507017
5.079999999999936,181.14016153234664,0.0018534336758380355,0.0022722058183729616,0.0014713924917824364,0.00032078089048900486
5.089999999999936,180.97110993182304,0.0017775637055766488,0.002337851777306929,0.0013991320544343218,0.0003129963248148937
5.099999999999936,181.1671608078999,0.0017062226257630727,0.0023898389227600906,0.0014371018730033986,0.00031110871162662074
5.1099999999999355,181.4000499942843,0.0016417778437082626,0.0024277584431136997,0.0014788169627033554,0.00030876249340876786
5.119999999999935,181.58238286576105,0.0015840526308676754,0.002453405803858732,0.0014994536734432584,0.0003106325274211221
5.129999999999935,181.7336934578179,0.001531537075651519,0.002471037055643774,0.0015023167189516598,0.00031314541878811424
5.139999999999935,181.87411799254124,0.001482675146302741,0.0024859299679972162,0.0014918956715194746,0.00031520240712921987
5.149999999999935,181.981007737514,0.001434359490294277,0.002502320896564589,0.0014728624556767668,0.00031679726167216024
5.159999999999934,182.05339132049141,0.0013817316723131997,0.0025233052688593952,0.0015831821433090194,0.000317917832044583
5.169999999999934,182.11876772221717,0.001320194183061577,0.002551646882495401,0.0017425026090425089,0.0003185496096023918
5.179999999999934,182.1673480148017,0.0012466788644582042,0.002588563486587702,0.0019009821193536514,0.0003186798849672282
5.189999999999934,182.19232398811945,0.0011596934406341358,0.00263162237198401,0.0020520288851595143,0.00031829732269926926
5.199999999999934,182.28295985960287,0.0013759941079517157,0.0026757319727891697,0.0021896630064176027,0.0003173899915744892
5.209999999999933,182.34854699467607,0.0016112818314837425,0.0027160524648563557,0.0023087331433144756,0.00031594758025723594
5.219999999999933,182.35330423311743,0.001838281708483345,0.0027501113283116686,0.0024049845854208886,0.00031396586400582525
5.229999999999933,182.30011396370068,0.002052782318585683,0.002777975329574486,0.0024749954042838714,0.00031144490026238896
5.239999999999933,182.23029991477654,0.002251821312615901,0.0028003699442543956,0.0025161218129130065,0.00030838214045859484
5.2499999999999325,182.16440777907536,0.0024311895125403733,0.0028184124933895997,0.002526558361406677,0.00030477161548793147
5.259999999999932,182.07339332058734,0.0025852341429957663,0.0028338104482721446,0.0025054943300231096,0.0003006111127705844
5.269999999999932,182.00513757141906,0.0027099727996453826,0.0028469215232957692,0.002453303132090736,0.00029590621816489416
5.279999999999932,181.94979263822557,0.002803428274752921,0.0028569065588049773,0.0023717157677118623,0.0002906663213647924
5.289999999999932,181.90240957377762,0.002865416741191406,0.0028638605024404007,0.0022638808415738725,0.00030080716876812
5.299999999999931,181.89585406382386,0.002899886270268077,0.002869053559766627,0.0021342320503014143,0.00032572914435704647
5.309999999999931,181.99239970058872,0.0029154696125322835,0.0028738852043848004,0.0019882253532735495,0.00033973370219057006
5.319999999999931,182.0915505961562,0.0029229209571078538,0.002879127043470464,0.0018320663019147261,0.00034156995811615766
5.329999999999931,182.15576601489704,0.0029323498433488893,0.0028857108609139422,0.0017057069706379563,0.00033180351442461416
5.339999999999931,182.21774948308368,0.00295102200644147,0.0028946467480540834,0.0016870737245332237,0.0003317710206554895
5.34999999999993,182.3334856432083,0.002981743170186557,0.0029049621852910153,0.0016398226802797427,0.0003388093437705966
5.35999999999993,182.53321429305257,0.0030235092379724197,0.00291325735246464,0.0016435372465600847,0.00033702749534650947
5.36999999999993,182.76643855162794,0.0030727568573274333,0.0029142332125312773,0.0016508620069979895,0.00033412978715814467
5.37999999999993,182.9844710000382,0.003122273260945268,0.0029020931483222643,0.0016543708642292592,0.00034688884393997227
5.3899999999999295,183.15676560323922,0.0031606741127210335,0.002872781917164091,0.001653928619504029,0.0003550979611658407
5.399999999999929,183.28662924848442,0.003174646356970224,0.002824315365651874,0.0016494280198627207,0.0003581795585061256
5.409999999999929,183.39568630991442,0.0031521614107617914,0.002756046603481086,0.0016743945985675157,0.0003559390453450989
5.419999999999929,183.48773683601468,0.0030847522707479914,0.0026688561485108584,0.0016566535271811767,0.000348617051805249
5.429999999999929,183.541086131597,0.0029690502851754787,0.00256606001986373,0.001610754108312696,0.000337148042951842
5.4399999999999284,183.5062198366012,0.0028076812104156808,0.0024532054247721085,0.0015892736544534498,0.00032818828355111985
5.449999999999928,183.41483730931984,0.002654083719720567,0.0023369160118881698,0.0015634580948271162,0.0003484544069325896
5.459999999999928,183.34019330549958,0.002598107995121224,0.002224189450071879,0.0015376679951034967,0.00035811921194281167
5.469999999999928,183.2987118350654,0.0025406204126974443,0.0021223075223618442,0.001529322730161108,0.00035474218205145867
5.479999999999928,183.2643785599915,0.00248895916866259,0.002038023484324361,0.0015801622379782465,0.00037323199074477584
5.489999999999927,183.2243121679,0.0024498074020580093,0.0019757268013042254,0.001645210641507007,0.0003976904226916247
5.499999999999927,183.21358675776753,0.0024274889265028443,0.0019369519099402142,0.0016902194457539827,0.0004160674185729385
5.509999999999927,183.26855788203193,0.0024233782039693955,0.001920395761913693,0.0017115449041821438,0.00042731825083856985
5.519999999999927,183.37145829945172,0.00243777213660869,0.0019215246350169199,0.0017062007919936022,0.00043058001041155965
5.5299999999999265,183.45431658446014,0.0024705822916904568,0.0019321951869504203,0.0016729687437285307,0.0004255246076967239
5.539999999999926,183.50546792302418,0.0025214713816570354,0.0019414261259298163,0.0016135352905292397,0.0004127083498578415
5.549999999999926,183.55131335714995,0.002589373120883592,0.0019393763757058814,0.0015321780632164726,0.0003934635807326509
5.559999999999926,183.60177896197519,0.0026703400296066095,0.0019204855644440748,0.001487793965296168,0.00040454227044143154
5.569999999999926,183.6150152860253,0.002757083105848923,0.001883202612589307,0.0015488373247793188,0.00041329014375262403
5.5799999999999255,183.7877595196935,0.002840968197841957,0.0018290024850488723,0.001640535324131171,0.00041695170869102897
5.589999999999925,183.98402876763708,0.002914191130881565,0.0017616322941399261,0.0017987157487249256,0.0004165580198783069
5.599999999999925,184.1671238270465,0.0029709116334962838,0.0016869091462465083,0.0019257259697580459,0.00041373430872473346
5.609999999999925,184.34228401166206,0.0030078354471309446,0.001612082306337079,0.0020166439241969623,0.0004105233470481201
5.619999999999925,184.4923132998247,0.0030240727451075794,0.0015444143143682882,0.002070809804579743,0.0004089826153040937
5.629999999999924,184.5935028798309,0.003019509713267754,0.001490822775629139,0.0021644246810274153,0.00041107251665382986
5.639999999999924,184.6348030903322,0.0029936607734804875,0.0014576792692928184,0.0023772408658310805,0.00041858232640346277
5.649999999999924,184.62569890446733,0.0029464282289211707,0.001448935780760002,0.0025977078810040053,0.00043258919544662377
5.659999999999924,184.58259349524195,0.0028791766763206585,0.0014638243615990127,0.002811200932870514,0.0004528181784910795
5.6699999999999235,184.49844474541803,0.0027945936199168307,0.0014968147565110562,0.003003077603979849,0.00047766075011930053
5.679999999999923,184.35313040269597,0.0026951964215952465,0.0015402376114909686,0.003160696614361528,0.0005048396242720833
5.689999999999923,184.14968173571086,0.0025821541926792178,0.0015861408592678376,0.0032751239086640516,0.0005320119585484978
5.699999999999923,183.92345831087334,0.0024573358522616546,0.0016324925967916818,0.0033422788386676195,0.0005568137105493035
5.709999999999923,183.70151024654461,0.0023249935899566053,0.0017190421535717157,0.003363410266255178,0.0005768919400889779
5.7199999999999225,183.46739622657566,0.0021888974431165165,0.001780537085015718,0.0033448391339492285,0.0005900779649988184
5.729999999999922,183.18312053908852,0.002050038750269674,0.0018117475653567656,0.003297066789821448,0.0005949479539088606
5.739999999999922,182.83144543978278,0.0019077915009566137,0.0018108928807309644,0.0032334908405992416,0.0005910713175271868
5.749999999999922,182.43989239996776,0.0017616891232118306,0.0017780433706295446,0.0032285396869692396,0.000578556559060528
5.759999999999922,182.0755305323014,0.0017512730514023286,0.0017150141520083661,0.00339412881027073,0.000558014997200614
5.769999999999921,182.15313790847154,0.0018677611170864945,0.0016267038210047034,0.0035191678144674905,0.0005309321244570723
5.779999999999921,182.1287988568174,0.0020024706543345545,0.0015213986891773389,0.0035948627339310833,0.0004997518882567901
5.789999999999921,181.9722844026746,0.0021482403332600385,0.001410025434853273,0.0036171521264789356,0.0004676706794459218
5.799999999999921,181.70459468517603,0.002295871973781994,0.0013039611494060123,0.003587502642553449,0.0004380190818937128
5.809999999999921,181.34264674677655,0.002436464703130111,0.001212733601836322,0.003512222957382145,0.0004135894291088147
5.81999999999992,180.86719517502019,0.0025621785357310294,0.0011425845582543827,0.0034361228727351313,0.0003961819921197218
5.82999999999992,180.53871284120314,0.0026665177260371347,0.0010957973692868378,0.003559696842801507,0.00038647818457893677
5.83999999999992,180.64932273369172,0.0027448666989986228,0.0010707194703997787,0.0036749558493503155,0.000383998765374571
5.84999999999992,180.90794984988904,0.002793735213724238,0.0010619979211407987,0.0037694660707545107,0.0003871668438641826
5.8599999999999195,181.2165810404593,0.002810654226337612,0.0010613542357482053,0.003833093497892289,0.00039355095149746377
5.869999999999919,181.51352166758315,0.002794793198561994,0.0010596875870977594,0.0038575815747681303,0.0004004956674812862
5.879999999999919,181.75516411137303,0.0027447090853102434,0.00105006226797089,0.003837261575413282,0.00040596194599741564
5.889999999999919,181.9505670401355,0.0026566254890339485,0.0010282155261847662,0.003769677159433661,0.0004086176304660108
5.899999999999919,182.13156525265669,0.002526848388259816,0.000990119336283585,0.0036545847624572404,0.0004072229146038012
5.909999999999918,182.3115990264933,0.002352758137674747,0.0009320126014720644,0.0034935307628806344,0.00040060543024494325
5.919999999999918,182.48622944537553,0.0021317536605554312,0.0008525140216817719,0.0032894358847590562,0.00038825758308330097
5.929999999999918,182.65691204576004,0.0018630919951846275,0.0007536758250376662,0.003046124508148267,0.00037064755376142104
5.939999999999918,182.8467342956478,0.0015490593753878835,0.0006935452332278394,0.002767900169462112,0.00034957299665655897
5.949999999999918,183.08567924541669,0.0015100708973334112,0.0006407814061220394,0.0024593376826101353,0.00032779983328066516
5.959999999999917,183.3798941393901,0.0015689605154954236,0.000595851118228522,0.002125397285008826,0.0003077624514528262
5.969999999999917,183.70756046675294,0.0016381707133623436,0.0005636793709038967,0.001771851412440086,0.000327277343775718
5.979999999999917,184.04195580301266,0.0017153441853484867,0.0005473265158945272,0.0014827833694530236,0.0003507260635037757
5.989999999999917,184.28995779353025,0.0017943967141326133,0.0005476667192236606,0.0015173141682159681,0.0003703799984470319
5.9999999999999165,184.27572212068128,0.001869582537032461,0.0005626094371979786,0.001543379333819932,0.00038331099012984626
6.009999999999916,184.27635053918914,0.001939187089448979,0.0005890351243797346,0.0015528153188539668,0.0003878531948470539
6.019999999999916,184.273817540481,0.0020046333769580013,0.0006224870687674106,0.0015413832035381357,0.0003837594964354581
6.029999999999916,184.2361111767252,0.0023322551651034024,0.0006570827756275236,0.0015061309889742645,0.0003713162449143017
6.039999999999916,184.16158590364014,0.0026236281271853072,0.0006872980891612294,0.001445497319793132,0.0003694630620389061
6.0499999999999154,184.04386595847234,0.002860450717160718,0.0007071732526713099,0.0015351814923812925,0.0004146468961039217
6.059999999999915,183.89699121185953,0.003042006651415179,0.0007103389072852782,0.0016696338919041068,0.00045789497063803976
6.069999999999915,183.64767315935208,0.003171546164345152,0.0006936047758637979,0.0017906773195098193,0.0004965223441646042
6.079999999999915,183.22229060618935,0.0032575731751444486,0.000658149999142962,0.001888138029467611,0.000527733338054816
6.089999999999915,182.6157988744321,0.003314650174715439,0.0006083483140166635,0.001953517251117582,0.0005492179090156431
6.099999999999914,181.90905312726562,0.0033618277514231255,0.0005515563833133885,0.001980975019615272,0.0005594114592161398
6.109999999999914,181.6477211093987,0.0034174891411869173,0.0004958488854960353,0.001966803611980198,0.0005573315997738463
6.119999999999914,181.52856344460363,0.0034951109255437593,0.0005102090533541406,0.0019088736292547615,0.0005424171921678058
6.129999999999914,181.39159404586786,0.0036032399031660886,0.0005617478199670499,0.0018351638190978142,0.0005237101286310794
6.1399999999999135,181.23600353059888,0.0037452377611457057,0.000595295793241785,0.0018648024376174358,0.0005317064159278128
6.149999999999913,181.13193940346846,0.003918219518101396,0.0006084627432515141,0.0018031747952279172,0.000513425854240017
6.159999999999913,181.12019564946223,0.004111638710475632,0.0006021388406631855,0.0016544718568109519,0.00046994667239350465
6.169999999999913,181.14439399569372,0.0043075642237777765,0.0005794266758656761,0.0014353382713340628,0.0004058009034972433
6.179999999999913,181.12712988489272,0.004483641349520554,0.0005434498953048973,0.0013344988063985382,0.0003761269510073477
6.1899999999999125,181.09548594451675,0.0046158682470671415,0.0004977293834554495,0.001456549355804126,0.0004085974628818916
6.199999999999912,181.13184540938144,0.0046817806317074944,0.00045874920447663614,0.0015847539451366967,0.00044792912308282406
6.209999999999912,181.1865403151722,0.00466347606565021,0.0004826118356066751,0.001731684222699512,0.00046095676283283227
6.219999999999912,181.27151938558438,0.00454972750556198,0.0004983005227485428,0.0019041975124880395,0.0004950528506122673
6.229999999999912,181.38655483788304,0.004339038050524929,0.000504250046099065,0.0020139749940160756,0.0005226199227005355
6.239999999999911,181.5143066812125,0.004071887418559203,0.000498799226278584,0.0020565936652942223,0.0005425810225672134
6.249999999999911,181.58828771663315,0.003986013239031883,0.0004792130170628228,0.002034848066555753,0.0005538020233823565
6.259999999999911,181.5723476781694,0.003860464358334896,0.0004406580660203933,0.0019580222235810593,0.0005551693205306616
6.269999999999911,181.98488307005726,0.003703554084858403,0.0003769016202897856,0.0019149947837126058,0.0005458406036867768
6.2799999999999105,182.40839352115728,0.0035218732542563183,0.00034670890470257445,0.001848141948507044,0.0005255041836864394
6.28999999999991,182.80550197533748,0.003317488966112813,0.0004234969453222847,0.0017452381487088836,0.000494393495884919
6.29999999999991,183.13727865117588,0.0030884693666843547,0.0005197780626465037,0.001608833090127406,0.0004531284228585562
6.30999999999991,183.43019757431065,0.0028344513988950385,0.000628525963550466,0.0014431831828560309,0.00040273513155951083
6.31999999999991,183.7154730913616,0.0025566616670336627,0.0007408434857186583,0.0012834789867564196,0.0003450205659998423
6.3299999999999095,184.0078579355242,0.00225777825349098,0.0008483958640756913,0.001232062533068705,0.0002987082157552602
6.339999999999909,184.27888855912425,0.0019442663771191892,0.0009462825688299201,0.001267552140532238,0.0002996730061538731
6.349999999999909,184.517618580998,0.00165267251364839,0.0010316157827497895,0.0013935228276625985,0.00033262189465766074
6.359999999999909,184.70451868422148,0.0016493628983716717,0.001101686811602501,0.0014888318169680803,0.00036055682549286606
6.369999999999909,184.8597443588362,0.0016187914637269863,0.001154546800038984,0.0015511734356276282,0.00038230313070156645
6.379999999999908,184.96949031640736,0.001543601733114351,0.0011897740163881929,0.0015802494160113306,0.00039769045723967366
6.389999999999908,185.01995465043063,0.0014114343124446225,0.0012092033094490318,0.0015794827685288418,0.00042318408490970167
6.399999999999908,184.98402929663447,0.0012145540682000115,0.0012160278086978593,0.001563645263191364,0.00042959787668562317
6.409999999999908,184.8022431221583,0.0009513205116348015,0.0012140318265448898,0.0015183091484523641,0.00041245143343029235
6.419999999999908,184.49912965399025,0.0006259625084466556,0.0012079017302263453,0.0014774724553053228,0.0004106082892593829
6.429999999999907,184.1420105164833,0.0006829789501356439,0.0012027598251886519,0.0014429798370752627,0.0004077436879500475
6.439999999999907,183.7558577916803,0.0007903557409879426,0.0012046512546527003,0.00142274982825173,0.00040566669968514446
6.449999999999907,183.33627402385937,0.0008877525486787245,0.0012200063233273521,0.0014293411553499469,0.00040632873086245385
6.459999999999907,182.9726224196519,0.0013021794772515053,0.0012526599635672277,0.0014769937336593748,0.0004109317111354037
6.4699999999999065,183.0789898508527,0.0017322397404140719,0.0013028027415506616,0.0015711340485103952,0.0004196033984229841
6.479999999999906,183.22969064029346,0.002125230976034945,0.0013688469095501671,0.001702887738466884,0.00043195327729789916
6.489999999999906,183.3276284242711,0.0024629948694882813,0.0014487220540803313,0.0018484727893226221,0.00044748057497991225
6.499999999999906,183.28998125228318,0.002734456049091642,0.0015395356570228431,0.0019796807834795383,0.00046547639438056633
6.509999999999906,183.12189279157138,0.0029378233745189146,0.0016375368541496867,0.0020748369302830186,0.00048498002762668895
6.519999999999905,182.88853340404268,0.003078614499123712,0.0017388192309024334,0.00212415329172925,0.0005049695901820072
6.529999999999905,182.6317986445584,0.003165871159466888,0.0018403742244336998,0.0021306947681986608,0.0005247196764602368
6.539999999999905,182.33021784030717,0.0032096185731772383,0.001940065965900306,0.0021088313921385714,0.0005437435307170462
6.549999999999905,181.96737456597546,0.0032198689729553706,0.002035346506895393,0.002079464375123721,0.0005613634612395219
6.559999999999905,181.80118834172973,0.00320585328849767,0.0021234216853613756,0.0021009598606677262,0.0005768710294596445
6.569999999999904,182.01501832757285,0.0031745872931297206,0.002202037007337568,0.0021460236211534077,0.0005897219105884006
6.579999999999904,182.25584465011656,0.003130168013951206,0.0022696255412461386,0.002175486208875494,0.0005995494890156682
6.589999999999904,182.50311314405798,0.0030757751362857438,0.0023456249400162876,0.002190013031408283,0.0006064286515653983
6.599999999999904,182.74680522309586,0.0030143811969745677,0.002415968071383261,0.002193497189057627,0.0006110160929439802
6.6099999999999035,182.95664987108762,0.002947055989592704,0.0024829850483838118,0.002192713744549999,0.0006141364297056699
6.619999999999903,183.11772406233774,0.002872751236986878,0.0025482076353751217,0.0021900303605589307,0.000616265800514428
6.629999999999903,183.24180866706072,0.0027892316498339294,0.0026129875673125565,0.002183003377702361,0.0006178019201081293
6.639999999999903,183.32637591905484,0.0026945606665000886,0.00268099554798005,0.002181840184129244,0.0006197834390126425
6.649999999999903,183.2785804511986,0.0025863681952857727,0.002756484618061654,0.002189240920893719,0.0006234286068862065
6.659999999999902,183.0340232377101,0.00246074473586581,0.002840508030974361,0.0022207978584666247,0.0006290679647827128
6.669999999999902,182.6034707222672,0.0023151512747540443,0.0029321167710748843,0.002277089519458005,0.0006364641799136277
6.679999999999902,182.0340888097147,0.0021500543611081514,0.003032347028004438,0.0023437631539398015,0.0006459310810203433
6.689999999999902,181.3445385323858,0.00196712309945922,0.003144106853144761,0.002414411182755914,0.0006583088505409994
6.699999999999902,181.230074332638,0.0017676426490456677,0.0032700178794108042,0.00248597057309812,0.0006743601369114596
6.709999999999901,181.48842377464175,0.001549926758575864,0.003410728289911042,0.0025573595082867503,0.0006942792690181645
6.719999999999901,181.60188371342355,0.0013084703053902421,0.0035632355458227205,0.00262685762782469,0.0007171990944042818
6.729999999999901,181.53516311887182,0.0012286473400569728,0.0037225825189888028,0.0026931688000159573,0.000741685502101173
6.739999999999901,181.34230589180194,0.0015195365880114797,0.0038830880911879737,0.0027551610258824927,0.0007661133762384933
6.7499999999999005,181.12695934020664,0.0017980191878327288,0.004036995911852324,0.002809226933232726,0.0007882861939888978
6.7599999999999,180.92797772853075,0.0020639158472005505,0.004176699468661589,0.0028510729261096547,0.0008060509286510928
6.7699999999999,180.70512620846986,0.002316134885691854,0.004298879530370714,0.002879319718091465,0.000818464033372183
6.7799999999999,180.539287998511,0.002553137573782722,0.004404618244349365,0.0028955360424692744,0.0008258364423986992
6.7899999999999,180.88674086423293,0.002772564192563884,0.004497016971288839,0.0029083363433042987,0.0008290728616263201
6.7999999999998995,181.32833946684786,0.0029715755597180082,0.0045813562175246285,0.002914435083682238,0.0008297170045568533
6.809999999999899,181.48829562768393,0.0031475251926319503,0.004665041241846784,0.0029195982615864645,0.0008299233428512786
6.819999999999899,181.62273851306284,0.0032986800468226387,0.004753776931162962,0.0029288191233323366,0.0008313599394974909
6.829999999999899,181.7206416687656,0.00342443108545148,0.0048492699989417685,0.0029429913506907406,0.0008345543175000944
6.839999999999899,181.83093201883983,0.003524423958680829,0.004950731628834225,0.002960416224329358,0.0008392462303790889
6.849999999999898,181.86690216572808,0.0035971563252742813,0.005056636468128292,0.002978998520859242,0.0008449889594910563
6.859999999999898,181.86745783426053,0.0036400966160438663,0.005165853206586506,0.0029980436685304976,0.0008516125735615998
6.869999999999898,181.88859087603868,0.0036505052539353754,0.005277528372169836,0.0030175355763615544,0.0008589058512219387
6.879999999999898,181.95208454803108,0.003627464074263266,0.0053909102877507005,0.003038538109136586,0.0008666777003173604
6.8899999999998975,182.01604607601948,0.0035733687219350985,0.00550714944055861,0.0030670761040881003,0.0008752647401122398
6.899999999999897,182.0246911780261,0.0034933021715013754,0.005627650898278066,0.003100811554813235,0.0008850800745258129
6.909999999999897,181.97496910494948,0.0033964462981177974,0.005753268804858529,0.0031406207309744557,0.0008964106768814203
6.919999999999897,182.32959844714415,0.003292988409953271,0.0058852691283471205,0.0031913706639146878,0.0009096881560443229
6.929999999999897,182.71427036494592,0.003189521179729951,0.006024947752633621,0.00324972431581299,0.0009253397554543943
6.9399999999998965,183.27510146221138,0.0030882625730497045,0.006172956829673849,0.003319715294578603,0.0009435646377136851
6.949999999999896,183.70106734046567,0.0029884473867722813,0.006328981096786347,0.003406965249349891,0.0009642572218111408
6.959999999999896,183.90484774630366,0.0028879997048620286,0.006490333022753042,0.0035074780522191483,0.0009866465678377355
6.969999999999896,183.91351102025808,0.0027846778006754063,0.006651195531379127,0.0036148653434381678,0.0010090923327234615
6.979999999999896,184.044735033773,0.002677971503557446,0.006804703019007177,0.003720360488831228,0.0010296522260379133
6.989999999999895,184.12970492860543,0.0025710531900271613,0.00694499709838346,0.003815592523063311,0.0010466477740032868
6.999999999999895,184.25568212583013,0.0024703713877839775,0.007068192264953564,0.0038938345056073877,0.0010589623691789533
7.009999999999895,184.3925446218075,0.0024467822917853,0.007172538264582033,0.003949932906676968,0.0010661243154691008
7.019999999999895,184.48193540933335,0.0025444338749350667,0.007258825753725528,0.00398081740397564,0.0010684188848078978
7.0299999999998946,184.50430567830728,0.002606185169489043,0.007332201768841383,0.003988539414980327,0.0010673756195258162
7.039999999999894,184.51779790438505,0.0026447619987480823,0.007399831898789701,0.003979553080892253,0.0010650972973435067
7.049999999999894,184.53968935972284,0.00267738008410718,0.00746615856080213,0.003959683659742279,0.001062914266738816
7.059999999999894,184.52445368061845,0.0027196314142364465,0.007533293140482665,0.004019751360411191,0.0010613462649225647
7.069999999999894,184.7293650991213,0.0027825181082511414,0.007598580175711596,0.004121029073418532,0.0010599252993885844
7.0799999999998935,185.19754863958394,0.002872732286011044,0.007656371094228379,0.004229527200196844,0.001057109674479065
7.089999999999893,185.63111357852927,0.0029944593138254913,0.0077009407023332635,0.0043311123170644596,0.0010513194892066828
7.099999999999893,186.04708476784987,0.003148517018006119,0.007728188383087789,0.0044158327024993145,0.0010414515085415256
7.109999999999893,186.44636818699277,0.0033301488032347272,0.007735450473989783,0.004473435948205516,0.0010268164469700292
7.119999999999893,186.7544498622566,0.0035299847675448175,0.007722700299953381,0.004495084078471808,0.0010074469303270955
7.129999999999892,186.94520175312832,0.0037344874501224765,0.007694476838093647,0.004475787989697814,0.000984646673143533
7.139999999999892,186.99736629223523,0.003927558947281061,0.00765922812148569,0.004415169178914677,0.0009608486714137625
7.149999999999892,186.94537325471254,0.004095283434231409,0.0076265237670217955,0.004317852666143613,0.0009388532887631305
7.159999999999892,186.83049857655124,0.004228669815028703,0.007604898118989828,0.004193041164010661,0.000921182571992233
7.169999999999892,186.5378625857104,0.004324136306466373,0.007600187432974464,0.004053559712946136,0.0009095485301049001
7.179999999999891,185.97275935689757,0.0043828560824954186,0.007614305204972259,0.003914404168578721,0.00090449034679587
7.189999999999891,185.1522431948385,0.0044082936429768365,0.007645032865436941,0.003789375848544359,0.0009053524802828975
7.199999999999891,184.17493960302735,0.004403630258853463,0.007686873850754115,0.0036870982194531082,0.0009105648957411911
7.209999999999891,183.1709870766431,0.004369714885479802,0.0077325735415273615,0.0036090580303151597,0.0009180739549422973
7.2199999999998905,182.65104572799848,0.004303066434696057,0.007775750399786169,0.0035560400472064023,0.0009260672412086583
7.22999999999989,182.96222333484005,0.004196398309176676,0.00781270623862768,0.0035200811317305024,0.0009334770032993266
7.23999999999989,183.10798761339308,0.004041023294125332,0.00784270867595689,0.003494077288863527,0.0009400749060755723
7.24999999999989,183.1780378922551,0.0038287439240662744,0.007869499312846522,0.003478556628416132,0.00094692921559385
7.25999999999989,183.1721758126666,0.003679884544166791,0.007899316056739351,0.00347762257484179,0.0009558476243889301
7.269999999999889,183.0791961290341,0.0037559369192160944,0.007935347752756375,0.0034932211116440047,0.0009677747967793002
7.279999999999889,182.80721507440077,0.003852758584828175,0.007977011969968476,0.0035239863260553023,0.000982563282433304
7.289999999999889,182.80047554561548,0.003970781705218677,0.008021449466914948,0.0035665464756132735,0.0009993934983575684
7.299999999999889,182.632783688362,0.004106618599655176,0.008063403761962852,0.0036149574276890745,0.0010167508147630121
7.309999999999889,182.27532301980233,0.004251599100112351,0.008096120624822425,0.0036612823272770805,0.0010326954155259241
7.319999999999888,182.60550784935987,0.004393149765636565,0.008113653635019136,0.003698133358250768,0.0010455212803571728
7.329999999999888,182.62992348052165,0.0045176658188538,0.0081118661522565,0.004154120015416848,0.0010540346713263894
7.339999999999888,182.4507622679395,0.004612878265105704,0.008088290777673283,0.004756971354851827,0.001057509946257025
7.349999999999888,182.3424406483584,0.0046698353567520825,0.00804231851843312,0.0052908838015605685,0.0010557491333567492
7.3599999999998875,182.65011044067955,0.004683087172985818,0.007973578400904348,0.005733586198382613,0.0010486273362816183
7.369999999999887,182.99776370254713,0.00464853055029782,0.00788168352200198,0.006068587067688802,0.0010360226584499104
7.379999999999887,183.19960989663605,0.004563101661631713,0.0077689544991663756,0.0062864044171204595,0.0010185942330651339
7.389999999999887,183.39338555571524,0.004425368805659475,0.00763968866482321,0.006385242441625712,0.0009975792256825269
7.399999999999887,183.5646749667163,0.004235882342103749,0.007498298354999474,0.006371382579616506,0.0009742664885510873
7.4099999999998865,183.66691696200934,0.003998347803375158,0.007349401111025219,0.006258864465355837,0.000950011102682916
7.419999999999886,183.6642839330556,0.003718797158569128,0.007195599821396645,0.006067802418025111,0.0009255743895950971
7.429999999999886,183.66914880607595,0.003404036307679592,0.007036774557277349,0.005821594876532081,0.0009009118023936855
7.439999999999886,183.60772125626139,0.003061561935365382,0.00687199498732185,0.005544043059200502,0.0008757469095656306
7.449999999999886,183.42997789484286,0.0028245349347179555,0.006699351711368198,0.005257000900479631,0.0008495576235764284
7.459999999999885,183.17625301995628,0.0029243468922553074,0.006516940289164277,0.004978475155149541,0.0008218488848784817
7.469999999999885,182.87400930758534,0.0030576683101710606,0.0063256136613744005,0.004721105493748261,0.0007928919683655926
7.479999999999885,182.5188176274758,0.003229550028929544,0.0061303213470530905,0.004491263906910221,0.0007640820619123474
7.489999999999885,182.08516682128783,0.0034372238618089698,0.0059386084633630005,0.004288907731515829,0.000737543562558785
7.4999999999998845,181.93141811452256,0.0036686954449587257,0.005756804275023745,0.004124220302917534,0.0007150893829893411
7.509999999999884,181.9456776094295,0.003904739101120025,0.005587488455618373,0.003968747908066994,0.0006974899728619101
7.519999999999884,182.26591471053894,0.004122743429291339,0.005430692228284152,0.0037923943899242133,0.0006847611855481057
7.529999999999884,182.1006000702699,0.004302281851217807,0.005287254849290025,0.0036155135057742683,0.0006770957412321074
7.539999999999884,182.21732304962552,0.004429203840215597,0.005159714746209639,0.0035646387587291994,0.0006751857191914316
7.5499999999998835,182.28302357748174,0.004495742803146229,0.005049411448893094,0.0037470305003893234,0.0006804730730157094
7.559999999999883,182.25689793211293,0.004499672596155562,0.004954988587804387,0.0038891591297668428,0.0006914109410119315
7.569999999999883,182.29971798335842,0.004444831435041388,0.004873523412136389,0.003991673193351056,0.0007071464334140878
7.579999999999883,182.41413689414,0.004340589060993895,0.004800342082116855,0.004051453940855554,0.0007262833974995921
7.589999999999883,182.4858341722126,0.004200060676326097,0.004729006381457482,0.004069733763119053,0.0007468793122696844
7.599999999999882,182.50452068546412,0.004039814564874437,0.004653286989676377,0.00404871970410921,0.0007670554728587887
7.609999999999882,182.49510955171758,0.0038785303647366647,0.004569067819451397,0.003990251095982463,0.0007855706635015626
7.619999999999882,182.67201660657236,0.0037338268752562204,0.0044752145327666745,0.0038953708663592565,0.00080205120004891
7.629999999999882,183.1569881008708,0.0036204210047006543,0.004374288369839329,0.0037644379012583854,0.0008171650209090262
7.6399999999998816,183.17176977819912,0.003548822354682114,0.004272035928174329,0.0035968789845049415,0.0008324751098029048
7.649999999999881,183.0426409857503,0.0035233856547036762,0.004173117400926019,0.0033907926187406335,0.0008492345438337828
7.659999999999881,182.8930907360561,0.0035426387271589145,0.004076382388686423,0.003275685814321672,0.0008670363056815329
7.669999999999881,182.84248678568912,0.0036015150790469166,0.003976169882058967,0.0033600657801756695,0.0008841750331237871
7.679999999999881,182.65398455706506,0.0036930560303497515,0.0038668299394293846,0.0034232070828362927,0.0008989497880034509
7.6899999999998805,182.56217940214827,0.0038084325837131855,0.003746185893952774,0.0034583287287573428,0.0009106771433453685
7.69999999999988,182.52763796799326,0.003934203063013655,0.0036168204594981684,0.0034663687042926663,0.0009200561693966965
7.70999999999988,182.56089318672028,0.004052777111587713,0.00348332867426647,0.00345430587288588,0.0009283516817551553
7.71999999999988,182.76375923186518,0.004147596859996641,0.0033503835472973864,0.0034319569513397165,0.000936824039816408
7.72999999999988,182.887171816399,0.004204951601285373,0.003223632595404407,0.003412291522409217,0.0009470067895030242
7.739999999999879,183.05385090562447,0.004211762895700952,0.003108721566242031,0.003476961976464439,0.0009604560891649818
7.749999999999879,183.39685687607584,0.00415549762781052,0.00300921577988455,0.0035516086828567754,0.000978150822324149
7.759999999999879,183.81779121343496,0.00402576772806094,0.002925409831316806,0.0036245657366033354,0.001000133504096194
7.769999999999879,184.2403436233572,0.0038150472241893023,0.0028531562172997554,0.0036900443300894106,0.0010251575434020654
7.779999999999879,184.64534726531448,0.003519164541132457,0.0027858415353132614,0.003746228414140282,0.0010512404488669455
7.789999999999878,185.04915451617165,0.0031379229213621923,0.0027170369409138984,0.0038230216766752764,0.0010764555209292774
7.799999999999878,185.44800654938754,0.0026757818300867436,0.00264075054967117,0.003928997695716121,0.001099040700846532
7.809999999999878,185.78319265702171,0.0023889647739235792,0.002553540792110398,0.004014767426611132,0.0011179882977518283
7.819999999999878,185.98360589031753,0.0022365659396036464,0.002456087602207469,0.004077731654100498,0.0011334530915547592
7.8299999999998775,186.0717752408493,0.0020635750244584134,0.0023525444398918194,0.004121942594854375,0.00114654224178222
7.839999999999877,186.1308766045934,0.0018800206079828438,0.0022519248002542042,0.004156205667394476,0.001159012562507729
7.849999999999877,186.16913664410816,0.0016962841202616222,0.002157041292208257,0.004228642866694842,0.0011722485175011121
7.859999999999877,186.1278479588073,0.0015202851057909892,0.0020676421123853343,0.004286898892865132,0.001186167838713353
7.869999999999877,185.95106549124677,0.0015865381301378295,0.001979208515821146,0.004318481688431099,0.001199456204429225
7.879999999999876,185.71048367261315,0.0019913156803060945,0.001886903437614173,0.004325576680264164,0.0012106601804401048
7.889999999999876,185.5309533013449,0.0023184021021218177,0.0017873642422112142,0.004316275281661596,0.0012187069030682159
7.899999999999876,185.41461574397945,0.002570679269769227,0.001677312483968082,0.004313406529138999,0.001222564242280548
7.909999999999876,185.26225074783025,0.002756588817377942,0.0015533477788336903,0.004303548216794971,0.0012212182069845329
7.919999999999876,185.03941658986366,0.0028914963134905464,0.0014145649966523365,0.004275885558406943,0.0012143912858643504
7.929999999999875,184.83100675400772,0.0029961466491451854,0.001263092670646289,0.004231675646210584,0.0012026426693764424
7.939999999999875,184.70569561883417,0.0030919635015393175,0.0011006429540073505,0.004172012445939339,0.0011863801435998645
7.949999999999875,184.61164412526128,0.0031962577975745525,0.00092796743124325,0.0040975783432663304,0.001165757110171019
7.959999999999875,184.47028081732964,0.003320774122717211,0.000745876033631412,0.004190009043893798,0.0011409979000916836
7.9699999999998745,184.31648191342947,0.003473856615610399,0.0005543320333684699,0.004380148592965016,0.0011121109352948597
7.979999999999874,184.26139038649288,0.0036614740347699183,0.00036183926692087817,0.004481190272040218,0.0010792026547323994
7.989999999999874,184.32721322311133,0.0038842143628217995,0.00047650787370628694,0.004488887203245262,0.0010424309309400859
7.999999999999874,184.3994948500358,0.00413336691615373,0.0006001917960053439,0.004407857141611695,0.0010016365448488255
8.009999999999874,184.36413863662844,0.0043919406575180136,0.0007341947398193057,0.004359130178793023,0.0009565730215231976
8.019999999999873,184.2391605374143,0.004637916659224127,0.000879124807744172,0.004643152194144863,0.0009071854273371625
8.029999999999873,184.11555280661307,0.004847975360927848,0.0010334507605552034,0.004901077599114746,0.0008540003002363737
8.039999999999873,184.00195511407802,0.005002514755009529,0.001192038733806206,0.005104491062887444,0.0007985770979381996
8.049999999999873,183.79579695413202,0.005086264688376749,0.0013941906828574238,0.005228274143714928,0.0007433762495278039
8.059999999999873,183.4122455884631,0.005086309216998186,0.0016304435580159573,0.0052541191053012285,0.0006908918368329447
8.069999999999872,182.86584527902815,0.004994041410119253,0.0018469772294306406,0.005172738936113435,0.0006428454315676476
8.079999999999872,182.2152590479293,0.004809012030167614,0.0020414127961608246,0.0049843674540268395,0.0006101943476708906
8.089999999999872,181.48677723274926,0.004538699600711526,0.0022134436440315666,0.004698391340691543,0.0006157319239828633
8.099999999999872,181.62422886339772,0.00419847547624999,0.002364807004833418,0.004332883004039427,0.000620009540662884
8.109999999999872,182.0492067964479,0.0038090760824684134,0.0025005094327782075,0.003913484525421767,0.000623004825815534
8.119999999999871,182.38817703837523,0.0033975103079062455,0.0026268850689519538,0.0035869366339125455,0.0006247137320057112
8.129999999999871,182.73194761990982,0.0029947652092189186,0.0027498765231221867,0.0035462299277006946,0.0006251612893946916
8.139999999999871,183.02532024563965,0.0026313776173128244,0.002874024180712197,0.003495940220025124,0.0006243659242885094
8.14999999999987,183.16765811753808,0.002333455955215515,0.003000829762403773,0.003436308304347325,0.0006223129729154878
8.15999999999987,183.16876272423335,0.0021199563133233925,0.0031285724062926484,0.003367717200885052,0.0006525282813361696
8.16999999999987,183.05659021861126,0.002001746768391569,0.003254113655726574,0.003290584235278488,0.0006723410199076652
8.17999999999987,182.95833192972384,0.001980984687254839,0.0033744240886624155,0.0032053076487773163,0.000667788028408336
8.18999999999987,182.7050547807905,0.002050580999208186,0.0034865680116832483,0.003112337548784772,0.0006522584989009559
8.19999999999987,182.29544419395793,0.002194925606052444,0.0035881448228743313,0.0030122299111727696,0.0006533840622994097
8.20999999999987,181.74840869703533,0.0023913213179112716,0.003677796301682717,0.002905676225998369,0.000650325190525303
8.21999999999987,181.83515381079707,0.0026114948107682765,0.003754326560516869,0.0027934677039992864,0.0006429164113852463
8.229999999999869,182.3454024255147,0.0028244701930090414,0.0038161426162009885,0.002676371051202345,0.000630887076628943
8.239999999999869,183.22996326463291,0.003000772994794476,0.003862158706626538,0.0025550867391190856,0.0006141161125461439
8.249999999999869,184.1963645819841,0.0031145085785911084,0.0038934716445600814,0.002430410005369155,0.0005931218890433222
8.259999999999868,185.03623606538306,0.003144224644122284,0.003914140869226573,0.0023033385688884397,0.0005762135187954606
8.269999999999868,185.6995983868875,0.0030755186584014776,0.003930833857207279,0.0022843638162566146,0.0006070347603640448
8.279999999999868,186.14531058876028,0.0029019935260648486,0.003951338627509146,0.0022493473486442056,0.0006009038545353786
8.289999999999868,186.47081979459787,0.0026240954512339303,0.003982002618080211,0.0021068623420464547,0.0005605941376725374
8.299999999999867,186.6948108122509,0.0023537045144648343,0.004025935529141582,0.0020356869001280763,0.0005279704536034685
8.309999999999867,186.61307870251454,0.0024703499169292146,0.004079656164905113,0.002021163581802468,0.0005597226484365643
8.319999999999867,186.1060459942798,0.0025658720988824915,0.004132966184308028,0.00211713931956208,0.0005887523336887561
8.329999999999867,184.68875750544063,0.002643215097149829,0.004174053682727303,0.0022098733150905554,0.0006148594750031927
8.339999999999867,182.4362427211571,0.0027054453491424067,0.004192097684592928,0.0025832700717902126,0.0006378953596581824
8.349999999999866,180.10798190016772,0.0027535265054602375,0.0041794664355772285,0.003206957335852969,0.0006576983512670853
8.359999999999866,180.56131974270346,0.002786619925972683,0.004134654630216937,0.0037897056785963727,0.0006740886969129928
8.369999999999866,181.05551991164458,0.002803347946682699,0.004061633368902914,0.004314634328786934,0.0006869410058599428
8.379999999999866,181.35844825656667,0.0028047434973071917,0.003965965217323677,0.00476837999377614,0.0006961578175298862
8.389999999999866,181.52779287206158,0.002791911468759756,0.0038523890173809364,0.005142213266479616,0.000701685681615828
8.399999999999865,181.63215005173421,0.0029176456418074934,0.003726803207280048,0.005433353032452623,0.0007034170578190411
8.409999999999865,181.7143616419968,0.003169225028988229,0.003598596064573671,0.005645422950890587,0.0007013110942661328
8.419999999999865,181.76188108947287,0.003362522533868516,0.0034788725806246083,0.005787722547625026,0.0006953768542031852
8.429999999999865,181.89422113769265,0.003513368284946196,0.00337585678831439,0.005874102021263396,0.0006856745386550352
8.439999999999864,182.03537392321837,0.0036430364103496363,0.0032920720164204423,0.005921922326573113,0.0006980378829767228
8.449999999999864,182.10981355743817,0.0037756446765423446,0.0032467005433187597,0.005950643258140932,0.0007105019521369942
8.459999999999864,182.14943973217913,0.00393594107652803,0.003306858900428097,0.005979733474422334,0.0007363279654114854
8.469999999999864,182.15709013793776,0.004146696464131126,0.0033722209555825285,0.0060263315310109655,0.0007488585964084731
8.479999999999864,182.17998479986971,0.004423784257037277,0.003434339443384825,0.006103042054058825,0.000740403307308162
8.489999999999863,182.27839011995607,0.004771169741692866,0.0034871339041877935,0.006215923607289159,0.0007476285558726997
8.499999999999863,182.34929659607047,0.00517929304776054,0.003528531103751807,0.006363076933766504,0.000758220232840804
8.509999999999863,182.32830812490087,0.005625608321017411,0.003560820656497654,0.006534441552407723,0.0007577517552058726
8.519999999999863,182.19940309053902,0.006079082554293018,0.0035873969951703906,0.006712644393908196,0.0007605368339424204
8.529999999999863,182.2980821247196,0.0065064743091538466,0.0036099895409709495,0.006874626633366518,0.0007616803985233577
8.539999999999862,182.65205234118605,0.006876609659427549,0.0036294629144250517,0.006994041525675956,0.0007611478693153284
8.549999999999862,182.81950561432856,0.007162387734373485,0.0036483503854444752,0.00703951486689338,0.0007589664154578573
8.559999999999862,182.8499088105386,0.007341582619522998,0.0036698827348587205,0.006985134532825708,0.0007598845088824113
8.569999999999862,182.8150687682607,0.007398951914994446,0.0036948330070507222,0.00681170161805068,0.0007964727746451046
8.579999999999862,182.75481209944306,0.0073292468131568615,0.003720504386737928,0.006508873229140946,0.0007797645015821769
8.589999999999861,182.76471479110617,0.007139834399059189,0.003742143838676017,0.006076188792274252,0.0007335626712983549
8.599999999999861,183.67101774136484,0.006849931061587096,0.0037556373584559234,0.005523828251361457,0.000723032017946294
8.60999999999986,184.39992265843236,0.0064891891802327855,0.003758621451446875,0.004873179728367233,0.0007109158144886157
8.61999999999986,185.01729177373502,0.006096558020373401,0.0037502013387255427,0.004155967642230136,0.0006972207060484056
8.62999999999986,185.48159333212647,0.0057133760141957176,0.003730526853278768,0.004017662056227081,0.000697387841957299
8.63999999999986,185.8407351971313,0.005377002126346784,0.003700219529147283,0.003981196208893173,0.0007486721446808989
8.64999999999986,186.08432514560855,0.005119117959516436,0.0036587899370526707,0.003907850514184205,0.0007978428417368617
8.65999999999986,186.22384908573815,0.00496386928980915,0.0036035424183005565,0.0038019107052946074,0.0008444405763825091
8.66999999999986,186.30349700631453,0.00492479627449197,0.0035323761141433426,0.0037259791894938806,0.0008872218429572681
8.67999999999986,186.32074225475566,0.00500371282722992,0.003445954575421956,0.003792199067863199,0.0009238126029451559
8.68999999999986,186.5477435929585,0.005192281336769885,0.003345218054284805,0.0038326501917798636,0.0009507673161313771
8.699999999999859,186.7654816484166,0.005498447947047908,0.0032310014676382266,0.0038331479853319275,0.0009640426776200422
8.709999999999859,186.97709654401294,0.005870470590556256,0.0031064778504187466,0.0037794392904336,0.0009597209873000352
8.719999999999859,187.19026056248117,0.006220758014888061,0.002976564853364797,0.0036606522068297013,0.0009348749468433333
8.729999999999858,187.36835269578586,0.006626877075355552,0.0028450651105439415,0.0034725023791405797,0.0008884677047698889
8.739999999999858,187.4940825359723,0.007008259793679535,0.0027135879888067725,0.0032194805929272275,0.0008220304340082344
8.749999999999858,187.59690107750907,0.00733148068350657,0.002583750613392685,0.00291560545315399,0.0007489043899255521
8.759999999999858,187.74996810989495,0.0075703434805912155,0.002458106032173051,0.002968137791406891,0.0008024441408406521
8.769999999999857,187.97745054138252,0.007708560823107571,0.0023377380620394454,0.003078284139603591,0.0008511134556234236
8.779999999999857,188.24084995183213,0.007739565262024512,0.0022193746968370725,0.0031772851355032616,0.0008938751628701327
8.789999999999857,188.46430441444957,0.0077125135315669,0.0020960922381608816,0.0032622505883721574,0.0009301829633704843
8.799999999999857,188.7137429171208,0.007809305575428183,0.001960008190938497,0.003360496024080201,0.0009600732322334004
8.809999999999857,189.033606309654,0.007897104785233802,0.0018012339484411528,0.003444715257734673,0.0009839509237193182
8.819999999999856,189.43542965588043,0.007983619793689892,0.0016747753716359962,0.0035105055893190676,0.0010024221130576993
8.829999999999856,189.8592078597755,0.008073602023226477,0.0016340423363857281,0.0035835399379239145,0.001016372426350813
8.839999999999856,190.23621442670773,0.008170911773423797,0.0015507138389203982,0.003879402476458299,0.001027055105467494
8.849999999999856,190.55907979260107,0.008278731833584893,0.001423931200924693,0.0041198865168624345,0.0010358594339595036
8.859999999999856,190.87095310348775,0.008400419084364563,0.001258114343760394,0.0043214990740811305,0.0010437943261653105
8.869999999999855,191.17681473763582,0.008540843148387656,0.001062840394688969,0.004502786427358938,0.0010512196726401339
8.879999999999855,191.4140956090173,0.00870496798902553,0.0008516182826523503,0.004721461417709692,0.0010581937840129433
8.889999999999855,191.5381291837623,0.008894572689128596,0.0010113776551180932,0.00518963531705353,0.0010649645321108964
8.899999999999855,191.54393237987438,0.009108448326061485,0.0013801467783160469,0.005656105796227091,0.0010718693408243965
8.909999999999854,191.47587047509646,0.009345326368622528,0.0017082149645635406,0.006115127083345169,0.0010788838251254756
8.919999999999854,191.3787414729749,0.00960224231836163,0.001985227213173584,0.0065623755691776725,0.001085633460495302
8.929999999999854,191.24522963658342,0.009871116701361189,0.0022092053132128126,0.007126048029431038,0.0010918293250843933
8.939999999999854,191.08082938746776,0.010139061222489906,0.002386319649726061,0.007764976214750222,0.0010973959419857324
8.949999999999854,190.91526552548078,0.010392678977717085,0.002527177184731681,0.008405043622218226,0.0011021463018547882
8.959999999999853,190.77949252905134,0.01062261845298892,0.0026439682310728505,0.0090402686335389,0.0011057132308481836
8.969999999999853,190.69409826566607,0.010823181816139615,0.0027474679073796492,0.009664715999044027,0.0011080706639820283
8.979999999999853,190.6672833196312,0.0109887295134128,0.0028445064267928304,0.010272581456421064,0.0011207403099856063
8.989999999999853,190.68790723278616,0.011112326075594314,0.0029390032323964974,0.010857692626043467,0.001134181966986642
8.999999999999853,190.73737249355693,0.011187535615795226,0.0030328888397882134,0.011413118924376358,0.0011382849795128144
9.009999999999852,190.86179615164602,0.01120901875910342,0.003124990756769912,0.011931296186230112,0.0011325407677162775
9.019999999999852,190.94057578715297,0.011174162574954653,0.0032093076359620025,0.012404044865836085,0.0011196099000640959
9.029999999999852,190.96636078211864,0.01108524888027945,0.0032757594187839286,0.012821990480948679,0.0011216653603357382
9.039999999999852,190.95082785074183,0.010948377325045769,0.003314638318426476,0.013174030179778157,0.001124002821700947
9.049999999999851,190.88902536110587,0.010772847828853375,0.0033208685879854384,0.013447678481562215,0.0011264921171904067
9.059999999999851,190.80080320573984,0.010569106721890301,0.0032958402583071287,0.013631186099681208,0.0011282362022703041
9.069999999999851,190.67294627299714,0.01034564555559767,0.0032469632526629607,0.013713274738124618,0.0011283298931261637
9.07999999999985,190.53645331654033,0.010108778630234454,0.003185271082918143,0.013683520836022926,0.001126520148031147
9.08999999999985,190.43896417250298,0.00986293333054959,0.003122606732265673,0.013539277141298493,0.0011228393225204908
9.09999999999985,190.4053111110947,0.009611897482823272,0.003069305255111134,0.013284375739814981,0.0011166648739338047
9.10999999999985,190.42459700936863,0.009358605063890217,0.0030322820134663165,0.012929213002802855,0.001106539895259112
9.11999999999985,190.4663784640412,0.00910440700930458,0.003015205432082001,0.012490938272243892,0.0010911221472456518
9.12999999999985,190.49776804516077,0.008851276308061462,0.003021049501994756,0.01199390432755591,0.0010700777391965401
9.13999999999985,190.4920610384859,0.008601080912330677,0.003052890800827738,0.011469338693692224,0.0010436819632019302
9.14999999999985,190.43478733122907,0.008353420979112422,0.003109928761501608,0.011500098802297085,0.0010116425476556572
9.15999999999985,190.31772919956882,0.008106405308481286,0.0031861191102133123,0.011550807958593654,0.0009729080576044283
9.169999999999849,190.1257873082416,0.00785634661666771,0.003273165145068575,0.011528691022035522,0.0009268362510258425
9.179999999999849,189.82941330944917,0.007596864883130487,0.003361336551618079,0.01141481830607407,0.000874046520279299
9.189999999999849,189.39925232555817,0.007320330158601239,0.003440398780425386,0.0111968317470841,0.0008157441465547572
9.199999999999848,188.8316645438285,0.007020380561064026,0.0035009487889295526,0.010871190227231696,0.0007525723048636772
9.209999999999848,188.15297879769545,0.0066938829565565735,0.0035363118463806395,0.01044449846113167,0.0007302904872090996
9.219999999999848,187.40865228986803,0.006339462527566458,0.0037588831376288096,0.009933266981405753,0.0007754032448556466
9.229999999999848,186.58672268511415,0.005955935078005587,0.003972994674459823,0.009821861810429463,0.0008131916083930488
9.239999999999847,185.66818648264933,0.0055425376918653525,0.004166522341698928,0.009996608814395345,0.00084489930827588
9.249999999999847,184.65044158853297,0.005284611722688448,0.004344436495940021,0.010139575679426265,0.0008720172438848261
9.259999999999847,183.52247911427997,0.005830176576060748,0.004512360576601376,0.01021113960516224,0.0008961835278896898
9.269999999999847,182.2982708431574,0.006296238245071244,0.0046760862539195125,0.010178067543498419,0.0009190443670790558
9.279999999999847,182.54814072648654,0.006651772457415517,0.0048396078002868595,0.01001542549210566,0.0009417522467620093
9.289999999999846,183.28996865402,0.006875972401964981,0.005003553757637884,0.009708230232498267,0.0009645709947624861
9.299999999999846,184.0167631434958,0.00696119540312424,0.005165770851737919,0.009253487276389367,0.0009870096762081575
9.309999999999846,184.5725515867076,0.006914516330277856,0.005323141316129628,0.008661298344629979,0.001008248208975445
9.319999999999846,184.98664371471685,0.006755158835121131,0.005472499201770213,0.007953317179473401,0.0010273660813602847
9.329999999999846,185.2880421027741,0.006510465498344388,0.005610258519493775,0.007158680422267849,0.0010433204536953982
9.339999999999845,185.39323539481586,0.0062124328833997175,0.0057335797705169375,0.006309210062839815,0.0010553798586741352
9.349999999999845,185.683559120451,0.005894041695147728,0.005843546225287372,0.005435488401767059,0.0010640157494223178
9.359999999999845,186.1096846822394,0.005585537393477191,0.005946686177873038,0.004564298596331893,0.0010712213446664289
9.369999999999845,186.43184887246568,0.00531044220186396,0.00604951911255534,0.004083525154097201,0.0010788821297384242
9.379999999999844,186.27000510205337,0.005081046221274798,0.006152500665367336,0.0038534922466536576,0.0010871003312476946
9.389999999999844,185.97241858778796,0.004896174583898176,0.006251771238217858,0.003886379729155327,0.0010947959100810064
9.399999999999844,185.97676737220084,0.00474399616765449,0.00634290007254525,0.003895768425491415,0.0011008005066824229
9.409999999999844,185.92943087095037,0.004606290938401338,0.006423741284647017,0.003916150397624574,0.0011046026144757096
9.419999999999844,185.86233189778812,0.004649355851324936,0.006496316032240498,0.00397127424504354,0.0011068177627926966
9.429999999999843,186.1104729953373,0.005147475740289474,0.006563294652352505,0.004033836354731758,0.0011081966456706709
9.439999999999843,186.70094512838617,0.005608963214908013,0.006624171253034991,0.004098920808114639,0.0011085939896090065
9.449999999999843,187.17668274052548,0.006031331205967653,0.006677236195580801,0.00415950565788573,0.0011075574771018358
9.459999999999843,187.5633822074827,0.006410577496439728,0.006721848865842406,0.004210377958863858,0.001104946984961545
9.469999999999843,187.83439043570343,0.00674177391783965,0.006759465966588135,0.004249389514680507,0.001101205126966555
9.479999999999842,188.0533667177764,0.0070207776182823365,0.006793077690595767,0.004611442075914777,0.0010972008071359414
9.489999999999842,188.2898543058697,0.00724536341135962,0.006825289395631793,0.005413988711914867,0.001093682227857113
9.499999999999842,188.7195685746331,0.0074158505064255975,0.006857329069654235,0.00620801636027557,0.0010909878144922907
9.509999999999842,189.12083187078426,0.007536793997072664,0.006887707675132896,0.006973987313372953,0.00108867329171281
9.519999999999841,189.52589863826034,0.007618157009641247,0.0069135596529069305,0.007691407705999058,0.0010859190397171639
9.529999999999841,189.96575653400527,0.007672816328953128,0.006934645369405436,0.008341521384275772,0.0010826779269561186
9.539999999999841,190.4367719137571,0.007713900090428769,0.006954008516201939,0.008909634590739688,0.0010798277709807254
9.54999999999984,190.90624850898928,0.007753618145597522,0.0069732028544226944,0.009385842428377951,0.00107777008963385
9.55999999999984,191.3524318677136,0.007800802199276464,0.006990244771655663,0.009764262071677006,0.0010758640415968845
9.56999999999984,191.79413933939242,0.00785932628109045,0.007002162759578884,0.010042434754304616,0.0010732227424117638
9.57999999999984,192.2810743992106,0.007927827142845168,0.007006974987265601,0.010222005545529328,0.0010693137183243047
9.58999999999984,192.82265682643313,0.00800151196634369,0.007004578093696013,0.010309740415499409,0.0010641645613505407
9.59999999999984,193.3560973888449,0.008076237141599019,0.006994744070818113,0.010317300686586992,0.001057704530392959
9.60999999999984,193.80764509673278,0.008149986580387568,0.0069768666334931095,0.010259669879667626,0.0010496715368095984
9.61999999999984,194.1528720308623,0.008224400784027934,0.006952235599548622,0.010153437986989713,0.0010403378006870027
9.62999999999984,194.4433975938352,0.008298445505514269,0.006923955161989987,0.010015893659368938,0.0010305703408815478
9.639999999999839,194.6806972993866,0.008372683304141773,0.006894877759400107,0.01001244477572265,0.0010212476463188059
9.649999999999839,194.79579753655935,0.008448472685793634,0.00686677650932573,0.010263451743458123,0.0010129464204544874
9.659999999999838,194.72906834530806,0.008528706769864187,0.0068416285808696325,0.010478929961219659,0.0010415962608223456
9.669999999999838,194.49267781792912,0.008614825729237895,0.006821347166712451,0.010652707155944557,0.0010708671905170443
9.679999999999838,194.17728718443442,0.008708790851685667,0.006806408546748076,0.010778253835920225,0.0010990676401588506
9.689999999999838,193.83089115519982,0.008810682567539365,0.006793697686888542,0.010850910833472957,0.001127075540410733
9.699999999999838,193.76049241022446,0.008917991874261634,0.0067762783060698545,0.010868858609848028,0.001155134602734327
9.709999999999837,194.1392624343828,0.009027108114191176,0.006747066154844998,0.010832620263189542,0.0011830419349447756
9.719999999999837,194.51237960678617,0.00913451655447914,0.006702735305973182,0.010744673877256198,0.001210320597648167
9.729999999999837,194.8316222839474,0.009236139637416575,0.006645078360204467,0.010610244551272748,0.001236044811569204
9.739999999999837,195.05510127036985,0.009327702886667967,0.006579225589678368,0.010793507864275617,0.0012591526977142743
9.749999999999837,195.1562835323378,0.009403792446495795,0.006513130309308689,0.011145654794217197,0.0012784103147154167
9.759999999999836,195.10749293530753,0.009456052094258115,0.006457017072285586,0.011478204774190528,0.001291980407016074
9.769999999999836,194.97590686650057,0.009474731634259239,0.006419674129558934,0.011762553657383691,0.0012976410597025426
9.779999999999836,194.75617072127432,0.009451750799673659,0.006409872005564742,0.011974355912777498,0.001293168152337205
9.789999999999836,194.3726022262439,0.00938175933620077,0.0064322016570219995,0.012094436403264847,0.0012761156629233258
9.799999999999836,193.7249033540182,0.009260361512061896,0.00648660872795786,0.01210931239549396,0.0012442141479311471
9.809999999999835,192.8717866937205,0.009084823550884117,0.006567875325157219,0.012011721401383655,0.0011971170516766076
9.819999999999835,191.8571016911196,0.008862142738098206,0.006667566638196876,0.011801881630798542,0.0011373280478006171
9.829999999999835,192.13028114028566,0.008605615584001788,0.006775990200801519,0.01148881426336239,0.0010692025723503336
9.839999999999835,192.59289538523808,0.008330220474868413,0.006881306199658419,0.011090007070682723,0.00110659429002953
9.849999999999834,192.97784647255193,0.00804853449320611,0.006970205107135567,0.010628489470010839,0.0011404702198975823
9.859999999999834,193.1926478876436,0.007768352099183431,0.007030607101189087,0.01012856774921562,0.0011663068441492498
9.869999999999834,193.21547041370613,0.007493449773518183,0.007053809503809591,0.009612570501963522,0.0011816328021413494
9.879999999999834,193.04827057714482,0.0072273385120931385,0.007037600985214554,0.009099575483656377,0.0011859081483748945
9.889999999999834,192.6734224291933,0.00697588080039844,0.006986318663131363,0.008604943013542908,0.0011804570575329797
9.899999999999833,192.03525763679897,0.006744406335501741,0.006908177532895421,0.008139124822318503,0.001167625705756205
9.909999999999833,191.11072940790586,0.006531970963577998,0.0068134489056782465,0.007705735060431232,0.0011502854367782796
9.919999999999833,189.9401959547939,0.006330746899427569,0.006712020135156946,0.007300262304989386,0.0011312476126775553
9.929999999999833,188.59452394143796,0.006130381534664816,0.006612001347983563,0.0069107790761418954,0.001112933270454368
9.939999999999833,187.11880356909987,0.005922597724101146,0.006521148056867524,0.006520826747061735,0.0010977086951626674
9.949999999999832,185.50895470511904,0.005703077533471441,0.006447627480444107,0.006113128690707415,0.0010879703021744213
9.959999999999832,183.77277306376826,0.005470259141632055,0.006396768200828528,0.005672106784861073,0.0010851775309761258
9.969999999999832,181.9683547346378,0.005224654247913127,0.006367734775446717,0.005184429039348814,0.0010890012147687764
9.979999999999832,180.3214266764139,0.004968545001793054,0.006355250988278628,0.004639019181427103,0.001097927679458309
9.989999999999831,179.90241589819433,0.004703975316714692,0.006351959952425278,0.004229689477589634,0.001109927119214925
9.999999999999831,179.41021425011513,0.004431798610884713,0.006348051456684851,0.00427762307784763,0.001122239840620722
10.009999999999831,178.80097733411975,0.004151641185053659,0.006332911651460998,0.004323286313693962,0.0011317703373479664
10.01999999999983,178.0811060564252,0.003860559029884555,0.0062961537647043255,0.004353865586940089,0.0011354214978785138
10.02999999999983,177.25592430429455,0.003551875119204381,0.006227146470862807,0.004354827980692094,0.0011300730376532712
10.03999999999983,176.27416508408947,0.0032159206059017334,0.006118834666678091,0.004314814388884051,0.001113747043351447
10.04999999999983,175.84807278437532,0.003520609484220648,0.005971337138529055,0.00423036231679398,0.001086602939300594
10.05999999999983,176.29858080742463,0.003924388159519352,0.0057901751477189576,0.004105341291185783,0.001050324648632388
10.06999999999983,176.55384578731483,0.004260390789762949,0.005583911335955634,0.003947341299785407,0.0010073663030299124
10.07999999999983,176.65062506052908,0.004518329262635461,0.005364048418216969,0.0037663653100241247,0.0009609507105245665
10.08999999999983,176.57630195193246,0.004693016797522823,0.0051449319574990715,0.0038713865512994042,0.0009151539733633893
10.09999999999983,176.27025749899417,0.004784515468502059,0.004941885352561599,0.00445922727737413,0.0008742612063589588
10.109999999999829,176.06908109509388,0.00479690889339271,0.004766164678759359,0.004970152047495514,0.0008413513032071396
10.119999999999829,177.66699469332553,0.004738413356010885,0.004620261624071187,0.005403187244789046,0.0008177066277417599
10.129999999999828,179.42782617679566,0.004621167000125884,0.004503672526482442,0.005763050963329773,0.0008031555740894802
10.139999999999828,181.02560426015583,0.004462638205154912,0.004412148185024043,0.00605882097335782,0.0007963928642980033
10.149999999999828,182.55158570388187,0.004285775988387025,0.004338569159223121,0.006301145831764414,0.000795319732162678
10.159999999999828,184.01056470615865,0.0041163975693998,0.004273475556388541,0.0065003951132013085,0.0007972397589243045
10.169999999999828,184.9285908686165,0.003979700119655734,0.00420494408035824,0.006667104412254598,0.0007987968232010178
10.179999999999827,185.3124995180226,0.003896474312583195,0.004119767397254669,0.0068133767145495405,0.0007962481542351687
10.189999999999827,185.76246976790347,0.0038808881139711726,0.004005879148036361,0.006952771314096183,0.0007875611685555598
10.199999999999827,186.1455238195867,0.003940552412173379,0.003853483960041976,0.007097900737860437,0.0008172493464115923
10.209999999999827,186.34905427351353,0.004075668327288227,0.0036560161592316003,0.007257352641622062,0.0008245743159835181
10.219999999999827,186.42696017714394,0.0042776695884103235,0.003412221017056115,0.007434216988586085,0.0008124982475652498
10.229999999999826,186.28853234466115,0.004532228280293387,0.0031279332865049156,0.007627102634898675,0.0007857009750668639
10.239999999999826,185.96162864895214,0.004822465285285617,0.002814435773071135,0.007832328787141844,0.0007561328179396727
10.249999999999826,185.4857762913771,0.005130041047591185,0.0024847565691212136,0.008044889384896836,0.0007854337768539807
10.259999999999826,184.90151225780315,0.005437297055060487,0.002152627349080219,0.008257248950237953,0.0007942205884997789
10.269999999999825,184.2405292028374,0.005728599252309539,0.00183146781097326,0.00845785405662742,0.000781072794610093
10.279999999999825,183.7953708770504,0.00598946530956963,0.0015303897161657663,0.008632009223439636,0.0007465075988226447
10.289999999999825,184.1925784490431,0.006205721195311226,0.0012503499303009094,0.008765263668679194,0.0006923128266514445
10.299999999999825,184.40493252155142,0.00636409945227197,0.0011563314356754064,0.008846771907659503,0.0006211334577379972
10.309999999999825,184.45228098313063,0.00645417959990574,0.001396132985374661,0.008870332271311555,0.0005526198490354657
10.319999999999824,185.48055188938352,0.006471132065386945,0.001626104075770211,0.008833187032665028,0.0005403215162703262
10.329999999999824,186.58533826949045,0.00641483750295274,0.001849772918152217,0.00873447249662682,0.0005274500399674856
10.339999999999824,187.4810330780084,0.00628711321555925,0.0020705777930287352,0.008575125080246522,0.0005570589511389153
10.349999999999824,187.9705459455889,0.006092098080869895,0.0022887984828891842,0.00835933764661624,0.0006303441712733966
10.359999999999824,188.08511876169342,0.0058359549910545925,0.0025014569831651986,0.008095604848116309,0.0006962143704784426
10.369999999999823,187.88186873177324,0.005524555941094638,0.0027054917345211214,0.007795199919791793,0.000748129567534559
10.379999999999823,187.53484947555475,0.005163626108575962,0.00290071438330771,0.007468422561924034,0.0007802940689448138
10.389999999999823,187.21183439245294,0.004760753378570069,0.0030900740422515,0.007121480219898427,0.0007881388836475346
10.399999999999823,187.0431966921523,0.004324614454770789,0.0032777778642498886,0.006756235947112093,0.0007688787634812765
10.409999999999823,187.27600751470894,0.0038649755637266735,0.0034683446331646153,0.006372094790784317,0.0007218950614214986
10.419999999999822,187.78028996877697,0.0033861763257326386,0.003664230222385384,0.005967545752482164,0.0006489278835173208
10.429999999999822,188.3682234262452,0.002893951500944492,0.0038645122467850035,0.005539871130614718,0.000553216763052005
10.439999999999822,188.97946071237664,0.0029337184558624633,0.004065369670719329,0.0050837956598080635,0.0005987063103649067
10.449999999999822,189.52640997338972,0.002947374854634769,0.004260717859672871,0.004591226703099313,0.0006311409152201428
10.459999999999821,190.03622975604645,0.002921709461961654,0.004444443090182293,0.0040535119799505566,0.0006486892374468332
10.469999999999821,190.38606766939375,0.002857069883075833,0.00461112655575705,0.0034652384036678464,0.0006514098607163513
10.479999999999821,190.38177114320987,0.0027613809576050815,0.004756074194123859,0.0030119095218082404,0.0006401637591142524
10.48999999999982,189.69890390903365,0.0026464932720629795,0.004877035910940761,0.002957700826616363,0.0006231076277298585
10.49999999999982,189.02350001148884,0.0025247175305875475,0.004974338906005872,0.002864209025036277,0.0006429944382455909
10.50999999999982,188.00337129920055,0.0024048259047216042,0.005049101435737382,0.002740286056772181,0.000661841136927102
10.51999999999982,186.5414110732141,0.0023798503249543813,0.005103459610399701,0.0026632657342642594,0.000679609917572552
10.52999999999982,184.5909131582474,0.0030135196797216233,0.0051417195549476975,0.0026148406693614146,0.0006962505646963916
10.53999999999982,182.17375855898322,0.0036236688520483854,0.00516970049292666,0.0026591716189517914,0.0007117223744029967
10.54999999999982,180.45339337825376,0.004189424616410498,0.005191657186231014,0.0028020395269825462,0.0007259798503892692
10.55999999999982,179.75625630181767,0.00469086735530944,0.005208172851013701,0.002987145715550507,0.0007389561497962813
10.569999999999819,180.1790925097716,0.005107903309082056,0.0052186434024195,0.0034653273205460353,0.0007505847746954577
10.579999999999819,180.54345711996714,0.005423399215372108,0.0052243509672649496,0.003834138587534489,0.0008014875244008453
10.589999999999819,180.77601807308204,0.0056272921341054575,0.005229604967986849,0.0040857441529678264,0.0008217846690278043
10.599999999999818,180.82949821253422,0.0057171556293366494,0.005242046792156756,0.00421951982706923,0.0008087485976648421
10.609999999999818,180.7218578025124,0.0056964096197498395,0.005368802653201178,0.004240091132887112,0.0007831997421984053
10.619999999999818,180.49232571337262,0.00557306609285869,0.0055261680618062595,0.004155533891484309,0.0007876904610380491
10.629999999999818,180.8340618096715,0.0053595969857951,0.0057100605085293275,0.003977582777266539,0.0007906672174288502
10.639999999999818,181.973096687922,0.005071712813843578,0.005921371602725461,0.0037234900112858823,0.0007922181459058466
10.649999999999817,183.12531114031836,0.0047292243270237325,0.00616044352921512,0.003416799141602594,0.0007922679826032939
10.659999999999817,184.1467843726007,0.004358031086345316,0.006425944416577636,0.0033013913953676235,0.000790958815356097
10.669999999999817,184.86175508376152,0.003988341897073739,0.006715084918676282,0.0038006059636606563,0.0007884311508589538
10.679999999999817,185.29574718563418,0.003650631739585318,0.007023905547217518,0.0043435252959690964,0.0007847729832050961
10.689999999999817,185.5276428283275,0.003371792208753125,0.007345971322926347,0.004833294869699817,0.0007800628426416346
10.699999999999816,185.75400785996115,0.0031717609473541804,0.007672851625263262,0.005255882476272903,0.0008002695619069994
10.709999999999816,185.9898108658904,0.00306317674854583,0.007995597642483492,0.00560084769100413,0.0008669681676041754
10.719999999999816,186.20041393101422,0.0030528446976576997,0.008306066387347391,0.005861498623633784,0.0009311121226357018
10.729999999999816,186.31661627001773,0.003141119278176593,0.00859763878865007,0.0060361285574840684,0.0009906488001142724
10.739999999999815,186.1914898225299,0.0033204996706912436,0.008865318616260739,0.006121866259157241,0.0010440696130636286
10.749999999999815,185.87083778164128,0.0035762273141579054,0.009106907348209018,0.006120054131895666,0.0010907565815950469
10.759999999999815,185.41069301078085,0.003889885549428721,0.009322473728578163,0.00603408834171729,0.001130770465227555
10.769999999999815,184.78960377623213,0.004241904332416843,0.009513699861624123,0.005867976130919304,0.001164713942815181
10.779999999999815,185.34596569707728,0.004611563179052749,0.009684345227811923,0.005626691264109729,0.0011935148930335398
10.789999999999814,185.69448640046605,0.004979521372392061,0.009840199051570613,0.005317613995811153,0.001218716429083318
10.799999999999814,185.94827408041434,0.005331173844321465,0.009989864653106252,0.005260967851309031,0.0012427768409452127
10.809999999999814,185.87065931726676,0.005656094136809449,0.010143711545810497,0.005482277824445443,0.0012687730702343333
10.819999999999814,185.53170051509443,0.00594583829060136,0.010311092443566417,0.005981431265950108,0.0012994786395742269
10.829999999999814,185.1494528643008,0.006193074119623654,0.010498392763872752,0.006437003217706842,0.0013366902776151765
10.839999999999813,185.25560503349607,0.006392331786980349,0.010707516910574979,0.006840755611381246,0.0013808253331835637
10.849999999999813,186.13975681657627,0.006542032211113572,0.010935461276037405,0.007185845271068719,0.0014309445452586982
10.859999999999813,186.79382325847044,0.006644798482702656,0.011174887119128365,0.0074660454336679056,0.001485004755013327
10.869999999999813,187.41335539333116,0.006706023961700125,0.011415748726744824,0.007676974252419291,0.0015402549888486614
10.879999999999812,187.83457403401428,0.006732383703344664,0.01164771561962602,0.007817469391592108,0.0015937889940933609
10.889999999999812,188.05602734327638,0.006730493433816363,0.011862411148431633,0.007888555132325713,0.001643133997642356
10.899999999999812,188.6455886709038,0.006698499294597981,0.0120550110422376,0.007889946906870218,0.001686788656309871
10.909999999999812,189.79979871472807,0.0066344775672683015,0.01222261155591027,0.00781718130544955,0.0017238695148892795
10.919999999999812,190.99389260207323,0.0065326699514231005,0.012367168021881918,0.0076621499684335695,0.001753856667902371
10.929999999999811,192.02779051454874,0.006383045199782657,0.012486764818624355,0.007416243729136357,0.0017773526654632564
10.939999999999811,192.6962072881111,0.006173735324392181,0.012585400495800092,0.007072935533263566,0.001795758239216935
10.949999999999811,193.0963918869805,0.0058924394503986136,0.0126670944941365,0.00662798973654617,0.0018102905491690822
10.95999999999981,193.39388249986507,0.005526661470631844,0.012734169828229324,0.0064312442958665336,0.0018216313549273572
10.96999999999981,193.58689354079118,0.005066553622772989,0.012786655788149161,0.006464926451816454,0.0018297754849616746
10.97999999999981,193.5897288298554,0.0045077523536074205,0.012824385126792284,0.006483002974928133,0.0018346912310559008
10.98999999999981,193.58366742506672,0.0038529080357578393,0.012849741533800894,0.0064878807536285655,0.001837141334163531
10.99999999999981,192.80014873510936,0.003112382245010473,0.012867933173200908,0.006485800502580989,0.0018387192914305678
11.00999999999981,191.57669619389495,0.0023027367703041678,0.012885178756872643,0.006484532435052345,0.0018412491083476992
11.01999999999981,190.12275101885152,0.0014453258384194525,0.01290460056171158,0.006508361298755104,0.0018455826390039395
11.02999999999981,188.38709986803815,0.001078984092144079,0.012925054141185027,0.006540976936247917,0.0018513359749337203
11.039999999999809,186.44564934750682,0.0012316196738200497,0.012943542594164813,0.006572464531977032,0.0018576747224937236
11.049999999999809,184.52570471406696,0.0014235035401527604,0.012956603746549715,0.006598800361589964,0.001863708560373434
11.059999999999809,184.49593708010906,0.0021959909997619873,0.012962488419320002,0.006618165272881419,0.0018690087345712028
11.069999999999808,185.00045594737162,0.0028793431916709963,0.012962750413261902,0.006632458931321737,0.0018739826607067273
11.079999999999808,185.43211155628757,0.0034555905461580126,0.012961573232073184,0.006646580406196513,0.0018797303821245503
11.089999999999808,185.81829966138383,0.003914608420774257,0.012964791526413498,0.0066671116231080095,0.0018878874519369225
11.099999999999808,186.1072920867384,0.004254170989189873,0.012977502366150206,0.006699799177142558,0.0018999889150329663
11.109999999999808,186.78644133641157,0.004476767778081215,0.013001325038442351,0.00674712552105274,0.0019165963518948809
11.119999999999807,187.41607784340184,0.004587063385431503,0.013033193856291318,0.006807088901093577,0.0019368307559728768
11.129999999999807,187.92975866767634,0.0045928976612000716,0.013066585348787027,0.006873855040730933,0.0019587082115654435
11.139999999999807,188.2880371538033,0.004505969616468586,0.013094374587061502,0.006940364706461057,0.0019800556979546165
11.149999999999807,188.51685447796092,0.004340249724300238,0.013109877105927339,0.006999749441179684,0.001998904850503492
11.159999999999807,188.5801940775276,0.004112187228333961,0.013110488334000078,0.0070472573425450205,0.0020134657526465747
11.169999999999806,188.591198457122,0.0038403318978555887,0.013090503753808816,0.007080252483477876,0.002022928207625193
11.179999999999806,189.52631948309912,0.0035427745440381173,0.013053103417777516,0.007099620202798097,0.0020283860164798445
11.189999999999806,190.37154053661087,0.0032351949217528805,0.013006030709306572,0.0071154350604100075,0.0020319267848393128
11.199999999999806,191.09454405130273,0.0029305528830741575,0.01295662796589992,0.007143576562691383,0.0020355248484274493
11.209999999999805,191.68230708420631,0.0026756116726791034,0.012911420575170375,0.007189331439916106,0.002040989682396119
11.219999999999805,192.14567645707183,0.002773159603545708,0.012874344044661177,0.00725851874151342,0.0020494482931667454
11.229999999999805,192.49918272388888,0.0028677365818107637,0.01284700157797316,0.0073527142209097295,0.0020613508385569513
11.239999999999805,192.73017876581133,0.0029602210469896065,0.012831418378240157,0.007470656748317398,0.0020772068029181845
11.249999999999805,192.8304551611431,0.00305096359758555,0.012828932118349231,0.007607150247968287,0.002097284505952125
11.259999999999804,192.8200379535107,0.0031377536008643705,0.012838201988421866,0.00775239637208619,0.0021211043130756053
11.269999999999804,192.73372456511584,0.0032171549319753192,0.01285672217982924,0.007895060238555138,0.0021479101999902243
11.279999999999804,192.6659654485574,0.003286731679592783,0.01288234349752912,0.00802534518649993,0.0021770820671089
11.289999999999804,193.28968335410238,0.0033463605277038637,0.012912715563788629,0.008135861596665614,0.0022079261891731765
11.299999999999804,193.80924472114168,0.0033977473210953795,0.01294476433361116,0.008222161722391876,0.00223950328174232
11.309999999999803,194.2426612511186,0.003441920320524029,0.01297414216950991,0.008282918953430531,0.0022704856508716786
11.319999999999803,194.62627112093628,0.0034771425218306667,0.012996093430662317,0.008320528250089578,0.002299432995428536
11.329999999999803,194.96295396862698,0.0035006515352571446,0.01300714668898773,0.008340887329140073,0.0023253052151622987
11.339999999999803,195.25035328399736,0.0035120876056164638,0.013005665092509128,0.008411586706890729,0.002347635027359729
11.349999999999802,195.47235993417905,0.0035151432997874562,0.01299273997349642,0.008493792541256609,0.0023667543895091597
11.359999999999802,195.67145692296745,0.00351689193379533,0.012973143658267875,0.008564020478391795,0.0023839939772203546
11.369999999999802,196.10300858528709,0.003525297814618536,0.012954467639014866,0.00862967334422257,0.0024013942322707155
11.379999999999802,196.3648733348807,0.003546515857586431,0.012943443027964035,0.008697877263872202,0.0024207170679389164
11.389999999999802,196.50110995323345,0.0035821600767622632,0.012943066017932804,0.008771918965354628,0.0024427438391972055
11.399999999999801,196.53579412706628,0.0036298714413464097,0.01295321516916007,0.008851605646000908,0.0024674796664093815
11.409999999999801,196.6233416341514,0.003687064442339845,0.012972518166717692,0.008935619080536248,0.0024945715745968784
11.419999999999801,196.34085739197883,0.0037509776691439485,0.012999781926769715,0.009022771575464467,0.002523593660753378
11.4299999999998,195.81890237940016,0.003816872729403985,0.013033423883091413,0.009111264322675396,0.002553906843261148
11.4399999999998,194.8426071917281,0.003878854180353752,0.013071243834133663,0.009199157201778848,0.002584734845108424
11.4499999999998,193.39289701835577,0.003931675725713689,0.013110398167732865,0.009284878896544495,0.0026152434060171437
11.4599999999998,192.28815588178486,0.003972333036896764,0.01314589847097541,0.009365275033330376,0.002644046777231799
11.4699999999998,191.1910411481025,0.004000809887181916,0.013170664723875047,0.009434610135090546,0.002669105657481563
11.4799999999998,190.49881283333227,0.00401935880890102,0.013175947520978663,0.009484520720383926,0.0026878267625171123
11.4899999999998,190.5087980676543,0.004031446153487679,0.013153681407102429,0.009506820987456041,0.0026978215228461336
11.4999999999998,190.59126189913658,0.00404032158158494,0.013099466263217925,0.00949743550991071,0.002697829915947962
11.509999999999799,190.6101193095352,0.004047606820385514,0.01301230371683553,0.009455608062793927,0.002687621586650271
11.519999999999799,190.5646100323281,0.004054752371550634,0.012894035132485313,0.009383061472742945,0.002667765770407724
11.529999999999799,190.4459678997976,0.004063367857526422,0.012748731692635535,0.009283321312510135,0.0026394279940154582
11.539999999999798,190.23787241446473,0.004071650293339212,0.01258235309575411,0.009161375478281995,0.002604299362420963
11.549999999999798,189.93749117365485,0.004074778021076587,0.012403450401576937,0.009024782613089751,0.002564834486162736
11.559999999999798,189.57025980912692,0.0040676643247682534,0.012222487406429996,0.008883321042135163,0.002524073751096281
11.569999999999798,189.17402858532495,0.0040452630564829775,0.012050592332520661,0.008747602201924285,0.0024852817788428377
11.579999999999798,188.75906452608783,0.004158197303891181,0.011898538822261363,0.008627791826212395,0.0024516311783388074
11.589999999999797,188.29944657797944,0.004706406999189137,0.0117743054147193,0.008531498386324391,0.002425464491522903
11.599999999999797,187.7771072291147,0.005148489140984178,0.011681034696086704,0.00846218703795487,0.00240768463348171
11.609999999999797,187.21904885412457,0.005467019615678075,0.011616927529789819,0.00841840977954534,0.002397744933265472
11.619999999999797,186.6728912523711,0.005651928774041561,0.011576508608997258,0.0083958112096197,0.0023940646261347547
11.629999999999797,186.1537563980671,0.0057024045220487405,0.011551775846874975,0.008395301239884691,0.0023943934187923245
11.639999999999796,185.63376577139584,0.005625596227347122,0.011534383178431985,0.008411379479559552,0.0023964257105926886
11.649999999999796,185.08474379868412,0.00543615258754449,0.011518878321159306,0.008426840794794095,0.0023986852622069
11.659999999999796,184.51028327195738,0.005156047121874075,0.011502542390377504,0.008436785329393657,0.0024004448301468695
11.669999999999796,183.91444247251437,0.00481185990715881,0.011483003917241719,0.00843701235729046,0.00240104458241117
11.679999999999795,183.50817670521988,0.004430429793396742,0.011456682473986261,0.008423614258081247,0.0023994816218606417
11.689999999999795,183.34650267991807,0.004036543716101457,0.011418720897449525,0.008404910777617026,0.0023944359195677985
11.699999999999795,183.10612388547239,0.0036506558632836594,0.011364413566461569,0.008374748651804627,0.0023846812775341454
11.709999999999795,182.69822572579062,0.003284860350849298,0.011290283531841735,0.008320880719228211,0.002369329484874858
11.719999999999795,182.09466743731764,0.0029427689046401437,0.011195032443244718,0.008242625880745683,0.0023480441329309467
11.729999999999794,181.36367672903157,0.0026224003298800282,0.011080668398422462,0.008143431517924137,0.002321388514434826
11.739999999999794,180.57362835479904,0.0023168908254441265,0.010953043139940543,0.008080445036797957,0.0022910592551815775
11.749999999999794,179.7132182392636,0.0020171297227459524,0.01082008989273472,0.008031186694276264,0.0022594189835118393
11.759999999999794,180.2355564803373,0.0017167647628275897,0.01068675699775177,0.007993698515042698,0.002227992128798729
11.769999999999794,181.0654986741462,0.001413551887523733,0.010554002999204996,0.007959999889296644,0.002197096113884568
11.779999999999793,181.78664882645373,0.0012444900678102075,0.010422763746150076,0.007921369690849034,0.0021669743509954726
11.789999999999793,182.44920607313492,0.0015618089512416476,0.010296563834143695,0.007872268432219172,0.002138627588274438
11.799999999999793,183.07375793126675,0.0018794060969495726,0.010182064044043714,0.007812596713575962,0.0021140346400435445
11.809999999999793,183.62570629042332,0.002188608869644942,0.01008652223457299,0.007747322808888182,0.0020953887957196886
11.819999999999792,184.06697237174222,0.0024806220557791257,0.010014229961480162,0.007683176331876901,0.0020839862988983717
11.829999999999792,184.4073193800704,0.002749447927558091,0.009966667889353523,0.007626627171095953,0.002080234207458959
11.839999999999792,184.68542709932052,0.002992004283671504,0.009944125804032611,0.007583589786074608,0.002084166398248265
11.849999999999792,184.91270834746905,0.0032085053508850887,0.009945355168236927,0.0075582810517087606,0.0020954080958633307
11.859999999999792,185.51116356155913,0.003402587287693756,0.009966496103695703,0.007552697736165702,0.002112868457116033
11.869999999999791,186.19082150396412,0.0035798727050617945,0.010000196846749267,0.007566272563063584,0.002134447539561164
11.879999999999791,186.58604382860875,0.00374523605524513,0.010036616518439656,0.007595838784094533,0.0021573094043563653
11.889999999999791,186.69025870118688,0.003901513512619306,0.01006602120703408,0.007636052041535652,0.0021786432193722626
11.89999999999979,186.7014588043205,0.004049771494946963,0.01008025740780789,0.007694006514345468,0.0021960848714921563
11.90999999999979,186.67039202799663,0.004189686493773655,0.010074862539653963,0.0077382104144844335,0.0022082951883423637
11.91999999999979,186.501183565889,0.00432069951078036,0.010050370213610153,0.007764599578073233,0.002215338939571667
11.92999999999979,186.15523834021792,0.004442639400277473,0.010009842891658932,0.007789728154659141,0.002218034590823367
11.93999999999979,185.6187032603056,0.004554977297600285,0.009956338105046713,0.007815082898855968,0.0022172642784096227
11.94999999999979,185.47129759793896,0.00465420352907622,0.00989353882176457,0.00783332166668732,0.0022141101655378374
11.95999999999979,185.65696745015228,0.004732178464233987,0.009826516780966793,0.007845087702507053,0.0022100030936911064
11.96999999999979,185.83462348662042,0.004779538523523189,0.009759951201013585,0.007851736957211789,0.0022062118919982305
11.979999999999789,185.94572840773066,0.004791955174247401,0.009696997904420397,0.007855208511182344,0.0022035861996437087
11.989999999999789,185.96601116977422,0.004772871137417174,0.009638160609911154,0.007856828171154122,0.002202275276705531
11.999999999999789,185.91392953449142,0.004729845590450012,0.009581661747377897,0.007856473703063561,0.0022017961272357903
12.009999999999788,185.79598428171224,0.004669406924985932,0.009527135921273962,0.007855165310881656,0.002202022838055889
12.019999999999788,185.54971471467908,0.004596293205496691,0.009475500293951472,0.007854818173059653,0.0022031374176286556
12.029999999999788,185.12313878474313,0.004514989053316223,0.009426700409401878,0.007855920094432789,0.0022050401564086605
12.039999999999788,185.56798014316192,0.004431462059375451,0.009381021980286362,0.007858639748183962,0.0022077840489315463
12.049999999999788,186.3439285796536,0.004354813860271917,0.009339089651427438,0.007863172980249014,0.0022115713377852493
12.059999999999787,187.60295145748876,0.004295078018198517,0.009300038186154495,0.007901161288227614,0.0022161646610449606
12.069999999999787,189.05306593642283,0.004259017189895992,0.009261341653162532,0.007954225593866495,0.0022207841660278694
12.079999999999787,190.56581176774557,0.0042491493898783456,0.009218975151426554,0.008009528100702521,0.0022241754446849756
12.089999999999787,191.91850700017937,0.004264865102421966,0.00916827928254972,0.008061077612447643,0.0022249351747747797
12.099999999999786,192.9717571043963,0.004795390259087594,0.00910460895402626,0.008102170947058717,0.0022217441943237124
12.109999999999786,193.69465073654243,0.005474927225461999,0.00902188981902271,0.008124578509253008,0.0022129192092617423
12.119999999999786,193.92909718292634,0.006088098397301849,0.008912971218716365,0.008119470391803364,0.002196450333980655
12.129999999999786,193.67674283118768,0.00662051286338674,0.008772130078401658,0.00807959029801695,0.002170690854735122
12.139999999999786,192.8901995661201,0.007060504581978146,0.008595292830166102,0.00799899949787849,0.0021344380217510717
12.149999999999785,191.50354976505753,0.007400997757741102,0.008380391833250815,0.007874023285350277,0.002087074635052278
12.159999999999785,189.5834065790323,0.0076413888687460055,0.008128729830673536,0.00770558886601499,0.002028985371424991
12.169999999999785,189.53477720124081,0.007786212550446752,0.00784555856107666,0.007501758822363947,0.0019617170181079986
12.179999999999785,189.86419993400565,0.007841896574023512,0.007540480127875806,0.007269711274510219,0.0018880725087161126
12.189999999999785,190.0282134905762,0.007816189898354607,0.007225704773500571,0.007019567019778483,0.0018115947287540017
12.199999999999784,189.98454706139185,0.007719855195816366,0.0069129941963125986,0.006761773443536379,0.001735684157984817
12.209999999999784,189.72500092839937,0.007565870983242819,0.00661110836662919,0.006504991422262727,0.001662872526107706
12.219999999999784,189.2650233919929,0.007367034955492907,0.006325252012511446,0.00625503690653955,0.0015946768342390302
12.229999999999784,188.5962144649799,0.007133950129899685,0.00605897481671935,0.006016190933150428,0.001532157378987522
12.239999999999783,188.4136192412224,0.006873408150082367,0.005814747161730901,0.005791371162086431,0.0014760864226081615
12.249999999999783,188.2105812464072,0.006587881935757829,0.005593357077165994,0.005581412459133264,0.0014267508813828325
12.259999999999783,187.77908792222138,0.006277393570584666,0.005392703221022832,0.005384724572247235,0.0013835699233943296
12.269999999999783,187.14789434389624,0.005942240189338452,0.005207850857076586,0.005198477618211444,0.0013451157441843515
12.279999999999783,186.40822175415084,0.005841650239954675,0.005032883273353136,0.0050455581299642584,0.0013097045749013152
12.289999999999782,186.3772953002767,0.005793897843166089,0.004861533477802331,0.005025073887101431,0.0012756167175297655
12.299999999999782,186.74218492767667,0.005739258509203507,0.004688509327468599,0.0049907948781945915,0.0012414142847547668
12.309999999999782,186.9892056143307,0.005676987713787303,0.004509853455953208,0.004931331741125798,0.0012059434541287686
12.319999999999782,187.15497347483046,0.0056030140239940445,0.004322114532636509,0.004836718923349455,0.0011680990010108784
12.329999999999782,187.3323727594926,0.005514979198477622,0.00417231531264385,0.004700953011071761,0.0011270644279074682
12.339999999999781,187.4645290500688,0.005414305277932008,0.004015716905429013,0.004522548548864035,0.0010824072940362986
12.349999999999781,187.49072438262777,0.0053066826459338065,0.003844471861100008,0.004305151702552378,0.0010341551857779483
12.359999999999781,187.29909472319366,0.005198973365731596,0.003660288405870265,0.00405716405412764,0.0009829382630693782
12.36999999999978,188.25005934643985,0.005093775800791232,0.0034678720357021902,0.0037897512826899292,0.0009302097683322731
12.37999999999978,189.20674186988288,0.004989415719188525,0.00327517854821389,0.003516358894753034,0.0008783660780136341
12.38999999999978,190.09085275905116,0.004882319002255837,0.003090825629920062,0.003578000486564585,0.0008300409747916352
12.39999999999978,190.8003858157778,0.004767536372512825,0.002920914631662517,0.003566043072808708,0.0007871619541904433
12.40999999999978,191.30143328001375,0.0046405642090708915,0.002769086046215537,0.0034573196719777637,0.0007509202261819416
12.41999999999978,191.34230167467248,0.004497219048488466,0.0026369440797699957,0.003257560086564825,0.000721903596721627
12.42999999999978,191.19972746214086,0.004331204822524696,0.0025221241200426682,0.002982679710171463,0.0006995834818453059
12.43999999999978,190.922769527657,0.004134897169376511,0.0024192834928892484,0.0028734060940778534,0.0006826014587086286
12.449999999999779,190.2794392721824,0.0039023032060549107,0.002323787715704151,0.0028793876336918973,0.0006697794848690015
12.459999999999779,189.38619524179717,0.0036307227708858676,0.0022319180407818864,0.0028744371938331354,0.0006601412130971433
12.469999999999779,188.19263682930887,0.0033203998070675694,0.002140360022134778,0.0028580426558949576,0.0006527899411231597
12.479999999999778,186.70741749977125,0.0029732155819735353,0.002047810254459769,0.002830238831089799,0.0006474264569817645
12.489999999999778,185.06075130493235,0.002602678075474371,0.001954416205170549,0.002790566758673809,0.0006442006077561118
12.499999999999778,183.37975980671314,0.0022104886635022133,0.0018598811270932147,0.0027387468714462127,0.0006431255143991778
12.509999999999778,181.72218614347005,0.0018053282138120854,0.0017631049441656447,0.0026748425664945507,0.000643943087144662
12.519999999999778,180.6714973251886,0.001398764722111987,0.0016620538380912322,0.0028583534980485383,0.0006460968299100107
12.529999999999777,181.18832906305568,0.0010016479145695029,0.0015542893226457189,0.0030674683182384944,0.0006489000301151428
12.539999999999777,181.57773805463304,0.0006214121968694421,0.001438403763922298,0.0032209629637500103,0.0006519454924096373
12.549999999999777,181.8370447819965,0.00030174333995830845,0.0013126515504909252,0.0033133398324604276,0.0006547035273975094
12.559999999999777,182.00558913132517,0.0006503519839977082,0.0011739157487254954,0.0033439554923466986,0.0006562185656053435
12.569999999999776,182.11392350427778,0.0010876111882184567,0.0010206721106696616,0.003316132800682042,0.0006559642588699206
12.579999999999776,183.03457707492564,0.0015819008760932535,0.000853608110857866,0.003236204098660532,0.0006540421251984772
12.589999999999776,184.2154402139121,0.002092845206933623,0.0007424608617064163,0.003113600961046394,0.0006508159470713064
12.599999999999776,184.47123030163414,0.0026206822873380622,0.000652478685915905,0.0029610108057205983,0.0006466334827803784
12.609999999999776,184.27336239120848,0.0031659030676899668,0.0005579489422429488,0.00279297134928617,0.0006414047271934718
12.619999999999775,186.04272960601136,0.0037262839388825806,0.000457368629231902,0.002622742413477839,0.0006346230946674871
12.629999999999775,188.17924972288554,0.004294394570416542,0.00046835112398668603,0.002459286067152026,0.0006261244798553116
12.639999999999775,188.58389667936606,0.0048566077016738195,0.0006971502536264033,0.002399494384302219,0.0006165044017547652
12.649999999999775,188.9259566832001,0.00539499105498811,0.0009324360340529168,0.002357666705037899,0.0006061012520755905
12.659999999999775,189.32415386562283,0.005891252802595889,0.0011742087271827848,0.0024356891134602898,0.0006215340502485571
12.669999999999774,189.78572078996382,0.006330392370657179,0.0014228746365951472,0.0026360979527736404,0.0006560496820893843
12.679999999999774,190.29555789318283,0.006700101486490631,0.0016797951125506305,0.0029483465123786782,0.0006793475856178172
12.689999999999774,190.80686782274392,0.0069902424149541325,0.0019472850090528093,0.00325885599445459,0.000696298453113076
12.699999999999774,191.27429538540488,0.007197960753442201,0.0022288170616969263,0.003538901897632127,0.0007344987377569961
12.709999999999773,191.76929556665806,0.0073264702196311204,0.0025287041045219316,0.0037634228940082908,0.0007947874058917864
12.719999999999773,192.35119310553276,0.007384156146311212,0.0028487884925328085,0.0039161058027003875,0.0008285665801152223
12.729999999999773,193.0496219560363,0.00738272263277577,0.0031864777819285493,0.003992263364102408,0.0008342785004140217
12.739999999999773,193.83805131849186,0.007335752240209248,0.0035353610413011182,0.003999234368203301,0.0008138707007615642
12.749999999999773,194.67581207878263,0.007258589416983166,0.003885704063706837,0.00398946728602984,0.0008359728732156425
12.759999999999772,195.36098178331682,0.007166848381422454,0.004225786048885559,0.0041795765099567435,0.0008681549401137773
12.769999999999772,196.15346376323936,0.007071899901318437,0.004543907962710193,0.0043277364157439276,0.0009083765531382694
12.779999999999772,196.97645767883108,0.006980087977073502,0.004831075599651549,0.004430054225872554,0.0009314538133047835
12.789999999999772,197.65071879462226,0.0068943290730439,0.005083901122966976,0.0044862373011581936,0.0009379958924081534
12.799999999999772,198.15561105882418,0.00681318209329579,0.005303685770307813,0.004500176962220534,0.000929597707430786
12.809999999999771,198.45413300483642,0.006731061022935338,0.005494275509414708,0.004479483127644342,0.0009414212125229746
12.819999999999771,198.4035688338158,0.006639686500116498,0.005660856174499872,0.004433783419209968,0.000953287003483538
12.829999999999771,198.02370569831274,0.006527518646121858,0.005807402634659446,0.004372783093675899,0.0009634069777198176
12.83999999999977,197.3601806109847,0.006381584672948559,0.0059361968962078895,0.0043051319494919115,0.0009717921720596927
12.84999999999977,196.61903394595691,0.006191375896085639,0.006050025112992295,0.004238037260609112,0.0009784295245637267
12.85999999999977,196.46875193457922,0.006339973050575634,0.006153541630245068,0.00424385152151966,0.0009833077585426695
12.86999999999977,196.41114619210765,0.006587158438943998,0.006252507481520215,0.004337606823056296,0.0009864585313977274
12.87999999999977,196.5511554800054,0.0068165741172389865,0.006352800871462177,0.004398606748482821,0.0009879425464433596
12.88999999999977,196.31959214132084,0.007023845939057482,0.006460195107794262,0.004417402885349904,0.000987794421373087
12.89999999999977,195.73112404923015,0.0072072130931452,0.006579858623098717,0.00439035432131127,0.000986006987085511
12.90999999999977,195.4076130163173,0.00736564964238908,0.006714884429687583,0.0043199072740581525,0.000982597425741387
12.919999999999769,195.4626491316174,0.007498481395545977,0.006863255454060176,0.00421360412683107,0.0009776618040680028
12.929999999999769,195.50789311695516,0.007606379287132955,0.007017133691723901,0.004082285662880766,0.0009716781286997215
12.939999999999769,195.21819885318976,0.007692674099154174,0.007166656322067897,0.004271753972477589,0.0009670322455290324
12.949999999999768,194.81410268499317,0.00776596118114634,0.007303623573336597,0.004415282577161527,0.0009613183586650838
12.959999999999768,194.47374480946908,0.007825773364815028,0.007422827672686076,0.004455283776436439,0.0009546297641566271
12.969999999999768,194.22437676848406,0.007868271639601772,0.007522670015602212,0.0044064874525843786,0.0009471189009748468
12.979999999999768,194.2016706569084,0.007892045754555653,0.007856566562035152,0.00429366290496652,0.0009390056376992747
12.989999999999768,194.5447237772578,0.007899194938797595,0.008192726493365334,0.004350874284389598,0.0009386200906224342
12.999999999999767,195.3672823621221,0.007893935269012938,0.008526124241086695,0.004414194440237597,0.0009655687296440853
13.009999999999767,196.44624688533347,0.007879587526068007,0.008860065453881587,0.004654598688257609,0.0010209737224559433
13.019999999999767,197.47788651116386,0.007856787306379337,0.009197416703365689,0.005116165432574438,0.0010942401286363132
13.029999999999767,198.1912958822522,0.0078250040558331,0.00953930221990312,0.0055185666163477635,0.0011692608304478035
13.039999999999766,198.494365206907,0.00778530154743161,0.009883943991542079,0.005849152655209226,0.0012456040743163727
13.049999999999766,198.23163971894502,0.007740367943155135,0.010227229452700305,0.006100761890863216,0.001322165565705761
13.059999999999766,197.56970203198009,0.0076922140593942,0.010563856783282097,0.006276685536897763,0.0013975283300174462
13.069999999999766,197.01460816551946,0.007641781079138418,0.01088883007437031,0.006391062003887576,0.0014706242069664564
13.079999999999766,196.80550061900644,0.007589820096961975,0.011198891220787838,0.006455691945408679,0.0015403909626725814
13.089999999999765,196.31027721098542,0.007536337808156701,0.011491974029743744,0.006490332782154862,0.0016061743807483009
13.099999999999765,195.12850266345495,0.007480750693863466,0.0117670832681136,0.006778680706437785,0.0016676857005231546
13.109999999999765,193.68504388188256,0.007422837007338398,0.012024116480959161,0.007338355570989763,0.0017249617625281503
13.119999999999765,192.421109311114,0.007363387912598469,0.012263936411019827,0.007857314401739098,0.0017783016507365564
13.129999999999765,191.5947164865809,0.0073040200050622,0.012489527149912132,0.008314646075020441,0.0018285345928558778
13.139999999999764,191.30208853042964,0.0072464835317439845,0.012705919577256876,0.008694703180772175,0.0018770215748885022
13.149999999999764,191.8739843394138,0.007191554178993756,0.012918978142067343,0.008989212726630658,0.001925366447581776
13.159999999999764,192.7730770760321,0.0071389693972826,0.013132462474827805,0.00919784551632641,0.001974609032957517
13.169999999999764,194.58002724730707,0.0070886134943582355,0.013345604138776347,0.009326215110234112,0.002024542146238223
13.179999999999763,196.5274391531867,0.007038731499344576,0.01355421331648209,0.009382867414619455,0.002074027830165751
13.189999999999763,198.0331464045901,0.006984180994199763,0.013754727992164458,0.009377419701265714,0.002122122502008101
13.199999999999763,198.63784930647964,0.006917794752651547,0.01394638073594528,0.009320131536911951,0.0021686341058130554
13.209999999999763,199.14002659916886,0.006832581945571182,0.014132441581542888,0.00922174032838535,0.002213711015374578
13.219999999999763,199.8635154647639,0.0067235272801668775,0.01431092475885433,0.00909268739900584,0.0022573328248943285
13.229999999999762,200.66898639297585,0.0065873442550491304,0.014481674653012836,0.008941630083208071,0.00229962705308582
13.239999999999762,201.5069696048477,0.006419427160203251,0.014647975491928951,0.008773776348754399,0.002341635659389887
13.249999999999762,202.37733810744376,0.006215276547724537,0.01481384567910773,0.008710009230370479,0.0023845570860298007
13.259999999999762,203.03290777254426,0.005968660035577451,0.014980248233958472,0.008854727307955902,0.00242856149557905
13.269999999999762,202.89397211324209,0.005677998645574274,0.015144192148106573,0.008984968244378966,0.0024725887639629324
13.279999999999761,202.25954002802692,0.005347686229961395,0.015300171213570614,0.009096905330864633,0.002514912129701775
13.289999999999761,200.95060011931324,0.0049851017398383594,0.01544522152151556,0.009191408837608186,0.0025546620381425105
13.299999999999761,199.25533996781195,0.004599499128426671,0.015581865437183977,0.00927599971330915,0.002592602517001574
13.30999999999976,197.39728876536864,0.004200613426261257,0.015715865205865112,0.009361141410653187,0.0026303739033483307
13.31999999999976,195.48561466291278,0.0037977197060510733,0.015852593304541293,0.009495691118261323,0.002669419242949211
13.32999999999976,193.6430513546847,0.0033988863591739803,0.01599416102962847,0.009691809346134086,0.002710241055751395
13.33999999999976,192.61722200757202,0.0030081500538786947,0.01613924632778589,0.009873599310956969,0.0027524574286038996
13.34999999999976,192.92238477206172,0.0028189097160063264,0.01628478996044325,0.010033196356393435,0.002795301858978087
13.35999999999976,193.24803806484562,0.002626488738469023,0.01642666128821431,0.01016878169157881,0.0028377087211714385
13.36999999999976,193.45780248244463,0.0024095929506988967,0.016560148815444636,0.010282920660108958,0.002878327370619463
13.37999999999976,193.72085997954775,0.002190644976931866,0.01668088209467171,0.01037965371831874,0.002915776359545706
13.389999999999759,194.12319005831682,0.0019907172383011097,0.016786164026765905,0.010462689231537684,0.0029491510646013595
13.399999999999759,194.6183524587571,0.0018282142014247036,0.016877007749471547,0.01053676816359853,0.0029787292326009587
13.409999999999759,195.47299116507907,0.0017188035236174472,0.016958155723890086,0.010608322454613609,0.003005959792395633
13.419999999999758,196.06650375887116,0.0016744629956869468,0.01703563223549881,0.010683586230587282,0.003032627621411294
13.429999999999758,196.4576680356865,0.0017041075254665462,0.01711431598734749,0.010766543194812152,0.003060052599104646
13.439999999999758,197.24641908661832,0.001813916641728337,0.017196092638093484,0.010857328387515144,0.003088593068100801
13.449999999999758,197.98688943947096,0.0021205874895945795,0.017279155139403094,0.010963601935085401,0.003117572388029392
13.459999999999757,198.6642557774651,0.0024954580875489944,0.017359867306581473,0.011069716282132037,0.003145897025850804
13.469999999999757,199.2522153107799,0.00284308625160545,0.01743558173779473,0.011168478992842571,0.0031728356650829567
13.479999999999757,199.76256848637357,0.0031668037936840097,0.017505942945104266,0.011260122623323624,0.0031983092528810615
13.489999999999757,199.99149047428392,0.0034715617269923146,0.01757305899775097,0.011347518769468814,0.0032228900300157195
13.499999999999757,200.15760774185915,0.0038632288158683874,0.017640169074100917,0.011434649702292174,0.0032474282063430183
13.509999999999756,200.2983315806863,0.004269322309959757,0.01770892184017978,0.011523923689144434,0.0032723073140395334
13.519999999999756,200.41327297261597,0.0046246021341298385,0.01777812572451543,0.011615080357428564,0.0032971311517466743
13.529999999999756,200.64835362679497,0.004905167232273776,0.01784422696193799,0.011705746283743131,0.0033209063085044904
13.539999999999756,201.09207104372322,0.0050908766208973425,0.01790375329246058,0.011793660747241181,0.003342720922891582
13.549999999999756,201.53758278511745,0.005321777756893026,0.01795657708611086,0.011879615913105383,0.003362578995730604
13.559999999999755,201.90457841132272,0.005699771192036924,0.01800501352808726,0.011966244592492386,0.0033810813174017383
13.569999999999755,202.2298679472864,0.006103476084966388,0.018052468502598274,0.012056429147715968,0.003399107552613801
13.579999999999755,202.45810729920794,0.006528812680642492,0.018103625506088857,0.01215383049830636,0.003418001095800969
13.589999999999755,202.60551143472725,0.006970084021961824,0.018162780218929885,0.012261621379450804,0.0034391210324422375
13.599999999999755,202.73864580867718,0.007419549347705714,0.018232934103006172,0.012381365200091322,0.0034634534334393773
13.609999999999754,202.93885163609903,0.007868147066561056,0.018315913582268424,0.012512897686985752,0.003491509980719327
13.619999999999754,203.1622670348058,0.008305484278188347,0.018412002621220308,0.012652946563793606,0.0035232565039203154
13.629999999999754,203.3274477423895,0.00871986294696496,0.018519746988941835,0.012796918903755667,0.003558229086631312
13.639999999999754,203.43890962015254,0.009100933459924193,0.018637292283397725,0.01294113412490224,0.003596021424383467
13.649999999999753,203.3745653131049,0.009442085254612112,0.018762697149766028,0.013084113122997355,0.003636282734002662
13.659999999999753,203.00504952226075,0.009740019211976631,0.018891095824888154,0.013223117345415415,0.00367772467413166
13.669999999999753,202.8096798783945,0.009993392435852235,0.019015337143270212,0.013353429582056682,0.0037182336062291555
13.679999999999753,202.70012268192275,0.010203148644727635,0.01913021638551891,0.013472100559193111,0.003756180153328224
13.689999999999753,202.29179730758634,0.01037324203280959,0.01923360432902063,0.01357950829326446,0.0037908986359854666
13.699999999999752,201.86131459172617,0.010514701708640889,0.019325360337954657,0.013678208343408787,0.0038224390639410243
13.709999999999752,201.6039953906411,0.010624979239855704,0.019407278366684256,0.013771790729996167,0.0038514658543044064
13.719999999999752,201.524784046356,0.010703212944738224,0.019484662454226014,0.0138659463704778,0.003879831390210509
13.729999999999752,201.57092588101474,0.010750563162687861,0.01956499896179225,0.013967787657056405,0.003910259266941377
13.739999999999752,202.04069606097417,0.010769795260845538,0.019654178878518353,0.01408255849956326,0.00394326164422917
13.749999999999751,203.63716030386394,0.010763078202106714,0.019755304642193446,0.014212663854294663,0.00397967748462034
13.759999999999751,205.28123628463177,0.010730712905503885,0.019867450114742783,0.014356347226418324,0.0040193413188933805
13.76999999999975,205.95176105173874,0.010671147465017171,0.019985289721086506,0.014507012070829925,0.004060865501258741
13.77999999999975,206.53946066126719,0.010583544428908217,0.020102277611208825,0.014656563825206538,0.0041024150888119455
13.78999999999975,207.08663651873974,0.010470804596069456,0.020212475427696833,0.014797879746971172,0.004142212142802152
13.79999999999975,206.98185247794925,0.01034093854178458,0.020309170929896283,0.014924161553100451,0.004178252393736705
13.80999999999975,206.52875884962972,0.01020429152003458,0.02038586569345785,0.01502987492433875,0.004208700087092078
13.81999999999975,205.95987149039058,0.010068666056012691,0.020439229657332695,0.015112954776707556,0.004232723679966302
13.82999999999975,205.53616222780894,0.009938500206812204,0.020469517418343575,0.015175985651955425,0.004250515132021993
13.83999999999975,205.56541838214838,0.00981679638296155,0.02047916820441351,0.015221593313356109,0.004262817464578302
13.84999999999975,205.43999901064382,0.009706639946619576,0.02047100888655558,0.015252613206418218,0.004270417430107718
13.859999999999749,205.07572667971456,0.009611079327974906,0.02044779171579176,0.015272263811454448,0.004274061875619734
13.869999999999749,204.9292299865021,0.009530110384144879,0.02041282397518842,0.015283952514805417,0.004274679593519079
13.879999999999749,205.08710625540076,0.009458361368723925,0.020369904462390946,0.015291028074841846,0.004273382239389796
13.889999999999748,205.3380893271154,0.00938754905826348,0.02032391908614094,0.015297661182389614,0.00427162123628666
13.899999999999748,205.57911336460174,0.00930992674649545,0.0202813346615699,0.015311424276291372,0.0042712655110468825
13.909999999999748,205.8991389281722,0.009219314678107327,0.02024740870628198,0.015334955499752802,0.004273734574648272
13.919999999999748,206.33785402867787,0.009113179440925824,0.020222936479977305,0.015367782076781598,0.004279098107619357
13.929999999999747,206.85835802287755,0.008993661944285681,0.020204700695856823,0.015406770921358696,0.00428634675962346
13.939999999999747,206.84461250572278,0.008865314120689789,0.02018854818635741,0.01544895385520693,0.00429437866652141
13.949999999999747,206.5812518678445,0.008733041412885195,0.02017122857420482,0.01549261804831529,0.004302443292916702
13.959999999999747,206.9620893562618,0.008602018863226013,0.020149613196062864,0.015535674267935208,0.004309706070702311
13.969999999999747,207.8940707514551,0.008478862247371316,0.02012048124902848,0.015575222675511745,0.004315091920226621
13.979999999999746,208.79398687938377,0.00837076152223969,0.020080785032677073,0.015608118574247147,0.004317517493669295
13.989999999999746,209.6094165222514,0.008281279957821335,0.020026936755537402,0.015630184988368923,0.004315919382054726
13.999999999999746,210.30947957007004,0.00820837654020423,0.019955100556986356,0.01563622484951182,0.004310705098221903
14.009999999999746,210.81453311470625,0.008146961499494664,0.01986342639559464,0.01562210683201732,0.004300527713624714
14.019999999999746,211.09346269705802,0.008091147755642108,0.019753879434492628,0.015586321377156428,0.004285603904597298
14.029999999999745,211.1405576666125,0.008033945804761964,0.019631118462975577,0.01552898114237625,0.004267113678994011
14.039999999999745,210.63020377688915,0.007967835366143932,0.01950037449728647,0.015451225281098923,0.004246456918795108
14.049999999999745,209.30975402432225,0.007886652972096479,0.019365751102515153,0.015355450819953969,0.004224853583584542
14.059999999999745,207.24223308546013,0.007785847983826722,0.0192297053569525,0.015244985290342319,0.004203117765086847
14.069999999999744,204.59039581629463,0.007663752995879008,0.019094991062895826,0.015125225203551397,0.004182074468862489
14.079999999999744,201.5589252788424,0.007522735465016256,0.01896543899280076,0.015003630567783591,0.004162737575013527
14.089999999999744,198.32196620973264,0.007366004992471245,0.01884342760006199,0.014886279139095186,0.004145684252035741
14.099999999999744,196.86325114042018,0.007194596650552405,0.01872902190357369,0.014776712439607532,0.004130938618321778
14.109999999999744,198.25255520253378,0.007009658229277697,0.018620234267569535,0.014676685193211143,0.004118077058004553
14.119999999999743,199.78336936456083,0.0068137408966442185,0.018511051229043864,0.014583669771842613,0.004105584710263026
14.129999999999743,201.32812868369314,0.0066093087986126885,0.018392562012719008,0.014490844177886816,0.004091054393854098
14.139999999999743,202.34730189102595,0.006399656240059234,0.018256995320541435,0.014391121164701886,0.004072270164265097
14.149999999999743,203.14609883868462,0.006189137690208438,0.01809902786173557,0.014299601711604229,0.004047635855595193
14.159999999999743,203.58157134353795,0.005981292956215769,0.01791500164058201,0.014203854850674453,0.004016087655569467
14.169999999999742,203.52515432120052,0.005777440780936352,0.017703347328529,0.01407675715647101,0.003977299389570011
14.179999999999742,202.5803608083366,0.006015024804416496,0.017465124472693445,0.01391778373103946,0.003931777095520277
14.189999999999742,200.44342034276733,0.0061810363459441145,0.01720428946683094,0.01372974622434408,0.0038807874922759415
14.199999999999742,197.0728027700669,0.0062713169345289185,0.016928743084755723,0.013520064481050942,0.0038265693972923073
14.209999999999742,192.54518351215071,0.006290449378289397,0.016649390850665767,0.013300934471428851,0.0037721217943901195
14.219999999999741,187.082964442425,0.006247881971403805,0.016376681744199283,0.013086866882546408,0.003720357166531141
14.229999999999741,184.8032077712769,0.006157597385389853,0.016116626241859194,0.012915756200852446,0.0036730570416925864
14.23999999999974,184.9799307944586,0.006035665584003587,0.015870447316515223,0.012765181459874672,0.0036307303047251275
14.24999999999974,185.02570079855943,0.005897053327344621,0.01563782574887884,0.01263124593407115,0.0035934007904795734
14.25999999999974,185.04451865453774,0.005753816275364853,0.015416593007577922,0.01251141131000194,0.0035604156038306117
14.26999999999974,185.0522506204717,0.005614056655565797,0.015201326682310352,0.012399650891809276,0.0035300881984374733
14.27999999999974,184.93562813984616,0.005480702552113246,0.014986213010096115,0.012289972322409788,0.0035006780222897717
14.28999999999974,184.56841178883033,0.005351423129135868,0.014767304914105986,0.01217902419874622,0.0034711406830201484
14.29999999999974,183.92475799350953,0.0052201818545309685,0.014541233649192565,0.0120644438310575,0.0034406720811753157
14.30999999999974,183.1103597125293,0.00507943175683553,0.014305873335612642,0.011945213859297017,0.003408702385352996
14.31999999999974,182.431521166466,0.0049224332107115016,0.01406304033138716,0.011823688805871879,0.003375599316647552
14.329999999999739,183.01711616956536,0.004743741275436232,0.013817282582231104,0.011703418008597168,0.0033424814378076777
14.339999999999739,184.4520222383049,0.004538576237331722,0.013573577649564409,0.011596671500484955,0.003310770818974739
14.349999999999739,185.73831944925456,0.004302275171897214,0.013335332609120832,0.011515495963759162,0.0032816307552682384
14.359999999999738,186.74867961840988,0.0040299229837712615,0.013102472100827078,0.011447488117365595,0.003255200271739221
14.369999999999738,187.3433440874579,0.003717118754839011,0.012872984828147601,0.011386384611432838,0.003230841663623498
14.379999999999738,187.42364323573557,0.0033614457629244795,0.012646101808928157,0.01132633640393246,0.0032081032625286827
14.389999999999738,187.29452904518755,0.0029642282136511664,0.012422967155682358,0.011264316471983563,0.003187136593224771
14.399999999999737,186.9707043936628,0.002530273482338559,0.01220386702958771,0.011198871915941306,0.0031680452296140218
14.409999999999737,186.18262355159285,0.0024718962397626363,0.011986114615392004,0.011128444343582256,0.0031502076257830434
14.419999999999737,186.08172496468097,0.002786370787040706,0.011764582581808016,0.011051050448113902,0.003132251116079545
14.429999999999737,186.86167668294135,0.0030529730006719877,0.011533689440539938,0.010964455719843193,0.0031125217693637342
14.439999999999737,187.47579966083669,0.0032714830994382115,0.011289498705078909,0.010866813903370371,0.003089730908087171
14.449999999999736,188.01179032039738,0.0034454512131951525,0.011030155471402186,0.010757239848434309,0.003063200238865319
14.459999999999736,188.44598416481966,0.0035802233423313785,0.010756392624805024,0.010650757814208045,0.003033095556923471
14.469999999999736,188.6626126932794,0.003681153521840789,0.010472501476635556,0.010545232492521006,0.0030006969472125182
14.479999999999736,188.73202896100096,0.0037531571768480323,0.01018535562571889,0.010435921277059211,0.0029680320055441287
14.489999999999736,188.71838680522418,0.003800960669847468,0.009903356590534807,0.010330514522605968,0.0029374796389265135
14.499999999999735,188.59318607958576,0.0038299441697078815,0.009635708132362262,0.010237594931598773,0.00291154376366126
14.509999999999735,188.32071625561537,0.0038454909561892966,0.00938970308846083,0.010163953095643947,0.0028921701705772658
14.519999999999735,187.92055990711873,0.0038503746165463046,0.009167431632708788,0.010113123503943434,0.0028799271203196995
14.529999999999735,187.4327459164079,0.003844621878173634,0.008967604264815734,0.010083722894960994,0.0028739657427046574
14.539999999999734,187.10654278731664,0.003828453574850915,0.008784604874462965,0.010071091171138285,0.0028726041304737077
14.549999999999734,187.94437038062628,0.003802010955468162,0.008610327625731872,0.010069262416171986,0.0028738942396835257
14.559999999999734,188.76619781867362,0.003762835617549313,0.008439221966102682,0.01007227069513329,0.0028760281921614375
14.569999999999734,189.40575121005085,0.003708096734691144,0.008264709269808674,0.010072771388595473,0.0028769577405975146
14.579999999999734,189.8337048560118,0.003637945128525212,0.008078238339372254,0.01006168917997805,0.0028742340057633696
14.589999999999733,190.092558002854,0.0035554171785079744,0.007873063736835405,0.01003210063641426,0.0028660223685958936
14.599999999999733,190.40058194868078,0.0034653160264472237,0.007646947080661572,0.009982029817240796,0.002851704143335803
14.609999999999733,190.7864061826393,0.0033731531227441203,0.007401405508091063,0.009923190173249519,0.002831571953767845
14.619999999999733,191.24214716669397,0.003282926015691496,0.00714056154467918,0.009854189262408124,0.0028065841815488064
14.629999999999733,191.75318547991844,0.003194534028679404,0.006870979931853368,0.009783148105352454,0.0027784863417835413
14.639999999999732,192.27216488878275,0.0031046217961327,0.0066012913587624135,0.009719515659963289,0.0027497884730496034
14.649999999999732,192.7367912564664,0.0030094925819623367,0.006340166273485471,0.00967084481944437,0.00272310283212058
14.659999999999732,193.1828218620051,0.002906416855500841,0.006094210634637516,0.009639804227918672,0.0027003680373703094
14.669999999999732,193.60487309023569,0.002959308091873391,0.005866328979301011,0.009622568349532418,0.0026822838920828786
14.679999999999731,193.99052155785995,0.003514243478012833,0.005656019669848353,0.009610252698820916,0.002668478864136121
14.689999999999731,193.83770029575987,0.004022416790522113,0.005462260834625737,0.00959416619596559,0.0026585240127618044
14.699999999999731,193.79650311806202,0.004465835168868986,0.005283704275755302,0.0095684932731496,0.0026520764049352795
14.70999999999973,193.72120707200287,0.004835063840553575,0.005117424212849176,0.009530278325267988,0.0026483987983541056
14.71999999999973,193.64124221578234,0.005129723031955981,0.004960318559775728,0.00948073923618346,0.0026465738218298803
14.72999999999973,193.52355813627253,0.005357596989690756,0.0048098142389339646,0.009424521565032037,0.0026456858974020963
14.73999999999973,193.32283925020857,0.005530820525923857,0.004662887276040307,0.00936776760728958,0.0026447033866291553
14.74999999999973,193.26173000095085,0.005662792703386249,0.004516342202139947,0.009374603460149606,0.0026426903927347866
14.75999999999973,193.2241355159177,0.005766883264551518,0.004367218722622479,0.009372443680886395,0.002638874514935603
14.76999999999973,193.23122630879152,0.005855154246014417,0.004212165309428734,0.009356590373036898,0.0026323239401395836
14.77999999999973,193.3236426566508,0.0059371584107818795,0.004048207644137565,0.00932247221667467,0.002622107649486346
14.78999999999973,193.36888096898642,0.006019207226071092,0.0038740850188899666,0.00926770115740587,0.002607744765949355
14.799999999999729,192.89086004967584,0.006103035616845073,0.0036900952943779886,0.00919232385236204,0.002589250184763773
14.809999999999729,192.14477900348388,0.00618440502550613,0.003497518849136098,0.009098154015104892,0.002567002489603667
14.819999999999729,190.9255420855863,0.006254580060186488,0.003298795585962674,0.008989096127012654,0.002541773818084761
14.829999999999728,188.70582607904325,0.006303296982447615,0.0030971962471491934,0.008870939056220039,0.0025145755119679097
14.839999999999728,185.650670707896,0.006319458094976263,0.0028958719899067455,0.0087496545827317,0.0024863043254491368
14.849999999999728,182.5526735021984,0.006291222027109986,0.0026975435218135617,0.008630072437672298,0.0024576183851679973
14.859999999999728,180.28785435332094,0.006207102828057921,0.0025049118057279746,0.008515925885727672,0.002429125677946381
14.869999999999727,180.21683952780708,0.00605735695688729,0.0023202798276786398,0.008417481961472063,0.0024014123250300622
14.879999999999727,180.07313745643276,0.005835461845607396,0.0021438886524961253,0.008351906652503408,0.002374630031517538
14.889999999999727,179.80757466869423,0.005538294864599547,0.001974763846629353,0.00829742132818677,0.002348630232414827
14.899999999999727,179.76314857818167,0.005165210918869033,0.0018124925713391149,0.008248090270299172,0.0023232936248850835
14.909999999999727,180.25246602036,0.004717660873117421,0.0016565640988990076,0.00819601610994179,0.0022983062245149717
14.919999999999726,180.6986395184256,0.004199384872156269,0.0015481703619923983,0.008132363245448682,0.002273037797589942
14.929999999999726,181.12854066368052,0.00361816529988447,0.001453593078598603,0.008049782859267603,0.002246781610399766
14.939999999999726,182.03430662890835,0.002987507401977869,0.0013604004161909004,0.007944443779334766,0.0022188703505709867
14.949999999999726,183.03870837415147,0.0023245362775062397,0.001266003788535036,0.00781587891005226,0.002188560154693059
14.959999999999726,183.82434615899288,0.0017748515633308308,0.0011682005760914828,0.0076667270734012034,0.0021552132427291337
14.969999999999725,184.28314430491582,0.0016587933972291881,0.0010652200920781665,0.007501529952972622,0.0021183211182878485
14.979999999999725,184.4997158198298,0.0015156276905881902,0.0009553413665336083,0.00732470101417605,0.0020774114017056773
14.989999999999725,185.25461691604016,0.0013448928116419903,0.0008378647895253081,0.007151633098696659,0.0020323159392229995
14.999999999999725,186.29897060449878,0.00114784056226022,0.0007136198814415172,0.006997117228198047,0.001983295507886759
15.009999999999724,187.2566654896594,0.001567414318664377,0.0007991584560297236,0.006837941551907233,0.0019311606118440768
15.019999999999724,188.1753001775361,0.0018885723725610276,0.0010141521173437813,0.00667884684333522,0.0018773278399483694
15.029999999999724,189.05587591770836,0.0020917981031396897,0.0012245400440328484,0.006522857656879718,0.0018232772892140224
15.039999999999724,189.71677573520682,0.0021708839634725606,0.0014269123120963212,0.006368935181301973,0.0017700718891707347
15.049999999999724,190.20751753918404,0.0021257528527085894,0.0016192570369592846,0.006212077054395792,0.0017182363843664485
15.059999999999723,190.6493234213842,0.0019660923514344267,0.0018019429248454654,0.006044917891212479,0.0016675321716705749
15.069999999999723,190.72706811624406,0.0017138406600997486,0.0019765861915905735,0.005862101758953079,0.0016174212814589438
15.079999999999723,190.57512631139994,0.001401032194032185,0.002143766191398599,0.005663822637231902,0.0015678045535565456
15.089999999999723,189.35993644167496,0.001096828501163341,0.0023025500644279907,0.005584084944450255,0.0015191022659917924
15.099999999999723,187.0225093845653,0.0011890640359684913,0.002450511057385236,0.005497668081630676,0.0014720972449293592
15.109999999999722,184.93360987306025,0.0012681257460231403,0.0025849610690192293,0.005405091436779015,0.0014274903031299242
15.119999999999722,186.7606556309328,0.0013386150664064299,0.0027049255985295917,0.00530686887086061,0.0013854141023653323
15.129999999999722,188.32156461001486,0.0014063663018139185,0.0028114586128331815,0.0052034000378151386,0.001345512606726265
15.139999999999722,189.34975992700356,0.001475921016001726,0.0029063848173558706,0.0050951582158044505,0.0013073747909307376
15.149999999999721,190.30190768836616,0.0015482999812282214,0.0029913882619679926,0.0049828287688272865,0.0012706756288639487
15.159999999999721,190.90753296212537,0.0016213209161300467,0.00306726256125585,0.004867083415189525,0.0012351961053372073
15.169999999999721,191.41124574105922,0.0016907397446334598,0.0031335203959095633,0.004748338621531372,0.0012008903801325444
15.17999999999972,191.75271133488593,0.0017520451471157664,0.0031890385970555647,0.004626980057732748,0.001167879068268015
15.18999999999972,192.01524547530022,0.0018011465169689234,0.003233109094620237,0.004503739569970393,0.0011363611110424567
15.19999999999972,192.19632066797138,0.0018320656766672315,0.003266106678887949,0.004379589473996994,0.0011064222424360794
15.20999999999972,192.35010896384827,0.0018358181513734822,0.003289489596360339,0.0042552953322998995,0.0010778255792828967
15.21999999999972,192.56760344527865,0.0018461677837840317,0.003306487319123015,0.004131275889586494,0.0010496454053842495
15.22999999999972,192.81953877964563,0.0018541604902705758,0.0033218754740292917,0.0040079395204897575,0.001020384555691955
15.23999999999972,193.27425051736253,0.0017552938159355307,0.0033387181943970094,0.003885999471260311,0.0009890986759605732
15.24999999999972,193.31860277079923,0.0015602244287638819,0.0033561761039337615,0.0037663107537190205,0.0009561319376674565
15.25999999999972,192.53237418031577,0.0012904392986230956,0.003369800514422908,0.00364945173892615,0.0009229621965513761
15.269999999999719,191.50997761106362,0.0010670636778294196,0.0033724203926913787,0.0035356558239833438,0.000891810623462884
15.279999999999719,190.45664441644874,0.0008353277159308569,0.0033570675623392325,0.003425170300757661,0.0008647453593855346
15.289999999999718,189.07179132104213,0.0005857056962409819,0.003320248759975399,0.0033184739577868296,0.0008427764708600704
15.299999999999718,187.20378369639377,0.00037678097050629946,0.0032620650641676913,0.0032160817815343737,0.0008258855156994356
15.309999999999718,185.23805698812905,0.000530086771900568,0.003184478550043784,0.003118300964674401,0.0008135803056262695
15.319999999999718,183.59413736229817,0.0007397192443328442,0.003090650798247688,0.003093599906196407,0.0008050998312252219
15.329999999999718,182.29241192359748,0.0009835623909828103,0.0029843248395034195,0.003077548520357449,0.0007995252679498593
15.339999999999717,181.12940421792854,0.001212591671032791,0.0028691325852975556,0.0030242260876920733,0.0007958740365880439
15.349999999999717,180.1210741191988,0.0014286523460680443,0.0027487796588271714,0.002943177704927174,0.0007930256736173269
15.359999999999717,180.8232114786808,0.0016387754589330488,0.0026268877567419543,0.002853400576868146,0.0007898789321895338
15.369999999999717,181.5773205756132,0.0018507837823897486,0.0025068530111912483,0.0027760698461617318,0.0007855244426434852
15.379999999999717,182.46710752809022,0.002069573019013442,0.0023908486515479893,0.0030865344203626684,0.0007795225422255399
15.389999999999716,184.0871596039006,0.00229625634060204,0.002278761919198107,0.0035228876775354437,0.0007720535399163412
15.399999999999716,185.59527320355693,0.0025299200697329978,0.0022953169772375256,0.0038664385862751376,0.0007637508250578025
15.409999999999716,186.4540098205002,0.00276886987122051,0.0023865355452834295,0.004093460585528031,0.000755801552533981
15.419999999999716,186.63708767324476,0.003011393430125264,0.0024745094295241803,0.00419196142907602,0.0007496671770763837
15.429999999999715,186.67394862020592,0.0032546144534688413,0.0025533778273143163,0.004161809198252257,0.0007467321976253528
15.439999999999715,186.76608494964563,0.0034919182758368665,0.0026178801303741164,0.004012585310978856,0.0007482146452499473
15.449999999999715,186.8729416531676,0.0037131307470828073,0.002665270200495711,0.00376103751614761,0.0007545832165808949
15.459999999999715,186.91527128359675,0.003906865163280376,0.002695344645020742,0.003429683181170429,0.0007655300860233029
15.469999999999715,186.92735548023737,0.004063485556452812,0.0027100670438481756,0.003046333387577917,0.0007800959709017183
15.479999999999714,186.9630626266581,0.004176125196616749,0.002713910149653348,0.0028334808402504714,0.0007966090153569158
15.489999999999714,186.97315725893347,0.004239226204795318,0.002710948866654947,0.0028940348913152583,0.000813535808312448
15.499999999999714,186.7588625555538,0.0042472109599516125,0.002703171407760216,0.0029565383044034494,0.0008299648244762825
15.509999999999714,186.18768341757263,0.004194535683568622,0.002691504699253268,0.003046054505113437,0.0008452997345079041
15.519999999999714,185.28329378231285,0.004078254127232986,0.0026760368144131135,0.0031167161002897685,0.0008591757077145091
15.529999999999713,185.05971545930345,0.0039015047611508334,0.002656103452673768,0.0031597173930801186,0.0008714451693945071
15.539999999999713,185.3960736857031,0.0036738058869060994,0.00263018569774718,0.003176251877363233,0.0008822437323202721
15.549999999999713,185.57644519044956,0.0034082295516681526,0.0025957401208289866,0.0031775296057625925,0.0008920390966346188
15.559999999999713,185.5986184149395,0.0031172201932846344,0.002550186922018095,0.0032026121850245934,0.0009013122944545022
15.569999999999713,185.46842058803435,0.0028108054760890774,0.002491341291742579,0.0032260598170063192,0.0009104364038394941
15.579999999999712,185.18047920533851,0.002499769252728615,0.0024167227172156437,0.003311372252445736,0.0009199303424462426
15.589999999999712,184.7212178322691,0.0021971598889053163,0.002322981752805655,0.0033790534825251747,0.0009306568552289071
15.599999999999712,184.09633285631546,0.0019156289867101807,0.0022071754210695226,0.0034285415495056643,0.0009434162684423367
15.609999999999712,183.35750860665073,0.0016651469921702565,0.0020698212628900998,0.003459851985781255,0.0009580027285527139
15.619999999999711,182.58063108623273,0.0014513593661089252,0.00196280532239451,0.003473204799096728,0.0009730994849688623
15.629999999999711,181.80118341694214,0.0012746371330542357,0.002111505143193067,0.0035245559814494724,0.0009871365585202045
15.639999999999711,180.98869408205144,0.001187247153137304,0.0022491004939142814,0.003616779780736471,0.0009987137373018277
15.64999999999971,182.98030737508216,0.0014015815563576007,0.002370857749585465,0.0037055859384678394,0.0010066288121782592
15.65999999999971,184.15141318746151,0.0016722550967131168,0.0024744249633624547,0.0037836338910230568,0.001010219909756125
15.66999999999971,183.96933145789765,0.001979608879569704,0.0025607169335365217,0.0038466963991393753,0.0010096119024642937
15.67999999999971,183.78997558761665,0.0023002150777484977,0.002633644412795644,0.0038939030056743093,0.0010058210006411322
15.68999999999971,183.66527648496236,0.0026090013476170308,0.0026987546400143803,0.003926615951375794,0.0010004959365898338
15.69999999999971,183.787760541185,0.002881651200562662,0.002760838570687352,0.003982411316073502,0.0009951382919338864
15.70999999999971,183.94451086073212,0.0030972425050240044,0.0028244869471217163,0.00403464436138601,0.0009910837993319722
15.71999999999971,183.87735882541546,0.0032395086573378928,0.0028957111106306267,0.004039485982102237,0.000989938073806026
15.729999999999709,183.93393548178733,0.003297339965814444,0.0029798362675596177,0.003997755524889348,0.0009931063023596689
15.739999999999709,183.78616895776076,0.003267771094471339,0.0030789771696505984,0.003942253238345423,0.0010011794070419894
15.749999999999709,183.45198771565356,0.003157557754829173,0.0031929727910447563,0.003940811426363701,0.0010141689244798507
15.759999999999708,182.93481760156652,0.0029809934522511453,0.0033218569886675647,0.003948571407692963,0.0010321145712803785
15.769999999999708,182.21644392840219,0.002758048106815392,0.003466722072487995,0.003971858033860183,0.0010552859844595557
15.779999999999708,181.2932721762044,0.002512451909330421,0.0036288929419348716,0.004016299645772605,0.0010839667754399857
15.789999999999708,180.1976358158125,0.0022678297290231147,0.0038083248658629014,0.004084164933489218,0.001118026443356091
15.799999999999708,178.9700605949416,0.0020444724674411083,0.004001941550604805,0.004172933465444893,0.001156471284204946
15.809999999999707,177.6186043987767,0.0018580576084871322,0.004204657973603516,0.004277583245458819,0.0011977742413710806
15.819999999999707,176.1186147028347,0.0017194271541963685,0.0044111055423616255,0.004412219806298778,0.001240389704776808
15.829999999999707,174.4610075423507,0.0016340422802471452,0.004615556635498085,0.004571718959552067,0.0012826918126411999
15.839999999999707,174.02130023778102,0.0016010787674813885,0.004811713414199991,0.004708912416834224,0.0013228358497720642
15.849999999999707,174.2340133146066,0.0016135258815800425,0.00499371590672924,0.004820251607280182,0.0013590206882722528
15.859999999999706,174.88939423256218,0.0016587185758963918,0.005271683700768211,0.004907689621724049,0.0013901244276620327
15.869999999999706,175.84607685041814,0.001718317556254583,0.0055380022931084275,0.004976987177747354,0.0014158883530639955
15.879999999999706,176.93825761082442,0.0017689254352078504,0.005773013071633076,0.005068304247108133,0.0014365492590792154
15.889999999999706,177.89334187210238,0.001785268975781516,0.005976433415093796,0.005155447136349459,0.0014522958690907051
15.899999999999705,178.72575214069172,0.0017435189382104938,0.0061485043033038065,0.005231642344923796,0.0014634345894368348
15.909999999999705,179.470918024149,0.0016228224417558232,0.006291977520790328,0.005297694308335618,0.001470918143708238
15.919999999999705,180.1136572486686,0.001407484583720954,0.006410753800796002,0.0053552431237565735,0.0014759596160556503
15.929999999999705,180.60209817482348,0.0010895045529555954,0.006508556807368518,0.005405915059753306,0.0014796875073426312
15.939999999999705,180.9188469376906,0.000865494952006366,0.006589513445008519,0.005452313088043487,0.0014833263126422845
15.949999999999704,181.088175830403,0.0008201040394239152,0.0066569702743572165,0.0054971179002589595,0.0014878300811419114
15.959999999999704,181.11832062131714,0.0007709304305788345,0.00671132750014315,0.00554032994543923,0.0014932337685134719
15.969999999999704,180.9803387860639,0.0014069395827537026,0.006750744330174674,0.005578836217590035,0.001498878758467866
15.979999999999704,180.82354177894533,0.0020514225075190596,0.006773193997233731,0.00560881281727752,0.0015040623382922165
15.989999999999704,180.84474996437834,0.0026677092314046436,0.006777386293873465,0.005627697518325822,0.0015083193255717882
15.999999999999703,180.6279085926315,0.003221212939467955,0.006762810274236037,0.005634190109971221,0.001511368900782308
16.009999999999703,179.60160709273327,0.0036820123266108166,0.006729259580015233,0.005627496713043685,0.0015129064440080168
16.019999999999705,178.53504538718147,0.004027719151140255,0.006676924158776381,0.005607593069797244,0.001512652510051538
16.029999999999706,177.78076346152943,0.00424555273749811,0.006641879959652923,0.00557567401646391,0.0015104937263314862
16.039999999999708,177.84440923266726,0.0043337526488961805,0.006635875905626035,0.005533561727496947,0.001506321456642063
16.04999999999971,177.8816692996271,0.004301418998685517,0.006674166358718502,0.005482779368414789,0.0014998796969835282
16.05999999999971,177.87214268087237,0.004166998609565471,0.006702585357963525,0.005424415672308926,0.0014908888859473824
16.069999999999713,177.78745405710492,0.003957342677808837,0.006720854651362842,0.005359949444487864,0.0014792697361377374
16.079999999999714,177.60487000964778,0.003705595789768113,0.006729524656791988,0.005291527914371976,0.0014651954011141368
16.089999999999716,177.3284298417218,0.003912556349221431,0.0067293595293721415,0.005221222476637047,0.0014489854741144643
16.099999999999717,178.49913408683818,0.0042913294062797945,0.006721273872115212,0.005150624051574217,0.0014310253634823797
16.10999999999972,180.29465725578555,0.004660392064250851,0.006706732828590224,0.005081218905318905,0.0014117912444184936
16.11999999999972,181.96344416833173,0.005019764434281361,0.006688103778638732,0.0050148627312863155,0.0013919748737845385
16.129999999999722,183.38624142736467,0.005369177417021902,0.006667758607085029,0.005015616383940986,0.0013723240578892508
16.139999999999723,184.52036595975167,0.005705427371322107,0.006647285990273396,0.005029669660218779,0.0013534335878687433
16.149999999999725,185.2543323922317,0.006024634239312827,0.006627460638302752,0.005030087487258636,0.0013356455193113109
16.159999999999727,185.5535760761602,0.006325293842410005,0.006607855144332616,0.005016427213412894,0.001318877084320367
16.169999999999728,185.3719288537904,0.00660914656842544,0.006587328042202458,0.004988110066266865,0.0013028125069796115
16.17999999999973,185.00352421342387,0.006879565993439391,0.006564795043622331,0.004945063402932075,0.0012871970329605214
16.18999999999973,184.71229597037086,0.007136552353091165,0.0065402234297963924,0.00490558788219847,0.001272132903581818
16.199999999999733,184.41099091340595,0.007373889902926387,0.0065140676330596795,0.004997896512986728,0.0012576809593385625
16.209999999999734,184.15734130260464,0.007582699983660818,0.006485657649598592,0.005069531648405155,0.001243726878071348
16.219999999999736,184.46618516035105,0.007756418992412907,0.006454216883395403,0.0051004541962562915,0.001230034685796894
16.229999999999738,184.79613545693724,0.007892819900225443,0.006419531647071179,0.005077462329958616,0.0012166481409421424
16.23999999999974,185.13276662218297,0.007993134264368642,0.006381492324145172,0.004993994259939553,0.0012036518880918722
16.24999999999974,185.34455776438793,0.008058649534501187,0.006340124854003915,0.004855434885325529,0.0011910750444674143
16.259999999999742,185.409842254611,0.008087021077856861,0.006295380871767075,0.004676856576683345,0.0011788378933812293
16.269999999999744,185.62446921844887,0.008073438411985994,0.006246726268200668,0.004479789179683704,0.001166747842604139
16.279999999999745,185.82139704511553,0.008015957049554902,0.006193325000655698,0.00428831303899091,0.001154625075174831
16.289999999999747,185.96788277457597,0.00791823085163073,0.0061352973880864905,0.004157067110775549,0.001142605321778345
16.29999999999975,186.07438720789614,0.007786662049894725,0.0060743469728201825,0.004132701239264161,0.0011312157361054594
16.30999999999975,186.09856793881707,0.007626876538378238,0.006021870173789069,0.004121393248679471,0.0011210613763212168
16.31999999999975,186.00517551588277,0.007442302217320894,0.0059778680991914865,0.0041262166983924665,0.0011127702969080367
16.329999999999753,185.79697168919412,0.007234971628631058,0.005939255068845449,0.0041511651155501424,0.001107451754623787
16.339999999999755,185.48025351051132,0.007009311206579473,0.005911023231796487,0.004200639465161467,0.0011065686804594753
16.349999999999756,185.0400179869544,0.006774168359022521,0.005896559524253611,0.004276586648585973,0.0011110958160566937
16.359999999999758,184.4749340834064,0.0065399549804108035,0.005896279493155433,0.004376756617421554,0.0011211105095149723
16.36999999999976,183.83785669059472,0.006313382297860784,0.0059084007822142156,0.00449521750794017,0.0011360512011987151
16.37999999999976,183.19246113498437,0.006095739240441189,0.005930594651827077,0.004624701517550894,0.0011552259458088114
16.389999999999763,182.54594466719453,0.00588742799687766,0.005960246991108337,0.004758871575658096,0.0011778746558860878
16.399999999999764,181.8504175205173,0.005692317653793938,0.005992666837314667,0.004891696954764548,0.0012026122094656096
16.409999999999766,181.09259557820548,0.005517182088007238,0.006021037955760318,0.005016757400858702,0.0012273971735318825
16.419999999999767,180.55191472279895,0.005367985127218223,0.006038944198197241,0.005128927070805319,0.0012502913211681615
16.42999999999977,180.3141401668892,0.005245867678315932,0.006041810994521313,0.005225340952950173,0.001269926200405964
16.43999999999977,180.31458681534735,0.00514613310090515,0.006027288898882259,0.00530511781186873,0.0012856247381997665
16.449999999999772,180.61257249013548,0.005060768424675115,0.005994857691821561,0.0053679037796678045,0.0012972405207894572
16.459999999999773,181.06269148952128,0.004982301794857527,0.005944790889799494,0.005412441521688372,0.0013048122173547575
16.469999999999775,181.48506998699008,0.004905669913644421,0.005878155377750506,0.005437541464759226,0.0013085819230671874
16.479999999999777,181.82817324034565,0.0048258849467979845,0.0057971302406530055,0.005443480243187075,0.0013091500042585755
16.489999999999778,182.0753661830203,0.004734954100550901,0.0057055171816426725,0.005432494373419904,0.0013076252645400361
16.49999999999978,182.21521329886232,0.004621639370689251,0.005608671249772009,0.005407470365677184,0.0013055241892899866
16.50999999999978,182.20360501864016,0.004475562021961018,0.005511588404640061,0.005815495269267598,0.001304171672651506
16.519999999999783,181.97431920900064,0.004291914529359358,0.005417989351263791,0.0061852923803656975,0.0013045104948873872
16.529999999999784,181.4810193154196,0.004071657547767985,0.005331293770676726,0.006428262173647448,0.0013074999468961142
16.539999999999786,180.72065981004135,0.00381968029969612,0.005254309484119474,0.006533765169236581,0.0013140283366232805
16.549999999999788,180.47851950184702,0.0035435217138985995,0.005187299199020779,0.006499173244021664,0.0013242188808897614
16.55999999999979,180.65170514661747,0.0033441277095616947,0.005127000987021054,0.006330481812819219,0.0013370421467832913
16.56999999999979,180.76304611845507,0.003344516645470816,0.005068084122685209,0.006044100250011215,0.001350801831079952
16.579999999999792,180.7513634423629,0.0032345171720977277,0.005005427934916791,0.0056671320757448376,0.0013639394839700593
16.589999999999794,180.56138276601266,0.003032013722931013,0.004934868121542028,0.005234348992183644,0.0013752847094208234
16.599999999999795,180.1652267228324,0.002763060837036717,0.004853171763962852,0.005038806296183168,0.0013839393968697782
16.609999999999797,179.55734282072035,0.002459338031193237,0.004758284391386815,0.005223956631312826,0.0013892594657550835
16.6199999999998,178.75729214610985,0.0021542036650887514,0.004649076826988923,0.005337554961529571,0.0013908198768743118
16.6299999999998,178.21441193721776,0.0020191414499779224,0.0045254886680384365,0.0053640019779567045,0.0013885349623617863
16.6399999999998,177.93873721451223,0.002011541474742135,0.004388865213845607,0.00529495074600604,0.0013827622450396531
16.649999999999803,177.52397450260946,0.0020355411094986854,0.004241390598959968,0.005129130087014934,0.001374089955124102
16.659999999999805,176.9612387944573,0.002083051995842012,0.004086102114380623,0.004871167220007949,0.001363320750761264
16.669999999999806,176.24873048521695,0.0021396119833685034,0.003927577671516306,0.0047773177110759036,0.0013517020592229152
16.679999999999808,175.5913901613627,0.002188519533333579,0.00377116915914651,0.004741523137823568,0.0013407315435886122
16.68999999999981,175.67021668803045,0.0022174343268118522,0.0036210162124060605,0.004778606662419867,0.001331565854842588
16.69999999999981,175.63671444406233,0.0022195865893555283,0.0034786636507942127,0.004853753354111572,0.0013246015726074323
16.709999999999813,175.55992505812463,0.0022387441956823627,0.003342389184120192,0.004953724710416746,0.0013193048193988566
16.719999999999814,175.74588791946513,0.0024763012506416517,0.003208230020219903,0.005053130905904557,0.0013145328081772501
16.729999999999816,176.3046467651147,0.0026803844968587955,0.003072019143460941,0.005123423986652387,0.0013090871157040674
16.739999999999817,177.11911167659002,0.0028311229417250874,0.0029294006542357194,0.005143969935564878,0.0013016558318123235
16.74999999999982,177.86463247727164,0.0029162275072164012,0.0027757907121129495,0.005100098924908727,0.0012908012492256397
16.75999999999982,178.52781288503544,0.0029390152263072513,0.0026076375713987477,0.004989147099666934,0.0012754053699235378
16.769999999999822,179.05117307145792,0.002895045142725261,0.002422640119577708,0.004820140561105903,0.0012548074861438285
16.779999999999824,179.4204858739985,0.002794160529203473,0.002220144594004314,0.004855623729151339,0.001228885860140328
16.789999999999825,179.6903187008527,0.002651118263999405,0.002002135038027249,0.004943583220405619,0.0011982268774873145
16.799999999999827,179.90415534611557,0.0024843568511569254,0.0017729156974678765,0.0050177584503044185,0.001163962194013267
16.809999999999828,180.0453359131511,0.0023153654857369604,0.0015451344788925511,0.005077432426917196,0.0011272121512409614
16.81999999999983,180.09274829532532,0.002167293805694508,0.0013141856899404332,0.005121968684642038,0.001088790246139563
16.82999999999983,180.07583862472507,0.002062230982473507,0.0010820420955223347,0.005150911633471817,0.001049461571379403
16.839999999999833,180.03214526903602,0.002040078553986262,0.0008504217746572779,0.005164038057701568,0.0010098097962633445
16.849999999999834,180.15135650441215,0.0024273046990648164,0.0006188577743606584,0.005161313604858162,0.0009697367965155538
16.859999999999836,180.6919443503653,0.0027974207558268487,0.00038574620536892273,0.00514276996626923,0.0009286922061310839
16.869999999999838,181.64855707916624,0.0031490871795957945,0.00026846021642050184,0.00510843814639515,0.0008864354354186837
16.87999999999984,182.56161449760037,0.003482811190879813,0.00026496232107766396,0.005058448137989585,0.0008432334039968065
16.88999999999984,182.9225835443981,0.003798990886912592,0.00041861854534069035,0.0049931398218894954,0.0007996603688290617
16.899999999999842,183.08548203325302,0.004095391249554079,0.0006569952497651178,0.0049129809247496084,0.0007562528804022959
16.909999999999844,183.93857550928684,0.004366812765738272,0.0008892274516954736,0.004818427517383673,0.0007428965128000368
16.919999999999845,185.12496476476582,0.004608990149853031,0.0011148000392006052,0.00471000914525696,0.0007577308752270167
16.929999999999847,186.1295462592545,0.004821187167357766,0.0013329280153443965,0.004588567762633498,0.0007675016128374092
16.93999999999985,186.89811390326477,0.005004688288120181,0.0015414214990728116,0.004455264302119631,0.0007718656110113587
16.94999999999985,187.3486907066716,0.005160619930651935,0.001736948941245245,0.004311275157173596,0.0007702128022247283
16.95999999999985,187.5619338625159,0.005288926062668474,0.0019150166352225016,0.0041576053411588295,0.0007616122166010262
16.969999999999853,187.67130170682276,0.005389126514845338,0.0020713319314799254,0.004009869892467833,0.0007451641062656808
16.979999999999855,187.9618991490264,0.005461826003615866,0.0022042333423427075,0.00386197851203866,0.00072066734636908
16.989999999999856,188.1443031088101,0.005509075725127657,0.002314458450557452,0.00370770529503024,0.0006886155993538143
16.999999999999858,188.35119540134477,0.00553335976385708,0.002403467679897603,0.004133700552969512,0.0006798106915538146
17.00999999999986,188.54176875211382,0.0055357659857701485,0.002473298461814098,0.004800784074917236,0.0007468207524420314
17.01999999999986,188.65560053691343,0.005514482455647126,0.002526607316961296,0.005426158980308611,0.0008047768669491792
17.029999999999863,188.70791592800555,0.005466169353860417,0.00256604119167299,0.005973361939690465,0.0008498496420167915
17.039999999999864,188.72671402212242,0.005389526898678022,0.002594249926429558,0.0064130333802529605,0.0008785539417356432
17.049999999999866,189.89524681791661,0.0052874283762172685,0.0026141332405274186,0.006725511785051873,0.0008882767385161722
17.059999999999867,190.86835695199113,0.005166355597251577,0.0026286514035984755,0.00690132829615889,0.0008777877911982617
17.06999999999987,191.08532256106665,0.005033366919458511,0.0026408614594358635,0.006940724484062585,0.0008473061131286929
17.07999999999987,190.27150656285852,0.004897374719470028,0.0026542321041417957,0.006853516937714474,0.0007981918074982742
17.089999999999872,188.53944145718802,0.0047639220398813225,0.002673360347143709,0.0066593453872524485,0.0007327328296398823
17.099999999999874,186.61358437691877,0.004638057536691951,0.0027036535436085994,0.006386772745500885,0.0007205402467936646
17.109999999999875,186.99148229254277,0.004527631428884379,0.0027494049556123024,0.006069972254536086,0.0007376256919727034
17.119999999999877,187.26621038956415,0.004436412732448611,0.00281212252093527,0.005743824373376547,0.0007523394670354135
17.129999999999878,187.44713118796835,0.0043620673374130964,0.0028894987845775807,0.005611076597175167,0.0007613835417051369
17.13999999999988,187.5065867391811,0.00429718445301258,0.002976078990798379,0.0057141957401075855,0.0007648392469366595
17.14999999999988,187.36240323358857,0.004231853438782124,0.0030652883198988476,0.0057231902496907,0.0007628371378259267
17.159999999999883,186.95734023718535,0.004156878332486711,0.0031508018871163907,0.005633854842453467,0.000755540015854389
17.169999999999884,186.32117719808792,0.0040642851778766855,0.003227665934377284,0.005450507219533602,0.0007431943849045095
17.179999999999886,185.51396748118214,0.003945651404782606,0.00329292423121849,0.00518441404740956,0.0007261433729860173
17.189999999999888,185.48951194799093,0.003792774470839297,0.003345480081103964,0.004953049249930948,0.0007047658367414747
17.19999999999989,185.5458174642893,0.003601650803282533,0.003385847776294133,0.005057168332215526,0.0007265525070632562
17.20999999999989,184.8964330893342,0.003371449235808982,0.0034156321745218944,0.005154108217416623,0.000749449914066296
17.219999999999892,185.3211588512926,0.003104773141966644,0.0034362504531544936,0.005213604502930552,0.0007715258260187988
17.229999999999894,185.92049801678743,0.0028101336849133685,0.0035707227222922773,0.005207469305783648,0.0007926405429096471
17.239999999999895,186.3409712303394,0.002868668381430721,0.0038110281703808632,0.005111432848377214,0.0008127285647890224
17.249999999999897,186.4967881172666,0.002995087581755284,0.004043018521711466,0.004907611358393344,0.0008318046559204358
17.2599999999999,186.33266740119578,0.003011276793370699,0.004268798423762498,0.004587353665831121,0.0008496866669413701
17.2699999999999,185.89562045812602,0.002911682910155318,0.004490318507659174,0.004153241812254566,0.0008662641799676646
17.2799999999999,185.29325101479384,0.0027015309871221906,0.004708266139563378,0.0038284528110537463,0.000881483450289785
17.289999999999903,184.5938148148077,0.002395481612307414,0.004921704385280158,0.003768892795269221,0.0008952998379472984
17.299999999999905,185.10263038662484,0.0020174754842944504,0.005129126747352312,0.003666728940796227,0.0009076368630088561
17.309999999999906,185.70806384216652,0.0015997469731197566,0.005328561315176592,0.0035163207739886612,0.0009184165518343355
17.319999999999908,186.1682093407388,0.0011789532085880155,0.005517572748494269,0.0034895840897342417,0.0009276149151685439
17.32999999999991,186.4125622317191,0.0007917486725099542,0.005693940225396821,0.003642284479989857,0.0009352575149145722
17.33999999999991,186.38718795764305,0.0006841194399037577,0.005855318273861685,0.0037558668685680583,0.0009413545015433683
17.349999999999913,186.09068597602905,0.0007720012858770933,0.0059986025446029595,0.0038057191994257424,0.0009574295138636045
17.359999999999914,185.55019595820127,0.0008159630451531324,0.006119800830404036,0.003782704709723489,0.0009772145321707744
17.369999999999916,184.72923095609963,0.0008152382328480283,0.006214389179944749,0.0036992125445446207,0.0009916923368922393
17.379999999999917,183.69107962332706,0.0007724099498629567,0.0062782716500275355,0.003675464300572887,0.001003708625917781
17.38999999999992,182.68069306934933,0.0006945124955929067,0.006309239430318214,0.003691306885434449,0.0010140512132668388
17.39999999999992,182.13386805410298,0.000658678298392166,0.00630888517870169,0.003674164362664075,0.0010191820405841523
17.409999999999922,182.48970954724194,0.0009505434146459666,0.006282875346791312,0.0036327130996234606,0.001019063389110059
17.419999999999924,182.79580450360598,0.0012386905184295937,0.0062379824670792325,0.003577162151071597,0.001013692060884534
17.429999999999925,183.0111200619089,0.0014834884102636235,0.006179237237290851,0.0035264335808577675,0.001003117805011073
17.439999999999927,183.25209014900906,0.0016484763174001776,0.006110729584435947,0.0034832411924079413,0.0009874177299596994
17.44999999999993,183.77132189636367,0.0017037089941612422,0.006036981974087416,0.0034714818631893817,0.0009666967208211307
17.45999999999993,184.15781173261024,0.0016279384444842532,0.0059616136679374165,0.0035080402287891725,0.000941124144719474
17.46999999999993,184.3999271009917,0.0014119340071507022,0.0058867047822551465,0.003405238140405093,0.0009109289346356267
17.479999999999933,184.4861063599578,0.0010604686617844369,0.0058133709409726045,0.0033004955146859866,0.0008763546138366102
17.489999999999934,184.39441956797083,0.0005917868757240286,0.0057414703182896275,0.003159571934535657,0.0008449120630399852
17.499999999999936,184.10461844150512,0.00034454548182641186,0.005669372091014082,0.0030063355177409974,0.0008272818344597612
17.509999999999938,183.62837750225574,0.0008339327793205851,0.005593802301426414,0.002965636861706595,0.0008086164805898742
17.51999999999994,183.01393922332377,0.0014368025485870576,0.005509333488610826,0.0029374574265649636,0.0007890024915211575
17.52999999999994,183.46415219430423,0.0020011871783803424,0.005409125953743374,0.0029085597761760945,0.0007684311872384709
17.539999999999942,184.22814777662015,0.0024859795364333874,0.005287564550358208,0.0035532659311959184,0.000746926539153722
17.549999999999944,184.94201322126696,0.002857846570150819,0.005141968518434039,0.0042340129385144976,0.0007425316838700661
17.559999999999945,185.54458955951404,0.003094515294276846,0.004972365035792832,0.004786135488914145,0.0008157468167562745
17.569999999999947,186.00826307344965,0.003185989202234888,0.004963981687069374,0.005189096647420586,0.0008240971694997251
17.57999999999995,186.23847674023756,0.0031345580076767863,0.005006528229636411,0.005436397379695812,0.0007686929674927749
17.58999999999995,186.30890402548957,0.002954433466278923,0.0050315707221394446,0.005534857500617479,0.000656630292337958
17.59999999999995,186.34094213231302,0.0030788086034830003,0.00504120402810718,0.005502991612856673,0.0006563972935799191
17.609999999999953,186.27518963550907,0.0033022104592015226,0.005039956184671635,0.005369185947326837,0.0006923830379647742
17.619999999999955,185.98222848623195,0.003497274285805095,0.005034176522423772,0.005169284952679291,0.0007255753556068908
17.629999999999956,185.49798469432557,0.0036675987449752982,0.005030832346104363,0.004942910753147518,0.0007555023190292261
17.639999999999958,184.92373173643,0.0038174095974547843,0.005035977925918846,0.00498091150696652,0.0007816851349606599
17.64999999999996,184.45087867228006,0.003950162127738315,0.005053007916518297,0.005337734396060911,0.0008037200799681548
17.65999999999996,184.37471453514343,0.0040692322255667214,0.005081980629098939,0.005608024525744338,0.0008212963073690269
17.669999999999963,184.12839890424098,0.004179612114206755,0.005120270496239124,0.005780690728464073,0.0008341497216969527
17.679999999999964,184.64667637094647,0.00428733900927759,0.005163810635136223,0.005854064042744091,0.0008420815540824736
17.689999999999966,184.94325139292792,0.004397967973692538,0.0052078229480619605,0.005834726501303301,0.000845002786417492
17.699999999999967,185.07671519208478,0.004515996430734794,0.005247242825953826,0.005735151335446874,0.0008428853037881404
17.70999999999997,185.1114708791112,0.004644106479469576,0.005277676819465988,0.005571917400682058,0.000835699610279484
17.71999999999997,185.15939050602393,0.004782170558307649,0.0052956635134513725,0.0056466889264254645,0.0008234661064025004
17.729999999999972,185.89242172967883,0.0049271364351773225,0.005298615368445183,0.005983574410753572,0.0008063215800753719
17.739999999999974,186.4898796858317,0.005073851354291834,0.005285354646081832,0.006286664084353102,0.0007844692002187951
17.749999999999975,186.95016939520278,0.005215291035357157,0.005256182656655469,0.006529049165893046,0.0007581071854091073
17.759999999999977,187.28777553587295,0.00534388203649259,0.005212176009176635,0.006689239725413257,0.0007274561165344515
17.76999999999998,187.51510031912736,0.005459225034503827,0.005154810314518786,0.006753239710584472,0.0007232772071892026
17.77999999999998,187.62440482388644,0.005549463130994135,0.005086899183345237,0.0067158315739631325,0.0007420268979925726
17.78999999999998,187.63010458817206,0.005611205952633167,0.005013035314758743,0.006580609972388118,0.000744004130359026
17.799999999999983,187.4770859246202,0.005641828224519452,0.004938458686432852,0.006359182419883335,0.0007515314105189632
17.809999999999985,187.12592467354497,0.00563949215553765,0.004867156483223311,0.006070084082927841,0.0007760822421749202
17.819999999999986,187.49143744993032,0.005602520040243208,0.004800430710167463,0.00573731301468704,0.0008022510329902973
17.829999999999988,187.752759387594,0.005530099255828651,0.0047382171781417525,0.005388208125774781,0.0008297762090271024
17.83999999999999,187.95196804696857,0.0054231951822935305,0.004680723080295654,0.005050812794367113,0.0008583783557428739
17.84999999999999,188.1080819503649,0.005283430246921118,0.0046274784209448475,0.005007501032684651,0.0008874395764819471
17.859999999999992,188.17427774299398,0.005111753104195021,0.004576242474376188,0.0050156558629697555,0.0009158420489020282
17.869999999999994,188.05980003724812,0.0049086304162319514,0.004523495039262833,0.004951239508397409,0.0009422593962374336
17.879999999999995,187.67191556692745,0.004675308105151098,0.0044655289369602775,0.004804726261936708,0.0009654175480611893
17.889999999999997,187.06201444204152,0.00441435714563967,0.004399114796152083,0.004575038289150353,0.0009841199833131385
17.9,186.67712006285095,0.004129328893788431,0.004321559633472546,0.004311307393773622,0.000997213852484106
17.91,187.4054913527089,0.0038236245422723137,0.00423053269996549,0.004421974303699789,0.001003631951937025
17.92,187.51859151018684,0.003499278855749487,0.0041234282896523795,0.004554684951673756,0.001002318254767599
17.930000000000003,186.83076169767793,0.0031578492687699155,0.003997171583105234,0.004677229284293094,0.00099222685399742
17.940000000000005,185.3502273347795,0.002802577748755686,0.0038492384508247417,0.004755636276061066,0.0009725901656441212
17.950000000000006,183.25507979467625,0.0025874832997727837,0.0036784980251708768,0.004757260319904296,0.0009430479731227599
17.960000000000008,180.72968141861494,0.002844823493271784,0.0034865919434238194,0.0046532894810759964,0.0009039453643807886
17.97000000000001,178.5335870559989,0.002974024143940161,0.0032788872984016184,0.004421030289290795,0.0008566667892025437
17.98000000000001,176.99739749892473,0.002959723455637841,0.003203999889215788,0.00404639159222851,0.0008035061657223974
17.990000000000013,177.15665306325468,0.002799059816361484,0.0032164114209749543,0.0035263522765678606,0.0007473743523241069
18.000000000000014,178.57656937450324,0.002501486625721766,0.0032346316290144434,0.002870560793869891,0.0006911388259766283
18.010000000000016,179.81602916692614,0.002087443415767306,0.003264526099343262,0.002267870881138279,0.0006369220076148319
18.020000000000017,180.8973746666618,0.0015866801163730846,0.0033089384998556486,0.0020984756442926724,0.0005859814410502795
18.03000000000002,181.84321692859115,0.0010362361971181875,0.0033680115308947533,0.0019616782841868764,0.0005388157140292876
18.04000000000002,182.65298411298429,0.001281435177636113,0.0034398029289376556,0.001914152945264072,0.0004953092350725967
18.050000000000022,183.32378947037174,0.0016040296422881047,0.003521017216108436,0.0020807123137120765,0.0004549090121555504
18.060000000000024,183.89120333026074,0.001907602743254575,0.0036071707973352792,0.0026843966773274714,0.0004958706801482975
18.070000000000025,184.40281755485267,0.0021865740122605577,0.0036925295577418253,0.0033244850090020863,0.0005586897967876435
18.080000000000027,184.85020859398156,0.002434515123568096,0.003771045297697003,0.0038202429355123657,0.000605710803590388
18.09000000000003,185.16522484847889,0.0026436219572158258,0.0038374457017280516,0.004159265221587453,0.0006244747879254396
18.10000000000003,185.31070550651606,0.0028065143356748134,0.003886667582194243,0.0043403535966093695,0.0006372328757204459
18.11000000000003,185.32285172218133,0.0029188634373402567,0.003913196077650278,0.004375195418688388,0.0006314310016117743
18.120000000000033,185.24343007148752,0.002980250194724621,0.003911986111792704,0.004288727734374901,0.0006072480255044407
18.130000000000035,185.04470542983177,0.00299416122596954,0.003880058860905341,0.004116061886439599,0.0005665564299506358
18.140000000000036,185.09761725631884,0.0029672368190319463,0.003817727158468271,0.0038964986909067463,0.0005119449921700603
18.150000000000038,185.57381056526162,0.0029069584867034573,0.0037281080963167262,0.0036677630852944374,0.0004796075378281987
18.16000000000004,185.9908269040158,0.0028205568568313607,0.0036163111723905793,0.003472315329375754,0.0004905527724653445
18.17000000000004,186.29973170901073,0.0027165699470128386,0.003488786044916605,0.003804475635179108,0.0004997682600417142
18.180000000000042,186.47088122657814,0.002605345054937927,0.0033514521605228385,0.004033189945070799,0.0005072250212776638
18.190000000000044,186.5331221562728,0.0024965349599329165,0.003208953979868032,0.004151663852763572,0.0005129382847558513
18.200000000000045,186.54859389962073,0.0023965842177650033,0.003065065962217693,0.004163648736370163,0.0005520609217685895
18.210000000000047,186.53778249914345,0.002308579928446117,0.0029227497581357053,0.004082719334643544,0.0005912507192740758
18.22000000000005,186.44624173918734,0.0022340132764434393,0.002784239170934575,0.003929310078428849,0.0006270352659669891
18.23000000000005,186.21370970706036,0.002175347428092749,0.002650519185683166,0.0038842338941381567,0.0006599834235811708
18.24000000000005,185.85527341410986,0.002275161336770166,0.002520451731211386,0.004086779492789169,0.0006901066140468068
18.250000000000053,187.29268013724752,0.002456262502821654,0.002390880937644742,0.004250518900513207,0.0007146126927324914
18.260000000000055,188.72064131800414,0.0025478953801154696,0.0022577408514051524,0.004350904217962254,0.0007347474946877335
18.270000000000056,190.05064705485896,0.0025337206543378844,0.002117783760625948,0.004367380821576306,0.0007515149024225803
18.280000000000058,191.29658136889483,0.0024069278768703915,0.0019689949497580556,0.0042872612341606125,0.0007655679479341279
18.29000000000006,192.3958269926132,0.0022713736405762545,0.0018101844694953008,0.004109266897933589,0.0007773575821894285
18.30000000000006,193.1609620752198,0.0023403837020476853,0.0016418618655805845,0.003853201476451601,0.0007868679383939603
18.310000000000063,193.59770371163012,0.002416474691464817,0.0014660415233283596,0.003777228003655873,0.0007936729184736031
18.320000000000064,193.79308545601742,0.0024953837788755017,0.0015104557337961197,0.003957566865774964,0.0007973945985374157
18.330000000000066,193.7761444011074,0.0025709647442243794,0.0016390449125912845,0.004114437783728172,0.0007977145021119506
18.340000000000067,193.58467033234933,0.0026378919083706927,0.0017687089877448088,0.004236615598795122,0.0007940791219966391
18.35000000000007,193.1646303364634,0.0026938066790776613,0.0018963809752493878,0.004311043726250233,0.0007857946855742994
18.36000000000007,192.5229723199556,0.0027387155361938984,0.0020194144529680907,0.004325790779190949,0.0007722939518506266
18.370000000000072,191.7240514671613,0.0027728236338309606,0.0021356044631926654,0.004272737703537172,0.0007530814858925603
18.380000000000074,190.81414276293563,0.0027953941446267616,0.002243213194664224,0.0041479817479208965,0.0007278596657680048
18.390000000000075,189.78886606220726,0.0028064031954958594,0.0023413227086820335,0.003951268756692137,0.0006966463299787989
18.400000000000077,188.67457498211493,0.002808836303277731,0.0024296142534931506,0.0036876066374842108,0.0006596970863288227
18.41000000000008,187.49198705704003,0.002808648671725154,0.002507580454650641,0.003478801196338474,0.0006745823278546357
18.42000000000008,186.28648198916315,0.002812409668470014,0.0025742176120496976,0.003304995746927991,0.0006866802076511881
18.43000000000008,185.10387360458733,0.002824483806561728,0.002628357637428844,0.003091039193651739,0.0006953918356602123
18.440000000000083,183.91517982376357,0.0028454096824860353,0.002669098611683606,0.0028487973752661473,0.000700385122591351
18.450000000000085,182.6634403718117,0.002873151220646946,0.002696910758414818,0.0030657516322449203,0.0007017787780494333
18.460000000000086,182.4358471316298,0.0029061205418545255,0.0027138720802874798,0.003397508619295831,0.0007001806169306626
18.470000000000088,182.60189750003985,0.0029439613397295797,0.002722842570199644,0.003673788050740478,0.0006963921178222524
18.48000000000009,182.7176462277793,0.0029852658344087972,0.0027272559036185242,0.003873960616155689,0.0006913444873343998
18.49000000000009,182.7744540485965,0.0030255149498134223,0.0027307557301228746,0.003981036014040823,0.0006860543322632495
18.500000000000092,182.80797724898093,0.0030581431702714225,0.0027366626924879307,0.003983112247903213,0.0006815258502740761
18.510000000000094,182.81626775712067,0.0030771326074809377,0.0027477383637204613,0.0038765264883144283,0.0006786671101060141
18.520000000000095,182.70790861156604,0.0030853797141057455,0.0027658099275066797,0.003668187532378484,0.0006781010349258093
18.530000000000097,182.61125933451933,0.003071739508680122,0.002791342316612373,0.0033748613367108747,0.0006799711043950367
18.5400000000001,183.57018331980998,0.003035393354973033,0.002824096325627025,0.003019514292900807,0.0006841453130447171
18.5500000000001,184.42741581349225,0.0029749094003317946,0.002864189357179168,0.003162039965676585,0.0006906173259636408
18.5600000000001,185.18764827671575,0.002887095330907611,0.0029116878604873286,0.00332267221687421,0.0006994668251613119
18.570000000000103,185.835774538059,0.002768577571779035,0.0029662420921365805,0.0034702197582881177,0.0007107168181660732
18.580000000000105,186.2880357622158,0.0026190035370983827,0.0030273523610134957,0.00360406647666056,0.0007242901938137769
18.590000000000106,186.4491539820669,0.00244182588820797,0.0030940224315970095,0.0037236191177256847,0.0007398425393938247
18.600000000000108,186.29717051156373,0.0022416854242358094,0.0031648694055794943,0.0038282339748239515,0.0007568501349561863
18.61000000000011,185.87469798389262,0.0020209164026427856,0.0032390252699463586,0.003917270752515505,0.0007749729160920368
18.62000000000011,185.2139704633122,0.0017786128767359227,0.003316559872002137,0.003990316039043586,0.0007942036856422863
18.630000000000113,184.31637754976202,0.001513494131115645,0.0033975778606943163,0.004047323940782989,0.0008145482924699323
18.640000000000114,183.1932663343977,0.0012281545796359442,0.003481305147264019,0.004088476850001149,0.0008357178412531753
18.650000000000116,181.8794185663435,0.0009292671611577189,0.003566621632041353,0.004113943895530778,0.0008573170812274788
18.660000000000117,180.40424056753008,0.0006228008718193208,0.0036527313250245058,0.004140077647846024,0.0008790933598411441
18.67000000000012,178.77878359147732,0.00031029901500527127,0.0037389117157823524,0.004151726825612208,0.0009008518799620865
18.68000000000012,177.5801168315034,0.0005451128451678174,0.0038824241669445816,0.004148104623467258,0.0009221870066314182
18.690000000000122,176.30521792490936,0.0008691346063956282,0.004066226135006162,0.0041297070655528755,0.000942492692364295
18.700000000000124,174.8706121793821,0.0011995042726070078,0.004241831114703797,0.0040971750753021514,0.0009612031940104013
18.710000000000125,174.5592459535393,0.001540163901001746,0.00440637449765138,0.004051230711011248,0.0009778107274688332
18.720000000000127,175.66137417174224,0.0018925017620159334,0.004557105643692372,0.003992657819913765,0.0009918796451267684
18.73000000000013,177.27026520180314,0.0022538934312023714,0.004692462499903222,0.003922320747101435,0.0010033139290355788
18.74000000000013,178.8124999986263,0.002619784012466554,0.004812695929533558,0.003841188008705941,0.0010125255339332613
18.75000000000013,180.22613122559116,0.0029869016409626303,0.0049196286186456864,0.0042580174115006975,0.0010203696458316396
18.760000000000133,181.44074798936373,0.0033543806505878107,0.005015836557513097,0.004902239468606897,0.001027892590229392
18.770000000000135,182.4418005937601,0.0037210110553817692,0.005103695958553113,0.005464136168586349,0.001036029160177972
18.780000000000136,183.25831988662983,0.004081268209402343,0.005185286520288386,0.005926165313173282,0.0010455878656377249
18.790000000000138,183.88497368335368,0.004423904354372844,0.0052619478285164676,0.006255070756727604,0.0010571808744387309
18.80000000000014,184.2563669038402,0.004735406675433016,0.005333537480239386,0.006437361586130878,0.0010710363366129012
18.81000000000014,184.29560560416004,0.005004703561258767,0.005398480509945763,0.006473594500738068,0.0010869686051832763
18.820000000000142,184.1287717177671,0.005224069064308103,0.00545414449488043,0.006377675214471572,0.0011044254407326262
18.830000000000144,184.13129279726553,0.005387123261586515,0.005497310573053452,0.006171953642063557,0.0011226007713074054
18.840000000000146,183.93836793262153,0.005487333993686271,0.005525064736320289,0.005882086054708279,0.0011407087077375546
18.850000000000147,183.54218811767714,0.0055197735064222014,0.0055356129724841805,0.005535066056440326,0.00115824964541397
18.86000000000015,182.95188675728963,0.005484859573560912,0.005527556688999594,0.005160010353920821,0.0011748213271857665
18.87000000000015,183.16185736272385,0.00539035612563191,0.005499206109080132,0.004788181620450705,0.0011899211289383596
18.88000000000015,183.88007391238233,0.005249678806444393,0.005449458607406558,0.004449463383901674,0.001203190688766573
18.890000000000153,184.4028276984494,0.005076872841208805,0.005378393430351345,0.0045254960195343615,0.0012145759966499254
18.900000000000155,184.6622774321337,0.004882591866451933,0.005428295663774022,0.004581149167315996,0.0012243086274935427
18.910000000000156,184.68522740135418,0.004675504761589849,0.005504371294055995,0.004575492234854265,0.0012328227136695017
18.920000000000158,184.50314212660305,0.004466321883486099,0.005577535634775893,0.0045161642800930595,0.0012404689534497716
18.93000000000016,184.08228064461593,0.004268847229037688,0.005649051617902342,0.004412492765431324,0.001247559482597385
18.94000000000016,183.37909908252132,0.004096948918090231,0.005721142781221184,0.004423936926250317,0.0012546514191729761
18.950000000000163,182.4548434796275,0.003960213661287684,0.005796282755632119,0.004484904554480485,0.0012624630408964402
18.960000000000164,183.9614642905693,0.0038615832128497934,0.0058766206899927564,0.004570072716502125,0.0012717627576456923
18.970000000000166,185.9392150746736,0.0037981870624831334,0.0059641254615852195,0.004679333136463972,0.0012833383883256793
18.980000000000167,186.5854908505027,0.0037654186951648454,0.006060455966063882,0.004811187670713835,0.00129783565403427
18.99000000000017,186.7133335890801,0.003760220902261786,0.0061664314762684205,0.0049608154571176314,0.00131554952068317
19.00000000000017,186.5991385179875,0.0037790932622499703,0.006281937736127819,0.005121457332657269,0.0013364508126607344
19.010000000000172,186.4101065367463,0.0038148308824014193,0.006406074872469454,0.0052859907113186715,0.0013603271532085116
19.020000000000174,186.17989564904855,0.003856789568876199,0.006536901248822763,0.005447946448001933,0.0013867874148792744
19.030000000000175,186.31253837998233,0.003893897615810551,0.006671977729584781,0.005602032985008842,0.0014152597421242372
19.040000000000177,186.84780089016655,0.003918084801203468,0.00680906523483691,0.005744159910863042,0.0014451185426378518
19.05000000000018,187.38503114862033,0.00392503094137248,0.00694544622292892,0.00587070130309563,0.0014755611947737059
19.06000000000018,187.8491702452225,0.003911934097545474,0.0070775652336377065,0.005978659318458518,0.0015055333308150948
19.07000000000018,188.35321939223684,0.0038757136455395092,0.00720231805118913,0.006067323490813053,0.0015341770182038304
19.080000000000183,188.73090040671843,0.00381327660123501,0.007318087482128497,0.006138615262883491,0.0015611158073874404
19.090000000000185,188.55988171585244,0.0037239850253886196,0.0074240588284461015,0.0061952694717164625,0.0015861573586283017
19.100000000000186,187.70703794730534,0.003612495928352878,0.007519618105407471,0.006239639703057323,0.0016090634369150033
19.110000000000188,186.89604844279984,0.0034883581500338204,0.007605474189813309,0.006274628069061064,0.0016299400509247513
19.12000000000019,186.6994410272916,0.003362459343797751,0.007683566207383838,0.00630371798583673,0.0016493251840412706
19.13000000000019,187.03685467259015,0.0032466290804070257,0.0077544750111251505,0.006328729034050673,0.0016674738827317465
19.140000000000192,187.36830680341802,0.003141995685687096,0.007816673210063445,0.0063490531059682,0.00168405126002892
19.150000000000194,187.05023773648497,0.003053939933557325,0.007868503028610762,0.006363543090858223,0.0016985857748391788
19.160000000000196,186.05605692139952,0.0029908437122391387,0.007909672407192179,0.006371893503229207,0.0017108837244320687
19.170000000000197,184.96197637425902,0.002962329181793076,0.007941471277377923,0.00637464131744681,0.0017211916714905831
19.1800000000002,184.2327776746046,0.002975531098917018,0.007966104157653036,0.0063731791065775355,0.0017301144559426424
19.1900000000002,183.67270046951785,0.003032207275519485,0.007985916222690582,0.006369633295331415,0.0017383977658963405
19.200000000000202,182.57959474891547,0.003128928511560238,0.008003375453959703,0.006366637313220968,0.0017468240746594129
19.210000000000203,181.18494041963837,0.003260963002218159,0.008021108771017565,0.006367017468970661,0.0017561309737400348
19.220000000000205,181.33642065082407,0.003424935452266492,0.008041429170374245,0.006373170038295923,0.001766877059865354
19.230000000000206,181.4841247453333,0.0036175540442841604,0.008065668909995232,0.006386655129656822,0.0017793270985264646
19.240000000000208,181.5913639257235,0.0038319510214023488,0.00809404907480348,0.006408302970568631,0.001793491507181463
19.25000000000021,181.51208084457468,0.004055613100587005,0.008126216752167638,0.006438521920177015,0.0018092949995548002
19.26000000000021,181.3627328473435,0.004273012973392868,0.008161461947531146,0.006477108492096489,0.0018265762375101458
19.270000000000213,181.21270375721002,0.004470956786070542,0.008198976702469893,0.00652542050997092,0.0018450746820758688
19.280000000000214,180.99932785154985,0.004641473449227928,0.008238076524778693,0.006616005017474806,0.001864473188373935
19.290000000000216,180.7771313935155,0.004780598045278453,0.008277495147122005,0.006703129107708999,0.001884284926310243
19.300000000000217,181.65057083863695,0.004884969425148008,0.008315170251767888,0.006782033083195013,0.0019039013137322034
19.31000000000022,182.1487412738783,0.00494950860798213,0.00834837693651437,0.0068491044628133,0.0019226115892016873
19.32000000000022,182.524396250924,0.004969754923617981,0.008373847052364847,0.006901643540807241,0.0019394879742886224
19.330000000000222,182.16663276962674,0.004945757987412699,0.008389158676867996,0.006938587248447756,0.0019536885248465515
19.340000000000224,182.09689146937012,0.004881887034675417,0.00839448018963309,0.006961119711637783,0.0019648884460737514
19.350000000000225,182.50534962388517,0.004783938556789846,0.008403661140165188,0.006971918215055298,0.001973198306901371
19.360000000000227,182.7092700329449,0.004656404809520036,0.00840411564800998,0.006973731077127898,0.001978775152691147
19.37000000000023,182.78190174268622,0.004501052448560628,0.008395674704253309,0.006972847162941024,0.0019816481659241355
19.38000000000023,182.7450024042095,0.004318678307856635,0.00837828808380988,0.006979485155733916,0.001981795861786554
19.39000000000023,182.5030934189387,0.0041127886976039495,0.008352778863250332,0.00697618225801875,0.001979320443120438
19.400000000000233,182.03590383493597,0.003891026445197558,0.008320425279189692,0.006962805860771391,0.001974412912114505
19.410000000000235,181.37205059258324,0.003662196492437871,0.008282118033239068,0.006939494665066425,0.0019672348462305574
19.420000000000236,180.52875480898172,0.0034319922128886846,0.00823872683454744,0.006907255881604406,0.0019580736054533054
19.430000000000238,179.49374253815714,0.003202228167198682,0.00819161945104303,0.006868103090302589,0.0019474271862345448
19.44000000000024,178.2801015517708,0.0029737298273754716,0.008142580405418619,0.00682439332123682,0.0019358589205593032
19.45000000000024,176.96049457431508,0.002749018297084613,0.00809354607817514,0.00677833904602235,0.0019238530387434203
19.460000000000242,177.49886332484618,0.0025318200085246803,0.008115110794322637,0.006731529246338739,0.0019116479970461406
19.470000000000244,178.48811225132707,0.0023788463486535336,0.008206464151353192,0.006684696463551007,0.001899190806662071
19.480000000000246,179.24935399356116,0.002458356313498352,0.00828150015994959,0.006654256762221838,0.0018864187727066146
19.490000000000247,179.2031502543807,0.0024934356136026847,0.00833989630424492,0.006626057264682212,0.0018734325724920448
19.50000000000025,178.33654913221568,0.002469934274023347,0.008381347575904205,0.006593611911805911,0.0018603140751720004
19.51000000000025,177.247291850043,0.002379405877677752,0.008405558688789776,0.006552920547776787,0.001847100352936896
19.520000000000252,177.00403696879934,0.0022196168140019325,0.008413306547421878,0.006502466120806555,0.0018340910119908616
19.530000000000253,177.3563590922743,0.0019947287692957095,0.008405982776454128,0.006443972520297191,0.0018217324448995087
19.540000000000255,177.7939339963099,0.0017145813439287435,0.00838429541173423,0.006405839862650046,0.001810237766640026
19.550000000000257,178.1095844009082,0.001393049153984477,0.00834868144644882,0.0063830355941397274,0.0017996831800008765
19.560000000000258,178.35292150935226,0.0010462727931425378,0.008299054918926923,0.0063654611294139555,0.0017899412260633878
19.57000000000026,178.54815080476862,0.0006904939868399644,0.008234208748335655,0.006350711082297565,0.0017805418299136758
19.58000000000026,178.58095740392181,0.0006358273469019062,0.008153171440858066,0.006335712503211787,0.0017710805513708433
19.590000000000263,178.717641112316,0.000831437241701998,0.008056275629324303,0.006318021074352148,0.0017615132176276042
19.600000000000264,179.3220925311856,0.0010084771576881404,0.007944898504658949,0.006296075739673835,0.0017520606490514408
19.610000000000266,179.8322333128506,0.00116016644848855,0.007820728890545399,0.006268996959591158,0.0017429940472751344
19.620000000000267,180.1762615985452,0.0012837560516195002,0.007685086503546525,0.0062360981087048045,0.0017344472984044549
19.63000000000027,180.42765422403144,0.0013813957367532215,0.0075594404617978445,0.006197122829570449,0.001726464329797169
19.64000000000027,180.6006313000154,0.001456422793002427,0.007552818893392186,0.006153392071819258,0.001719228031568783
19.650000000000272,180.67350503266348,0.0015116484306432621,0.007550488177873073,0.006107962445675129,0.0017130817613755778
19.660000000000274,180.6179365766967,0.0016011480816909582,0.0075527629215697886,0.006064378522697487,0.001708293251090181
19.670000000000275,180.37541890044153,0.001675641905112729,0.007559745202487418,0.00602600392108713,0.0017050176433931594
19.680000000000277,180.02320788791116,0.0017463037122468603,0.007571379499257811,0.0059957205334525065,0.0017032223467560786
19.69000000000028,179.6357600325451,0.0018251136631648635,0.007586686414298666,0.005976235955645374,0.0017025328297366217
19.70000000000028,179.20470629676342,0.00192428008978876,0.007604015386356411,0.005964613393629672,0.0017024552977241583
19.71000000000028,178.85603500667906,0.0020542198728179493,0.0076208913984839935,0.0059590170557573315,0.0017023960399717567
19.720000000000283,180.32106047209945,0.0022218775551662772,0.007634135734227495,0.005956170310327274,0.0017016055747185602
19.730000000000285,180.89740649700104,0.0024303763167142145,0.007641286204955856,0.0059525459985764985,0.0016994548622275953
19.740000000000286,181.30332683389764,0.0026788635652590658,0.007641220936469049,0.005945413306516757,0.0016955929261248267
19.750000000000288,181.59808580035465,0.0029621890507999654,0.00763444062261126,0.005933826669128148,0.001690135213644325
19.76000000000029,181.52932472610001,0.0032709510788197765,0.007622468780490415,0.005918549664060317,0.0016835991263283304
19.77000000000029,181.39230900035102,0.0035915732311204173,0.007606187971334292,0.0059068523173225595,0.0016764084530314566
19.780000000000292,181.50867085424903,0.003906449439599296,0.00758574988905136,0.005906618798878771,0.001668747494883437
19.790000000000294,182.2867039811226,0.004195465931904766,0.00756120678288611,0.0059073580526115945,0.0016606545873242117
19.800000000000296,182.97449472028643,0.004438823525336717,0.007532629889877906,0.005903942729332235,0.0016520834460176206
19.810000000000297,183.55059820651033,0.004619249933989025,0.007500516652391589,0.005892159874465195,0.0016431230383726384
19.8200000000003,183.98487989229844,0.004723373050331193,0.00746591775977314,0.005870364205373643,0.0016341189742442373
19.8300000000003,184.22898357620554,0.0047429292684034955,0.007429746853453211,0.005839164710514871,0.0016254703355646667
19.840000000000302,184.2312233924495,0.004675503162896567,0.007392266727325858,0.0058002648147630655,0.0016173852753373179
19.850000000000303,183.9889047290715,0.0045252961762223196,0.007353861587608813,0.0057564238069893045,0.0016099974712692994
19.860000000000305,183.53955202085402,0.004303781829817896,0.007315019276616317,0.00571109202891266,0.0016033563354609542
19.870000000000307,182.9446313576707,0.004028759504388514,0.007275511466492406,0.005667291415688412,0.0015973040413963316
19.880000000000308,182.2284578826708,0.0037221545928020692,0.007234471765909558,0.005643194991011898,0.0015916131089912904
19.89000000000031,181.38397925285585,0.003407878780248428,0.0071905542180411425,0.005623082886820719,0.0015860249096800582
19.90000000000031,180.4274546794341,0.0031097027703333516,0.007142273684077756,0.005600117390953399,0.0015802216568341048
19.910000000000313,179.43685420389826,0.002849282500713631,0.007088576821214354,0.005573067317919002,0.0015738850260899118
19.920000000000314,179.28987508087195,0.002644466186692493,0.007029742968509615,0.005542069208616958,0.0015669926714513946
19.930000000000316,179.87824094933447,0.002507028202429956,0.0069674433526835215,0.005509023335098949,0.0015599679340417437
19.940000000000317,180.48314895247964,0.0024806349618013254,0.006903530843892635,0.0054765014430947934,0.001553397854767704
19.95000000000032,181.0191043062842,0.002548890602245388,0.006839846730744685,0.005447317556390148,0.0015479024277588072
19.96000000000032,181.4103187625005,0.0026357292590954724,0.006778561430956271,0.005439857943224635,0.0015441164412896278
19.970000000000322,181.69043972633875,0.0027382235650785704,0.006721613805915549,0.005448128824885165,0.0015425102297623
19.980000000000324,181.95862948756718,0.0028532589501735423,0.006670386342719772,0.005467785977794552,0.0015433841927614802
19.990000000000325,182.24262398082178,0.002977045088266649,0.006625770363665697,0.005497443077013584,0.0015469726446773087
20.000000000000327,182.4546808341383,0.0031041129778022923,0.006588313624801098,0.005534825025230005,0.0015534815285558566
20.01000000000033,182.51074347372423,0.0032273587531508907,0.006558772458192601,0.005577602333917723,0.0015631682035570766
20.02000000000033,182.44654529581172,0.0033394841396360763,0.006538550533646283,0.005624288978028925,0.0015763941333871592
20.03000000000033,182.8901040461316,0.00343423336969554,0.006529305271916118,0.0056747247883467584,0.0015935088746030677
20.040000000000333,183.3860497189809,0.003506153361101083,0.0065320169795208115,0.005730152581328562,0.0016146550829146495
20.050000000000335,183.75885680535384,0.003550286152905156,0.006546295847167453,0.005793150894033225,0.001639655603879792
20.060000000000336,184.01924056964688,0.003562390978164146,0.0065702807961015115,0.005867069548008751,0.0016679979638592611
20.070000000000338,184.211975872125,0.0035388520840018106,0.006601832865623826,0.00596433345021228,0.0016990931583892388
20.08000000000034,184.36523109361093,0.00347672315279258,0.006640042532015434,0.006080035721168451,0.0017326110829627272
20.09000000000034,184.43262638399082,0.003374275596402977,0.006684729273844128,0.0062026571229691,0.001768335295348864
20.100000000000342,184.3685658392315,0.0032318787181196055,0.006734700221344413,0.006331057582748589,0.0018057574549973313
20.110000000000344,184.15476262949622,0.0030519010207140556,0.006787664808513509,0.006484952129046307,0.001844131838328726
20.120000000000346,183.85777052155058,0.002837241933929236,0.006840955036973646,0.006641581394063171,0.0018826640149971364
20.130000000000347,184.38714518838628,0.0025916661559994775,0.006891808803303742,0.006792249209758729,0.001920515012362733
20.14000000000035,185.0845766840286,0.0023213780308397438,0.00693813999361063,0.006929824020513174,0.0019569810690926665
20.15000000000035,185.24337640508224,0.00203487980838975,0.006978718694029012,0.007050097031920183,0.0019915768734420115
20.160000000000352,184.82827114911763,0.0017412870466716145,0.007012452175107209,0.007152046451834833,0.002023882630936599
20.170000000000353,183.9381911218374,0.0014485260943597439,0.00703795837618069,0.007237431695281364,0.002053436989073179
20.180000000000355,182.7097990278752,0.0014335308144422306,0.007053918467462529,0.007309720379129909,0.0020798112287737304
20.190000000000357,181.20888733965216,0.0014820983789630585,0.007060179040570488,0.007373201277976936,0.002102893517640164
20.200000000000358,179.47715132093546,0.0015344890811964406,0.007058292858842291,0.007441966797378502,0.002123037829262698
20.21000000000036,179.78491856245336,0.0016009442333236794,0.007051448802480106,0.007505286301389772,0.002141060090064606
20.22000000000036,180.628969878636,0.0016906336346861532,0.007043711218664847,0.0075641338131082845,0.0021580459416390228
20.230000000000363,181.2161142962827,0.0018106889492287617,0.007038143574604128,0.007621405442494264,0.0021748332309505553
20.240000000000364,181.53744150048252,0.0019649141311454963,0.0070364528396177125,0.007678954774345445,0.0021918965186105673
20.250000000000366,181.90615655372864,0.0021532634785175553,0.007039576897890184,0.0077379953275384175,0.0022094668727099236
20.260000000000367,182.74478727240057,0.0023726049782899316,0.007047543608899914,0.0077987077317353175,0.002227456983701294
20.27000000000037,184.1017560917499,0.0026169926381429927,0.007059944139413046,0.007860638043622989,0.0022456243952832557
20.28000000000037,185.3685202166571,0.002876999026949441,0.007076376360142057,0.007923304107522,0.002263770813915618
20.290000000000372,186.29895946475128,0.003139375233126721,0.0070961458727312665,0.007992932360147665,0.0022816904841148015
20.300000000000374,186.90904505827987,0.003387526236293961,0.0071183829920299325,0.008068450932598205,0.0022991528351144082
20.310000000000375,187.4869859362275,0.00360326978805673,0.007142611164972248,0.008145128830910795,0.0023159954114170466
20.320000000000377,188.25829502811683,0.003768944420084914,0.0071688726066094265,0.00821877166953088,0.0023321578844094294
20.33000000000038,189.0258020300733,0.0038686414091716023,0.00719756268928657,0.00828532451584036,0.0023476893001208345
20.34000000000038,189.41498279454854,0.0038895474412204405,0.007228956220915813,0.00834189212398362,0.0023626431937463672
20.35000000000038,189.52508137214508,0.0038239681032570887,0.007262456313857382,0.008387045488306474,0.0023768362726139546
20.360000000000383,189.42353685094847,0.0036707492380521657,0.007410251243843835,0.008420833479815657,0.0023897977050733156
20.370000000000385,189.16687562997734,0.003435755521540483,0.007586265911851206,0.00844465493383761,0.002400992808664738
20.380000000000386,188.95087846907367,0.0031324061007528205,0.007757259875207446,0.008460662637834054,0.0024100079261448553
20.390000000000388,188.53250285347602,0.0030346198167175422,0.00792213433266503,0.008470948133170656,0.0024166229641526993
20.40000000000039,187.60612529357238,0.0030483672155243056,0.0080807287753613,0.008477061442723671,0.0024208636582059885
20.41000000000039,187.16358796881934,0.0030394347595971904,0.008233807323522798,0.008482108510979913,0.0024230055854519753
20.420000000000393,186.57927312302502,0.0030134944110579293,0.008382790793968515,0.008487892218361137,0.0024235388849825385
20.430000000000394,185.65950922611546,0.002976143024337117,0.008529041463279,0.00849316714183853,0.0024229786546772197
20.440000000000396,184.45836305772266,0.00293293309339492,0.008673474195376714,0.00850006782014332,0.0024217344645017006
20.450000000000397,184.2368504334239,0.002890052153116159,0.008816978725211356,0.008510470103333204,0.0024202216823807727
20.4600000000004,185.6165310429074,0.0028543808800521094,0.008960190680254937,0.008526640964997214,0.0024188062798310237
20.4700000000004,186.6376014118406,0.0028320960422836385,0.009102785113908121,0.00854900400462581,0.002417605387149435
20.480000000000402,187.2441651668126,0.00282718657334001,0.009244247147606282,0.008575799744150467,0.0024166910594199628
20.490000000000403,187.40696713602986,0.0028406821854273815,0.009384059438480533,0.008606000917517622,0.0024161245224543397
20.500000000000405,187.1459222298788,0.0028709035288371843,0.009520583500307725,0.00863718118040341,0.0024156436530788647
20.510000000000407,186.88851483644822,0.0029148176013992326,0.009651752282175245,0.00866624997989176,0.0024148851282791706
20.520000000000408,187.0371805427438,0.0029688918246155733,0.009775801271179885,0.008690117022799261,0.002413594284574727
20.53000000000041,187.2563823966425,0.0030288869794984708,0.009890956196698041,0.008705560750186997,0.0024115110132766453
20.54000000000041,187.28112426580392,0.0030901054158695286,0.009995369931866838,0.00870993190180175,0.0024083355703633383
20.550000000000413,187.25760182454223,0.003148228863488178,0.010087799450797914,0.008702490064165642,0.0024039289024706404
20.560000000000414,187.156646167854,0.0032001023491068934,0.010168234463674134,0.008684793150723957,0.00239849680164819
20.570000000000416,186.5590586440161,0.0032447508781760794,0.010237034053455916,0.008659231939995538,0.002392332170270339
20.580000000000418,185.28305209229114,0.0032838610524658835,0.010294456998969415,0.008628270098265183,0.0023856781977715136
20.59000000000042,183.7555162333954,0.003320951852310746,0.010341083707268906,0.008594897869685352,0.0023788706079521486
20.60000000000042,183.3976765476337,0.0033594815096259396,0.010377596449582745,0.008562255964766277,0.002372294264934483
20.610000000000422,183.13269390799098,0.0034013572220261442,0.010404246423228758,0.008532544512488086,0.0023662166356283646
20.620000000000424,182.6281939143306,0.0034480418537466907,0.010420411105929561,0.008506315940703746,0.002360628878520463
20.630000000000425,182.17884469813038,0.0035026423339811364,0.010424810904442378,0.00848291662316055,0.002355297756373083
20.640000000000427,182.0079176365197,0.003569715586011173,0.010416100349686314,0.008461336930661909,0.002349953038652796
20.65000000000043,182.230543536117,0.003653375310360717,0.010392196746072432,0.008439672870992508,0.0023441072533716472
20.66000000000043,182.41517738571957,0.003755467692186111,0.010350221528124204,0.008414849903045295,0.002337022046239612
20.67000000000043,182.5260518373399,0.003875287111694067,0.010288155453015896,0.00838396077308719,0.002328166271866376
20.680000000000433,182.76198505607826,0.004011352888665676,0.010205512840598592,0.008345200896908165,0.0023174293736738416
20.690000000000435,182.62690709289822,0.004162978229992809,0.010102703871169398,0.008297836520229328,0.0023049655865764124
20.700000000000436,182.67927812159692,0.004330270025512363,0.009980779135741353,0.008242311284785366,0.002291102624363327
20.710000000000438,182.70340376823108,0.004512840158247626,0.009841338220428847,0.008180093340652986,0.002276269715738612
20.72000000000044,182.66723766853093,0.004707895955005068,0.009685422041116196,0.008112279401635206,0.002260668886434671
20.73000000000044,182.58872605665778,0.004910231904097967,0.009661589216521995,0.008039135281147716,0.002244179070379509
20.740000000000443,182.50352935615342,0.005114300149997749,0.009735126329363852,0.007961418846224564,0.002226729666690814
20.750000000000444,182.40559528403625,0.005315464575888484,0.009805768526548502,0.007880944597592948,0.0022085225132342946
20.760000000000446,182.26224829147736,0.005509473506516662,0.00987511436274578,0.0078004189267783484,0.00219006705744288
20.770000000000447,182.0857247534566,0.005690909630775765,0.009945832284597902,0.007723344451465475,0.002172192000186852
20.78000000000045,181.9367271856616,0.005852115026868295,0.010020548048866434,0.00765320776838292,0.0021558006870054983
20.79000000000045,182.42658066395722,0.005984153700214545,0.010100810529280677,0.007592508121737493,0.002141546642587266
20.800000000000452,182.8937623970662,0.006079675147231932,0.010187280967456056,0.007542716263488685,0.0021297824355089117
20.810000000000453,183.25791874824304,0.006135070028808192,0.010280194469420712,0.007504467093153526,0.002120637022795585
20.820000000000455,183.50346149137164,0.006149502672726659,0.010379077737227111,0.007482666502880366,0.002113994062111998
20.830000000000457,183.67376348548723,0.006122577356310351,0.010481997143086196,0.0075367989510363035,0.0021093771186802284
20.840000000000458,183.79719685280193,0.006053797071303771,0.0105853161226017,0.0074713648827685235,0.0021059127327733708
20.85000000000046,183.83670364904395,0.0059442787391108115,0.01068437436160367,0.007434876226395712,0.0021024641006834456
20.86000000000046,183.74602785767365,0.005798918925989752,0.010774496292320784,0.007420783635834271,0.0020978331471320616
20.870000000000463,183.5497959801635,0.0056268002987594715,0.010852004899338246,0.007400362098145908,0.002091020139455813
20.880000000000464,183.31738483212285,0.005438386754000729,0.010914728236826413,0.007371391827715653,0.0020814190870419398
20.890000000000466,183.44540071645622,0.005241714384271033,0.010962187379144622,0.007333534914792867,0.002068954500221908
20.900000000000468,183.60066590617367,0.005041562729196193,0.010995418388416316,0.007288272987034311,0.0020540670258560063
20.91000000000047,183.66829409601362,0.004841263317917119,0.011016504959148573,0.007238063381570004,0.0020375329376598654
20.92000000000047,183.62942634438423,0.004644646664606944,0.011028188144254084,0.007185530622087766,0.0020202682370027325
20.930000000000472,183.4625800668449,0.004456297204878324,0.011033077868982066,0.00713283764500978,0.002003069606392437
20.940000000000474,183.1568134642254,0.004279944297570125,0.011033408710359134,0.007082058277103164,0.0019865985319141863
20.950000000000475,182.71825066644524,0.004116071503021931,0.011031484390977321,0.007035903801689239,0.001971589823949188
20.960000000000477,182.15843594362693,0.003961150578293366,0.011029288596915215,0.006996981652375609,0.001958754144107215
20.97000000000048,181.47493543395524,0.0038102760902687764,0.011027533050840161,0.006966460169623467,0.0019484303958768364
20.98000000000048,180.65265288757365,0.0036601758005116534,0.011025790971761524,0.007082957491747912,0.0019405422280916187
20.99000000000048,179.70270156216978,0.0035091883068843594,0.011023052621951083,0.007197259673952958,0.001934765256607329
21.000000000000483,178.89890962396694,0.0033548107304279292,0.011017439307465914,0.007288977764804346,0.0019305386577752118
21.010000000000485,179.07523490928733,0.0031939556324418156,0.011005608497051107,0.00735738123431475,0.0019269680549526306
21.020000000000486,179.21895691059171,0.003016867603168609,0.010982836878611034,0.007401670647380861,0.0019228182857243573
21.030000000000488,179.33442430591583,0.002819464164700127,0.010944225720421235,0.0074213629050126325,0.0019167584323738997
21.04000000000049,179.4083435522338,0.0026018431656681094,0.01088579050015538,0.007416469756344527,0.0019076145721231403
21.05000000000049,179.45014245311432,0.0023672691065505748,0.01080507977760745,0.007387297751926729,0.0018945867903967476
21.060000000000493,179.49928428529523,0.0021200984306676707,0.010701910225491652,0.00733418578673221,0.0018775527856465704
21.070000000000494,179.59006613889102,0.00186468623403066,0.010577605790121456,0.007257398329639423,0.0018569105793197292
21.080000000000496,179.7193795807612,0.0016062189209659521,0.01043354948356044,0.007157200274848375,0.001833143231394632
21.090000000000497,179.85763411786127,0.0013518902882035013,0.010271716140410078,0.007034116988674563,0.0018068848516587187
21.1000000000005,179.98688085021186,0.0011097542939620519,0.01009581889478838,0.006889150479288514,0.0017791669837256554
21.1100000000005,180.1046838546965,0.0008861152535105883,0.009911056503963681,0.006723646564067045,0.001751351170257829
21.120000000000502,180.18339956317482,0.0009200517306158457,0.009722451047483245,0.0065389284896327626,0.0017247557475774467
21.130000000000503,180.16507431339988,0.001053891432860713,0.009533246803192006,0.00633610940103727,0.0017002944541333136
21.140000000000505,180.0221737744094,0.0011439917152873734,0.009345285338615976,0.006116293134218546,0.0016785548863366975
21.150000000000507,179.78816615136554,0.001172832117509006,0.009160106066955049,0.00594599091854842,0.0016599808723654595
21.160000000000508,179.5008301080763,0.0011312754335315869,0.008978765157745892,0.0059010960287538515,0.0016447426627833614
21.17000000000051,179.14335180183394,0.0010193048333977715,0.008801344361217824,0.005852205079387287,0.0016326709348350092
21.18000000000051,178.66899522669183,0.0008462682186193874,0.008627167607463711,0.005800433140155698,0.001623454154785729
21.190000000000513,178.07381929537706,0.000707523667757836,0.008455100390195253,0.005749053458751421,0.0016167560424765362
21.200000000000514,178.12951626714442,0.0007583752087185829,0.00828370237744116,0.005702173439812696,0.001612155673326074
21.210000000000516,178.30430087268462,0.0007987154899528248,0.008111782739400065,0.005663768517540841,0.0016091963270294149
21.220000000000518,178.41209429028902,0.0008374955326399709,0.00793863162139117,0.0056367663195594,0.0016074608278157502
21.23000000000052,179.47308892392743,0.0008838954284439632,0.007763225856021666,0.005625034450459694,0.0016064561457645491
21.24000000000052,180.87550404225559,0.0009437736739047026,0.007583948595698257,0.005625872745796586,0.0016056236734665506
21.250000000000522,181.50577469036142,0.0010188456883921508,0.007399009338843819,0.005626145775508687,0.0016044336157438424
21.260000000000524,181.72043182265568,0.001108598932189703,0.007206807598580304,0.005623410793294473,0.0016023821817119901
21.270000000000525,181.81730067140677,0.0012125426139578323,0.007006465502478835,0.005662088938130458,0.0015990713181945732
21.280000000000527,181.7037076004293,0.0013305433663763219,0.006798065093715372,0.005794590569046923,0.0015943003604717966
21.29000000000053,181.70325357353636,0.0014610430873961884,0.006582233505424287,0.005915061315058745,0.0015880420483742222
21.30000000000053,182.09824697651817,0.0015990625446844985,0.006359723419850319,0.006022775457565455,0.0015804056835352802
21.31000000000053,182.62011657197317,0.0017365811152479204,0.006131773513884126,0.006117112922370143,0.0015717329331549144
21.320000000000533,183.14779312544508,0.001866223608458194,0.00590027706922567,0.006197593960174227,0.0015625513665406894
21.330000000000535,183.53115485012464,0.00198441100748936,0.005667255867782472,0.006263833615056186,0.0015533316102304387
21.340000000000536,183.90860471451518,0.0020905993671829215,0.005434433024067615,0.006315529470327256,0.0015443698744996874
21.350000000000538,184.2627068922384,0.0021844945819494135,0.005202873608561244,0.006352480997219129,0.0015357877366065735
21.36000000000054,184.5376856577273,0.0022642947765073008,0.0049725326717603435,0.006374548564106938,0.0015274964135277213
21.37000000000054,184.74034566501203,0.002327604640301746,0.004742716019195898,0.006381644074923885,0.0015193078099479296
21.380000000000543,184.9090066802008,0.0023742777805389184,0.004513387795082003,0.0063738541321078125,0.0015111950141229412
21.390000000000544,185.07928739088885,0.0024080735688893676,0.004285750096001204,0.006351492586505771,0.0015033843017252361
21.400000000000546,185.24635133514855,0.0024348721437433695,0.0040614823775691426,0.0063149093449078805,0.0014961903944649899
21.410000000000547,185.3633002755726,0.0024591052110299895,0.0038411070402925586,0.006264337281395188,0.001489662234577984
21.42000000000055,185.37868457505664,0.002482163429772675,0.0036232095943519614,0.006200064795250764,0.0014833976325952733
21.43000000000055,185.27435645405902,0.0025042624395329866,0.0034055310783727504,0.006122645493511187,0.0014767792758838974
21.440000000000552,185.06952881976144,0.002526984700829336,0.003186698347825402,0.006032767684484403,0.001469372965584439
21.450000000000554,184.7933209359591,0.0025534258230333474,0.002966356057018508,0.0059310227061566,0.0014609513731810107
21.460000000000555,184.45828812096946,0.0025861263084283946,0.0027444097429588253,0.0059649589014583535,0.0014513509443405772
21.470000000000557,184.06409160587717,0.002624735818045907,0.0025210576798615665,0.006005691781764987,0.001440567830996906
21.480000000000558,183.61590925516785,0.0026657433000984356,0.0022964543360659566,0.006038583314550886,0.0014286855139745592
21.49000000000056,183.12131379325976,0.002704621779383778,0.002070503675545576,0.006062959924936229,0.0014157494397862278
21.50000000000056,182.57390894162222,0.0027379551748183788,0.001843666712905953,0.006078212929274976,0.0014018923784784884
21.510000000000563,181.96324887890654,0.002764028574637022,0.0016172954355542846,0.0060838134783452865,0.001387391938286053
21.520000000000564,181.5135820806463,0.002779011696179954,0.0013929786382849618,0.006079207340684773,0.001372568837817765
21.530000000000566,181.4221586184549,0.002776147496882308,0.0011717685579091465,0.006063821508849658,0.0013576909362097115
21.540000000000568,181.22736455362764,0.0027478690685492613,0.0009537263038932273,0.006037227804221096,0.0013428646130128085
21.55000000000057,180.96201926029826,0.002690097187966156,0.000738156289341383,0.005999243800843527,0.0013279919532654127
21.56000000000057,180.65294296827062,0.00259988714557873,0.0007157057112431387,0.005949817364460226,0.00131279912385485
21.570000000000572,180.29023579121866,0.0024788478231921552,0.0010113645928898699,0.005888852581880554,0.0012969263535082718
21.580000000000574,179.84690664907163,0.0023292667779477986,0.0013132147428984787,0.0058162227331397046,0.0012800926503783627
21.590000000000575,179.33714595974638,0.002152526433222609,0.001621503188726514,0.005731902915980829,0.0012622044883265826
21.600000000000577,178.82630280263444,0.0019503053452407139,0.0019251010583607223,0.00563603015273027,0.0012433220742917805
21.61000000000058,178.36678671067693,0.001726726086640308,0.002222340690925754,0.005528857310721039,0.001223586633578753
21.62000000000058,178.97526835600826,0.001489173593332149,0.0025112783651494463,0.005410722113015882,0.0012032615386701317
21.63000000000058,180.3175964486599,0.0012467706669343347,0.002790202713857162,0.005282068336192811,0.0011826181985678396
21.640000000000583,182.22761313651102,0.0010071212751689505,0.0030578839134531082,0.005143432026238158,0.0011618336399949747
21.650000000000585,184.0223683803975,0.0007744793309725521,0.0033129367515490828,0.004995422710230572,0.001141129975546488
21.660000000000586,185.3613935030094,0.0007020396306154182,0.0035536949514197976,0.004838734205939368,0.0011208195577599607
21.670000000000588,186.21947323248165,0.0008303979992994025,0.00377872650100917,0.0046741344227105575,0.001101187740052366
21.68000000000059,186.9722553396941,0.0008993010325655792,0.0039867323776749865,0.004502411375334121,0.0010825335038307843
21.69000000000059,187.78498564192046,0.0009052546273354098,0.004176063079013123,0.0043243853353866464,0.0010652985036743656
21.700000000000593,188.46508435542518,0.0008519431344240074,0.004345419350987327,0.004141039605527481,0.0010498485365295373
21.710000000000594,188.81784241052003,0.0008513697395655523,0.004494757954862577,0.003953560959365101,0.0010362202763170797
21.720000000000596,188.64217641410144,0.0009809229204128659,0.004624745773510945,0.0037632014447425244,0.0010243007420505498
21.730000000000597,187.87242942609697,0.0011018116645800748,0.004735924540229311,0.0035731728652044097,0.0010140484132370616
21.7400000000006,187.0296445196882,0.0012160182591902271,0.004828765024798971,0.0035210711672706875,0.001005435541371126
21.7500000000006,186.52458221717228,0.0013271273816744464,0.004903569541292379,0.0035719018337736458,0.0009984806417888909
21.760000000000602,186.26483012302856,0.0014366772084265624,0.0049605030365591045,0.003721774148286174,0.0010138293663335622
21.770000000000604,185.7978722698339,0.0015443763239630433,0.005000245241826186,0.0038523145684412567,0.0010491822699815717
21.780000000000605,185.0641040046798,0.0016497896749655624,0.005024267077950178,0.003962671376995073,0.0010835186366095501
21.790000000000607,184.44971605359754,0.001753548659252299,0.005034780680735508,0.0040547690458023,0.0011167479576264469
21.80000000000061,184.46003244642813,0.0018570865340909685,0.005034349975167474,0.0041328064238314805,0.001148776049389059
21.81000000000061,185.0653069445369,0.0019610132094750347,0.005025696742973449,0.004202372957459533,0.0011795273428912105
21.82000000000061,185.81096431106567,0.00206328854061527,0.005011829023087148,0.004269552528025074,0.0012089210782396706
21.830000000000613,186.30761577250638,0.0021591759167360622,0.004995568638133548,0.004339904023756261,0.0012368459997232145
21.840000000000614,186.46773510673935,0.002413775056965761,0.004978939648155951,0.004442061422955218,0.0012631923181223052
21.850000000000616,186.53091229021175,0.002669193108342008,0.004963137617872503,0.004721085224306368,0.0012879054034654258
21.860000000000618,186.72597113343022,0.0028341819693957757,0.004949158844803946,0.004944910733566804,0.001310979046206296
21.87000000000062,187.17020707983943,0.0028934811511401393,0.004938033008251997,0.005050680321677038,0.0013323927827916964
21.88000000000062,187.37076296046695,0.002841252242072961,0.00493056482668137,0.005029889482030884,0.0013520849943497173
21.890000000000622,187.7714167108666,0.0026810097141587007,0.004927343395754119,0.0048902934497833915,0.001369995278727403
21.900000000000624,187.6545593651004,0.002462139112988808,0.00492844117325795,0.004945563545325816,0.001386096824706872
21.910000000000625,186.9807824345144,0.0024446595622372616,0.004933366045926342,0.004987744448789771,0.0014003656235049282
21.920000000000627,185.80434996204724,0.0024189719038635164,0.0049838880697972154,0.0050182789112767,0.00141274764882105
21.93000000000063,184.21867520314746,0.0023908102897020147,0.005104201465631754,0.005039218666708613,0.0014231898998668215
21.94000000000063,184.39339739295087,0.0023638457290607357,0.005225432355892334,0.0050531746058592435,0.0014316924581921125
21.95000000000063,185.76161501818237,0.0023403280406866065,0.0053487931509413385,0.005098642235936198,0.001438291853576114
21.960000000000633,186.75892681064423,0.0023232805692081538,0.005476485860515462,0.005167420060789651,0.0014429838450741412
21.970000000000635,187.5834047576782,0.0023171970469434196,0.005610977511744304,0.005224945235640035,0.0014456986808438544
21.980000000000636,188.20236860836798,0.0023261760943623635,0.005754147219010317,0.005255959898444168,0.0014463711417108682
21.990000000000638,188.76127009701418,0.00235154913692661,0.005906898137455302,0.005249934559239513,0.0014450020447719838
22.00000000000064,189.3123891686769,0.002391064494010806,0.006068992015727263,0.005205637734161874,0.0014416351444861049
22.01000000000064,190.04066103857994,0.0024409104753011094,0.006238823926283019,0.0051327220193940065,0.001436309594967069
22.020000000000643,190.74647046937145,0.0024982587751905,0.0064136426379723666,0.0050494015912515644,0.0014290693191533791
22.030000000000644,191.36669144323005,0.0025612786637577625,0.006590332541618389,0.005004131206871696,0.0014200032559314145
22.040000000000646,191.95377782873942,0.002627893148980348,0.006765804612974521,0.004994057677569283,0.0014104422045746136
22.050000000000647,192.30693859405062,0.002695330658039155,0.006936594232444746,0.004984184853125226,0.001400960604158334
22.06000000000065,191.8310093245483,0.0027602475306138007,0.007098892779828817,0.004974247211662665,0.0013899804935654462
22.07000000000065,190.75496461529102,0.0028193768996795424,0.007249374279310352,0.004962186174851901,0.0013775916156782552
22.080000000000652,189.53338619856828,0.002870948834700648,0.0073857983608472495,0.004944472628280275,0.0013638405013186136
22.090000000000654,188.71585782843044,0.0029156907363353363,0.007507273260209268,0.00491751035041151,0.0013487862389328074
22.100000000000655,188.39044817289493,0.002955902613034347,0.007614515314756461,0.00487865838630085,0.0013325376967809426
22.110000000000657,188.72426378940017,0.0029936994502977074,0.007709656480183058,0.00482614521157366,0.0013152163404921834
22.12000000000066,189.47767246269328,0.0030309541727658682,0.007795524632650116,0.004758930444672424,0.0012968981599498638
22.13000000000066,189.98198202753798,0.0030699737301387122,0.007875119854494834,0.004677434971931894,0.0012776233400808757
22.14000000000066,190.2378178214574,0.00311399160922761,0.007950950225702151,0.0045842462643357895,0.0012574550938333304
22.150000000000663,190.6959659755907,0.0031674353412300964,0.008024476341300843,0.004483490798631194,0.001236500419250432
22.160000000000664,191.8174302626651,0.0032345919585450348,0.008096422170794865,0.00437930602797838,0.001214870782316159
22.170000000000666,192.96700103336534,0.0033173984024974434,0.008167063139117177,0.004274951500149744,0.001192649871539505
22.180000000000668,193.83723181708967,0.0034145196832777855,0.008236091265638778,0.004172928173923129,0.001169913911704536
22.19000000000067,194.6629237421904,0.003522693314333845,0.00830260354648878,0.004296408409275576,0.001146761975924128
22.20000000000067,195.4463514554928,0.0036384930537949056,0.008365149513091393,0.004406768831291283,0.0011663448082945788
22.210000000000672,196.23949379749473,0.003758323946454391,0.008421748917226225,0.0044705189588118205,0.0011984682450519434
22.220000000000674,196.74804350112967,0.00387750091488427,0.008470287614449271,0.00449721213279104,0.0012250236051069955
22.230000000000675,196.80834478709752,0.003989861430238682,0.008508712648978647,0.004520596121036864,0.0012453564471714095
22.240000000000677,196.10758364960307,0.004088645098434483,0.008535194467054348,0.004553480647661672,0.001258922690300209
22.25000000000068,194.8724818777247,0.00416803038206611,0.008548461966221908,0.004557522048026302,0.0012653910890154168
22.26000000000068,193.61072497416978,0.004223634704527167,0.008547787330903039,0.004534057631970281,0.001264624897395246
22.27000000000068,193.5379808549913,0.004251652376713661,0.008533230325961353,0.004485105404524077,0.0012567539284936546
22.280000000000683,194.53341500044294,0.004247959218245192,0.008505975820348574,0.004413748027346613,0.0012422780995961131
22.290000000000685,195.15538928895137,0.004209017619347596,0.008468006632063296,0.004324091955067671,0.0012219579220230296
22.300000000000686,195.60452780422906,0.0041337172683872225,0.008421176758553257,0.0042200745607874806,0.0011965340868097824
22.310000000000688,195.92148530135117,0.004023857766410706,0.008366783732001953,0.004104405871725522,0.0011666171975273922
22.32000000000069,196.14272008431493,0.003883600485284879,0.008305887524524862,0.004001601351265988,0.00113279362961192
22.33000000000069,196.22867936688232,0.0037190103898368217,0.00823949741628876,0.00404775780342715,0.001095668857384329
22.340000000000693,196.23957749791305,0.0035372012272561924,0.008168625288927752,0.00408202800104714,0.0010558586408154081
22.350000000000694,196.04243467183238,0.0033737554740155516,0.008094404217802222,0.0041036421581167526,0.0010140042921109485
22.360000000000696,195.13691134235816,0.003721301283576305,0.008018247049015787,0.004111965300810095,0.0009708204757590263
22.370000000000697,194.0397722629239,0.003988668851890257,0.007941553423370619,0.00410639760321192,0.0009270359976800456
22.3800000000007,193.07451969687892,0.004148774189430182,0.007865295033959333,0.004086302955253523,0.0008832905608489216
22.3900000000007,191.93784808363358,0.0041822208217643245,0.007790068187029299,0.004051065596037683,0.0008821459537357397
22.400000000000702,191.6382513963144,0.004079189686171295,0.007715886352519667,0.004000229666889081,0.0008519271490441079
22.410000000000704,192.34866920440666,0.0038410594802621616,0.007641934539609944,0.00393356786436456,0.0007632097227531972
22.420000000000705,192.8435442421705,0.0034810559256093394,0.007567014069600001,0.0038510134791499805,0.0007315854003607231
22.430000000000707,193.2216882759892,0.0030230704095564912,0.007490163765453177,0.003752544731399876,0.000767538450187308
22.44000000000071,193.47847034921017,0.0024989472849504335,0.007410836574731137,0.003638136839883333,0.0008009246205518915
22.45000000000071,193.64479301915682,0.0019451181218069402,0.007328451754838822,0.0035078327791313855,0.0008314195657768745
22.46000000000071,193.71439285615867,0.0017768912240129506,0.007242044796803248,0.0033618866920724034,0.0008587480765066637
22.470000000000713,193.38077221915057,0.0016920053158093176,0.007150640592085496,0.0033491046236957343,0.0008826756232700477
22.480000000000715,192.64953870871753,0.0016047037245992084,0.0070533924887801235,0.0035095027919999407,0.0009029802886651904
22.490000000000716,191.99464321304154,0.001511624224924915,0.006949221383179867,0.0036315333974875374,0.0009194652888867918
22.500000000000718,191.85067911496367,0.0014095943224371997,0.006836718379560544,0.0036986179222784233,0.0009319993712027242
22.51000000000072,192.75051419411488,0.0012954222703612061,0.006714614649708613,0.0037022914552977673,0.0009405050101524544
22.52000000000072,192.9227119521599,0.001166129673262828,0.0065825614081593325,0.0036451953524253757,0.0009449127333911637
22.530000000000722,192.47647082518026,0.001019974936791528,0.00644161970144167,0.0035421464196667674,0.000945174322084025
22.540000000000724,191.87904803260875,0.0008578898837990507,0.006294093162099495,0.003418290409610863,0.0009413072989533123
22.550000000000725,191.59871019556638,0.0006838062454942587,0.006142832061651872,0.00334258268977657,0.0009333757672837966
22.560000000000727,191.41978659694857,0.0005033065068719213,0.005990455102612456,0.0032798370643763795,0.0009214532534841173
22.57000000000073,191.02219692330576,0.00041939350158875274,0.005838892721453162,0.0032039316469003013,0.0009056918324184559
22.58000000000073,190.30195525536172,0.0005371406617617556,0.005689557648493189,0.003178566142203152,0.0008862522425751229
22.59000000000073,189.69514686291475,0.0006041138880373932,0.005543467447642097,0.003173901581060092,0.0008633378111444389
22.600000000000733,190.1179057678862,0.0007173534474029807,0.005612421258666707,0.003141278624051466,0.0008371961079456885
22.610000000000735,190.6631947533344,0.0008421904190119038,0.005745578636745941,0.0030587008045652097,0.0008081196096532625
22.620000000000736,191.06801205392077,0.0009401592862074824,0.005879951960564107,0.0029194793304253936,0.0007764399577443723
22.630000000000738,190.9440969931872,0.0010092750837797234,0.0060147414068263145,0.002735172646105646,0.0007425119662706829
22.64000000000074,190.06838204919302,0.0010491304191026193,0.0061491698628735785,0.0025335778853898105,0.0007067486546766404
22.65000000000074,189.29371868982528,0.0010605304555086046,0.0062822094149667905,0.0024675874694862513,0.0006726298812623934
22.660000000000743,189.88199979325395,0.0010455370025223155,0.006412579266919669,0.002478685705959482,0.0006826147937211571
22.670000000000744,191.10824953522805,0.0010079323955784032,0.006538525927747186,0.002498059365460849,0.0007064878473958964
22.680000000000746,192.55719584004294,0.0011210508197065836,0.006657735042199345,0.002597565268665355,0.0007282575497554895
22.690000000000747,193.30003338146642,0.001258028431317124,0.0067680210157939095,0.0026899092583878024,0.0007477520900678237
22.70000000000075,193.51086582067737,0.0013420361469423,0.006867581230010999,0.002770439443561857,0.0007647877944317492
22.71000000000075,193.5749194361465,0.0013711352255798173,0.006954564309778631,0.0028347179412116902,0.000779181255030815
22.720000000000752,193.43746593252447,0.0013485433453122697,0.0070268167121333,0.002905262069474822,0.0007907687761608208
22.730000000000754,193.18575102076866,0.0012825791308531782,0.00708208659704655,0.0030333644399450125,0.0007994104282680636
22.740000000000755,192.8945361449907,0.0011866082531823401,0.00711844743732322,0.0031418173030375155,0.000804990517937933
22.750000000000757,192.64103015956653,0.00107805478618271,0.007134494497077953,0.0032300253027869896,0.0008074047192209983
22.76000000000076,192.42956907512428,0.000976610170512056,0.007129209271119884,0.0032977332247442477,0.000806582977781736
22.77000000000076,192.15895296930356,0.0009026808149096343,0.007101960644398295,0.0033448554402221264,0.0008024309937858395
22.78000000000076,191.80568227116694,0.0009800656430586808,0.007053128761216462,0.003371293615094501,0.0007948677857804126
22.790000000000763,191.37074083545025,0.0010810517286240291,0.006984245558555041,0.0033769072565890774,0.0007838757822076355
22.800000000000765,190.4958692691614,0.001185261602435864,0.006897345813117762,0.0033617244379130435,0.0007694924346766971
22.810000000000766,188.87774727516174,0.0012876999227239424,0.006794625067820804,0.003326168691785671,0.000751747729913991
22.820000000000768,186.84790290144713,0.001506554327908566,0.006677900976801129,0.0032709975267195103,0.0007306624952141981
22.83000000000077,185.05568103405355,0.0018618579967796041,0.006548086177884565,0.0031970662944056025,0.0007231238345486534
22.84000000000077,183.9084217393318,0.0022757206453186507,0.006405174313377193,0.0031051996543424716,0.0007193180582931264
22.850000000000772,183.88414244908913,0.0027260589903634093,0.006248674196831475,0.0029962142479532435,0.0007145082163027114
22.860000000000774,183.8086232957048,0.0031855225652571116,0.0060783703555554,0.0028710629916749598,0.0007086352455888347
22.870000000000775,183.68823919440763,0.0036234545491239858,0.005894307112359696,0.002775069020426919,0.000701710610118843
22.880000000000777,183.52908386495517,0.004008964269046093,0.005696402134669218,0.002697759857814421,0.0006938120233211149
22.89000000000078,183.32167025261853,0.004314048726929094,0.005484667644182611,0.002860972121066938,0.000740795942959544
22.90000000000078,183.0466952522337,0.004515907535744022,0.005259616423324212,0.003023422178990316,0.0008288519622680711
22.91000000000078,183.67575030483695,0.004599098273009965,0.005022253464335778,0.0030795814638693185,0.0008633294632263754
22.920000000000783,184.2817230131868,0.004557482231480166,0.004773892163064329,0.002980151026490956,0.0008419660542595179
22.930000000000785,184.31012252277634,0.004394885153946425,0.004516339434010281,0.0027018197742376946,0.0007653254781165197
22.940000000000786,184.12649926079763,0.004124650890578633,0.00425236046246006,0.002327208990547591,0.0006396551832492741
22.950000000000788,183.88368912201346,0.003768793833837413,0.003985437967520178,0.0021940163184709597,0.0006129472663610474
22.96000000000079,183.47430399902225,0.003356105526160848,0.003718798376544814,0.002227595972726562,0.0005980201581413406
22.97000000000079,182.7403819633201,0.0029194707096293665,0.0034550103259390185,0.0023045705011759585,0.0005823796047059284
22.980000000000793,181.2362084031569,0.002671340026754897,0.0031960266017572797,0.002412403517139824,0.0005661343820130408
22.990000000000794,179.494455638846,0.0028491262459302783,0.0029429875438581727,0.0025630639839864257,0.0005736921455939049
23.000000000000796,179.26427556261308,0.003027827201152601,0.002696449433474306,0.00276415904522977,0.0005987315602416542
23.010000000000797,179.24560458162176,0.0032003334229992676,0.0024568487481021134,0.0029151771521773086,0.0006214497733797471
23.0200000000008,179.34577511408867,0.0033593492458655486,0.002350814052488256,0.003003855039702122,0.0006414630098708278
23.0300000000008,179.45578180461695,0.0034982329425790196,0.0022901608662890633,0.0030256524701276818,0.0006583976356868458
23.040000000000802,181.60767726277194,0.0036114048463493334,0.0022231691146178114,0.002983956863778198,0.0006719112234819887
23.050000000000804,183.6638572705182,0.0036939145655723246,0.0021478068988257815,0.002906188413404459,0.0006817312487221386
23.060000000000805,185.21835441252225,0.003741336544058308,0.00206275017713424,0.0030694123873707775,0.0006876203771673487
23.070000000000807,186.11055497749715,0.003750889069035211,0.0019677017451172367,0.0032207031040493994,0.0006893060513603344
23.08000000000081,186.3135206394254,0.0037226434709583672,0.0018630020845677,0.003359179451600589,0.0006865780103936608
23.09000000000081,185.82938342687106,0.003660009351624016,0.001748975153029546,0.0034843080099432313,0.0006793130479639576
23.10000000000081,184.61470135796222,0.0035691673976081194,0.0016259261821278531,0.0035956036977263326,0.0006674252763773886
23.110000000000813,182.77874591294605,0.003457518115631929,0.0014945508298525665,0.0036925802026411977,0.0006508345802897612
23.120000000000815,182.1661840437354,0.003332313850420183,0.0013559947778400288,0.003774918894368207,0.0006295182210245033
23.130000000000816,182.34008697832456,0.003200427676875201,0.001211362484681647,0.003842532843827515,0.0006175883810898973
23.140000000000818,182.27800765749075,0.0030686639627814185,0.0010611255789944073,0.0038954114933242552,0.0006605235495453998
23.15000000000082,182.07649244361258,0.0029437134851988444,0.0009050747484745389,0.0039335559196874625,0.0007039430177237289
23.16000000000082,181.83859015701034,0.0028312733968430207,0.0010166927403624743,0.003957123008403413,0.0007478467102106259
23.170000000000822,181.80249396443295,0.002734548779051177,0.0011376876281134092,0.003966502251455154,0.0007921773701778527
23.180000000000824,181.6490970040985,0.002653517083435767,0.0012503919574219698,0.0039621882066963226,0.0008368804538633034
23.190000000000826,181.3991687657274,0.0025857866142330963,0.001355745910996838,0.003944685100297897,0.000882020506169078
23.200000000000827,181.11889810003,0.002528277637019881,0.0014553669784246857,0.003914597067327193,0.0009278307333509589
23.21000000000083,180.82691709889087,0.0024778329277806333,0.001551014928482162,0.003872715800128405,0.0009745619078167096
23.22000000000083,180.4696200566011,0.0024303274101048545,0.0016440021680696666,0.003835963566727085,0.001022309183004557
23.23000000000083,180.00909110237038,0.0023798228159773362,0.0017349266366017317,0.00400823715076083,0.0010709203174172053
23.240000000000833,179.72817742422282,0.0023189707208803494,0.0018234656825614638,0.004147092038775001,0.0011199384781232196
23.250000000000835,180.39826589911533,0.0022406744448827142,0.001908573460783922,0.004261754548697514,0.0011686907384529993
23.260000000000836,180.85333489202213,0.0021396053939533675,0.0019888911512370546,0.004365685897297401,0.0012164374302109072
23.270000000000838,181.0809433715926,0.0020128978677059098,0.0020631329285498152,0.0044718379368522574,0.0012624778619490054
23.28000000000084,181.38910639399438,0.0018598360319878587,0.0021305355427213247,0.004588448766837955,0.0013062503841678964
23.29000000000084,182.1407629384599,0.0016804729887362848,0.002225185413197325,0.004717059595131419,0.0013474247890225052
23.300000000000843,183.2509244638367,0.0014751433500236355,0.002435810142445165,0.0048534411235388415,0.0013860067687485986
23.310000000000844,184.40162180735726,0.0012458412733262426,0.0026440126737057846,0.004990433157568891,0.0014223283044617033
23.320000000000846,185.37730260162232,0.0009974843613074962,0.002851069813972632,0.0051210310482978395,0.0014568533389093345
23.330000000000847,186.1562225599469,0.0007374969814777809,0.003058154888197789,0.005240702947425553,0.0014899446481384704
23.34000000000085,186.81642681806332,0.0008267748385462802,0.0032661035368641788,0.0053486649325685245,0.0015217969764765049
23.35000000000085,187.4692255473698,0.0012679502143894067,0.0034756784539141197,0.00544805716607376,0.0015526065653852818
23.360000000000852,188.01150115548424,0.0017462069995141738,0.0036875075805057147,0.005544301815232937,0.0015826245579786962
23.370000000000854,188.38743064161574,0.002237871426974567,0.003901673720719544,0.0056449032927267905,0.0016120120554295786
23.380000000000855,188.61188947771157,0.002716054123389069,0.004117773926142444,0.005744703845260749,0.0016407646986639358
23.390000000000857,188.4354056818327,0.0031530604006451382,0.004335423593651559,0.00584948431944889,0.0016687865735634773
23.40000000000086,188.0059164685996,0.0035227079712678803,0.004554735712051731,0.005954868448537996,0.0016960408685066624
23.41000000000086,187.5591660377887,0.0038024035865292316,0.004776296690646467,0.006057249243019405,0.0017226322335006697
23.42000000000086,186.94816258329257,0.003975063080298063,0.005000582932394374,0.0061541825962678565,0.0017487303409100948
23.430000000000863,185.99140516192534,0.004030739423125387,0.005227839329774773,0.006244874100262697,0.0017745421701411345
23.440000000000865,186.1619331162332,0.0039678306428255535,0.005458540313098883,0.006330580881564334,0.001800252177252449
23.450000000000866,187.93549877390336,0.0037936073899383503,0.005693001703615057,0.006413458079410754,0.0018259609943383896
23.460000000000868,189.66131340238096,0.003524049080862492,0.0059309367926694495,0.0065085671971372525,0.001851555429448764
23.47000000000087,191.06286077242154,0.0031827467246939994,0.006171572806029096,0.00660861194097691,0.0018768119683705454
23.48000000000087,192.05714904981684,0.002798650017868642,0.006413949262099662,0.00670781841567864,0.0019015154957697541
23.490000000000872,192.93496082143628,0.0024034295853907575,0.00665733884452917,0.006804098370595434,0.001925551928370669
23.500000000000874,193.36271243350433,0.002081034781005769,0.0069010855301191365,0.006896335827887941,0.001948814078689766
23.510000000000876,193.71686729953464,0.002188663117239734,0.007144580585831217,0.006983442271127965,0.001971170096512279
23.520000000000877,194.13419749142335,0.0023182426440121326,0.007387737478258473,0.0070649835719496035,0.00199260683066639
23.53000000000088,194.57132200818555,0.0024668396002294965,0.007630777584817428,0.007141248011297174,0.0020132013600379054
23.54000000000088,194.93310611229563,0.0026286284272523702,0.007873528619297018,0.0072126808927193255,0.0020329540824457785
23.550000000000882,194.9472905757589,0.0027981258633884994,0.008115369435072434,0.0072795878795515,0.002051765424216579
23.560000000000883,194.51010502917407,0.0029719593170914388,0.008355654256482879,0.0073422097573847345,0.002069501284478797
23.570000000000885,194.05170816613727,0.003148095251104949,0.008594219591425877,0.007401157446048313,0.0020860973201174506
23.580000000000886,193.96906001872756,0.0033248048770819693,0.008831710499942545,0.007490012935536953,0.0021016923882486937
23.590000000000888,194.42047403222537,0.0034945148287364816,0.009069323117737841,0.007582973959684642,0.0021166373454772395
23.60000000000089,195.22806847119824,0.003653133147926004,0.009308490740530584,0.007670335256976703,0.0021314240934331694
23.61000000000089,196.07835139844553,0.0037995652316910105,0.00955070291533094,0.007747600986834398,0.002146566777816891
23.620000000000893,196.98821949426681,0.003935454738450318,0.009797275506347042,0.007811122670986709,0.002162471555078978
23.630000000000894,197.90926252059742,0.004063455914381584,0.010049182138766826,0.007859377829140507,0.002179401199712339
23.640000000000896,198.5708058847327,0.004185809605652831,0.01030666354549261,0.0078935852574158,0.0021974332384968793
23.650000000000897,198.7789259403556,0.004304315094735396,0.010569193780884252,0.007957045911011554,0.002216498676166239
23.6600000000009,198.83091399050045,0.0044214610950603465,0.010835683462141161,0.008054157240772897,0.00223641788380981
23.6700000000009,198.9633668104155,0.004541278856921253,0.011104356917855995,0.008154356732336256,0.0022568035909591917
23.680000000000902,199.05527784494615,0.00466824981335531,0.011373063103712945,0.00825403977431425,0.0022771166912817207
23.690000000000904,199.11898314132833,0.004805114231050641,0.011639436434908727,0.008348890892381665,0.002296733363888236
23.700000000000905,199.1437805931885,0.004951530102315998,0.011900749849756895,0.008434134540999304,0.002314939628090771
23.710000000000907,199.1943755658838,0.005104926536066355,0.01215433728764623,0.008505415298156193,0.002331056457826452
23.72000000000091,199.36218332919267,0.005262924911884836,0.012398229147197804,0.008559741985550219,0.0023445997626236146
23.73000000000091,199.2765261367555,0.005424416444552125,0.01263135976860012,0.008595720853062141,0.0023553281047441004
23.74000000000091,198.48043969832437,0.005588349747593832,0.012853505075686163,0.00861353029963346,0.0023632280413390504
23.750000000000913,197.36723384861375,0.00575160768473536,0.013065319773835762,0.008614982404992973,0.0023685269807021767
23.760000000000915,196.15550696125254,0.005908148887337265,0.013268222874974976,0.00860324619627813,0.00237167043639442
23.770000000000916,194.54978161772752,0.006050887656861811,0.01346380989187149,0.00858217183521694,0.0023731841951118338
23.780000000000918,192.39055596385307,0.006174461935842629,0.0136532434891427,0.008555546159320549,0.0023735119440579204
23.79000000000092,189.98049382769926,0.00627624112281978,0.013837334839015862,0.008526773890975408,0.002372991168557511
23.80000000000092,187.69023983653585,0.006355116349224623,0.014016913475087345,0.008498815322833933,0.0023719101926921505
23.810000000000922,185.88620031483464,0.006409629508296396,0.014192789062848868,0.008474003034024602,0.0023705337404516325
23.820000000000924,185.96404757658615,0.006437522740422139,0.014365353344380338,0.008453790141066116,0.0023690663135193845
23.830000000000926,186.39968075913796,0.006437247611171444,0.014534353130742576,0.00843867387362274,0.0023675894664933277
23.840000000000927,187.2933903621042,0.0064101791443805485,0.014698963992669364,0.008428311340938308,0.002366005099591215
23.85000000000093,188.15992705277455,0.006361189104941646,0.014857978396068575,0.00842168982726001,0.002364038406120089
23.86000000000093,188.51423987899253,0.006296302926212373,0.015010247338687385,0.00841751022088421,0.0023613976207060086
23.870000000000932,188.4354460425408,0.006219907226355063,0.01515492118623348,0.00841449027066913,0.002357896007861504
23.880000000000933,188.0400207729267,0.0061345382451660595,0.01529091627170123,0.008411032726622239,0.002353306589135392
23.890000000000935,187.55108826060163,0.006042747423345578,0.015416777944649886,0.008405112379744287,0.0023473041122934043
23.900000000000936,187.91587411014498,0.0059484578741744905,0.01553139474230867,0.008394704034146674,0.0023396590519782078
23.910000000000938,189.41697142312566,0.005856426878169337,0.015634425233510777,0.00837801689302325,0.0023303515799394992
23.92000000000094,191.29300469684395,0.005770120752589619,0.015726371039653846,0.00835383622373887,0.00231958194994379
23.93000000000094,192.6901658717605,0.005689755374619803,0.015808310979876252,0.008321846795512584,0.002307707270188632
23.940000000000943,193.5812729674854,0.005612526038441388,0.015881380678235486,0.00828254125193047,0.0022951275916155843
23.950000000000944,194.08143392908758,0.005534974579110589,0.015946561490715758,0.008236965537887466,0.0022822300152235027
23.960000000000946,194.13836467477682,0.005455065048648189,0.016004794588427674,0.008186550603967042,0.002269373995628454
23.970000000000947,193.66697090097347,0.005371578885827941,0.016056981606181374,0.008132991673429393,0.0022568544259973606
23.98000000000095,193.2229414242797,0.005281955687434136,0.016103793129131287,0.008078235637985548,0.002244878628053197
23.99000000000095,194.65603537497657,0.00518157174434024,0.01614583117659096,0.008024737975388373,0.002233674366074771
24.000000000000952,195.62233434313384,0.005065223094785646,0.016183762649206297,0.00797520129506565,0.002223535198437759
24.010000000000954,196.24478972277043,0.00492942727802844,0.01621796096940031,0.00793167616063498,0.002214659130063904
24.020000000000955,196.45698666060434,0.004773523218659277,0.016248319878104916,0.007895191848202506,0.0022070423537971762
24.030000000000957,196.27589680303237,0.004598480572037344,0.016274494925665198,0.007866095994718892,0.002200562654444551
24.04000000000096,195.51204760578074,0.004404862980751005,0.016296224867612483,0.00784449182302953,0.0021951349843408823
24.05000000000096,194.04282017624442,0.004192231671943715,0.01631351407015231,0.007830452474429884,0.002190803918069265
24.06000000000096,191.89874317971646,0.003960607672663491,0.01632668522702646,0.007824014864289608,0.002187730354719101
24.070000000000963,189.23050209544894,0.00371271218397608,0.016336259455340115,0.007824991297810764,0.0021860961610885568
24.080000000000965,188.8950357419011,0.003454918119078324,0.01634280352614785,0.007832882146218993,0.0021860419223651045
24.090000000000966,189.5811332311645,0.003196910305916375,0.01634661004102293,0.007846714988203456,0.0021876163129262677
24.100000000000968,190.1342393138681,0.0029461510955092187,0.016347375048661832,0.007864783725745238,0.002190722948293253
24.11000000000097,190.39844923841503,0.0027042032454171042,0.01634445007037352,0.00788492287528567,0.0021951829858581893
24.12000000000097,190.23952797929365,0.002473027259828149,0.01633743471056546,0.007905291917780926,0.0022008756881422356
24.130000000000972,189.59066764911194,0.0022553126255443518,0.016326647080762743,0.00792509814663794,0.0022078672878729083
24.140000000000974,188.39285056747087,0.0020556685122649666,0.016312791066518017,0.007944424465027586,0.0022163237105828114
24.150000000000976,186.60467912266498,0.0018790375489332524,0.016296147261009714,0.00796358932088376,0.0022262790647475297
24.160000000000977,184.2922570426798,0.0017275230381221217,0.016276495563191228,0.007983173345772622,0.0022376209136066427
24.17000000000098,183.08927350052625,0.0015988590007591807,0.016253194223219917,0.00800402833956351,0.0022501345414151744
24.18000000000098,181.551651855743,0.0014882534881524208,0.016224934606984546,0.008026693582149965,0.002263428635083912
24.190000000000982,181.3671583433038,0.0013912628271946076,0.016190165460704235,0.008052526945062276,0.0022770119666208036
24.200000000000983,181.7163947978185,0.0013049830799472433,0.016147826245392235,0.008080093738429028,0.00229048569855777
24.210000000000985,182.952513789931,0.0012266927154608869,0.01609743429060799,0.008109339218441779,0.0023036230015276286
24.220000000000987,183.8682899240207,0.0011514345508515905,0.016038960447091844,0.008140568157527357,0.0023163935729409797
24.230000000000988,184.26880117120956,0.0010717517501609782,0.015972816987464347,0.008192669929949546,0.0023289448185398695
24.24000000000099,184.65733821936885,0.000980613019745104,0.01589973143219762,0.008259853304251717,0.002341490154525336
24.25000000000099,185.7771346880111,0.0008746826940901577,0.01582060941962096,0.008322874918910173,0.0023542277758673374
24.260000000000993,187.02214855976084,0.00075473873916901,0.015736241405514485,0.008377778918510222,0.0023672955423151365
24.270000000000994,187.771265653789,0.0006232367200510931,0.015647032149733404,0.008422776808664356,0.0023807509311899342
24.280000000000996,188.14688708527564,0.0004818004784099537,0.015553082032085157,0.00845885315207384,0.0023946014494818416
24.290000000000997,188.1891903550176,0.000475596972127526,0.015454349267656863,0.008489432540461774,0.002408814773675795
24.300000000001,187.88773498556134,0.0006379853075916769,0.015350536643469566,0.008518846513534123,0.0024232540300553078
24.310000000001,187.34693049658873,0.0007637884359581554,0.015240990092244548,0.008550586874183889,0.0024376483558556285
24.320000000001002,186.7661514798884,0.0008350187186188388,0.015125031436639857,0.008586528813321875,0.0024517097827566254
24.330000000001004,186.30428276667755,0.0008556665122144731,0.01500204615730426,0.008631644198506419,0.002465180667983684
24.340000000001005,186.03756082489483,0.0010064732799967447,0.014871445165220614,0.008675365359543951,0.0024778312992855033
24.350000000001007,186.10281006869704,0.0011486337831233273,0.014732931025719107,0.008715375639468824,0.0024895228718307336
24.36000000000101,186.62409494858852,0.0012810602644496316,0.014586791242113204,0.00875207146596046,0.0025002669723140957
24.37000000000101,187.3959374966073,0.0014058394643265088,0.014434138507137753,0.008788311615031841,0.0025102862975948494
24.38000000000101,188.50062411012613,0.0015268375457494709,0.014276777751453812,0.008821566525032713,0.0025200016569455917
24.390000000001013,189.38808117791353,0.0016469404001175042,0.014116813048324286,0.008856612430336452,0.0025299617114629704
24.400000000001015,190.34980744636533,0.0017670349819398697,0.013956362121566635,0.008898114400430328,0.0025407778624177255
24.410000000001016,191.7786121698245,0.0018877623172930986,0.013797316346815771,0.008946890636037968,0.0025530142606495785
24.420000000001018,193.23694717644932,0.0020117343053088063,0.013641001343862596,0.009004007813518615,0.002567022704123228
24.43000000000102,194.5641668189099,0.002143505158570447,0.01348789887462151,0.00906903183991677,0.002582851579570901
24.44000000000102,195.626847612017,0.0022870026024676402,0.013337855112879354,0.009140552265947226,0.0026003787628715185
24.450000000001022,196.32843271373258,0.0024429906110010227,0.013190476268769544,0.009217005266250657,0.0026194925433178713
24.460000000001024,196.5970460074537,0.0026088756792795645,0.013045135804008358,0.00929676538587485,0.002640055385036733
24.470000000001026,196.35574785208206,0.0027808373193596615,0.012900952560745997,0.009377889276176532,0.0026617937252495804
24.480000000001027,195.56110657927627,0.002956165488774151,0.012757134370404695,0.009458455380202948,0.002684359413317941
24.49000000000103,194.24640259849886,0.003133509030767353,0.012613096574837095,0.0095371728199015,0.002707435190182704
24.50000000000103,192.51786982340633,0.00331101161759242,0.01246833353659681,0.009613702773696144,0.0027307738405465977
24.510000000001032,190.44298763839777,0.0034842008165302907,0.01232238685016953,0.009688389101918223,0.0027541779098928434
24.520000000001033,188.4532707686537,0.00364627863668693,0.012174807967648062,0.009761620926649329,0.0027774368890460094
24.530000000001035,187.18300662117082,0.0037909077100886147,0.012025417603428559,0.009833786930158038,0.002800385614873859
24.540000000001037,185.8065274190628,0.003914449757427701,0.01187445968189311,0.00990542288829248,0.002822961854025201
24.550000000001038,186.20063260033697,0.0040159066797290435,0.011722338940506859,0.009976969074533331,0.0028451417652752354
24.56000000000104,187.92223604088687,0.004094791763022657,0.011569397810968567,0.010048530718907352,0.0028668936179513135
24.57000000000104,188.99037625117327,0.004149308534809583,0.01141554033659023,0.010119599692344619,0.002888096724071833
24.580000000001043,189.4540148972036,0.004177219122878062,0.011260113193475751,0.010189073186184497,0.002908498702152293
24.590000000001044,189.25780876273754,0.0041785274561683605,0.0111026721921651,0.010255994912604654,0.0029278776381054645
24.600000000001046,188.41585982968914,0.0041568093053256094,0.010943456711292043,0.010319955788893616,0.002946144637309283
24.610000000001047,187.09858321542293,0.004117548869244601,0.010783098385565749,0.010381203877905875,0.0029633100522428076
24.62000000000105,188.6078230710062,0.00406532146361452,0.010622153712473537,0.010451888533601699,0.002979424078237273
24.63000000000105,190.2225506182258,0.0040023910527907155,0.010460767017683809,0.010519179642439725,0.0029944810303448428
24.640000000001052,191.32897832794205,0.003930185223764867,0.010298934984962019,0.010579305559215435,0.0030084214104989316
24.650000000001054,191.86860817871786,0.0038521099417385177,0.010136842369131104,0.01062910150105323,0.0030211672580351826
24.660000000001055,192.1855198591084,0.003774339230943552,0.009974916472197698,0.010666885509675228,0.003032653513690505
24.670000000001057,192.467134509908,0.003703481982228837,0.00981382044592523,0.010693109992495672,0.003042901035146816
24.68000000000106,192.741255021617,0.0036431546426398693,0.009654097085184856,0.010710239416462925,0.0030519715934983764
24.69000000000106,192.90104657382165,0.0035935686662856,0.009495977140274697,0.010729459650992031,0.0030598927734555694
24.70000000000106,192.78036266431297,0.0035532215384706926,0.009339807567687613,0.010752233741660563,0.0030667079662570975
24.710000000001063,192.3708500719964,0.0035182380128961892,0.009186232124185335,0.010770891983261524,0.0030724823387332655
24.720000000001065,191.93843074013952,0.0034863309657548443,0.00903589888840404,0.010785684806843011,0.003077244606768688
24.730000000001066,191.70983142862758,0.0034546443050788695,0.008889249238824734,0.01079680116376605,0.0030809898868735665
24.740000000001068,191.6254309024797,0.003418122729953691,0.008746440081899865,0.01081408787611132,0.0030836941981751595
24.75000000000107,191.41390786917484,0.003369681578319893,0.008607270442744164,0.010839639362728276,0.003085276743608071
24.76000000000107,190.99206241734794,0.003302448687511818,0.008471389343603516,0.010860125785927127,0.0030856058777960263
24.770000000001072,190.45212394273184,0.003212106192241476,0.008338774712951547,0.010871621536159408,0.003084588063427209
24.780000000001074,190.05419399559938,0.003097380553048443,0.008209681710236973,0.010871504761492465,0.003082163948536644
24.790000000001076,190.05241454189198,0.0029589057615257374,0.008084232800143563,0.010858590888980812,0.003078264078151188
24.800000000001077,190.39096506840147,0.0027976439233445933,0.008046802972572285,0.010833164720619766,0.0030728393344090534
24.81000000000108,190.7113205792845,0.002614342209183627,0.008145538507877132,0.010796731230785228,0.00306584665531803
24.82000000000108,190.8232695144248,0.0024108081101644977,0.00823231251096767,0.010751409450977153,0.0030571743796282904
24.830000000001082,190.95183684312406,0.0021915083801404642,0.008305452899352469,0.010699257808601705,0.0030466428778828498
24.840000000001083,191.38876562098392,0.001963562131312723,0.008363352661561633,0.010641732365354565,0.0030340745577826914
24.850000000001085,192.06077598667144,0.0017347063223044246,0.008404443152823963,0.010590335834165888,0.00301930946051058
24.860000000001087,192.40538753762343,0.001511030817246987,0.008427134841943094,0.01053250163718886,0.0030021577005119185
24.870000000001088,192.35550158047673,0.0012964998333455725,0.008429902665801762,0.010464294582276216,0.0029823787813007246
24.88000000000109,191.92131047906054,0.001094463111435178,0.008411649733862258,0.01038470962133902,0.0029597926444867896
24.89000000000109,191.01932926045166,0.0013271831832695718,0.008372014852316735,0.010293699136714516,0.0029344083479776084
24.900000000001093,189.76611275402217,0.0017016891880273998,0.008311259184343094,0.010192100935295448,0.0029063971298417903
24.910000000001094,188.21090388588905,0.0021005205377025494,0.008230008103548006,0.010081186458673855,0.0028759858755005117
24.920000000001096,186.1861090831201,0.0024995971428243835,0.008129058603802487,0.009962317141227015,0.0028433857337165154
24.930000000001098,183.46734452521474,0.0028748660632851113,0.008009154292984022,0.009836700144806318,0.002808751305721067
24.9400000000011,182.40985909444962,0.0032039935221198253,0.00787107455808545,0.009705910295843648,0.002772236326066208
24.9500000000011,182.36011086861564,0.0034677618946426666,0.007715924433712036,0.00957426353226589,0.0027340649102924656
24.960000000001102,182.24108749686246,0.0036511884355563385,0.007544813743718021,0.009435906978683656,0.0026943985063016974
24.970000000001104,182.02882856075212,0.0037445263056948234,0.007358619524257954,0.009290588915172763,0.002653266692479354
24.980000000001105,181.6778084853298,0.003743981061588152,0.007158323314111976,0.009139751862450479,0.0026107104613912356
24.990000000001107,181.13874979493042,0.003651828873399877,0.00694509881170699,0.008988090434360104,0.0025668310904045145
25.00000000000111,180.4038234071082,0.003475918547774888,0.006720008761570475,0.008831797878259934,0.0025216809806629928
25.01000000000111,179.51601142788783,0.0032288621497960227,0.0064837364172675716,0.00867017439232788,0.0024751668051528697
25.02000000000111,178.5304524080298,0.0029269173549866167,0.006236918805006564,0.00850262261971302,0.002427154487196461
25.030000000001113,177.47877825300677,0.0025885802371415825,0.005980691222382834,0.008329211480484705,0.0023776465128289032
25.040000000001115,176.38221012401863,0.0022332210355471525,0.005716522020450453,0.008150432374429183,0.002326742111947184
25.050000000001116,176.65256430741132,0.001879722860832824,0.005475924686541146,0.007969644316776287,0.002274598453656333
25.060000000001118,176.852148737551,0.0015450604772694512,0.005393982290114495,0.007783973880124389,0.0022214752159234207
25.07000000000112,176.89838833364897,0.001243052495205676,0.00531344700393376,0.007591832920803558,0.0021676372539989317
25.08000000000112,176.85803261305503,0.0010371878904997286,0.005234677504514602,0.007400560770819789,0.002113299664573134
25.090000000001123,176.80443095930593,0.0011202141934270604,0.005157798311012753,0.0072097041931973365,0.0020586917307810347
25.100000000001124,176.6617561859902,0.0012002039525762372,0.0050830831557845445,0.007019730726710165,0.0020041010615771972
25.110000000001126,176.37082238913857,0.0012755343167099125,0.005011019135312892,0.006833297930144005,0.0019498184438634793
25.120000000001127,175.9926164434907,0.0013468947269909706,0.004941935997680298,0.006669497907646336,0.00189602579935127
25.13000000000113,175.76248715270265,0.0014170837275829552,0.004875694205890048,0.006517782610820709,0.0018427579704746848
25.14000000000113,175.90248930247182,0.0014888369931983073,0.004811578073907892,0.006372460762589858,0.0017899259320646663
25.150000000001132,176.03880567742095,0.0015632121102099393,0.004748500024651479,0.006225414375768697,0.0017373930488606036
25.160000000001133,177.07195208523447,0.0016398685758838322,0.004685242227553449,0.006068219228297112,0.001685009647934013
25.170000000001135,180.01321986179897,0.0017187643289701497,0.004620618908335976,0.005894254854989546,0.0016325920191456863
25.180000000001137,182.25558492137156,0.0018016128828362236,0.00455375634198326,0.005700479357204878,0.0015799673827790054
25.190000000001138,184.36136489052626,0.0018911065522554033,0.004484376889434596,0.005488542783267809,0.0015271031115335811
25.20000000000114,186.0085531363708,0.0019884983694207882,0.004412681812741629,0.005307793331869821,0.0014741577795595654
25.21000000000114,187.3750866279103,0.0020923214529534736,0.004338921295829363,0.005135929469980245,0.0014213699416537734
25.220000000001143,188.42898441562852,0.002199326788467639,0.0042632917293635485,0.004957297711264502,0.0013689515535354284
25.230000000001144,188.91943878190565,0.002306278080908074,0.0041861350693610236,0.00477171568137958,0.0013170855998764534
25.240000000001146,188.9359572787144,0.0024109876777570734,0.004107885913278728,0.004580203763748258,0.001265945939101709
25.250000000001148,188.7090050307017,0.0025118821636225656,0.004029111306369666,0.004385227230145962,0.0012157835092934462
25.26000000000115,188.20994842828748,0.002606448274839577,0.00395072904345984,0.004190612804201805,0.0011670027975530593
25.27000000000115,187.11522690717877,0.002690417239294752,0.003873798642276601,0.004000740040448875,0.0011200470607320879
25.280000000001152,185.5460878698627,0.002759629280638325,0.003798068129801999,0.0038603948687820112,0.0010749346856552254
25.290000000001154,184.15592968173715,0.0028116957988890607,0.0037217428035094444,0.0037331984893714558,0.001031197210910242
