time_s,stress_mpa,displacement_m,displacement_y_m,deformation_m,idr
0.01,125.49543557579814,0.0004785845528834721,5.2103213395087495e-05,0.0003087567974975348,8.819782447833571e-05
0.02,125.49543558576276,0.00047858455143362695,5.210321344132168e-05,0.00030875679742868557,8.819782445866187e-05
0.03,125.49543564277052,0.0004785845430680544,5.210321569256884e-05,0.0003087567968765108,8.819782430084275e-05
0.04,125.49543580059054,0.0004785845196088575,5.210323611885373e-05,0.0003087567944410748,8.819782360455062e-05
0.05,125.49543610453466,0.0004785844736018906,5.210331061642667e-05,0.0003087567871395581,8.819782151615054e-05
0.060000000000000005,125.4954366341651,0.0004785843921170618,5.2103466092480033e-05,0.0003087567700089076,8.819781661400344e-05
0.07,125.49543746603615,0.0004785842619048281,5.210368990649063e-05,0.0003087567357748344,8.819780681318757e-05
0.08,125.49543860935215,0.00047858407861254193,5.2103906380723316e-05,0.00030875667526933967,8.819778948573142e-05
0.09,125.49544012392059,0.0004785838299053882,5.210394575746046e-05,0.0003087565787237075,8.819776183370479e-05
0.09999999999999999,125.4954422358278,0.0004785834780524243,5.210358600621571e-05,0.00030875643581371377,8.819772090878926e-05
0.10999999999999999,125.49544526996614,0.00047858296798213864,5.210260459987543e-05,0.000308756233138526,8.819766290031305e-05
0.11999999999999998,125.49544967424777,0.0004785822223931868,5.210080235945634e-05,0.00030875595023868463,8.819758200574042e-05
0.12999999999999998,125.4954556985913,0.0004785811870407687,5.209813154482975e-05,0.0003087555568387366,8.819746964858721e-05
0.13999999999999999,125.49546258645135,0.00047857994904883927,5.209487551582813e-05,0.0003087550191446053,8.819731627650167e-05
0.15,125.49546822593511,0.0004785787953442063,5.2091641208600044e-05,0.00030875432506498004,8.819711855507856e-05
0.16,125.49547002541622,0.00047857809774632,5.2089152376705324e-05,0.00030875352380409135,8.819689065735209e-05
0.17,125.49546644648204,0.00047857809635538473,5.2088006985493015e-05,0.00030875275410929506,8.819667230712877e-05
0.18000000000000002,125.49545700352432,0.00047857889232019247,5.208858378209279e-05,0.00030875223805796253,8.819652697859398e-05
0.19000000000000003,125.49544052036616,0.00047858069218589946,5.2091087848666783e-05,0.0003087522498140632,8.819653295145214e-05
0.20000000000000004,125.49541425919743,0.00047858394355092124,5.209565516449272e-05,0.0003087530887296367,8.819677561589632e-05
0.21000000000000005,125.49537563711891,0.0004785891135770222,5.210221168397679e-05,0.00030875506241608204,8.819734263411621e-05
0.22000000000000006,125.49532395589367,0.00047859645978495796,5.2109973544263304e-05,0.0003087584580744414,8.819831576080961e-05
0.23000000000000007,125.49526367230021,0.0004786055490899595,5.211738614214185e-05,0.0003087634752788549,8.819975167397004e-05
0.24000000000000007,125.49520985392118,0.0004786144080216611,5.212239129802038e-05,0.000308770070961845,8.820163774361263e-05
0.25000000000000006,125.49517752454743,0.00047862095965884633,5.212328167994292e-05,0.00030877773804175595,8.82038288504924e-05
0.26000000000000006,125.49515929626916,0.000478626251171768,5.211939219965189e-05,0.0003087854823783155,8.820604086661898e-05
0.2700000000000001,125.49512615687875,0.00047863453039659906,5.2109413398989444e-05,0.0003087922631981496,8.82079765625255e-05
0.2800000000000001,125.49504575744933,0.0004786508131272367,5.2091454707209304e-05,0.0003087977291652724,8.82095360075099e-05
0.2900000000000001,125.49489493159501,0.0004786791008389057,5.2067148880002796e-05,0.0003088028106479272,8.821098584911862e-05
0.3000000000000001,125.4946680092407,0.00047872102313334635,5.204378174315611e-05,0.0003088098675719616,8.821300145700238e-05
0.3100000000000001,125.49438997420856,0.0004787736810383907,5.203115560046223e-05,0.0003088221974009478,8.821652602947047e-05
0.3200000000000001,125.49411365035918,0.0004788298150860478,5.2036669596134434e-05,0.00030884279817097894,8.82224167379653e-05
0.3300000000000001,125.49388961011154,0.0004788821659410637,5.206242442726468e-05,0.0003088727823232104,8.823099116381805e-05
0.34000000000000014,125.49376607114328,0.00047892379678691235,5.2103954865323386e-05,0.00030891018724697966,8.824168731367169e-05
0.35000000000000014,125.49380751605653,0.00047894546491861325,5.215136318145746e-05,0.0003089494558467875,8.82529153738382e-05
0.36000000000000015,125.49407713503017,0.0004789376520170665,5.2192454905103025e-05,0.0003089815159804055,8.826208082632141e-05
0.37000000000000016,125.49460312138457,0.0004788949022423889,5.221584573873278e-05,0.00030899477437828626,8.82658689914404e-05
0.38000000000000017,125.4953432777968,0.00047882092762735235,5.221252995417719e-05,0.0003089774967922875,8.826092568450806e-05
0.3900000000000002,125.49618134705631,0.00047872964657586284,5.2178013598958854e-05,0.00030892143575887883,8.824489429229886e-05
0.4000000000000002,125.49697398990166,0.0004786391037261111,5.211632959467947e-05,0.00030882560960369,8.821749585387322e-05
0.4100000000000002,125.49757858166672,0.00047856796749324676,5.203868941884753e-05,0.0003086987764974579,8.818123590528238e-05
0.4200000000000002,125.4978530833429,0.0004785356151325505,5.1955036125954834e-05,0.00030855980134609763,8.814150891070266e-05
0.4300000000000002,125.49768281683727,0.0004785579101853287,5.187040784045216e-05,0.0003084356780347908,8.810603264523652e-05
0.4400000000000002,125.49700738895083,0.0004786430793878744,5.179194076916661e-05,0.0003083571007768266,8.80835822425444e-05
0.45000000000000023,125.49583000634289,0.0004787910046533631,5.173277455009285e-05,0.0003083522077104503,8.808220183428614e-05
0.46000000000000024,125.49423818291608,0.00047899130380105084,5.170449082358664e-05,0.0003084399671810532,8.810731396257706e-05
0.47000000000000025,125.49240566294448,0.0004792230594867489,5.1709982353925584e-05,0.0003086245896427848,8.816012220852861e-05
0.48000000000000026,125.4905481210486,0.0004794600259077887,5.174169871599918e-05,0.00030889211875728483,8.823663693871579e-05
0.49000000000000027,125.4888843925578,0.000479675428288309,5.178713294874347e-05,0.00030921049553844586,8.832769395124901e-05
0.5000000000000002,125.48763941203462,0.00047984169532992293,5.183608669810067e-05,0.000309533769741346,8.842015852264844e-05
0.5100000000000002,125.48702753229162,0.0004799327368745785,5.187392639672057e-05,0.00030980966800980435,8.849908880397086e-05
0.5200000000000002,125.48717316583365,0.00047993455934192727,5.188403974905615e-05,0.0003099889907552733,8.855042186788715e-05
0.5300000000000002,125.4880681971144,0.0004798510414506995,5.186149364105673e-05,0.0003100353841144813,8.856376681260164e-05
0.5400000000000003,125.48959682826346,0.00047970055975372683,5.1806533310908197e-05,0.0003099336542120326,8.853478096644949e-05
0.5500000000000003,125.4915666795776,0.0004795110343380227,5.171539848408515e-05,0.0003096944644820921,8.846651230358702e-05
0.5600000000000003,125.49372399223499,0.00047931662559910114,5.158212746292896e-05,0.0003093540332267579,8.836931311802709e-05
0.5700000000000003,125.49578034028679,0.00047915361298671993,5.139087233767362e-05,0.00030896867483988445,8.825928029226886e-05
0.5800000000000003,125.49749220035481,0.00047904976720920963,5.111310508522668e-05,0.0003086047451588385,8.81553825068126e-05
0.5900000000000003,125.49866154828928,0.00047902492535000456,5.072794675410058e-05,0.0003083256048439575,8.807573552261821e-05
0.6000000000000003,125.49909388357045,0.0004790974904640241,5.0241181569217996e-05,0.0003081790785374741,8.803401870204639e-05
0.6100000000000003,125.49866536691107,0.00047927592401908475,4.9682154901895154e-05,0.0003081888225583455,8.803700743406634e-05
0.6200000000000003,125.4974021897301,0.0004795486430089136,4.908950639916474e-05,0.0003083505601786438,8.80834956569407e-05
0.6300000000000003,125.49545045710418,0.0004798889222360453,4.850543674538127e-05,0.00030863314434697887,8.816459749881226e-05
0.6400000000000003,125.49296296507615,0.0004802715959853872,4.797205703317721e-05,0.0003089852862589796,8.82656679586434e-05
0.6500000000000004,125.49008115326095,0.00048067678115541523,4.7519076713898895e-05,0.00030934769412512724,8.836976991221857e-05
0.6600000000000004,125.48699388796331,0.00048108252289777095,4.716117273130722e-05,0.00030966705205842323,8.84616676594663e-05
0.6700000000000004,125.48393822283049,0.00048146473563221917,4.69162981123164e-05,0.00030990733009691904,8.85310584821596e-05
0.6800000000000004,125.48121499557193,0.00048179388096427326,4.682480054796134e-05,0.00031005589868199714,8.857431962912586e-05
0.6900000000000004,125.47909935549265,0.0004820455008419545,4.6931078002179e-05,0.0003101235709455256,8.859452005472204e-05
0.7000000000000004,125.4776905322815,0.00048221922324870575,4.7240621282299636e-05,0.0003101392803904996,8.859989993193877e-05
0.7100000000000004,125.47702722772873,0.0004823213873283188,4.7703622486338795e-05,0.00031014102205840886,8.860128410340927e-05
0.7200000000000004,125.47719728374133,0.00048234980280549377,4.82270145123657e-05,0.0003101643033957301,8.860878552590104e-05
0.7300000000000004,125.4781854970946,0.0004823148870194845,4.871240027791659e-05,0.00031023105158367966,8.862863973826318e-05
0.7400000000000004,125.4798217198365,0.00048224461952604803,4.908595356875318e-05,0.0003103433272170901,8.866141196699825e-05
0.7500000000000004,125.48191214865142,0.00048216377740720775,4.929869036332262e-05,0.0003104828905068624,8.870187488798453e-05
0.7600000000000005,125.48432770653085,0.0004820822675103632,4.934168198669808e-05,0.0003106148396975033,8.874004818544794e-05
0.7700000000000005,125.48699018192012,0.0004819997901305146,4.926531791973583e-05,0.00031069478736180654,8.87632474676779e-05
0.7800000000000005,125.48969164397987,0.0004819327209952639,4.9143734795717585e-05,0.00031067994103369645,8.875924782618497e-05
0.7900000000000005,125.49200087630011,0.00048192735119213337,4.9020867524958115e-05,0.0003105426537329623,8.87201531798738e-05
0.8000000000000005,125.49343826893552,0.00048203694284844464,4.890817215343713e-05,0.0003102824367897056,8.864582711463186e-05
0.8100000000000005,125.49369992385051,0.0004822932680180094,4.880561640405395e-05,0.00030993200879196614,8.854562062227312e-05
0.8200000000000005,125.49279285682499,0.0004826872305303002,4.872090805857222e-05,0.00030955457811672823,8.843759565411962e-05
0.8300000000000005,125.49085434237266,0.0004831903649417698,4.866596573311179e-05,0.0003092318097753683,8.834508717570041e-05
0.8400000000000005,125.48785060900842,0.00048379667929053993,4.8635507881253876e-05,0.0003090461214824944,8.829164500721646e-05
0.8500000000000005,125.48374037970137,0.00048450521491496737,4.862261854034785e-05,0.0003090634537834696,8.829611122341669e-05
0.8600000000000005,125.47886309448208,0.0004852699661442678,4.863907320092512e-05,0.00030931914632793746,8.836858497863227e-05
0.8700000000000006,125.47386555125293,0.00048600745694329873,4.871353726324853e-05,0.00030980704901981083,8.850731111836283e-05
0.8800000000000006,125.46936583882844,0.00048663810658969195,4.8882668004136005e-05,0.00031047490831553746,8.869736101863131e-05
0.8900000000000006,125.46589157863669,0.0004870932079660102,4.915363505824674e-05,0.0003112295104192701,8.891210083904526e-05
0.9000000000000006,125.46395429079037,0.0004873072625245242,4.949431043090142e-05,0.00031195089436019074,8.911725185759929e-05
0.9100000000000006,125.46405734407081,0.00048721916715455663,4.985232003437773e-05,0.0003125124816376982,8.927664259228103e-05
0.9200000000000006,125.46662074562293,0.00048678215404739545,5.015954199945148e-05,0.0003128031202799769,8.935850920668019e-05
0.9300000000000006,125.47177960901483,0.0004859893318429732,5.036138676152465e-05,0.00031274611303963676,8.934093521168311e-05
0.9400000000000006,125.47921079252505,0.0004848940953434901,5.04448140928622e-05,0.00031231221262312015,8.921556773813011e-05
0.9500000000000006,125.48826023034617,0.00048358875435976245,5.0443833729009765e-05,0.00031152635777974177,8.898954471857116e-05
0.9600000000000006,125.49796856923146,0.00048220132011927844,5.042002350167159e-05,0.00031046820065408124,8.868564651082619e-05
0.9700000000000006,125.50693329109065,0.0004809188311400641,5.043903457885711e-05,0.0003092668352212161,8.834078886301785e-05
0.9800000000000006,125.51371135075209,0.00047993281912536197,5.057530515084432e-05,0.00030808881315541657,8.800259614784908e-05
0.9900000000000007,125.51714687924459,0.0004793928388762247,5.091524127277615e-05,0.00030711679782777424,8.772329725786208e-05
1.0000000000000007,125.51641866372411,0.0004793998766486904,5.154782727269764e-05,0.0003065216535365796,8.755174302771629e-05
1.0100000000000007,125.51127271199913,0.0004799746698238295,5.256791262944223e-05,0.0003064347785663004,8.752549138251989e-05
1.0200000000000007,125.5021721866057,0.0004810380672502881,5.4065399162938723e-05,0.00030692299659247315,8.766362282673487e-05
1.0300000000000007,125.49030429322252,0.0004824133409221266,5.6063901661367154e-05,0.0003079670251698161,8.796057949440748e-05
1.0400000000000007,125.47740406148891,0.00048385703233481904,5.8466114130179115e-05,0.0003094497234707908,8.838280337440999e-05
1.0500000000000007,125.46560454361511,0.00048508231274245294,6.105778451771237e-05,0.00031116103073081195,8.887015099693657e-05
1.0600000000000007,125.4571641324271,0.00048579087733504093,6.35211333979637e-05,0.00031281990295475815,8.934217198348123e-05
1.0700000000000007,125.45373656914738,0.0004857689440879102,6.547594510688356e-05,0.0003141115881278773,8.970877568817277e-05
1.0800000000000007,125.45566228066966,0.0004849906392221286,6.661830255152373e-05,0.0003147433128584872,8.988616289169827e-05
1.0900000000000007,125.46223912732141,0.00048358655963255155,6.678746676051832e-05,0.0003145145159933539,8.981691760788327e-05
1.1000000000000008,125.47251066681268,0.0004817280629416066,6.595440104708504e-05,0.00031337792030906045,8.948748492392253e-05
1.1100000000000008,125.485206858561,0.00047962374012136007,6.424358419316666e-05,0.0003114654271208148,8.893560084396057e-05
1.1200000000000008,125.49861306091513,0.00047753146656987015,6.191150087514054e-05,0.0003090736314922705,8.824618219351468e-05
1.1300000000000008,125.5109842323079,0.0004756986403169744,5.9300814247415984e-05,0.0003066153200339791,8.753748297460889e-05
1.1400000000000008,125.52097151087966,0.0004742994680114418,5.681267458687353e-05,0.00030454118276926025,8.693870985866649e-05
1.1500000000000008,125.5279121747619,0.00047339585141637554,5.48444529605665e-05,0.00030324208747236356,8.65620399984536e-05
1.1600000000000008,125.53178188501823,0.0004729549210047349,5.3666283566743665e-05,0.00030295529828123726,8.647572758151693e-05
1.1700000000000008,125.53286884498995,0.0004729006868447121,5.3396956313831904e-05,0.0003037019804697953,8.668614352707139e-05
1.1800000000000008,125.53157108971259,0.0004731342345592268,5.400279149573502e-05,0.00030527383212845756,8.71338879801985e-05
1.1900000000000008,125.52829565798828,0.0004735455066284879,5.5228345139587734e-05,0.00030727350437490404,8.770533652431115e-05
1.2000000000000008,125.52346727823884,0.0004740314425004656,5.666613016388582e-05,0.0003092035832745684,8.825812715082e-05
1.2100000000000009,125.5180694564058,0.0004744369856927493,5.792943211630671e-05,0.0003105835617740516,8.865467780769247e-05
1.2200000000000009,125.5134312453513,0.0004745773776154781,5.87564963355284e-05,0.00031105924001910445,8.879352958030436e-05
1.2300000000000009,125.5097484918202,0.0004744349555720722,5.902197653383766e-05,0.00031048077734664243,8.863169800767557e-05
1.2400000000000009,125.50595622953402,0.0004741852468077019,5.869975936635042e-05,0.0003089467926319728,8.81972893137608e-05
1.2500000000000009,125.50158438212392,0.0004739432482618894,5.780262695735577e-05,0.00030680188403038475,8.758877924055438e-05
1.260000000000001,125.49737575590282,0.00047366095560186233,5.639007727206708e-05,0.00030456471023074694,8.695442702867744e-05
1.270000000000001,125.49383269657054,0.000473313616104595,5.463788790520556e-05,0.000302799311756074,8.645545483169028e-05
1.280000000000001,125.49077811625045,0.000472962488185086,5.2831496910919845e-05,0.000301977738734532,8.622674069827401e-05
1.290000000000001,125.48796358756428,0.0004726757397230914,5.13267908788359e-05,0.00030362327064918117,8.634515255557721e-05
1.300000000000001,125.48496524733262,0.00047254096561905013,5.051029414219177e-05,0.0003052186118560852,8.681075283019654e-05
1.310000000000001,125.48116887306315,0.00047267071129370846,5.069078599197494e-05,0.0003065283265158435,8.754701044964581e-05
1.320000000000001,125.47630961581677,0.0004731386878047162,5.197247767782364e-05,0.00030956598395285456,8.842135217432047e-05
1.330000000000001,125.47065426328398,0.0004739497430414132,5.417170184980967e-05,0.0003125429660299272,8.927772330534192e-05
1.340000000000001,125.46467429388153,0.00047506657781522113,5.689060221487011e-05,0.00031495183981647813,8.997094009197442e-05
1.350000000000001,125.45891856430295,0.00047642992251485536,5.9691827632423236e-05,0.00031642949094657014,9.039716212936485e-05
1.360000000000001,125.45382726238147,0.00047800914926117113,6.218852372255254e-05,0.0003168348229720643,9.051608591878569e-05
1.370000000000001,125.44940694241187,0.00047985077500046873,6.402866679736078e-05,0.00031627766368865667,9.035917860405229e-05
1.380000000000001,125.44511051922461,0.0004820701713440598,6.487557649519557e-05,0.0003150882709622303,9.002093318581724e-05
1.390000000000001,125.44002449011765,0.0004848131923066783,6.450811261746512e-05,0.0003137391158855379,8.963649001570441e-05
1.400000000000001,125.43319315049935,0.00048821791145329044,6.2937722786916e-05,0.00031274380712897,8.935273319949754e-05
1.410000000000001,125.42344529209765,0.0004924325409909263,6.04632934554081e-05,0.0003125552897143506,8.92991893178923e-05
1.420000000000001,125.40994291711883,0.0004975210606564213,5.758854841620452e-05,0.00031347792046728827,8.956290223289387e-05
1.430000000000001,125.39331961947971,0.0005033155370198811,5.4847899446374665e-05,0.0003156012176951012,9.016950928281667e-05
1.440000000000001,125.37543620119675,0.0005094842884050937,5.269160180220399e-05,0.0003187658090177835,9.107351968863891e-05
1.450000000000001,125.35865858447185,0.0005156337877273109,5.146920451516011e-05,0.00032257706492897365,9.216221453395335e-05
1.460000000000001,125.34526784137746,0.0005213649404694231,5.142287358449838e-05,0.0003264686311663042,9.327379846746198e-05
1.470000000000001,125.33677510101238,0.0005263783460517887,5.261871155030811e-05,0.0003298043003632717,9.422650205929143e-05
1.480000000000001,125.33404157627596,0.0005305008455422643,5.488173016057288e-05,0.00033200515175070485,9.485490364178634e-05
1.490000000000001,125.33767489571532,0.0005336387549143472,5.7781034820083775e-05,0.00033267777410184255,9.504656340219583e-05
1.500000000000001,125.34737871305774,0.000535830751509922,6.073645525332029e-05,0.0003317078118590197,9.476875340771542e-05
1.5100000000000011,125.36163957898462,0.0005372684894325319,6.321491504578516e-05,0.00032929394124540066,9.407817096180795e-05
1.5200000000000011,125.37854887133746,0.0005381960266141394,6.489408166593182e-05,0.00032591577887597324,9.311177882248178e-05
1.5300000000000011,125.39574244261836,0.0005389235233444145,6.569119606149475e-05,0.00032224534837559224,9.206152302427191e-05
1.5400000000000011,125.40997350586507,0.000539863145311276,6.576369144178454e-05,0.0003190270841899141,9.114006468178354e-05
1.5500000000000012,125.41781915426425,0.0005414239893646198,6.544840873985487e-05,0.000316949516293582,9.05441334520317e-05
1.5600000000000012,125.41746995649741,0.0005437860777500629,6.512713310897172e-05,0.00031651824399114186,9.04182388571303e-05
1.5700000000000012,125.40939023128196,0.0005468130539025204,6.51373218667386e-05,0.00031794461867247747,9.082285177444052e-05
1.5800000000000012,125.39495601956448,0.0005502184644884598,6.565465278716428e-05,0.0003210851585998406,9.171706446868305e-05
1.5900000000000012,125.37522550596479,0.0005537428130128568,6.661076873351635e-05,0.0003254637275095901,9.296489564555119e-05
1.6000000000000012,125.35073751842982,0.0005572393052148205,6.7764263825913e-05,0.00033037537765731676,9.436494411863819e-05
1.6100000000000012,125.32286676490439,0.0005605287838448639,6.892131917640213e-05,0.0003350416594063979,9.569476869729096e-05
1.6200000000000012,125.29449828738325,0.0005632919553752735,7.01100082986905e-05,0.0003387758274020743,9.675810714350191e-05
1.6300000000000012,125.26855385891076,0.0005652391266256311,7.151539296903903e-05,0.0003411204665425967,9.742421299419872e-05
1.6400000000000012,125.24709632582493,0.0005662159066651149,7.343653469935645e-05,0.0003419294125280377,9.765126712328591e-05
1.6500000000000012,125.23187410318391,0.0005661227853652888,7.624017780443323e-05,0.0003413730708599077,9.748788951308177e-05
1.6600000000000013,125.2248402448993,0.0005648414906569398,8.012310213881766e-05,0.00033986603405353454,9.705243682279803e-05
1.6700000000000013,125.2285266841963,0.0005621769169405913,8.505418071556022e-05,0.00033793651036353003,9.649566730517126e-05
1.6800000000000013,125.24575440381261,0.0005578708403816843,9.079856126032465e-05,0.0003360578120992922,9.595256167826963e-05
1.6900000000000013,125.27758933221642,0.0005518407901363468,9.685517033668521e-05,0.00033447800553507845,9.549361709559586e-05
1.7000000000000013,125.32195064423144,0.0005443468433107408,0.00010256558996988861,0.00033312123160483045,9.509662891780027e-05
1.7100000000000013,125.37442789000843,0.0005359009635900008,0.0001073952375887476,0.0003316209261225733,9.465618025885486e-05
1.7200000000000013,125.42970629398857,0.0005271130951443609,0.00011110087047028128,0.0003294694402676434,9.402640843298529e-05
1.7300000000000013,125.48258534624925,0.0005185672012590724,0.00011363335065402903,0.00032621244425256175,9.30765826520748e-05
1.7400000000000013,125.52863700549118,0.0005107243656165465,0.0001151107748729731,0.0003216215668816317,9.174049314825899e-05
1.7500000000000013,125.5639792793812,0.0005039589876163185,0.00011580805309947366,0.00031581045046342484,9.004973100257053e-05
1.7600000000000013,125.58537772983016,0.000498557899322768,0.0001159498106452515,0.0003092748146756951,8.814534593290888e-05
1.7700000000000014,125.59150977605677,0.0004945565159767963,0.00011579823691547097,0.0003028323638987218,8.626097699498649e-05
1.7800000000000014,125.58274097918604,0.0004918056114949886,0.00011583903842668825,0.00029745881044489995,8.467628894187708e-05
1.7900000000000014,125.56092798704766,0.0004900427623444449,0.00011664658977705774,0.00029406623779466173,8.365371625053713e-05
1.8000000000000014,125.5308365067116,0.0004886803386795638,0.00011865565139308374,0.0002932775188525082,8.337365842758821e-05
1.8100000000000014,125.49983390946805,0.0004867738851519686,0.00012188912473184117,0.0002952264825357833,8.387658048311819e-05
1.8200000000000014,125.47556207694032,0.00048330428804275295,0.00012603178191538468,0.0002994332304847143,8.502644443214824e-05
1.8300000000000014,125.46372678338457,0.0004775292152309985,0.0001308198041577858,0.00030482930869844897,8.651733375565895e-05
1.8400000000000014,125.46845445738339,0.00046898209703023146,0.00013610743280169087,0.0003099552546323359,8.792996052404992e-05
1.8500000000000014,125.49396591814357,0.0004572181191051401,0.00014173228482377794,0.00031325713573216097,8.881685430297587e-05
1.8600000000000014,125.54239955813277,0.00044208322360778107,0.0001473849393566754,0.0003133912651951766,8.878991331292207e-05
1.8700000000000014,125.61069686348817,0.00042414834018783553,0.00015249617481667086,0.0003095108715882311,8.760276345636107e-05
1.8800000000000014,125.691364060328,0.00040459078995684525,0.0001564369011746741,0.0003015126380299995,8.522185185228094e-05
1.8900000000000015,125.77412247219476,0.00038493289759696604,0.00015878507062790562,0.0002960221142404212,8.186367066114793e-05
1.9000000000000015,125.84754132826187,0.0003668373127585541,0.00015951959029990995,0.00029783211182339575,7.797916873888341e-05
1.9100000000000015,125.90203361856624,0.00035175758424783117,0.00015912787793975443,0.0002979709633141104,7.418506342862955e-05
1.9200000000000015,125.93227962011848,0.00034058532088369745,0.00015823393957445183,0.0002963671005964122,7.114967954117574e-05
1.9300000000000015,125.93815069734967,0.0003333985240400346,0.00015728349128515224,0.00029316680689675675,6.944634278728396e-05
1.9400000000000015,125.92224290544017,0.00032975691654684916,0.00015667655692377133,0.00028872924990273814,6.940725087834632e-05
1.9500000000000015,125.88709628762507,0.0003292042750155997,0.00015677948470845432,0.0002835972492974196,7.103005211189561e-05
1.9600000000000015,125.83581843879212,0.00033129659109691097,0.000157576014562676,0.0002784433637300856,7.397320704568591e-05
1.9700000000000015,125.77297308810877,0.0003354666474669287,0.0001585312225762791,0.00027740641574342087,7.763413040066417e-05
1.9800000000000015,125.70526732929898,0.00034087855439668386,0.00015906269831149973,0.0002899802955795202,8.128022426255386e-05
1.9900000000000015,125.64112047781492,0.0003464940757554342,0.00015880074071175098,0.0003000340979105158,8.420290522802857e-05
2.0000000000000013,125.58807313988946,0.0003514199698306805,0.00015757454852281588,0.0003057193533520307,8.586714753792046e-05
2.010000000000001,125.55140673793976,0.0003550305105851922,0.00015556564043304436,0.00030617403658810867,8.602529205407265e-05
2.020000000000001,125.53631811872535,0.0003566693620001843,0.00015319148842214532,0.00030167876705705697,8.47606925582729e-05
2.0300000000000007,125.54787780057046,0.00035576963419039093,0.00015084464000229825,0.00029350608114612255,8.244370032877869e-05
2.0400000000000005,125.58759671975206,0.00035234742753743393,0.00014882077695946083,0.0003003724896252078,7.961985388713567e-05
2.0500000000000003,125.65183823370806,0.00034704196736866176,0.00014727419968243796,0.0003108701567973415,7.687083522554377e-05
2.06,125.73208659500382,0.00034094202593044323,0.00014606593591794283,0.00032089982757818754,7.468234441439215e-05
2.07,125.81661321942596,0.00033544989311984114,0.00014501985669831147,0.00032948104600155273,7.334911891397271e-05
2.0799999999999996,125.894286869214,0.0003318977591958806,0.000144476778532618,0.00033576861729023733,7.294166502568688e-05
2.0899999999999994,125.95731480250024,0.0003311455636569916,0.00014523897123813653,0.0003391682520807028,7.333202794691709e-05
2.099999999999999,125.99995506836609,0.00033368219829984526,0.0001478968430515478,0.0003394301082912456,7.425381940327629e-05
2.109999999999999,126.01863413106926,0.0003396496673032795,0.00015239224506013248,0.00033670652136892306,7.537757330309324e-05
2.1199999999999988,126.01324497977743,0.00034874537577365397,0.0001582075405322898,0.0003315589302036976,7.639256202146846e-05
2.1299999999999986,125.98571439092396,0.0003604080551350042,0.00016467951259083795,0.000324905079566646,7.708418674204066e-05
2.1399999999999983,125.938778734965,0.000373964156120173,0.00017109140905241703,0.0003179104869779287,7.738825407554933e-05
2.149999999999998,125.87627574736167,0.0003886835415804272,0.00017665854494239937,0.0003118393461439906,7.740122303164215e-05
2.159999999999998,125.80288080055587,0.0004039042267379081,0.00018064864023694576,0.0003078857428006026,7.734293327991859e-05
2.1699999999999977,125.72245772800727,0.000419171521770825,0.00018268846990846104,0.00030700876680847197,7.749345585342184e-05
2.1799999999999975,125.63750081518123,0.0004341727485959359,0.00018281615414072802,0.00030979451353705577,7.81277170550353e-05
2.1899999999999973,125.55013047486734,0.00044862911642310285,0.00018105472339296046,0.00031636286937595994,7.94549944910069e-05
2.199999999999997,125.46321166301269,0.000462279031330466,0.0001774355304050454,0.00032633153107826856,8.156787410654019e-05
2.209999999999997,125.38050327838869,0.00047488202782365255,0.00017216503595704895,0.0003388462477315112,8.441574627587895e-05
2.2199999999999966,125.3061839369653,0.00048619218701886213,0.00016523131959101726,0.0003526792196536373,8.781206003014316e-05
2.2299999999999964,125.24446137872145,0.0004959663968135689,0.00015653624927016696,0.0003663839873778273,9.146505300723401e-05
2.239999999999996,125.1983934189289,0.0005041560012705082,0.0001465508698150028,0.0003784820622705721,9.502085180566505e-05
2.249999999999996,125.16861578081256,0.0005110794113310843,0.00013631949868160565,0.00038765155695145195,9.812437180585308e-05
2.259999999999996,125.15278902473803,0.0005174592899826292,0.0001267776813740297,0.0003928910696716735,0.00010049949007798052
2.2699999999999956,125.14567811843861,0.0005244161461196177,0.0001184800537723399,0.0003936390630603411,0.00010202368559817168
2.2799999999999954,125.14093030477343,0.0005332329699284725,0.00011200110266005823,0.0003898366414753877,0.00010276393768524761
2.289999999999995,125.13279079949574,0.0005450404800544361,0.0001079060559568259,0.00038192807105698253,0.00010296332650087863
2.299999999999995,125.115249338659,0.0005608157343955298,0.00010629976396456939,0.00037079896833326674,0.00010299275697881929
2.3099999999999947,125.08290507970848,0.0005812181635125766,0.00010692726606922584,0.00036153676552103694,0.0001032811403859143
2.3199999999999945,125.03417964764648,0.0006061990285523313,0.00010902976181809909,0.00036480631563009754,0.00010422246717158726
2.3299999999999943,124.97173898765628,0.0006350213788790278,0.00011078406912725455,0.00037125178399691054,0.00010606941234484888
2.339999999999994,124.89900291092711,0.000666786574195744,0.00010967477057799415,0.00038098860677439144,0.00010885382333063966
2.349999999999994,124.8181726070153,0.0007007066249339579,0.00010357713537521722,0.00039330331622795063,0.0001123710220034487
2.3599999999999937,124.7326193761179,0.0007357573049136431,9.140677259677585e-05,0.000406806506456634,0.00011622337895312322
2.3699999999999934,124.64672523900921,0.00077074534716876,7.341363427498621e-05,0.00041971748449956266,0.00011990124799470805
2.3799999999999932,124.56454287675892,0.0008046025086307778,6.720826953360687e-05,0.00043026558848846026,0.0001228971308575982
2.389999999999993,124.49082179993532,0.00083631538685452,9.480955971984012e-05,0.0004371518770612685,0.00012483712406164034
2.399999999999993,124.42914290388997,0.0008651703380269563,0.00012115506087413248,0.00043989690847365015,0.00012557995211663842
2.4099999999999926,124.38047744919241,0.0008909141609921322,0.00014340066544216978,0.0004389490904948403,0.00012524786911934763
2.4199999999999924,124.34520599751659,0.0009134797849660928,0.00015921269216194489,0.0004355757346625805,0.0001241960389711755
2.429999999999992,124.32420081740554,0.0009328225389441916,0.00016754044869634834,0.00043159773828804906,0.00012293815486368127
2.439999999999992,124.33932032774491,0.0009490866703544505,0.00016876698502151557,0.000428995028384988,0.00012203609089437628
2.4499999999999917,124.3592854086271,0.0009625258475999315,0.00016448753254589532,0.00042943147221564417,0.00012196669042969968
2.4599999999999915,124.37870308477872,0.000973119071454945,0.0001570372479055186,0.00043381101880734174,0.00012299594796893388
2.4699999999999913,124.39664000572792,0.0009809514898817065,0.0001485735144836738,0.0004420122042847451,0.000125101371089784
2.479999999999991,124.41091300775692,0.0009864858027467899,0.00014033936646001206,0.00045290466283620943,0.00012797295901108315
2.489999999999991,124.43829833090221,0.00099013602305707,0.00013261234771552578,0.00046461830522349007,0.00013108680735054008
2.4999999999999907,124.47466665734012,0.0009921183513832178,0.00012531468905037398,0.00047495779918177536,0.00013382237138177415
2.5099999999999905,124.50736568826714,0.0009925077805004862,0.00011847450589682866,0.00048189193363517554,0.0001356033765396473
2.5199999999999902,124.53495963171636,0.0009913150485840374,0.00011220943877707442,0.00048403753353820216,0.00013603853459001345
2.52999999999999,124.55614303910303,0.0009884750455828872,0.00010651743648335346,0.0004809850969076035,0.0001350171539711931
2.53999999999999,124.56968483860379,0.0009838837384624362,0.00010097184860174781,0.0004733465687830783,0.00013272442898463378
2.5499999999999896,124.57516499085457,0.000977439693660456,9.475228183133217e-05,0.0004625547767220099,0.00012958433888661782
2.5599999999999894,124.57381927234279,0.0009689293923046467,8.678059021830035e-05,0.0004505237771735841,0.0001261610123354141
2.569999999999989,124.56633127277962,0.000958222286000268,7.622274420655692e-05,0.0004392387405341604,0.00012303755119176787
2.579999999999989,124.55218100311679,0.0009453798828126066,6.331619720092605e-05,0.0004303267206711915,0.00012068707871360939
2.5899999999999888,124.53311747217285,0.0009303132432906403,5.9298277670965655e-05,0.000424699754735769,0.00011936453232497856
2.5999999999999885,124.51411864780626,0.0009126538426233215,6.805786614021194e-05,0.0004223716109412484,0.00011905223068515605
2.6099999999999883,124.49988528518452,0.0008920850389183295,7.641505784062822e-05,0.00042250004759420193,0.00011947607518245087
2.619999999999988,124.49371288295599,0.0008684580721866252,8.437474252226573e-05,0.00042362530085351583,0.00012018140714180525
2.629999999999988,124.49841236014785,0.0008418290281112505,9.231956498351143e-05,0.0004240315105068812,0.00012064275107034919
2.6399999999999877,124.51423705648048,0.0008128528786565324,0.00010078825120026011,0.0004221936751935965,0.00012039377855280703
2.6499999999999875,124.53905701535257,0.0007826283470215711,0.00011047712887830636,0.00041725994978334194,0.00011916313686560805
2.6599999999999873,124.56997507239936,0.0007523156476688658,0.0001221930849273774,0.0004093966532851281,0.00011696901233226277
2.669999999999987,124.60371857793716,0.0007230825913542393,0.00013668151996272675,0.00039981850553700383,0.00011412513457920711
2.679999999999987,124.6389509984322,0.0006957996412984326,0.0001545860009227079,0.00039050227386043794,0.00011116094557622348
2.6899999999999866,124.67808638179709,0.0006706869592986031,0.00017659565937727136,0.00039556954623339025,0.00010868794533103058
2.6999999999999864,124.72564416196963,0.0006474515211277064,0.00020344417030029386,0.00040994838093743143,0.00010723479428355094
2.709999999999986,124.78458670030105,0.0006258495244399315,0.00023556228249426358,0.00042421681046023857,0.000107078422372824
2.719999999999986,124.85604205364568,0.0006058002445840481,0.00027278021014135053,0.00043855205025156624,0.00010812593571349159
2.7299999999999858,124.9382157422537,0.0005874992803263906,0.00032350846570859134,0.0004536737871103387,0.00011259666176593292
2.7399999999999856,125.02731773382784,0.0005712037538549339,0.00037731734834957174,0.0004698948638841642,0.00012308797492316417
2.7499999999999853,125.12325801853791,0.0005564534636479369,0.0004307871101643191,0.0004940169475112995,0.0001329447762302502
2.759999999999985,125.22680033604438,0.0005426030535766379,0.00048094780895076766,0.0005168717785018412,0.00014129445082549863
2.769999999999985,125.33665622216185,0.0005293058081735465,0.000525494308471041,0.0005340897693336707,0.00014746181561339815
2.7799999999999847,125.4520454793778,0.0005161141378067218,0.0005631452475052664,0.0005440787215850759,0.00015107461111025537
2.7899999999999845,125.56994359773746,0.000502847142985168,0.0005936397004932785,0.0005462755773261427,0.00015206427215282996
2.7999999999999843,125.68383353439457,0.0004898383224417117,0.0006172716353286827,0.0005408133051032889,0.00015053337285944647
2.809999999999984,125.78960996806653,0.00047715850091332697,0.0006350664543005727,0.0005285231868941766,0.00014680545306104115
2.819999999999984,125.88739641977102,0.0004643008682905704,0.0006489955089194027,0.0005110321950541879,0.00014148469824944924
2.8299999999999836,125.97769138110223,0.0004506486896689328,0.000661078835405474,0.0004899596806593313,0.00013519715303456607
2.8399999999999834,126.06124160337578,0.00043553992040149464,0.0006733145155411894,0.0004669344087011832,0.00012856777301178325
2.849999999999983,126.13997751958905,0.0004182585554805026,0.000688314914165481,0.0004443632702880465,0.00012239921141982067
2.859999999999983,126.21593417954686,0.00039822772092149234,0.0007086614032282024,0.00042523502389663087,0.00011748409990929118
2.869999999999983,126.2918202398709,0.00037487098565413185,0.0007362978889712021,0.000438398515191305,0.00011591589554230281
2.8799999999999826,126.37012427978921,0.00034772280305166533,0.0007726521465557883,0.00046402071535140625,0.0001234132784249782
2.8899999999999824,126.44948070144156,0.00031701654619918884,0.0008183927543194059,0.00048766475137387356,0.0001306300322977265
2.899999999999982,126.52410584193152,0.00028380576205485936,0.0008729175965615193,0.0005086991599138061,0.00013753635054114392
2.909999999999982,126.58618883166726,0.00026161310456298626,0.0009340696384007339,0.0005272714259083907,0.00014411590075651175
2.9199999999999817,126.62929124051678,0.00029052824861594784,0.000998032262409451,0.0005441735299694235,0.00015036321649133371
2.9299999999999815,126.65210074364072,0.0003217098165987498,0.0010598970789854679,0.0005643437388267621,0.000156278911837106
2.9399999999999813,126.65871025220623,0.00035619102068051086,0.0011150364901137862,0.0005882255468495716,0.0001618634968097152
2.949999999999981,126.65601296775503,0.00039496781958429055,0.0011599799447914489,0.0006098459292502564,0.0001671113260367293
2.959999999999981,126.65089049027176,0.00043862789899739674,0.001192860387883546,0.0006281482623652698,0.00017200613891184803
2.9699999999999807,126.64779592186284,0.00048690595728029435,0.001213893329489695,0.0006431062179685068,0.00017651908460637926
2.9799999999999804,126.64877508597701,0.0005386047806409945,0.0012257245229178673,0.0006560328886603363,0.0001806096825360966
2.9899999999999802,126.65755772102982,0.0005923364227067726,0.0012329968305251364,0.0006667382692766795,0.00018422977202179713
2.99999999999998,126.67992151298053,0.0006469041136798734,0.0012406546531303377,0.0006758076752747683,0.00018738054821954846
3.00999999999998,126.71748994356228,0.0007006518682972019,0.0012520568036873813,0.0006838654970996322,0.00019023410759657145
3.0199999999999796,126.7657456365791,0.0007512435690920363,0.0012682331751478547,0.0006910621448391091,0.000192504867608776
3.0299999999999794,126.8167494574943,0.0007961075789813385,0.0012883467579425539,0.0006980800979221593,0.0001941694250565284
3.039999999999979,126.90900247496026,0.0008327557035049674,0.0013106441317587171,0.0007053084236726822,0.00019521573459968815
3.049999999999979,126.98704369694094,0.0008591956458691591,0.001332935593681535,0.0007146646367858329,0.00019564089448879701
3.0599999999999787,127.03153334526779,0.0008744448565725446,0.0013522847589514208,0.0007248955530837188,0.00019544840466120976
3.0699999999999785,127.03608990016998,0.0008789946726643734,0.0013655545571434177,0.0007332544608430576,0.0001946450022166728
3.0799999999999783,127.00478893927917,0.000874985843760412,0.0013706807155093896,0.0007435646650871824,0.00019323721854195942
3.089999999999978,126.95209450582992,0.0008656313026668539,0.0013672242518299618,0.0007525980704315649,0.00019122859399774698
3.099999999999978,126.89488753151407,0.0008547085910229244,0.0013559385533217906,0.0007577386811475816,0.000188618682194084
3.1099999999999777,126.85550100975753,0.0008461225475405566,0.0013378074946461937,0.000756865939734914,0.00018540405186259992
3.1199999999999775,126.85554587296234,0.0008433819081014996,0.0013138993377373384,0.0007487032931571403,0.00018158030430827525
3.1299999999999772,126.91161186479458,0.0008492184078632059,0.0012878147801647657,0.0007332042572334201,0.00017714393963051247
3.139999999999977,127.0287232001645,0.0008647390262633305,0.0012611482440000599,0.000711964420761233,0.00017209366453923279
3.149999999999977,127.19744111182708,0.0008890247027966459,0.0012389961000080258,0.0006888385785013915,0.00016754987440708067
3.1599999999999766,127.39753238173951,0.0009196639501385712,0.0012350542611659124,0.0006719311433223087,0.00017719275819820372
3.1699999999999764,127.60083908641293,0.0009531013448154977,0.0012339511175033493,0.0006980545811915231,0.00018664941329100658
3.179999999999976,127.77448845518686,0.0009849563232283258,0.0012379592437562288,0.0007220101764160252,0.0001958734864849371
3.189999999999976,127.88774981192347,0.0010105901427670818,0.0012490929576234589,0.0007460318420298375,0.0002048177005057996
3.1999999999999758,127.91248796946579,0.0010259527564807304,0.0012674562426644427,0.0007704103113244845,0.00021343396824030812
3.2099999999999755,127.83427525271179,0.0010286646231926222,0.0012910914728820023,0.0007945037826046276,0.00022167373086912212
3.2199999999999753,127.65749791495851,0.0010179694524265434,0.001317605720525454,0.0008186049321586343,0.00022948848995137027
3.229999999999975,127.39803364382522,0.0009939889615027371,0.0013445713839855466,0.0008427340258263841,0.00023683039963710267
3.239999999999975,127.08279546763016,0.0009575391742394283,0.0013696507187248672,0.0008667785898153853,0.00024365286549174115
3.2499999999999747,126.73896931812185,0.0009102543011630549,0.0013912480429100382,0.0008910492975985697,0.00024991115514644367
3.2599999999999745,126.39389118792005,0.0008543756742491026,0.001408698880720171,0.0009166108371587856,0.0002555629722283824
3.2699999999999743,126.07087167484862,0.0007921624951215894,0.0014219898014612505,0.0009417060169569726,0.0002605689165137842
3.279999999999974,125.78491684931981,0.0007257108964828885,0.0014312744405965967,0.0009649437907607591,0.00026489280895800255
3.289999999999974,125.54293247250193,0.0006570224721957388,0.0014369647711845808,0.0009842420868116527,0.0002685019287385196
3.2999999999999736,125.34597938163822,0.0005880752923154677,0.0014395671525603126,0.0009973717343314489,0.0002713672242868892
3.3099999999999734,125.19408081637785,0.0005211152279982459,0.001439392260817742,0.0010027472944679164,0.00027346353282155656
3.319999999999973,125.08665695827808,0.0004583222959339299,0.0014372904302211965,0.0010001162100984086,0.0002747697783665611
3.329999999999973,125.01980546946588,0.00040096377471530195,0.0014350671611676657,0.0009908343684420023,0.0002752690675984331
3.3399999999999728,124.98535098047441,0.0004382873609062181,0.0014343958842554549,0.0009794686429987756,0.00027494867553758996
3.3499999999999726,124.97270599398087,0.0004884715345480315,0.00143579226960292,0.0009662006072842276,0.0002738000281582572
3.3599999999999723,124.97405412862337,0.0005406166204176949,0.0014387288689063009,0.0009616447835726166,0.0002718187622296157
3.369999999999972,124.9861757403349,0.0005952585250295851,0.0014422657058061718,0.0009551520786577755,0.0002690048233829158
3.379999999999972,125.01135072182791,0.0006520801210753296,0.0014455246065460646,0.0009864390506504402,0.00026536253294672554
3.3899999999999717,125.05286009719181,0.0007103157974640031,0.0014473419618003835,0.0010193985839461533,0.0002609006403962311
3.3999999999999715,125.10598775397293,0.000769858569225875,0.0014460367667886629,0.001049587029228309,0.00025563244022801636
3.4099999999999713,125.15854303089294,0.0008310944345278785,0.0014394629907457624,0.001076774922869238,0.00024957596703796835
3.419999999999971,125.1955302606413,0.0008942511753586498,0.001425170717966433,0.001100745675454307,0.0002427541870876892
3.429999999999971,125.20109183809764,0.0009591868784372585,0.0014017021603354761,0.001121297373380219,0.00023519508299134332
3.4399999999999706,125.1611813391285,0.0010255857702630967,0.0013698353822960332,0.0011382449399235303,0.00022693155670270787
3.4499999999999704,125.0574896258534,0.0010926802481610847,0.0013318863503883915,0.001151422116906121,0.0002180011442245232
3.45999999999997,124.88262557430127,0.0011585252171061407,0.0012900858814018164,0.0011606829174246867,0.00020844560652247894
3.46999999999997,124.64609487428287,0.0012200022112612908,0.001245873395559579,0.0011659028431031618,0.00019831045373084165
3.47999999999997,124.66460496678455,0.001273688492732141,0.0011997087277608653,0.0011669803059897713,0.00018764442836885216
3.4899999999999696,124.89555759322515,0.0013168303073353988,0.001150856900886394,0.0011638380469567973,0.00017649901438413727
3.4999999999999694,125.07538242581109,0.0013473538007131376,0.0010973126822752454,0.0011564239935637655,0.00017496650510247523
3.509999999999969,125.19523300514325,0.0013635709650360547,0.0010376901563318606,0.0011447114537542233,0.00017744801167572687
3.519999999999969,125.25634325382299,0.001365070714771374,0.0009695529826411483,0.0011286988375303249,0.00017690992720448346
3.5299999999999687,125.26337754830402,0.0013532536017799254,0.0008921413339941048,0.0011084088561667065,0.00018511096099213
3.5399999999999685,125.23153103922817,0.001330325822839007,0.000805685966242224,0.0010838873373799837,0.00018492719869960642
3.5499999999999683,125.1728837345277,0.0012985676438464456,0.0007114667703837882,0.0010552025310327504,0.00017709537871612934
3.559999999999968,125.09482909499715,0.00126044406135612,0.0006106661245566938,0.0010224456084728308,0.00016407311615111006
3.569999999999968,125.002236940374,0.0012186370927243773,0.0005036726785881813,0.0009857317385137613,0.000149402945784781
3.5799999999999677,124.9024593445462,0.0011759623984577824,0.0005541755290712785,0.000945200675486928,0.00014801283696115025
3.5899999999999674,124.80007432334298,0.0011352593468034453,0.0006283722017320007,0.0009010170196119997,0.00015425233155358202
3.5999999999999672,124.70479553143201,0.0010988805744222225,0.0007026501909819397,0.0008533711254905524,0.00015680523078344925
3.609999999999967,124.62807430576524,0.0010681928828933155,0.0007748899378835271,0.0008024808972589526,0.00015528910358226074
3.619999999999967,124.57466418415369,0.001043023124613577,0.0008427460126488364,0.0007485942187458177,0.00015864792506213945
3.6299999999999666,124.53989768710161,0.0010218358611188468,0.0009042246144435857,0.0006919925035520355,0.00017064270575973278
3.6399999999999664,124.52027352984753,0.0010027861881623502,0.0009579894183799338,0.0006662771283284494,0.0001800677900742184
3.649999999999966,124.51296528404663,0.0010055120013410439,0.0010035725003762288,0.0006955512059702119,0.00018672197359702932
3.659999999999966,124.51221785627378,0.0010127089696001252,0.001041898287665619,0.0007140533831439175,0.0001908140649870457
3.6699999999999657,124.50509432031768,0.0010128142862258274,0.0010749614665515755,0.0007219847487773184,0.00019287101144722322
3.6799999999999655,124.4755524592085,0.001002943031359616,0.0011048145485994779,0.000720258634300272,0.000193446702204452
3.6899999999999653,124.41139126742773,0.000981541347820733,0.001132985993061297,0.0007106806267185226,0.0001929528793031745
3.699999999999965,124.43351401603998,0.0009478741911952479,0.0011592020472303956,0.0007114345930200336,0.00019129246881520858
3.709999999999965,124.60254463792788,0.0009009963560683772,0.0011813916518975502,0.0007198080015863701,0.00018786232490245456
3.7199999999999647,124.85993723143865,0.0008402453852547024,0.0011975848831968952,0.0007128912714472582,0.00018209875612762859
3.7299999999999645,125.13811778070021,0.0007668983396489018,0.0012091913856736717,0.0006878702076015381,0.00017381237153833655
3.7399999999999642,125.45196926280579,0.0006837246878022515,0.001271917146048415,0.0006462772724873102,0.00016307117785682878
3.749999999999964,125.81864725238698,0.0005938844505024503,0.0013366706125838158,0.0006127347362059458,0.00016157208552240265
3.759999999999964,126.1937649789526,0.0005015518336798665,0.0013944367401162573,0.0006569681105277805,0.00017257769911801886
3.7699999999999636,126.54951512877601,0.0004114583192549652,0.001446846519630044,0.0006936267543240553,0.0001824041602676518
3.7799999999999634,126.86874035785176,0.00032699075861511326,0.0014966955334271318,0.0007188115578240458,0.00019085735122717466
3.789999999999963,127.14504787340108,0.0003038242482312832,0.0015469957353144064,0.0007318492607021317,0.00019776710467663764
3.799999999999963,127.37581863385687,0.0003851471690541057,0.001599940046704248,0.0007355558402704621,0.00020299655003729356
3.8099999999999627,127.56271105806567,0.0004624637800124862,0.0016561619311204355,0.0007344141019357561,0.0002064489867314867
3.8199999999999625,127.71444645064669,0.0005361813035015932,0.0017148087258185654,0.0007567277240238642,0.00020807092990136983
3.8299999999999623,127.84452214778108,0.0006074735356959333,0.0017743505825095246,0.0007944249877341124,0.00020785212046073374
3.839999999999962,127.96688965990772,0.000677721548024296,0.001833009048596298,0.0008235250472221308,0.0002058233695356391
3.849999999999962,128.0930013197521,0.0007478194477262074,0.0018883638997065784,0.0008391376301821308,0.00020205212805408875
3.8599999999999617,128.22664355641098,0.0008175174249733066,0.001937829548662534,0.000839569529241854,0.00020151845530238236
3.8699999999999615,128.3616354389656,0.0008855990868272798,0.0019804563337622203,0.0008269289772268679,0.0001997400605347126
3.8799999999999613,128.48865898153736,0.0009509337007819612,0.002017600187063507,0.0008060919977409529,0.0002033921638672648
3.889999999999961,128.60481962855238,0.0010132694533637387,0.0020517651549232835,0.0008383910357768516,0.00021315334337882483
3.899999999999961,128.712706315624,0.0010727372506310765,0.0020852855395593053,0.0008832411470367951,0.00022188646321498365
3.9099999999999606,128.8140221589376,0.001129192469855611,0.0021200129758444765,0.0009173245976617018,0.0002295123420285136
3.9199999999999604,128.91566824414352,0.0011897817129424698,0.0021576676652557587,0.0009409038102717591,0.00023596899161161143
3.92999999999996,129.02319575293896,0.0013023949511541467,0.0022000997327263137,0.0009671006316169173,0.00024308301646405305
3.93999999999996,129.13794393479787,0.0014034489615551292,0.002249110809786617,0.000993951786430402,0.00025167823792326277
3.9499999999999598,129.25761629033286,0.0014892515144931848,0.002305171669347662,0.0010173397009660568,0.00026042348882089036
3.9599999999999596,129.3714797064248,0.0015565788495656226,0.002366324427918726,0.0010401975335694136,0.00026928509203680837
3.9699999999999593,129.4631800173857,0.0016029036276777222,0.0024285496408875504,0.0010646738132381029,0.00027822240726020425
3.979999999999959,129.52036509212178,0.0016276309946157968,0.0024864683520392536,0.0010917480606911496,0.00028718864466150535
3.989999999999959,129.53580912128498,0.0016324147524181673,0.0025349471134018097,0.0011212604522567826,0.00029613187113088665
3.9999999999999587,129.504847388286,0.001620637685483476,0.002571362864852894,0.0011532629456920591,0.0003049960211387667
4.009999999999959,129.42699827055995,0.0015968626133733327,0.0025954501322223455,0.0012012950616187854,0.00031372174231108433
4.019999999999959,129.30309243857013,0.0015655546335244328,0.0026084524869118895,0.001245828414772092,0.00032224705371956304
4.0299999999999585,129.13406903145616,0.0015304178717139546,0.0026135891379140495,0.0012835647117200046,0.0003305078591414298
4.039999999999958,128.92798017616266,0.0014951305065999307,0.002614817128311786,0.0013122947127852107,0.00033843833391823653
4.049999999999958,128.70038012330912,0.0014632130564943373,0.0026152132760531347,0.0013314773249684649,0.00034597126851705027
4.059999999999958,128.4638314118188,0.0014365736079177207,0.0026170429508806554,0.0013422852436694428,0.00035303848827443934
4.069999999999958,128.22774108290875,0.0014157097703188313,0.0026214628410642592,0.0013480993291199055,0.00035957140969900626
4.079999999999957,128.00312857293508,0.0014004673003131874,0.002627445377167437,0.0013532635087420638,0.00036550178059770877
4.089999999999957,127.80261202913665,0.0013900035802227487,0.002631930369206185,0.0013551602069231284,0.00037076264125942014
4.099999999999957,127.63618793109464,0.0013824749916090983,0.002631752757018338,0.0013556513450979767,0.0003752894296995441
4.109999999999957,127.49749982129143,0.0013737161064018369,0.0026240154616448343,0.0013559256346295043,0.00037902108657491613
4.119999999999957,127.36300764597667,0.0013576088485752246,0.002605658016466717,0.0013565475586944816,0.00038190111099792713
4.129999999999956,127.2065118341969,0.0013282740300322763,0.0025752629857496473,0.0013589682190343218,0.00038387853787686223
4.139999999999956,127.00526170733939,0.0012809501099023495,0.0025338318430902307,0.0013600318128987197,0.00038490869345951593
4.149999999999956,126.74139382776909,0.0012122636324688762,0.002483703113603886,0.001358973336652304,0.0003849536282442782
4.159999999999956,126.58228970352681,0.0011211557996052154,0.0024278957734119393,0.0013551939082467846,0.00038398229575777656
4.1699999999999555,126.37549692582047,0.0010100549436682488,0.0023692837807342436,0.0013482272621357333,0.0003819706137073802
4.179999999999955,126.12229906337018,0.0008842704590982699,0.0023098241499265905,0.0013377069323638547,0.0003789015116709407
4.189999999999955,125.84101507823051,0.0007503817147448978,0.0022512246713330512,0.0013233523068473898,0.0003747649785791273
4.199999999999955,125.55452156877806,0.0006882586091391477,0.0021951417160955868,0.0013049645828836437,0.00036955805133280067
4.209999999999955,125.29050175330478,0.000809099885266393,0.0021421025913643753,0.0012824201288143323,0.00036328475544000234
4.2199999999999545,125.07602196273176,0.0009207172060247254,0.00209181390534112,0.0012582318090060692,0.00035595607802936714
4.229999999999954,124.97289066046498,0.0010210183590420615,0.002044291976870754,0.00122971614848614,0.000347589970086184
4.239999999999954,125.10198139166162,0.0011090645727233582,0.0020000276396790915,0.0012015177161212504,0.0003382113138824243
4.249999999999954,125.14161796657835,0.001184663960881669,0.001954131154815333,0.001174126452821555,0.00032785185290583167
4.259999999999954,125.1179389129465,0.0012485034655820154,0.0019032812349519964,0.0011468554277261755,0.0003165501378580493
4.269999999999953,125.10349530809573,0.0013020884492960455,0.0018443513813725212,0.0011210482675789858,0.0003043514980042913
4.279999999999953,125.15520035757943,0.0013473294924721839,0.0017758735056418481,0.0010976003347581058,0.0002913079222340919
4.289999999999953,125.24284662612028,0.0013866207693869017,0.0016981012410568189,0.0010762069578207768,0.00027747769452758934
4.299999999999953,125.36795994840342,0.0014223128950773061,0.001613417760971441,0.0010547563987935954,0.00026292473024593815
4.3099999999999525,125.51422670620697,0.0014555311220264139,0.001526827447102442,0.0010293418927575606,0.0002477176370191297
4.319999999999952,125.6519206901827,0.0014860317887570604,0.0014437310348847864,0.001026185721016927,0.00023192857840779118
4.329999999999952,125.75478963393823,0.0015125793756590757,0.0013680146215941456,0.0010449999489957364,0.00021563209303084025
4.339999999999952,125.789655991182,0.0015328133292519359,0.001301620696773099,0.0010613287240319957,0.00019890399902599553
4.349999999999952,125.74278243235806,0.0015441448203091755,0.0012449525329225968,0.0010748223094008736,0.00018182043649882454
4.3599999999999515,125.76077036033644,0.0015451397190825123,0.0011976114362593378,0.001085169418898534,0.0001713168060283759
4.369999999999951,125.79852027212044,0.0015355396782149881,0.0011585324639092505,0.0010921004721185412,0.00018950033987642388
4.379999999999951,125.8047343298678,0.0015155776825196876,0.0011268847061678708,0.0010953896210474942,0.00020243113304568226
4.389999999999951,125.78158805705877,0.0014863113373797447,0.001101806907816345,0.001094857362800963,0.00020639989453215688
4.399999999999951,125.75206679051054,0.001458634435573914,0.0010815054688998193,0.0010903732615609423,0.0001997970745879499
4.40999999999995,125.74647890150337,0.0014280741085751993,0.001063773183429921,0.0010818576105522425,0.00018362483233134587
4.41999999999995,125.79167117461918,0.001396459975943992,0.00104722554564731,0.0010692825559598573,0.00016141167021646263
4.42999999999995,125.89836182870468,0.0013667366036681792,0.0010321529100451173,0.001052673525269446,0.00014965885206818413
4.43999999999995,126.04938352541424,0.0013392713325196376,0.001018770723973409,0.0010321101120573462,0.0001452282245365106
4.4499999999999496,126.20121665143387,0.0013116257175393954,0.0010050491386590908,0.0010077253888089751,0.00015589881191649602
4.459999999999949,126.2995350490456,0.0012799671762020023,0.0009866210998413305,0.0009797043312593005,0.00015947538657316818
4.469999999999949,126.29859662094887,0.0012408964137957266,0.0009582497187793882,0.0009482820108871869,0.00015411346596786493
4.479999999999949,126.17515956830037,0.0012051543040607607,0.0009154578090812104,0.0009137401878427735,0.00015864604234187648
4.489999999999949,125.92819460515759,0.0011771064293053341,0.0008549587596406376,0.0008764008584793065,0.00018602552000079788
4.4999999999999485,125.56688471775684,0.0011402035463002566,0.0007748552204453023,0.0008450420983496269,0.00020856380434699785
4.509999999999948,125.10300975501733,0.0010956267266483846,0.0006753062327232847,0.0008667456071128862,0.00021969074846163258
4.519999999999948,124.55827822973656,0.001044862790424557,0.0005595539087764828,0.0008372506115696966,0.00021496563302688036
4.529999999999948,124.45609480836328,0.000990850113258698,0.0004332409653954025,0.0007776038905556816,0.0002012704529549296
4.539999999999948,125.08095046881141,0.0009377671000668619,0.0004945235149133626,0.0007422448644764589,0.00019562774023743038
4.549999999999947,125.70531512314022,0.0008905502731737595,0.0005822634372160595,0.000674363678865294,0.0001799402379077446
4.559999999999947,126.25379343752228,0.0008540668231438254,0.0006688063319439175,0.0007017765558189468,0.00016555257054306515
4.569999999999947,126.66254554327861,0.0008316080668635512,0.0007549884756622393,0.0007537502014190431,0.00018446810201329576
4.579999999999947,126.89609469612122,0.0008230811320517365,0.0008433964680158961,0.0007872814911064928,0.0002016729548383081
4.589999999999947,126.95506667782482,0.000824380712425193,0.00093657907579622,0.0008220070452070967,0.00021688993725298435
4.599999999999946,126.87376130680202,0.0008284237432934848,0.0010355140484924986,0.0008564375744153293,0.00022987444672590865
4.609999999999946,126.85428334309941,0.0008257279551969946,0.0011399620619776292,0.0008798113532702354,0.0002404200736366787
4.619999999999946,126.83654788843623,0.0008056627290568991,0.0012488885772444357,0.0008934225403134869,0.000248363755387431
4.629999999999946,126.87366154297273,0.0007585546001762612,0.001360026704118301,0.0009356653549034093,0.0002535903779459005
4.6399999999999455,127.01384203720166,0.0006767154312658054,0.0014704158425356136,0.0009838891879389165,0.0002560366485751165
4.649999999999945,127.28776520426099,0.0005559830223457129,0.0015772639314859894,0.0010100491918608656,0.0002556939457946545
4.659999999999945,127.69803886396294,0.0006109976624983849,0.001678541571102211,0.0010044269240339875,0.0002526099410905221
4.669999999999945,128.3449220632523,0.0007870184658082885,0.0017732988139120168,0.0009740421863493149,0.00025487952260715743
4.679999999999945,129.17975731162153,0.000979361055757453,0.0018609241923447154,0.0010017172334031003,0.00026494311527003897
4.689999999999944,130.0152504189702,0.001180711559601026,0.0019410500510924078,0.0010495381704127324,0.00027111806466254636
4.699999999999944,130.75598396799293,0.0013901115251600887,0.0020491865940055446,0.0010874814933887385,0.000273886730695886
4.709999999999944,131.29925259848002,0.001585426654841019,0.0021532577903834818,0.0010996548590313285,0.0002739856240716834
4.719999999999944,131.58530992652277,0.0017586943957515336,0.002253727332256388,0.0010855098101482177,0.00028874132240637126
4.729999999999944,131.58866708281641,0.0019042619526625074,0.0023494875322226045,0.0010873808565716292,0.0002911268188172781
4.739999999999943,131.32908669316504,0.002018726583869904,0.002437325985155765,0.001049263557958782,0.0002740271835375562
4.749999999999943,130.84698870192395,0.002100889345893461,0.0025141005892342283,0.0009751176335245149,0.00024936560750075243
4.759999999999943,130.33006662745632,0.002152563429552508,0.002578100669485098,0.0009424241718122944,0.00023742864554403116
4.769999999999943,129.80000618065895,0.0021786111431761008,0.0026292485899189174,0.001030828564816251,0.00023486721558422244
4.7799999999999425,129.20177739727234,0.0021854239035855477,0.002668545746782847,0.0011106951525354028,0.00026640550123569097
4.789999999999942,128.78868348863026,0.0021796047578241237,0.002697664623696391,0.0011620140162217638,0.0002860325189446924
4.799999999999942,129.05874165619298,0.002166567613368379,0.002719513390362743,0.0012100499804609983,0.0002922550345432765
4.809999999999942,129.06659722542855,0.0021490472046225184,0.0027375859771542094,0.0012205577201858362,0.0002992279919120839
4.819999999999942,128.87796965178725,0.0021272150895652047,0.002754800777835387,0.0012584674703669024,0.0003162100389150377
4.8299999999999415,128.57989385740564,0.00210008708981185,0.0027728546162741046,0.001262680042238037,0.0003300834259618545
4.839999999999941,128.25887666534422,0.0020663535575678018,0.0027915372242838165,0.0013306313462310086,0.0003411452265996773
4.849999999999941,127.98061867159132,0.002025293857715198,0.0028085380156674237,0.0014009162463356308,0.0003559006861912548
4.859999999999941,128.04136095151134,0.0019773175253644188,0.002820384357383593,0.001443966002333434,0.0003692751990838724
4.869999999999941,128.35338826516966,0.0020127284777537767,0.0028240654933585126,0.0014611600915573116,0.0003811291235877455
4.87999999999994,128.71578178116974,0.0020927626837120897,0.002818618041725747,0.0014620604646171267,0.00039132888131162186
4.88999999999994,129.1380613680987,0.002147679932313431,0.00280577050937349,0.0015004316082682441,0.0003997480254779136
4.89999999999994,129.62025678550617,0.002169195611569582,0.0027891382300585634,0.001550098483683053,0.00040627067100942947
4.90999999999994,130.12422181429113,0.002150470168503725,0.002772414339797486,0.0015899033031083105,0.0004107967041757947
4.9199999999999395,130.59935945855338,0.0020877420870910324,0.0027580569109090245,0.0016168435775935493,0.00041324771347865137
4.929999999999939,130.99622823937537,0.0019921841682331446,0.0027479658158045535,0.001630008782964516,0.000413572262189478
4.939999999999939,131.25963291516732,0.0018628779342610491,0.002743721173698571,0.0016305810353911343,0.00041174943425128835
4.949999999999939,131.3487388938386,0.0017098000512029423,0.0027456979906838757,0.0016211949518626701,0.00040806935827783345
4.959999999999939,131.23459211780155,0.001548529444441144,0.0027536526105855228,0.0016050363169383395,0.0004023623657322713
4.9699999999999385,130.90553933149656,0.0013953276748107553,0.0027672310015624457,0.001592604325462564,0.00039469030838214946
4.979999999999938,130.36797696405384,0.0012644354037583824,0.0027851424421844323,0.0015709018947331376,0.0003851603145545789
4.989999999999938,129.64469397394984,0.0011654705458937213,0.002805958358641587,0.001552926338085657,0.0003739072180606323
4.999999999999938,128.78194904687064,0.001103378505289047,0.002830169327731106,0.001529073096080084,0.00036109035145636466
5.009999999999938,127.8426704530805,0.0010788467836641362,0.0028592843642683235,0.001496037399314519,0.00034689111072590587
5.019999999999937,126.89916585422604,0.0010918365635449309,0.0028937927977615045,0.0015278023681663357,0.00033151198546336986
5.029999999999937,126.52276575934172,0.0011279661269693294,0.0029333953326030645,0.0015552422980303858,0.00032056597974130987
5.039999999999937,126.61763938665469,0.001175655022958364,0.0029777671609850552,0.0016030098097354973,0.0003304529153043861
5.049999999999937,126.46206136101092,0.0012199072018728861,0.0030255784640531554,0.0017072853272010644,0.0003401094663261753
5.0599999999999365,126.10968906658766,0.0012454246019881505,0.0030737097871383996,0.0017857865245616946,0.00034941420959994774
5.069999999999936,125.65795934494753,0.0012394376127863784,0.003118313747430239,0.0018324368807128507,0.0003582447633132311
5.079999999999936,126.13990648741392,0.0011926591090434715,0.003155235853129655,0.0018445532047968879,0.0003664797823789827
5.089999999999936,126.94197335426342,0.0011002909964294358,0.003185053703507503,0.0018228492137955983,0.0003740010307119026
5.099999999999936,127.62994863779862,0.0010422581542755965,0.0032044127587445384,0.0017710010510497544,0.00038069537173245093
5.1099999999999355,128.16037187161308,0.0011438271954055518,0.003209929253652026,0.0016949055595014792,0.0003864565562761977
5.119999999999935,128.5453528650991,0.00126686373956693,0.0032035118122098597,0.0016108500055743245,0.0003911867412225152
5.129999999999935,128.82835373641416,0.0014129643593826118,0.00318952139689368,0.0015995703026482119,0.0003947976554846764
5.139999999999935,129.08871548194506,0.001581274145860748,0.003173331310034654,0.001598625109832254,0.00039721135376008873
5.149999999999935,129.36976116202055,0.0017704226350073154,0.0031592644915704607,0.0016444762233078893,0.00039836067048391047
5.159999999999934,129.84660962127757,0.0019792792147172063,0.003150494423138727,0.0016878783636509107,0.00040590907193787155
5.169999999999934,130.53960197523742,0.0022055071632662163,0.003149853665220071,0.0017280552553247351,0.00040770277010301165
5.179999999999934,131.23496481280367,0.0024447545935673137,0.0031586185752034306,0.0017642439393894397,0.0003937206817661762
5.189999999999934,131.87463972691293,0.002690951303471516,0.0031744057761222137,0.001795710131192062,0.0003893707803049866
5.199999999999934,132.39425650606898,0.002937506947998996,0.003192166048491273,0.0018217625051418487,0.0003909960838962292
5.209999999999933,132.85535707203437,0.00317816369438354,0.0032070964216723134,0.0018417666104809547,0.00040011000259885507
5.219999999999933,133.34125927217283,0.0034062161863825076,0.003216754827636882,0.0018551584650272188,0.00040638772496880474
5.229999999999933,133.61003081966012,0.0036152589183519965,0.0032212291713621713,0.001861457306286763,0.00040984093462794835
5.239999999999933,133.63177107032368,0.0038001641381114407,0.003221254367274695,0.0018602769064707612,0.00041101432566383495
5.2499999999999325,133.39815451876987,0.003969059720146099,0.0032179455426449262,0.001851335229535392,0.0004106341426179033
5.259999999999932,132.91615164881574,0.004120418916608803,0.003212998124303004,0.0018344626431365846,0.00044479416810853494
5.269999999999932,132.22362102509555,0.004228376285323574,0.0032067497329282563,0.0018096086890257558,0.00047524661273361696
5.279999999999932,131.38321294779186,0.004289585224020274,0.003198333342956406,0.0018474714275867582,0.0004924714694564996
5.289999999999932,131.0137865946643,0.0043032605790510785,0.0031878069039304744,0.001903467690015845,0.0004957106607757072
5.299999999999931,131.24954065511133,0.00427349687028297,0.0031763937991882477,0.0019004136121601033,0.0004854816704846846
5.309999999999931,131.56718196904183,0.004209718934297978,0.003165438533623236,0.00184380228479521,0.0004636534844163076
5.319999999999931,131.90373059600654,0.004123969739684771,0.003155652498874586,0.0017623086529157512,0.0004524489175116306
5.329999999999931,132.16086625503016,0.004027973318166262,0.003147903611270414,0.0017769906502927953,0.0004673687498371492
5.339999999999931,132.22594052944183,0.003930757519249054,0.0031431337030201276,0.001838861684157608,0.000491861103578377
5.34999999999993,131.99605979760142,0.0038368786791521865,0.003140296424802018,0.001843636532479751,0.0004997551742918729
5.35999999999993,131.402207247116,0.003839242992401404,0.003135913473496124,0.0017745631053455503,0.0004847746125449747
5.36999999999993,130.4287422823089,0.003920307300292429,0.0031246064657729747,0.0016275209773758904,0.0004461704408574851
5.37999999999993,130.49673809422745,0.003975425458401976,0.003100503117665177,0.0016199248166908708,0.000387156184923838
5.3899999999999295,131.1872010311325,0.003997545941885589,0.0030594776129512515,0.0017878609533946476,0.0003918116577432295
5.399999999999929,131.67644917219832,0.003965424105119398,0.002999477870035419,0.0019747120166404867,0.00041101120199771535
5.409999999999929,131.88475850605747,0.003869443115931871,0.0029197890044509837,0.0021176196499588973,0.00044138095157587973
5.419999999999929,131.76740365635473,0.003707304157565925,0.002821223637800919,0.002197920712174738,0.00045652594288252287
5.429999999999929,131.5626255136307,0.003485108514837281,0.0027070323458323504,0.0023567036554388143,0.0005038317211972621
5.4399999999999284,131.22324488152628,0.0032172948081518353,0.0025827009159307803,0.0024702781460724135,0.0005352838600873438
5.449999999999928,130.70338162444995,0.002924407787476523,0.002454794378224561,0.0025232353406121864,0.0005459699823584001
5.459999999999928,130.0708289384803,0.002629823024311694,0.002330251220629162,0.002509804106896568,0.0005337796014492812
5.469999999999928,129.3469290073012,0.0023563735484635672,0.0022162910672435705,0.002435060709115705,0.0005007882209364911
5.479999999999928,128.56292934760563,0.002124395472189957,0.002119603774947204,0.002313744113950983,0.0005040318417236509
5.489999999999927,127.7517682345363,0.0019502909481809493,0.0020445198654368197,0.0021718575737078214,0.0005042690201831983
5.499999999999927,126.937689505107,0.0018430009132987149,0.0019925242633529513,0.0020294470726082274,0.0005014184331388874
5.509999999999927,126.13291147824464,0.001807081847809285,0.0019622739301113808,0.0019015842317876028,0.0004954608098701557
5.519999999999927,125.37244749223281,0.0018511089850113281,0.0019492016445048653,0.0017954227409253617,0.00048643748790118526
5.5299999999999265,125.18359437812947,0.0019268479960709499,0.0019451366239843922,0.001953570808988926,0.00047444403324833694
5.539999999999926,125.66664399818151,0.002012342054799497,0.001939081241377927,0.0021256225139123564,0.0004596180548053909
5.549999999999926,126.02953061792635,0.0020841497607834254,0.001921195477308251,0.0022922949445337427,0.000442123186106942
5.559999999999926,126.31506651469678,0.0021177620584609974,0.001885937876128022,0.00241468805806752,0.00042213429601798785
5.569999999999926,126.5910428764368,0.00210630253226285,0.0018317867995073956,0.002469470156469943,0.0004395635684883462
5.5799999999999255,127.09327950186159,0.002034285008513327,0.0017602468952545318,0.002447857265192039,0.0004577204215796454
5.589999999999925,127.79496329715109,0.0018719562442385466,0.0016750894064451983,0.002347888264123987,0.00045536927014039287
5.599999999999925,128.57026544925304,0.0016154450497386098,0.001582151858414523,0.0021750554374673466,0.00041285257662044146
5.609999999999925,129.3771666085157,0.0012722354053515024,0.001526325169427659,0.001948354309463482,0.0003343689691469082
5.619999999999925,130.1718757703198,0.001189201056367379,0.001515208951876732,0.001678957536983645,0.0002925928232627224
5.629999999999924,130.92468808718795,0.001348771302805551,0.0015156062808247958,0.0014336105792145093,0.0003058601072709347
5.639999999999924,131.62714613601176,0.0015207725876246305,0.001533220570285035,0.0015394865742081577,0.0002970465713401367
5.649999999999924,132.2810834125629,0.0017042155873913977,0.001571333816040445,0.001605484688565548,0.00027315131866884046
5.659999999999924,132.88506450673302,0.0018969118719561436,0.0016285246485732007,0.0016137712084676676,0.0002991505931574613
5.6699999999999235,133.43351984483022,0.002095414282439792,0.0016986453137908435,0.0015524759883382931,0.00034047554473376967
5.679999999999923,134.06737185513333,0.0022964020931010446,0.001773454794832255,0.001417842199738811,0.00036173134173649187
5.689999999999923,134.60796466474778,0.0024977791139764827,0.0018444747564822061,0.0013859799088260434,0.00034676449484941427
5.699999999999923,135.05587224433572,0.002696607396004119,0.0019031845876180337,0.0012831104951626152,0.0003002487088962528
5.709999999999923,135.39125967697166,0.0028875163721827175,0.0019411397623857643,0.0011399466793618114,0.00031731021466648387
5.7199999999999225,135.59439837134292,0.0030657413099265396,0.0019505896128354698,0.001338537767365371,0.00037228662965263477
5.729999999999922,135.66659168161834,0.003229693953613648,0.001926433760347017,0.0015133347829731011,0.0004201800153835783
5.739999999999922,135.62684883850017,0.0033802339335968342,0.0018670777374753885,0.0016290492639809797,0.00045062668482521333
5.749999999999922,135.50036569183308,0.003519314412968438,0.001772835347468478,0.0018081536411310307,0.00045716220696327686
5.759999999999922,135.29883155669464,0.0036477496195906484,0.0016458224752264159,0.0019197342690865818,0.00048270562321654423
5.769999999999921,135.0041116375173,0.0037628359364292687,0.0014912941429834955,0.0019562942097945475,0.0004938558461925501
5.779999999999921,134.57934830869652,0.003858667446474411,0.0013179448818055463,0.0019250064809686967,0.0005216717465082927
5.789999999999921,133.99755336227204,0.003928607067474461,0.0011371558363189537,0.0020215042329411593,0.0005497532902193211
5.799999999999921,133.26238149526284,0.004037660291544659,0.0009607985779890104,0.0020829620994422685,0.0005660328832097318
5.809999999999921,133.2181346591737,0.0042943121452521365,0.0007989294724836074,0.0020711627497846936,0.0005600993684106629
5.81999999999992,132.83523592067567,0.004513171122537647,0.0006583469395441991,0.00198595460935174,0.0005318899624137993
5.82999999999992,132.19078794829957,0.004681323645736836,0.0005419114326495944,0.0018601060264600506,0.00048425850841759676
5.83999999999992,132.5482185696234,0.004790088724193048,0.00044855913814668903,0.001735467393172631,0.0004592138848968972
5.84999999999992,132.77348862267328,0.004841338802369077,0.00037352950095618826,0.0017429011737546349,0.0004953935016862477
5.8599999999999195,132.62886007146236,0.00482981483893836,0.0003091328836227761,0.0018110450745198023,0.0005058157255732827
5.869999999999919,132.01211722377454,0.0047555902696161225,0.0002468450067668977,0.001881564618989262,0.0004900249251744615
5.879999999999919,130.91894232189634,0.004621839602548321,0.00022255743814459002,0.0019176550906306667,0.00044978010900713133
5.889999999999919,130.60964451437664,0.004430733611344735,0.0002893116888176437,0.001966001684431997,0.0004159703491606655
5.899999999999919,130.6002112189803,0.004185474260885805,0.0003639409043910833,0.0021519929250026527,0.0004018425996550878
5.909999999999918,130.49870637715787,0.0038909763085884876,0.00044986487014101866,0.0023230761634094313,0.0003762057287280736
5.919999999999918,130.21540372088853,0.003552550571439566,0.0005482558991144257,0.002473214638414856,0.00038533149539982564
5.929999999999918,129.68621832810464,0.0031774805195611067,0.0006569929215608469,0.0025970135749812614,0.0004379118717425107
5.939999999999918,128.89270647906193,0.0027757496422144076,0.0007695317241721284,0.0026895889341855194,0.0004769102713742386
5.949999999999918,127.8679128464307,0.0023580835214950862,0.0008760291454704335,0.00274669423409608,0.000499240931920382
5.959999999999917,126.68944127681267,0.0019352121209372985,0.0009678702026765853,0.0027651207420519713,0.0005148485354138966
5.969999999999917,126.73104415928354,0.0015181753866017993,0.0010400655396568714,0.0027433361647901887,0.0004950786811602758
5.979999999999917,128.55845418932202,0.0015895598829215644,0.0010895563366708058,0.0026822160814714124,0.0004372698801210896
5.989999999999917,130.2349364233832,0.002159644264076012,0.0011156260073061643,0.002671950145736276,0.00034381208957030607
5.9999999999999165,131.63033377295085,0.0027066578583860423,0.001120664931394329,0.0028875241991653503,0.00030638919820774775
6.009999999999916,132.6807225293928,0.0032156683970035304,0.0011081945521670292,0.003106053218344606,0.0003729363039595682
6.019999999999916,133.40291813742817,0.0036763033575745526,0.0010831502346914884,0.003312928394111494,0.0004238930155925563
6.029999999999916,133.81073835789115,0.004080645935104162,0.0011061007052815684,0.003492532481180894,0.00046257391880083704
6.039999999999916,133.94502075824823,0.004422883259099886,0.0011500220645843974,0.0036294353662483193,0.0005170479860307118
6.0499999999999154,133.85217012033306,0.004701360577026483,0.0012055559983250783,0.0037224488293785057,0.0005382649708855258
6.059999999999915,133.58193358797223,0.004918793489584706,0.0012788949911192095,0.0037662684691957037,0.000526558957338168
6.069999999999915,133.4385927083197,0.005081319968964502,0.0013730234649536922,0.003718179769045068,0.0004892165869615662
6.079999999999915,133.45142453725356,0.0052550883378862595,0.0014865172241728727,0.003577430552787442,0.0005711478312482365
6.089999999999915,133.94029742344745,0.005387331423746188,0.0016147366417922021,0.003351005575834404,0.0006664561194417311
6.099999999999914,134.7905697218969,0.005491236330792094,0.0017500692417426597,0.0030531257194379626,0.0007378802982789543
6.109999999999914,135.22686367764786,0.005578664674135945,0.0018842088927404487,0.002850266530226514,0.000774163114283574
6.119999999999914,135.1946550791173,0.005656889019507305,0.0020117983411458767,0.0028481946364786767,0.000771140185468364
6.129999999999914,134.71633206412963,0.005729723332665211,0.002129578143717699,0.0027862453173152974,0.0007502717760768413
6.1399999999999135,134.95361338999362,0.005798343007144781,0.0022338711427856623,0.0026630943131709084,0.0007072188106049446
6.149999999999913,135.2946924646389,0.0058610049551194865,0.002321967149969226,0.002480993422503899,0.0006405841745557404
6.159999999999913,135.2457614037209,0.005912010537675726,0.00239438777597416,0.002311480270057592,0.0006397537361258731
6.169999999999913,135.52568793916006,0.005941906034004478,0.0024572695018352827,0.0023853052341075345,0.0006594199595920033
6.179999999999913,136.44916492482352,0.005939846008467234,0.0025162194620339923,0.0024349917919944536,0.0006730789669432609
6.1899999999999125,137.2744985280105,0.005895194074200984,0.0025681033803882677,0.0023202333210825144,0.0006391065310709398
6.199999999999912,137.91697184007148,0.00579901294732579,0.002617068352220074,0.0020433979924332933,0.0005588496891759763
6.209999999999912,138.378618086472,0.005645097942835138,0.0026680239961241066,0.0019715783874834003,0.0005417240084179789
6.219999999999912,138.61925465959905,0.005430154426279475,0.0027244635063603372,0.0021504328504818367,0.0005886639427725166
6.229999999999912,138.4849076231604,0.005155372538762823,0.002787676989470189,0.002281973710191439,0.0006213699387014141
6.239999999999911,137.90068011884586,0.004828245064081361,0.002859060839079729,0.0023671713300021453,0.0006398495775629542
6.249999999999911,136.80137966312782,0.004462378493068081,0.002941074121091915,0.0024112570512571092,0.0006453318864353778
6.259999999999911,135.30191428648826,0.004074892725755309,0.0030382647105972214,0.0024216426577794406,0.0006397140691231813
6.269999999999911,133.56507361555703,0.003717479412028822,0.0031565939619533387,0.0024060535606939128,0.000625016689607741
6.2799999999999105,131.89696552253196,0.0036537110137133543,0.0032984184496569115,0.0023711193136295504,0.0006037616864922277
6.28999999999991,130.4716011078718,0.003694603581651312,0.003460727439751126,0.0023234884208018685,0.0005747021355548664
6.29999999999991,130.24303744263634,0.003782319642288384,0.003637695776048548,0.002267080777055991,0.0005407502776578035
6.30999999999991,129.8766933425897,0.003888217580964504,0.0038217365076480877,0.0022003785063559006,0.0005010142268429858
6.31999999999991,129.0166324099432,0.003980846180962414,0.004003446392481007,0.0025627910576676524,0.0004551157896149698
6.3299999999999095,127.5883014110373,0.0040696088698525,0.00417405811047836,0.002963561825187475,0.00044030729503456343
6.339999999999909,126.19526085280754,0.004110626594942364,0.004328284352613382,0.003282646850545482,0.0004872382058003194
6.349999999999909,127.32673530293636,0.004068574694410688,0.004462875514099533,0.003497126682877392,0.0005573607296727093
6.359999999999909,128.33126806194815,0.0039271746069711394,0.004574861532677097,0.0035949311711202065,0.0006011851375249889
6.369999999999909,129.18884810181638,0.00368097340151174,0.004662104906430001,0.0035765052350091035,0.0005938002487997741
6.379999999999908,129.87792109196658,0.003336046060605782,0.004724065330857714,0.0034548220298237357,0.0005366060587296457
6.389999999999908,130.39851937942495,0.0029077782877303332,0.004762528648348925,0.0032537416076854142,0.0005200907979418646
6.399999999999908,130.78132382889268,0.0024179140999169833,0.004780712673360428,0.0030049771614849325,0.0005296148971662546
6.409999999999908,131.08330745681786,0.001892015569061023,0.004782502254085242,0.0032621070666757203,0.0005378754383885896
6.419999999999908,131.94999320765862,0.0013867545894933702,0.004772754517878698,0.0035368895981782787,0.0005447837965259212
6.429999999999907,132.75612033906663,0.001722678959115193,0.004756828296129427,0.003711502508340288,0.0005502526832534097
6.439999999999907,133.1331877226722,0.002098855225564408,0.004741067361726167,0.0037688626270240035,0.0005542062859073544
6.449999999999907,133.1480011208977,0.002512592026735108,0.004732229471319341,0.0037046956002148145,0.0005565899303174354
6.459999999999907,134.03462892409703,0.002954631425217581,0.004734545509348134,0.0035272182802035023,0.0005573764476211394
6.4699999999999065,135.14019784480848,0.003408274628847572,0.004748644254374881,0.0032552253327764436,0.000556569574218337
6.479999999999906,136.30649205577768,0.0038512154147195324,0.004773410432522695,0.0029150876362724794,0.0005542063625703598
6.489999999999906,137.41944430521505,0.004259352384704849,0.004807277410794044,0.0028801093045540483,0.0005503586384492033
6.499999999999906,138.36062094107427,0.004612041168067443,0.004847884166607721,0.0031337876974769155,0.0005451309492437217
6.509999999999906,139.0082882171122,0.0048958032608789484,0.004892029496136982,0.003363137470546425,0.0005710852074388279
6.519999999999905,139.30151624315846,0.005104000012014456,0.0049363642152276685,0.003579961813371253,0.0006255142440418925
6.529999999999905,139.21289220288403,0.005270381058947723,0.004978440094698181,0.003745957115803902,0.0006544922944601032
6.539999999999905,138.74647990903077,0.005402312237923912,0.005016683103893805,0.003814138928819505,0.00065842187062129
6.549999999999905,137.94194825608022,0.005465250842794789,0.005049100969373376,0.0037723078559881427,0.0006395330651375593
6.559999999999905,136.86923548352095,0.005464121258551934,0.005073435364686275,0.0036169157759519377,0.0006213055068130348
6.569999999999904,135.9239149044272,0.0054051860194145014,0.0050879385716179,0.0033529908745494217,0.0005914969342191795
6.579999999999904,136.23782673074797,0.005294545368047017,0.005091521556407194,0.002993350265380658,0.0005505389330730356
6.589999999999904,136.37179766427636,0.005139118840326336,0.0050846977716753105,0.002675414338254179,0.0005852713178099075
6.599999999999904,136.32094713982934,0.004946393140770308,0.005069970951390178,0.0027714933398093455,0.0006101485156597567
6.6099999999999035,136.0824636185453,0.004721984890391352,0.005050327319639859,0.0028160218361775262,0.0006268416964914538
6.619999999999903,135.65239717226967,0.004468957544549493,0.0050275165338901796,0.002841530790029629,0.0006267626774054728
6.629999999999903,135.01892973606306,0.00418857345866423,0.005003103806977542,0.0028177966556953257,0.0006083060457114258
6.639999999999903,134.15749080371262,0.003881911755601048,0.0049809515324570185,0.0027434895907593924,0.0005703927649081702
6.649999999999903,133.03670802842996,0.0037602974924511954,0.004965478972807966,0.0026238813238624657,0.0005862521187332536
6.659999999999902,131.63377771379902,0.003672878002583461,0.004957896532419278,0.0024946755867224146,0.000580599237635324
6.669999999999902,129.9489182707432,0.003488688111905817,0.004957423504349621,0.002384495736565678,0.0005709976629166503
6.679999999999902,129.04939971362685,0.003279110365315902,0.004965275823708093,0.002275493162663762,0.0005765274061223552
6.689999999999902,128.78648902472247,0.0029884315275910483,0.004984530515526908,0.002176192033047882,0.0005818641289643545
6.699999999999902,128.7348677406539,0.0026383863502765733,0.0050179452144631835,0.00210444226469079,0.000585911645517817
6.709999999999901,129.0462879207788,0.0022544286213102287,0.005066271069926097,0.0021489161335108797,0.0005886142131057449
6.719999999999901,129.36828402013762,0.0018622149073548827,0.005126597023010257,0.002262018713525055,0.0005899253900378745
6.729999999999901,129.6313893247817,0.0014875180610724743,0.00519406755128998,0.002673645976762093,0.0005898092677442555
6.739999999999901,129.7567750584272,0.0011540800416546763,0.00526311418325832,0.0030151210916714187,0.0005882418184535186
6.7499999999999005,129.65434026266306,0.0012942749383438015,0.0053260840587909235,0.003262991815024215,0.0005852121615868215
6.7599999999999,129.83804701316046,0.0017290940406058494,0.005375442538437826,0.003401563944356226,0.0005807238318808897
6.7699999999999,130.5854999168326,0.0021694469852105514,0.005407907983825682,0.0034253702869770767,0.0005747959864900667
6.7799999999999,131.05176559599752,0.0026058530088691402,0.005424587765313994,0.003340476095121818,0.000567464183115581
6.7899999999999,131.2616987555458,0.0030260014059178574,0.00542862055267673,0.003375341441459497,0.0005644391782424596
6.7999999999998995,131.25381894392473,0.003416312413649485,0.005425334216685176,0.003871725101104453,0.0005583739970188054
6.809999999999899,131.08297722243907,0.00376342414950369,0.005422161464759178,0.004361052648440975,0.0005916156605935892
6.819999999999899,130.81571401014264,0.004055565179892757,0.0054247883558627315,0.004803465933139567,0.000648713198151975
6.829999999999899,132.04365973825594,0.004283821407654347,0.005434862567974795,0.005160541261307563,0.0006790481135262345
6.839999999999899,133.21875412149274,0.0044424647140073594,0.005451270718788322,0.005399727320258518,0.0006797186126208184
6.849999999999898,134.07875868040688,0.004528191441295222,0.005472288763242376,0.005498278087496942,0.0006500150089296681
6.859999999999898,134.58041919697723,0.004540104895921894,0.005497189406123778,0.005446145190737317,0.000598931874006658
6.869999999999898,134.69542330671422,0.004481138669090151,0.005525082311271698,0.005247411675941858,0.0005415284242419311
6.879999999999898,134.4410674586985,0.004360054323361651,0.00555513084348128,0.004920067634125209,0.0005403117659876607
6.8899999999998975,133.88217107777865,0.004190685298727306,0.005588357319387338,0.004494158693302184,0.0005549687787409445
6.899999999999897,133.13981362862333,0.0039908593916413194,0.005626034128601786,0.004008519665223044,0.0005726900019389718
6.909999999999897,133.70845024278364,0.003783096246496877,0.00566891073034832,0.0036895916338978377,0.0005903026139103254
6.919999999999897,134.66379353620272,0.0035905143514877442,0.00571816863731475,0.003971552001854678,0.0006076667478272466
6.929999999999897,135.28711898920315,0.003440543238130536,0.0057749995052862185,0.004151155124689564,0.000624652595473956
6.9399999999998965,135.560796653438,0.00332782737731676,0.005839901820400608,0.004201785976898161,0.0006411446365433776
6.949999999999896,135.49359528650135,0.0032513019966167213,0.005912371711766878,0.004110029309886061,0.0006570430073231248
6.959999999999896,135.1194523456204,0.003220482813869564,0.005989546098211793,0.003876834357448382,0.0006722619008320543
6.969999999999896,134.49187865511828,0.003233374358899062,0.006065479942276768,0.0035169525754133965,0.0006867262637188736
6.979999999999896,133.71687020503617,0.003275267336088499,0.006133213055556989,0.0031560290916827914,0.0007003672508907697
6.989999999999895,134.31810127822686,0.0033379929826080194,0.006186778995291852,0.002916723756266997,0.0007131161166623822
6.999999999999895,134.9661087540404,0.003414184243759865,0.006222143027000331,0.002949719837081277,0.0007248969895294196
7.009999999999895,135.63029346550204,0.003496023851433159,0.006237387424899584,0.002970838366098664,0.0007356336270522341
7.019999999999895,136.26133292434452,0.0035749271093537816,0.006233168036495013,0.0029765595519594,0.0007452350210713755
7.0299999999998946,136.7804751441373,0.003658038576449234,0.0062145552842091415,0.0029668485394966143,0.0007535592933949482
7.039999999999894,137.15200867217143,0.0037868853640990875,0.006188669265712656,0.0030051523009384552,0.000760483615705678
7.049999999999894,137.35927036720778,0.003924003278692788,0.006159826193763316,0.0030645479391204536,0.0007658914020499341
7.059999999999894,137.37904725341343,0.004064296933277608,0.0061293686856870346,0.0031637038837323047,0.000769678430016045
7.069999999999894,137.16953380783795,0.004198451823290641,0.006095195846986689,0.0032085379463738513,0.000771755833167471
7.0799999999998935,136.6884664314409,0.00431541227137387,0.006051609655827823,0.0031935353259523657,0.0007720495962412017
7.089999999999893,135.97534060061045,0.004406018337901163,0.005992904158949422,0.0031280903299332236,0.0007704957895594457
7.099999999999893,135.03621372084868,0.0044634366056852245,0.005915033017603347,0.0030322660172665272,0.0007670333720120912
7.109999999999893,134.74491632458154,0.004481599923371121,0.005815373884881103,0.00295066407089008,0.000761598110339104
7.119999999999893,134.29701911941572,0.004580658862638629,0.00569391540910996,0.002954376968108256,0.0007541203036485096
7.129999999999892,133.52755765115919,0.004945984394727338,0.005555222003496949,0.002977122577985071,0.0007445272540642551
7.139999999999892,133.27866759195197,0.005220785867955611,0.005407824876763393,0.002974424360135992,0.0007327498122403156
7.149999999999892,133.73983421753357,0.005394224104430748,0.0052614405821469245,0.0029313467330314806,0.0007187316501804465
7.159999999999892,134.02351445542345,0.005465581623017324,0.005124767223489334,0.002872691280044572,0.0007024403442076916
7.169999999999892,134.04718085439998,0.005443776818915655,0.005003768031172035,0.0030158757451696425,0.0006838790764964698
7.179999999999891,133.66005370911805,0.0053457391236119275,0.004900441470526279,0.0031530535123350505,0.0006691569939883969
7.189999999999891,133.75376248906466,0.005193003031656707,0.004812659550751993,0.0032400512349593062,0.0006844927377937243
7.199999999999891,134.16128326146895,0.005008192200103853,0.004735074190384191,0.003241537044945818,0.0007082999319125904
7.209999999999891,134.30578507298466,0.00481197217233264,0.004660645128458189,0.003140573328008339,0.0006942903131171779
7.2199999999998905,134.16891410546145,0.004619922895319887,0.004583230187754047,0.003266152722783904,0.0007006353082300987
7.22999999999989,133.74600033947854,0.00444174349789488,0.0044993457720390335,0.0036845231387701103,0.000709160673993588
7.23999999999989,133.05092954309868,0.0042821615069191556,0.004408437734791727,0.004041106312327112,0.0007247081064461603
7.24999999999989,132.11715694098024,0.004141268291552312,0.004314426241723508,0.004309404735879394,0.0007057990314552945
7.25999999999989,130.9908753450564,0.004044303872891909,0.004223774156391153,0.004468256217395247,0.0006501412663058749
7.269999999999889,129.7223659709697,0.004028746093998738,0.00413994575417294,0.004505103696804194,0.0005757642573528566
7.279999999999889,131.06547783145282,0.003997232559519753,0.004062636063431768,0.004418364546193984,0.0005489050315303575
7.289999999999889,132.14134316386227,0.003926042698327502,0.003989210322747451,0.004218488110307896,0.0005634374950432822
7.299999999999889,132.75890941207302,0.003789214705114839,0.003914577155463295,0.004126453785056678,0.0005765209376150108
7.309999999999889,133.00119344616738,0.0035610480009939318,0.0038321333828001303,0.004500252957133281,0.0006111153246270073
7.319999999999888,133.01882581888634,0.0032209523263713904,0.003736116071390345,0.00482725393685836,0.000613508608389644
7.329999999999888,132.99004019900934,0.002758495974420908,0.003622603379617172,0.005075308565216519,0.0006053361780526197
7.339999999999888,133.08118348845935,0.0032756766859520013,0.0034893250813123793,0.005218175064044973,0.0006109552199803474
7.349999999999888,133.41892570444188,0.0038593009668578386,0.003335800709272283,0.005238758978638127,0.0006143698816390232
7.3599999999998875,134.07010225561058,0.004396245029167973,0.003161715911492584,0.0051312954998263246,0.000655530227640532
7.369999999999887,135.04793365825032,0.004869726058167451,0.0029667185766053834,0.004902128461415166,0.0007474306283119327
7.379999999999887,136.27046776797246,0.005386546583830482,0.0027531960927721375,0.004568958581967786,0.0008037074252588781
7.389999999999887,137.51454550981433,0.005842179482469329,0.0025255461796427183,0.004158660467430852,0.0008437848450664625
7.399999999999887,138.78603324614127,0.006209333857408992,0.002288262152325857,0.0038153105478094486,0.000895873159912902
7.4099999999998865,139.910855814898,0.006478986080207571,0.00204596944395336,0.0035804205727097186,0.0009110140797553758
7.419999999999886,140.7995932868073,0.006647042910634675,0.0018012058873938168,0.0033813721481614407,0.0008892570392718968
7.429999999999886,141.40936923096692,0.006715314682885402,0.0015537659605391976,0.0032219455873104845,0.0008332163322362674
7.439999999999886,141.74868301589214,0.006690744774734562,0.0013026635732911274,0.003097295563125682,0.0007479170572374631
7.449999999999886,141.862538190906,0.006585470753946185,0.0010459612068280234,0.003026168586916911,0.0007052571630253944
7.459999999999885,141.8038868794012,0.006417673201525508,0.0007816995680253061,0.003154847883030772,0.0007649660578389286
7.469999999999885,141.82911576413503,0.006210633033250367,0.0009274760992358758,0.0032457043577242485,0.0008099633396984542
7.479999999999885,141.95988476767377,0.0059897372784951716,0.0012217545243713298,0.0032842135952685595,0.0008367588683805409
7.489999999999885,141.1961237539652,0.00577763550160123,0.0015123741319530775,0.00338049785985878,0.0008740215597887321
7.4999999999998845,140.06758294997084,0.00559020068196827,0.001792654101513742,0.0034244831145855067,0.0009014892825891843
7.509999999999884,139.94974070330258,0.0054354798658233765,0.002059601823531678,0.0033584233558396456,0.0008942375098887678
7.519999999999884,139.6312683541586,0.005314495973585417,0.002312953039783309,0.00317315584314459,0.0008504424932885219
7.529999999999884,139.06089299108717,0.005224179479280095,0.002551330059540076,0.002873651669800531,0.0007721587194220897
7.539999999999884,139.28539933426606,0.005159548525040286,0.0027718431501002594,0.0027824187370637968,0.000720086932547129
7.5499999999998835,140.5516046703372,0.005112844960451544,0.0029727688612656467,0.0028676948106438104,0.0007292986947619415
7.559999999999883,141.6946815252066,0.0052312821364370425,0.003154995399773379,0.0029117720077525104,0.0007237994975412301
7.569999999999883,142.61534616538523,0.005592293313945872,0.0033209026282343037,0.0030124009014565302,0.0007374383930461831
7.579999999999883,143.26515593860825,0.0059002600226784425,0.003474613512706277,0.003063539817432251,0.0007349855201550792
7.589999999999883,143.94446197872958,0.006136668492512802,0.003622071705957512,0.0030683242301852106,0.000717063682619381
7.599999999999882,144.12743722768423,0.006291485633913522,0.0037690683669699097,0.003037137125815016,0.0006867297508424994
7.609999999999882,143.76082416516022,0.006421321088164233,0.003919276042306596,0.0030312981873810664,0.0007089743351028282
7.619999999999882,142.831975585692,0.006483446339668764,0.004073329275865786,0.0032888120756509502,0.0007006399193804952
7.629999999999882,141.37854715612846,0.006466435865969604,0.004228136460957429,0.00364818265149279,0.0006608995548121636
7.6399999999998816,139.49241079788422,0.006383322506176376,0.00437747314345464,0.003951295464899673,0.0006124147025343996
7.649999999999881,137.2942910726364,0.00625159257342746,0.004516310218562023,0.004199133822007303,0.0006101767000044117
7.659999999999881,134.9111872343584,0.006091112067567573,0.004645512849572639,0.004396566021759774,0.0006911326705742933
7.669999999999881,132.47533287144967,0.005923211283069858,0.004770462933807239,0.004551286845319828,0.0007713770158985532
7.679999999999881,132.69203250818836,0.005768973441835265,0.004896484801527853,0.004672548550051037,0.0008375653773901119
7.6899999999998805,132.72878952303716,0.00564603443945998,0.005025913336567298,0.00476983991001192,0.000877728000852519
7.69999999999988,132.41403337219373,0.005602234511187169,0.005170480005342257,0.004851712847240706,0.0008832631995268123
7.70999999999988,131.8798769237717,0.005619069001237513,0.0053097200952139665,0.004924922855663427,0.0008503948438027116
7.71999999999988,131.25520955308252,0.005664635726565145,0.00543902036498955,0.00499394428334786,0.0007865831086462808
7.72999999999988,130.63734341680342,0.005726331528175835,0.005552837030908846,0.005078861080398436,0.000763552355530344
7.739999999999879,130.0782250216736,0.0057862968836823936,0.005645606632556306,0.005322728578799964,0.0007106672663310824
7.749999999999879,129.58139158599482,0.005821945246264417,0.005713858894322899,0.005526097909617597,0.0006607766715076725
7.759999999999879,129.10789153239037,0.0058085612614474915,0.005757493253811053,0.005679319488722529,0.0006782265444200845
7.769999999999879,128.595907182382,0.005721328542336002,0.005780988653037017,0.005774769559199983,0.0006942601830587544
7.779999999999879,129.86236741013542,0.005537365416275961,0.0057913720121710865,0.005807523205045512,0.0007087128303439614
7.789999999999878,130.91557135890747,0.005238019493031768,0.005795471861048088,0.00577592466571088,0.0007214237418062901
7.799999999999878,131.1240902932165,0.004811230027608427,0.005817050826195663,0.0056819924833095455,0.0007534794751070775
7.809999999999878,131.60682323091706,0.00425324786068268,0.0059934358582615825,0.00553159501636594,0.0007870487536281125
7.819999999999878,132.64863242465395,0.003572033437933165,0.006178675142148228,0.005334352881609131,0.0008196514240484428
7.8299999999998775,133.52246211568638,0.0027889809843453664,0.006368286432743022,0.005149379521730426,0.0008512365455739765
7.839999999999877,134.78606826874744,0.003411268907756971,0.0065554592109486505,0.005040667953288944,0.0008817526587841916
7.849999999999877,136.66741261228808,0.004068399673862854,0.006734716568016277,0.004901945347407559,0.0009111484419338493
7.859999999999877,138.15871617555882,0.004701563864297281,0.006905787488603757,0.0047318499168331,0.0009393729120404231
7.869999999999877,139.18235936286462,0.005287390060014584,0.007072713290189361,0.0045299472253232265,0.0009663750877121049
7.879999999999876,139.73989651241914,0.005808073403493942,0.007239930887048791,0.004297187198482702,0.0009921035995867891
7.889999999999876,139.86648460118445,0.006249983284049889,0.007410486412161957,0.004036237828821427,0.0010165066253932395
7.899999999999876,139.60010431957795,0.006731011051854871,0.007587348374691205,0.0038532212361202943,0.0010395319402263404
7.909999999999876,138.98621478584224,0.007159992423383453,0.007773535793408236,0.003937943356328802,0.0010611267112867022
7.919999999999876,139.01561834848533,0.007508328032386673,0.007969509487906149,0.00404567612656668,0.001081237198003852
7.929999999999875,139.47832887450542,0.007773171281798025,0.008172723770362664,0.004176844137648987,0.0010998088951343502
7.939999999999875,140.62819683550387,0.00795422543882089,0.008381149390811846,0.004430661229351662,0.0011167871834204387
7.949999999999875,141.59167583576712,0.0080509355992824,0.008593791389586476,0.0047359409669608275,0.0011321179299161363
7.959999999999875,142.27495753425558,0.008062919219181182,0.00880957457690933,0.005026178858100492,0.00114574768288132
7.9699999999998745,142.64142903357853,0.007993748138980624,0.009028189147070568,0.005254916307783358,0.0011576237547671544
7.979999999999874,142.6450987330259,0.00785309984594896,0.009248890674325976,0.005388219614141384,0.0011676947170959394
7.989999999999874,142.32683943217455,0.007654132156968888,0.009470778008574158,0.005412179430013977,0.0011759114326275284
7.999999999999874,141.75467809230187,0.0074090101448294745,0.00969410233673113,0.005333874021093868,0.001182228148665264
8.009999999999874,141.00098518778924,0.007128412179528989,0.009919643160505403,0.00517708068475998,0.0011866032033762742
8.019999999999873,140.12646974380164,0.00682244485057585,0.010147497236654607,0.005113800572055432,0.0011889996025685485
8.029999999999873,139.16780487866777,0.006664568180288162,0.010375634761064009,0.005069952888247383,0.0011893861006066506
8.039999999999873,138.12956668247483,0.0070281405902630325,0.01059845468552545,0.005053193651140606,0.0011877389849807663
8.049999999999873,136.98492399441446,0.007342746457400201,0.010807393968216016,0.005195291429044333,0.0011840441347310236
8.059999999999873,135.68725247260411,0.0075855573714837515,0.010993887869917106,0.005325470479076578,0.0011782988494773805
8.069999999999872,136.86025353694023,0.00773740290496864,0.011151995901296516,0.005443105905805847,0.0011705133835119444
8.079999999999872,138.57268077311934,0.007787678792172561,0.011279303544835485,0.005547603676291789,0.0011607123323202405
8.089999999999872,139.8363009821009,0.007736815909610902,0.011375568178394373,0.005638406269039421,0.0011489356806938615
8.099999999999872,140.49969683159176,0.007598519444118201,0.01144264181994389,0.00571500145939424,0.0011352390033199022
8.109999999999872,140.471137407945,0.007504293515829042,0.011485631234819091,0.005776932299389963,0.0011196925966093117
8.119999999999871,140.65129877203552,0.007329333435695926,0.011510943255062939,0.005823805946480721,0.0011023800303831552
8.129999999999871,140.25980247450633,0.007089888957048615,0.011524620638675227,0.0058553006575597765,0.0010834105879272541
8.139999999999871,139.31060944478912,0.006809544188509739,0.011531393243796949,0.0058711718241750005,0.0010628751055942814
8.14999999999987,137.84996343931726,0.006515634763428377,0.011533038072620174,0.005871257170966982,0.0010408883098754636
8.15999999999987,135.94521247619411,0.006235855476605049,0.011528129099335259,0.005855479747176901,0.001017575561466558
8.16999999999987,134.33597123701546,0.006034984073627387,0.011513788677020926,0.005823847924388663,0.001045685657693566
8.17999999999987,133.54239828172027,0.006010465943458305,0.011487229913649729,0.005776452979494587,0.001060793472934749
8.18999999999987,132.53754976131194,0.006057463983472264,0.011445801700924392,0.005919162540239529,0.001038979448870768
8.19999999999987,132.01397848849044,0.00616146657361694,0.011387466724565937,0.006162911101308596,0.000980327945497006
8.20999999999987,132.91269319968427,0.006300421499010834,0.011311286637982407,0.006500552587096131,0.0009751414066877033
8.21999999999987,133.13057204282234,0.006446153655050743,0.01121648717888818,0.006918030170954123,0.0009655896157534444
8.229999999999869,132.607803970415,0.006567155043121238,0.011101867038380123,0.007251212453370137,0.0009513750636390524
8.239999999999869,132.04718682557956,0.006632751815394421,0.010966727437170445,0.007475770043966471,0.000932354874241432
8.249999999999869,133.2877371364926,0.0066152299965073534,0.010812606108905524,0.007575123955825951,0.0009600715659513123
8.259999999999868,134.26434995422204,0.006490864269560551,0.010644084938134384,0.007541273506538123,0.0010046571089393104
8.269999999999868,135.01625018192757,0.006242840148449828,0.01046839588110214,0.007374876687125611,0.0010488559629440344
8.279999999999868,135.5931965335084,0.005862675380366636,0.010293867229931539,0.007084727559222934,0.0010922204810512024
8.289999999999868,136.0595126392037,0.005349625590306096,0.010127342859907214,0.006686749202275521,0.0011343174573023125
8.299999999999867,136.4795636549445,0.0047110705608169375,0.009972479286040673,0.00620264197840169,0.00117474295608808
8.309999999999867,136.90933262409186,0.003962688170489484,0.00982637350181322,0.005658364970493378,0.001213126816022413
8.319999999999867,138.4843415144845,0.0031282554774800238,0.009679349277747924,0.005279105957475318,0.0012491274131452104
8.329999999999867,141.1464009110587,0.002504575604135996,0.009520185204171278,0.005294784612036493,0.001282423199826051
8.339999999999867,143.11324309677667,0.002867501974240812,0.009338600761118082,0.00524744032461085,0.0013127054322967543
8.349999999999866,144.18828204637177,0.003277844706863839,0.009127460017828794,0.0052043887368319755,0.001339670632317483
8.359999999999866,144.3260351792138,0.0037304800379359343,0.008885750004631385,0.00527953782097659,0.0013630124196556256
8.369999999999866,143.65317679237128,0.004216253479235105,0.00861795879550885,0.005301725366938263,0.0013824183556684366
8.379999999999866,142.43513563150452,0.004736878931248016,0.00833017417698352,0.005289140541779871,0.0013975765846477373
8.389999999999866,142.99374186131087,0.005241111437826383,0.008027621779233527,0.00526176982386092,0.0014081885987000302
8.399999999999865,143.60056266817074,0.005741961611899944,0.007716617663914868,0.005234193576348393,0.0014139798816183175
8.409999999999865,143.9395419368487,0.006223927358598609,0.007406916321324861,0.005213238990185722,0.0014147061048308286
8.419999999999865,143.95730275501688,0.006667825860297279,0.007109983874781957,0.005278016330418078,0.0014101608595325818
8.429999999999865,143.63305498059108,0.007061610215703177,0.006834418564741675,0.005372619073346538,0.0014001899120239612
8.439999999999864,142.98645500948018,0.007396349359842864,0.006583093509304657,0.005415804895997695,0.00138470741661228
8.449999999999864,142.08320260584642,0.007666346647237099,0.006354143339199752,0.005397611113848899,0.001363703810720784
8.459999999999864,142.6110771337849,0.007869960562485798,0.006142101681357973,0.005350229843337828,0.001337240733006683
8.469999999999864,145.11537455451204,0.008009907062642017,0.005994590945723445,0.005368742649922838,0.001305438450481114
8.479999999999864,146.8382547075833,0.008090710187747438,0.0059865032945987315,0.005342272963818863,0.0012684647600715573
8.489999999999863,147.6714896157049,0.0081152568705863,0.00595926548796706,0.005267679823473714,0.0012265282828228534
8.499999999999863,148.3885858123901,0.008201925748262008,0.00591040346638133,0.005149396997084045,0.0011798721802009095
8.509999999999863,149.2154739356287,0.008876475478249154,0.005841702143051179,0.004998105259570247,0.0011287662914549038
8.519999999999863,149.37788124944282,0.009542932834880238,0.005756169046703708,0.0048283629233992235,0.0010735021009628102
8.529999999999863,148.76457946717812,0.010124923688626785,0.0056555342154779266,0.004656120345499676,0.0010143944404366737
8.539999999999862,147.36870692746038,0.010584881679098285,0.0055404949159701036,0.004496810256564301,0.0009517865549735552
8.549999999999862,145.30211153097525,0.010897132661498606,0.005413656884400862,0.004471519849624734,0.0009646536336451482
8.559999999999862,142.78446549534752,0.011049308775983998,0.00527853726460898,0.0045324223021803,0.0009953471554693923
8.569999999999862,141.62549709138668,0.011043832204287469,0.005136359906658286,0.004796772489763624,0.0010557610680180256
8.579999999999862,140.59741250205147,0.01089906437068336,0.004985047074550191,0.005006743990244875,0.0011046785623184123
8.589999999999861,141.37559823841676,0.010649029527824356,0.004820620764482838,0.005179104838345439,0.0011416709580278441
8.599999999999861,142.4587749324785,0.010446132426254702,0.004639879711424965,0.005640710322105567,0.0011691323301015882
8.60999999999986,143.322503087851,0.010258052650197516,0.0044414956704423554,0.0060526817533798835,0.0011914879610147686
8.61999999999986,143.9623217968976,0.0100676275866129,0.004225716047494758,0.006395490645562678,0.0012432508596880638
8.62999999999986,144.3749736512509,0.009905347470196538,0.003993921316974781,0.006655421435099915,0.0012918830798281991
8.63999999999986,144.52940896292918,0.009794539464221144,0.0037480295271906847,0.006879964077110572,0.0013310441997328231
8.64999999999986,145.26998180869913,0.00975104431088196,0.0034888894117576417,0.007139235588847214,0.001359951117913769
8.65999999999986,146.01887907654606,0.00978289302434749,0.003215272865556674,0.007256117312719879,0.0013785096788824231
8.66999999999986,146.41955410848854,0.01008189397680226,0.002926418300749844,0.007238844815056618,0.0014028479612624416
8.67999999999986,146.38135175580797,0.01046653026521677,0.0026243230854991733,0.007375637045552088,0.0014330123524658913
8.68999999999986,145.84713501793533,0.010883016380300746,0.002332378534090751,0.007787192098920708,0.0014433237649487836
8.699999999999859,144.8051245351725,0.011285973116531737,0.0021918935640802537,0.008284353280851045,0.0014267842653365125
8.709999999999859,143.75904628244973,0.011633616030811847,0.0020514751845522854,0.00878259040101249,0.0013796198900183376
8.719999999999859,142.5667036538857,0.011890882545551986,0.0019152404557672307,0.009178662358462488,0.0013025269725099326
8.729999999999858,142.03030297207127,0.0120290715502242,0.0017860808954264402,0.009437668687445753,0.0012177539534233772
8.739999999999858,140.3275611661547,0.012027342718617016,0.00166459351950558,0.009535144346671786,0.0011528189967652492
8.749999999999858,137.6934512630464,0.011875793398214202,0.0015512941274660166,0.009459070591335524,0.001081104891989164
8.759999999999858,136.02406178467447,0.011577296012855808,0.001447548209338243,0.009210544429364623,0.0010060591121116174
8.769999999999857,135.49526480659904,0.01114652077071293,0.0013531723625125887,0.008803086392974788,0.0009365406314996713
8.779999999999857,136.21834570808286,0.010606150150519755,0.0012635605671288109,0.00826073669732502,0.001031397475096571
8.789999999999857,136.9149824488653,0.010060025057112877,0.0013320530116962771,0.007615240874169175,0.0010999051542801132
8.799999999999857,137.9279348013241,0.009495823466152973,0.0015690239530723995,0.006902710102719911,0.001132903953403864
8.809999999999857,138.41697849780672,0.008856644217657843,0.001814074084993465,0.0061601591098917035,0.0011261845842746659
8.819999999999856,138.4502789016991,0.00816214862298488,0.00207760250766894,0.006170263834507662,0.0010805551316462223
8.829999999999856,138.13440734437705,0.007429282448505529,0.0023673829400663073,0.006122056669016683,0.0010090076318738856
8.839999999999856,137.58326120859556,0.006671987150325587,0.002687497294325267,0.005937126496058037,0.0010569136973271186
8.849999999999856,136.8899547700931,0.005899830133495718,0.0030374780148501516,0.005624181968232571,0.0010499966044254375
8.859999999999856,136.10457503902475,0.005118695786042008,0.003411819721454971,0.005286760319871519,0.0009884835972734946
8.869999999999855,135.2187266332886,0.004369702083965053,0.0037997975553703406,0.004854388637739359,0.0009386537092000616
8.879999999999855,134.1655404558672,0.003654659351536802,0.004186856365886945,0.004338872813870072,0.000912850911356708
8.889999999999855,132.8440274513411,0.00292297023275421,0.004555605067223414,0.0037901200268731774,0.0008429983511117753
8.899999999999855,132.63320720471344,0.0021689836596531327,0.004887834269381623,0.003489088728369278,0.0007326804863228956
8.909999999999854,133.1653642895249,0.0013894103026516273,0.0051683861348268715,0.003115099130674659,0.0006907993177186431
8.919999999999854,133.46777498301432,0.0014051694756400054,0.00538810756252083,0.0027204021288380637,0.0006742606813155262
8.929999999999854,133.5021530106723,0.002006077430455033,0.005546334226550755,0.002743795062675554,0.0007028531572703054
8.939999999999854,133.24105107662578,0.002565659476120949,0.005650631637581484,0.0028615921461952122,0.0007376859991869679
8.949999999999854,132.68405403441716,0.0030791401279344067,0.00571307366023284,0.0028899062068010817,0.0007629759000020299
8.959999999999853,133.3955364405284,0.003606030167152534,0.005747384367128489,0.003115938175366643,0.0007823368435533588
8.969999999999853,135.89288099419264,0.004214244669882326,0.005765917594511576,0.003402032964652669,0.0007989811738616547
8.979999999999853,137.8780263279714,0.005067836782143674,0.005777096262106583,0.003629582676507798,0.0008775026330891816
8.989999999999853,139.32085008845212,0.005982274851034921,0.005786429066164614,0.003900251929615547,0.0010295921585349132
8.999999999999853,140.2635791214631,0.0068551567021865175,0.0058166044904503205,0.0042458317285614805,0.001145823606806131
9.009999999999852,140.8098023078928,0.0076645895418618205,0.005910589577568763,0.004458589227785444,0.0012195590622934359
9.019999999999852,141.10010038105716,0.008388730968715662,0.006004371869016495,0.004517264190454145,0.0012461926628579778
9.029999999999852,141.27571515290916,0.009006509118898349,0.006319934790947189,0.0044122971806294835,0.0012239049302542274
9.039999999999852,141.44553494821184,0.009500199702626985,0.006669276896619741,0.004146849616343516,0.0011541946152966954
9.049999999999851,141.66540883921218,0.009857005454583982,0.00700171209424949,0.003865419415536839,0.0010420366521853254
9.059999999999851,141.92780084300395,0.010072771414944788,0.00731739295490959,0.0041109316575276295,0.0009133335125693647
9.069999999999851,142.16120695094662,0.010157048576623617,0.0076223247769651795,0.004431019587035541,0.001034855550232691
9.07999999999985,142.24709813663796,0.010133948122977405,0.00792597894677886,0.004896464752672602,0.0012040569651063354
9.08999999999985,142.0565953637217,0.010040049886030298,0.00823850175074662,0.005236286392693237,0.0013412432035102124
9.09999999999985,141.48996659661503,0.009947533442439024,0.00856851573084536,0.005451537919217087,0.0014397774093347655
9.10999999999985,140.50163773733735,0.009945260381770016,0.008920960080127566,0.005680366762800441,0.0014989548151712522
9.11999999999985,141.32856804056436,0.009952734157550065,0.00929742813324082,0.005900683046341056,0.0015234184497473558
9.12999999999985,142.82834078735567,0.009993406967976008,0.009698798575269509,0.0062442474863243684,0.001567638013256278
9.13999999999985,144.11301672502637,0.010087388954410316,0.010126009196767927,0.006516323168652611,0.001601044349855313
9.14999999999985,145.02117344697805,0.010309243586359975,0.010576092376410625,0.006693279127770904,0.0016055462828699929
9.15999999999985,146.07300008366738,0.010737577671284462,0.011040817786882338,0.006763155603547368,0.0015864682495786754
9.169999999999849,147.71092607997144,0.011268360240752128,0.011509710754411389,0.007074815432256444,0.0015506641567842481
9.179999999999849,149.11731443159118,0.011866994300315643,0.01197090556743843,0.007634420448248848,0.001505419292806353
9.189999999999849,150.21629122917682,0.01249033549643516,0.012412092812652648,0.008179493395305524,0.001457429625954986
9.199999999999848,150.93780291473112,0.013090485352253758,0.012821865896367635,0.008664990873904493,0.0014227057460556938
9.209999999999848,151.20890080098206,0.013618312606777152,0.013191636548614674,0.009047121100719884,0.0014100109599964137
9.219999999999848,150.95602603060243,0.014029486456924789,0.013518701563780107,0.009288908023768272,0.001386481463575311
9.229999999999848,150.11686841800662,0.014290216809882052,0.013805275032745975,0.009364810704579908,0.0013502662052111809
9.239999999999847,148.66210890748846,0.014380836305241689,0.014055476779604973,0.009263737034051448,0.0013026095446220759
9.249999999999847,146.62732450182997,0.01429906563241697,0.01427421754640817,0.008990096742990122,0.0012814457460505406
9.259999999999847,144.0960884943124,0.014057809485574037,0.01446698896237529,0.008562807314368532,0.0012660971007855913
9.269999999999847,141.16117075016732,0.013823715180131079,0.014639507493911444,0.008020375428598464,0.001248911426511579
9.279999999999847,140.60073831357283,0.013574133058356452,0.014795893589224864,0.0074376923777555465,0.0013490937359441485
9.289999999999846,141.3432158832976,0.013197490399005632,0.014937119116150302,0.006750664053923458,0.0014725922245779368
9.299999999999846,143.61227923256365,0.012711646171378193,0.015061457602601835,0.006633901280693805,0.0015506201143500689
9.309999999999846,145.90006986081895,0.01214092741739417,0.015166152110321327,0.006591887027573085,0.0015734248138208815
9.319999999999846,148.04869650115677,0.011512145685101996,0.01524832817519575,0.0065318834573157075,0.0015378899970216293
9.329999999999846,149.87180799006023,0.01085038654595997,0.01530477537092461,0.00645506063505237,0.001460848043867951
9.339999999999845,151.17740947379778,0.010176565265825808,0.01533325461179282,0.006438574720295266,0.0014901549269003295
9.349999999999845,151.79963703689268,0.009505795467738143,0.015335637637002058,0.006423864468814763,0.001516664901707469
9.359999999999845,151.63085165353294,0.008846441410624392,0.015319245753266564,0.0063353017350778005,0.0015401468151937348
9.369999999999845,150.6420225493217,0.008199276635727844,0.01529125823386562,0.006185488526059508,0.0015603999103181306
9.379999999999844,148.8877811120899,0.007556096404438705,0.015252704201738104,0.006011515435360409,0.0015772962777603644
9.389999999999844,146.50014495969302,0.00690020250518501,0.015200384402319226,0.00593672053920891,0.0015907032564848266
9.399999999999844,143.67070645193803,0.006211230413700185,0.015130730262329169,0.005863711357474216,0.0016004955112177601
9.409999999999844,140.65832273935897,0.005470551162514814,0.015042593830599782,0.005797115090114558,0.0016065955425744673
9.419999999999844,137.67244630586646,0.0047402660137935305,0.014938941958854934,0.005749945065559969,0.0016089581623839173
9.429999999999843,134.81158581238952,0.004243524269024251,0.014823219339698468,0.005751228265210728,0.0016075704389767883
9.439999999999843,132.17146498509237,0.003654650296327293,0.014695603043554845,0.005718755577619125,0.0016024500796205279
9.449999999999843,131.4663141468828,0.0029826964306318986,0.014555171830159875,0.005661294974740162,0.0015936454316666552
9.459999999999843,131.96781983665474,0.0022418838918036774,0.014402273479072978,0.005590809446727058,0.0015812370628748179
9.469999999999843,132.56851068849375,0.0015572347684890586,0.014239477440933838,0.005630592687883262,0.0015653370207198522
9.479999999999842,133.6801479355303,0.0026733295535771528,0.014070768046112925,0.005812421559114249,0.0015992802020581578
9.489999999999842,135.48902384963827,0.0037237684399578238,0.013899355481472716,0.005976679013124429,0.001636470451151864
9.499999999999842,137.2756452176638,0.004683363032543934,0.013727088589507427,0.006117051483291415,0.0016715334780329726
9.509999999999842,139.00147578466314,0.005528157104401175,0.01355320011280519,0.006230673902859142,0.0017041390476894133
9.519999999999841,140.59986197539686,0.006235181106725064,0.01337569907895455,0.006319011655626197,0.001733963694581296
9.529999999999841,141.98336716690977,0.006786943002939609,0.013195224302195612,0.0063872189348606265,0.0017606934502621214
9.539999999999841,143.06035968712644,0.007176182904111142,0.013015491682232413,0.006442223696152743,0.0017840266637897356
9.54999999999984,143.760167224151,0.007407947771771367,0.01283845999170963,0.00650080648003364,0.0018036772545030996
9.55999999999984,144.05335530385082,0.007501200659756468,0.012662443614480054,0.00658057971686865,0.0018193780352828777
9.56999999999984,143.9609463307954,0.007488165749941935,0.012484883838043614,0.006625587007732056,0.0018314303574594997
9.57999999999984,143.55162685208006,0.007412056183350479,0.012304368235424726,0.00665874517325764,0.0018410190855276513
9.58999999999984,142.92615854507503,0.007323189927538539,0.012121323725527936,0.006720741095967604,0.0018464148200321151
9.59999999999984,142.18895012982009,0.007272690639572347,0.011935787564512525,0.0067981918477603995,0.001847442131605051
9.60999999999984,141.41565722947445,0.0073071884088469295,0.011747142214642082,0.006875980461056041,0.0018439508983437475
9.61999999999984,140.6321992399891,0.007463182272328206,0.011556598183338372,0.006939967389067926,0.0018358176833394965
9.62999999999984,141.50846847972684,0.007762721309736164,0.011367311438598413,0.006970630555137556,0.001822946315847419
9.639999999999839,142.0952164476119,0.008211769851034868,0.011182299478224161,0.006948630141753532,0.0018052684339217276
9.649999999999839,142.08143520332806,0.008799363105116975,0.011003400434168737,0.006861814691756121,0.0017827444269688463
9.659999999999838,142.09142447206443,0.009497963425553754,0.010832363944352155,0.006818262960575741,0.0017553643103506002
9.669999999999838,142.49403760079718,0.010264956138890061,0.010670611325014262,0.0075686000119786325,0.0017231478994034406
9.679999999999838,144.9961162825845,0.011046772546247505,0.010518096465611415,0.008258506795647817,0.0016861445045419912
9.689999999999838,147.3977506188339,0.011784861569979765,0.010371356495225323,0.008837435973257337,0.0016444330422579266
9.699999999999838,149.52047170186304,0.012422451722353308,0.010223235840654293,0.009261443565391797,0.0015981229946722293
9.709999999999837,151.19270997154447,0.012910705017459898,0.010066306198822303,0.009498020340206427,0.0015473555603337829
9.719999999999837,152.25725221542234,0.013214399913593664,0.009896594083377966,0.009529773134283505,0.0014923039493519746
9.729999999999837,152.5951193267844,0.013316470325553796,0.009715041199332397,0.009356483481149248,0.0014331725416640295
9.739999999999837,152.14492444400645,0.013218238335733271,0.009525996245277491,0.008995235514295371,0.0013701954700014154
9.749999999999837,150.92015113352645,0.012939124008665048,0.00933560430670858,0.008478517111591493,0.0013036350026833234
9.759999999999836,149.0443504888319,0.012516468728109784,0.009152717792251944,0.0081336886433607,0.0012337792565128378
9.769999999999836,146.6668611938115,0.012097712758089234,0.008987892575920595,0.007728699112962067,0.001290663655525354
9.779999999999836,143.9515475057103,0.011756175284074712,0.0088490223938457,0.007214032716648364,0.0014763131801285101
9.789999999999836,141.11885260608798,0.011364007077693783,0.008739679287753148,0.006657372241747328,0.0016137874759053884
9.799999999999836,140.89453846871874,0.01095404680102628,0.008658939764120301,0.006727891501706237,0.0016838637776244471
9.809999999999835,141.86847300927064,0.01055072317479616,0.008600998863995414,0.006568008356837349,0.0016751900066780646
9.819999999999835,142.04780617136961,0.010165624727619784,0.008556955722960826,0.006158897405940559,0.0015855470235358637
9.829999999999835,142.46990014532983,0.009798391031267452,0.008516490308981179,0.005518981445757695,0.0014226483217714854
9.839999999999835,142.43680866824775,0.009439527287757325,0.008466990298392886,0.005027979151252885,0.0012828075024285185
9.849999999999834,142.02385870970517,0.009072900670591907,0.008394022290514322,0.004722340042521286,0.0011362832924398103
9.859999999999834,141.37101843678545,0.008727381021693742,0.008284774288645103,0.0043184522576032005,0.0010727148321879822
9.869999999999834,141.38472099964835,0.008327105421276342,0.008130167879361844,0.004442707622486568,0.001109589953982372
9.879999999999834,140.45398281806226,0.007787723822690788,0.007927759507882968,0.0044763259659001044,0.0011041214309690805
9.889999999999834,138.85115973176192,0.007107684668441697,0.0076814896369614685,0.004379680603096849,0.0010565206133323769
9.899999999999833,137.83368236355932,0.006388221932683639,0.0073989411311899764,0.0041705283282252575,0.0009702266760378908
9.909999999999833,136.6147267116273,0.005557825374913982,0.00708976537977027,0.0038778561013737755,0.0008511942125586169
9.919999999999833,135.32537708964688,0.004792705009477627,0.0067635537083269035,0.00353904627937437,0.000747097695607827
9.929999999999833,133.9541074485006,0.004456172596071355,0.006428496542480793,0.00344258895123854,0.0007515971890935728
9.939999999999833,132.09833228203897,0.004074757563491442,0.006092542183786615,0.003371829181702404,0.0007508901060058534
9.949999999999832,132.76570226591278,0.0036484429876028042,0.00576385283172236,0.0032511252789279147,0.0007448539621147223
9.959999999999832,133.83403891491042,0.003176105767757762,0.005447521527589425,0.0038566952666687928,0.0007334085877727733
9.969999999999832,134.66302550263993,0.002655369746737828,0.005142534713214734,0.004302805432325074,0.0008809014217411479
9.979999999999832,135.3025433780994,0.002696154866162212,0.004843810016275369,0.0045462264593608,0.000993481210766546
9.989999999999831,136.20698023984983,0.0033526364964211013,0.004544565288034443,0.0045797704214690736,0.0010308151525342513
9.999999999999831,136.61200299034587,0.0038548248330996376,0.0042356344530533946,0.004414976264407182,0.0009951425891960525
10.009999999999831,136.4607915252068,0.00421746835737299,0.003906813058215387,0.004080725794939933,0.0008953451992099983
10.01999999999983,135.75783607395618,0.004462315248612126,0.0035479174624671586,0.003620067815616223,0.0008250534131411587
10.02999999999983,134.56619825403183,0.004615423406656077,0.003148649431844476,0.003248989436225132,0.0007626203679254929
10.03999999999983,133.004682751687,0.004704965231354432,0.002702710258779307,0.0039358419027899615,0.0007844550805215797
10.04999999999983,132.74031379816535,0.0047609083400072414,0.0022113411435244843,0.004549411921109111,0.0009064325344398565
10.05999999999983,133.6085520152023,0.004815911148685706,0.00168119736587198,0.005055686633244961,0.0009866268527461079
10.06999999999983,134.39418617058797,0.004900896651958625,0.0012303228922472052,0.00543245807251571,0.001018333794390644
10.07999999999983,135.02244291789492,0.005040230492775305,0.0015847004011437433,0.0056703962459322,0.0011023820292191183
10.08999999999983,135.39150362679868,0.005252748795633425,0.0019221880007634358,0.005772345322693574,0.0012799533965039116
10.09999999999983,135.3982285274057,0.0055514466750922415,0.0022279287645981445,0.0057511798909481385,0.0013880484238191237
10.109999999999829,134.96051778625886,0.005942379290836275,0.002491426008179698,0.005626719353892904,0.0014202744557598641
10.119999999999829,134.0445055004135,0.006425259045961952,0.002708531172983403,0.0054223379470391105,0.0013810432854862822
10.129999999999828,133.6734106125762,0.006993927006832299,0.0028802778261530593,0.005281423821743941,0.0013389962548500138
10.139999999999828,135.843777143016,0.007638596881679443,0.0030453148037898883,0.005089586242330736,0.0013278808304409547
10.149999999999828,137.84561952297392,0.008347076515174615,0.0034731411940962793,0.004796089886817835,0.001279550509920156
10.159999999999828,140.49090082788408,0.009103610685476908,0.003886685194264473,0.0053159579957814595,0.001206680422094928
10.169999999999828,143.1673180152347,0.009887380068539283,0.004296281279319842,0.0060610582202944435,0.001205389441825245
10.179999999999827,145.77195779442246,0.01067133639209745,0.004713698747080575,0.006722830048517957,0.001255381552756819
10.189999999999827,148.16036826976563,0.01142323907912445,0.005149940317044414,0.007262429344456918,0.001256085361554893
10.199999999999827,150.18177669989592,0.01210943710398455,0.005613952862221932,0.007647277608616692,0.0012079051843682227
10.209999999999827,151.68128230405424,0.012697858916465339,0.006111306910100986,0.007853868958409187,0.0011619321674809112
10.219999999999827,152.49369564718927,0.013160153568263963,0.006642075538501347,0.007870303219974778,0.0012060281965848942
10.229999999999826,152.4941730395566,0.013477310070818857,0.007198916315465878,0.007698138091322462,0.0013690458297610352
10.239999999999826,152.8162381278883,0.013644089332536389,0.007769396885403181,0.007353143918823268,0.0015109127647654804
10.249999999999826,153.63718521213383,0.013860155397013416,0.008339798798521323,0.007022514134624881,0.0016122589406650902
10.259999999999826,153.79531613094449,0.013987522528314084,0.00889594742799634,0.006816998705442942,0.0016600767946600928
10.269999999999825,153.2724692276362,0.013997792851047781,0.009423882475471403,0.006511521996485458,0.0016494261540463343
10.279999999999825,152.10291020552998,0.01391138711432759,0.009913712287454279,0.0062248418836512035,0.0016323292010613313
10.289999999999825,150.3626654426931,0.01375128205593373,0.010363682462013891,0.006307377727413657,0.0017274910797931715
10.299999999999825,148.5385568219568,0.013539565748340197,0.010778816818018606,0.006423081580953251,0.0018234447584445325
10.309999999999825,148.48808891543607,0.01329530160614822,0.01116496977933531,0.006522565510357409,0.001852727099503961
10.319999999999824,147.52196699506723,0.013033667873675792,0.011526022080477753,0.006360632538209937,0.0018064350430782778
10.329999999999824,145.81260636188583,0.012762445697786458,0.01186564201778673,0.005983218277057185,0.0016977455471308754
10.339999999999824,147.09686086537226,0.012478020342807776,0.012187485161137863,0.0057655995981547815,0.0016343714840970833
10.349999999999824,147.97253517824905,0.012166225980964541,0.012492134815190308,0.00536356529736524,0.0015170765732993884
10.359999999999824,148.1817951522162,0.011804254144719133,0.01277699847887074,0.005345814454156003,0.0013510355493861416
10.369999999999823,147.69105724369348,0.01136212202691859,0.01303946857552921,0.005470043192428051,0.0013089734465245955
10.379999999999823,146.88395768529318,0.010807779739521663,0.013279886719182584,0.0056465460183868265,0.0013579388476403602
10.389999999999823,146.91190354611774,0.010114658115274467,0.013501811092236613,0.005782255423673222,0.0014210255165273131
10.399999999999823,146.18029591163938,0.00926627927721412,0.013710116691069845,0.005799400654093298,0.0014668975968280009
10.409999999999823,144.7922205637461,0.00828944426018644,0.013910042563973652,0.005701541850841142,0.0015211110734954102
10.419999999999822,142.90283636198612,0.00765756385521605,0.014104830453961574,0.005875674400114601,0.0015747873247003586
10.429999999999822,140.69467928273252,0.007045744050153718,0.014300685928356845,0.006037750147554112,0.0016261715079980805
10.439999999999822,138.3442156631481,0.006412182404816196,0.014518793687184076,0.006179212712884953,0.0016751893356566946
10.449999999999822,135.9855555016249,0.005727296452009535,0.014724506089750658,0.0062999608515069555,0.0017217870320010897
10.459999999999821,136.36167777709636,0.004998666612717854,0.014912440813995034,0.006404492273943033,0.0017659180294782241
10.469999999999821,142.10618578901546,0.004230547347502626,0.015078097344591805,0.0064994922534533815,0.0018075361278268472
10.479999999999821,147.3891065062968,0.0034262800728836447,0.015217756651089114,0.006590936536714932,0.0018465949143061783
10.48999999999982,151.18764928904892,0.0029212697076340132,0.015330177693077438,0.006682078462803812,0.001883045669058642
10.49999999999982,152.7231077432083,0.0033597782178632746,0.015416715740477828,0.006773041095850668,0.00191683079218978
10.50999999999982,151.64710370328228,0.003606247342721918,0.015479531379659585,0.006879652268002812,0.001947878722167704
10.51999999999982,148.15647638556237,0.0037036041702749834,0.015521817963008427,0.007025844556304602,0.0019761068490042107
10.52999999999982,142.95286200721225,0.003732145182488707,0.015548935249945795,0.007168859555242088,0.0020014308182727193
10.53999999999982,144.16084309352283,0.003814409978117081,0.015567738146687033,0.00728750045300446,0.002023772388909051
10.54999999999982,146.51736815524984,0.00380490111069504,0.01558350900879174,0.007360832112837529,0.0020430614462663057
10.55999999999982,148.27362141602242,0.0037499190848389605,0.01559784937434944,0.0073816702467743136,0.002059235729294811
10.569999999999819,149.0928855604923,0.004005789412753793,0.015611141817129812,0.007466843153099624,0.002072243700495987
10.579999999999819,149.06388722549266,0.004425117195530086,0.01562561099385898,0.007702357652822744,0.002082050099761306
10.589999999999819,148.37903503949138,0.004707708786256446,0.015646457031421746,0.007950108424608384,0.002088639186890681
10.599999999999818,147.27753344566278,0.004850504897466097,0.015682142925903104,0.008156911831376547,0.002092015304313676
10.609999999999818,145.98296476737633,0.00485729112508488,0.015742346859827137,0.008275033209204339,0.002092207662121984
10.619999999999818,144.65756804512858,0.005184178445094369,0.015833981151931197,0.008279025069765486,0.002089283295551632
10.629999999999818,143.37572362267645,0.005627094885334161,0.015960249350967962,0.0082082178286395,0.0020833612596504957
10.639999999999818,142.11409900435095,0.006065700710514589,0.016122905514780156,0.008247958008224789,0.002074617762215938
10.649999999999817,141.04140107823255,0.00648213342407747,0.016322813417485066,0.008202302073644774,0.0020632810465334903
10.659999999999817,141.97169511648104,0.00686782601886079,0.016558637956604855,0.00808150459930818,0.0020560029329455927
10.669999999999817,145.7951725667215,0.0072231804271063686,0.016827315478731623,0.007910863865136751,0.0021034437143811592
10.679999999999817,150.6567260734455,0.007554189739173592,0.017124761208943413,0.007722919269301535,0.0021462102407425908
10.689999999999817,152.4822288972964,0.00786871574680987,0.017444707953133905,0.007852125399994931,0.0021841066805191743
10.699999999999816,151.9574000197585,0.008172993379570902,0.017778907884919357,0.007959936108199023,0.0022169693376373365
10.709999999999816,154.36456812433696,0.008471146290679679,0.018118202449943083,0.008025134861321103,0.0022446694526715525
10.719999999999816,154.0480484442829,0.008852463543006565,0.01845372922794103,0.008108803030468216,0.002267116782232474
10.729999999999816,153.32345183011682,0.009293634867268252,0.01877793361421362,0.0082236836836973,0.0022842626181760546
10.739999999999815,154.28383572209907,0.009727116930637667,0.019085073773627247,0.008341679391522677,0.002296101230485197
10.749999999999815,155.92052305997632,0.01014725492129302,0.019372494744628852,0.008461084743402866,0.0023026701124701757
10.759999999999815,157.7139429112332,0.010547502455566286,0.019639783216606733,0.008570031349438838,0.0023040500008399364
10.769999999999815,158.68600947080455,0.010921991380203971,0.019887717910191654,0.00871144064498923,0.0023003647763260916
10.779999999999815,158.75242423070094,0.011264634184195635,0.020118686018116068,0.008868456475575085,0.0022917802826682683
10.789999999999814,157.90655175013498,0.01157069459287226,0.020336993585461826,0.009044409986000708,0.0022829569947044157
10.799999999999814,156.2111038945563,0.011839044008727956,0.020550034908456576,0.009216955016617215,0.002276325454519922
10.809999999999814,153.79901511692975,0.01207034362923044,0.02076726149551715,0.0093372914330492,0.0022656538873253506
10.819999999999814,152.97207562037335,0.012263505180410656,0.020997053840785936,0.009374892714633242,0.002251155289723131
10.829999999999814,155.72967272214018,0.012413572788265116,0.02124443658786278,0.009335567046474263,0.002233068262145076
10.839999999999813,156.5339763786701,0.012511562037762665,0.021509585385377658,0.009362682202610724,0.0022116535060651725
10.849999999999813,157.30206011234398,0.012546169165007509,0.021787789527650984,0.00930714239652585,0.0021871901207657285
10.859999999999813,158.57855381501486,0.012504579215199593,0.022070514120384792,0.00915403094290786,0.0021599729677910747
10.869999999999813,159.56130833698325,0.012372486938970655,0.02234642753492874,0.008902860223854126,0.002130311092410834
10.879999999999812,160.26590017330153,0.012134872250652885,0.022604112934261126,0.008570212678583449,0.002098525970734152
10.889999999999812,160.66789301234172,0.011775771920754644,0.022833757369827002,0.008349804756466407,0.002064948831505036
10.899999999999812,160.67943413890004,0.011280674608454468,0.023028824255997223,0.008359869682659728,0.0020299177173332384
10.909999999999812,160.17347337003858,0.01064102284589866,0.02318482870244378,0.008332332407133363,0.0019937753023329314
10.919999999999812,159.02983394510406,0.010219235594147887,0.02329863084751768,0.008248538322801119,0.001956867335129259
10.929999999999811,157.18080746203574,0.009952571366634893,0.023371152617217984,0.0085335357734994,0.0019195404651479262
10.939999999999811,154.63682673768645,0.009582416546456078,0.023406102201839904,0.008870689814908817,0.0018821387116693938
10.949999999999811,152.30776025262617,0.009107235997015638,0.023406449381482397,0.009185188577920143,0.0018449993854445618
10.95999999999981,149.41361278124194,0.008524889577303801,0.023373347148594303,0.009474773198585282,0.0018208595319244374
10.96999999999981,145.97007236760737,0.007834409190693776,0.02330582263809624,0.009737308744083137,0.0018282444741002134
10.97999999999981,143.74198304034405,0.007038135677185651,0.02320309127593807,0.009970801607586018,0.0018350582853481723
10.98999999999981,141.68242090251985,0.006142944354880266,0.02306722470486431,0.010173419915483243,0.001843708972775238
10.99999999999981,138.81689307731085,0.005161050770374522,0.022903135379505675,0.01034351666947889,0.0018704901277633531
11.00999999999981,138.14269140606237,0.0041090128055712655,0.022716576601319274,0.010479655140439602,0.0018884484188325897
11.01999999999981,139.0046518923549,0.0030071483496133637,0.022510148632384278,0.010580634975178681,0.001897394146147479
11.02999999999981,143.3977276991639,0.0018801961475545287,0.022282415016305616,0.01064551632818145,0.001897223601314042
11.039999999999809,147.00310100789832,0.0008692854446062984,0.022030478688195743,0.010673639183494527,0.0018878987737125585
11.049999999999809,149.519017107344,0.0017981534896715718,0.021751249677007877,0.010664635936955819,0.0018694476315653248
11.059999999999809,150.73891380499336,0.0025819577679262605,0.02144335289169062,0.010618436966015487,0.0018419639809855034
11.069999999999808,150.61617446334654,0.0032052191555576592,0.021108573779275493,0.010535270238466279,0.0018210312977967643
11.079999999999808,149.70921693311575,0.0036634901097390583,0.020751314362468683,0.010415655658142679,0.0018068018520756605
11.089999999999808,151.27097683544423,0.004186609594877718,0.020377881053880272,0.010260393967883691,0.0017894785451422748
11.099999999999808,151.65561568230873,0.0047359056703795005,0.019994214733549634,0.010070550876698371,0.0017690093180404826
11.109999999999808,150.90459859149988,0.005143836195091313,0.019602994324575372,0.00984743866705238,0.0017453853926379834
11.119999999999807,149.16877369438436,0.005410140929402554,0.019202166563737365,0.00959259747791196,0.001718648812784121
11.129999999999807,147.63135049971646,0.005538598272098437,0.01878607589767197,0.009307777400816297,0.0016888956323249855
11.139999999999807,145.97478581635986,0.005538017087429413,0.018348472108408134,0.008994922143678408,0.0016562663930592971
11.149999999999807,144.71658145096694,0.005421024877964093,0.017883779340179325,0.008656154717415689,0.0016209273890327727
11.159999999999807,142.80631852329236,0.0054704041484872875,0.017387079180377574,0.008293764611787205,0.0015830549587239652
11.169999999999806,140.3293009609641,0.005731917853504346,0.016857018081686537,0.007910195085900427,0.0015428300223563212
11.179999999999806,140.84640817811047,0.005916450787380175,0.016299022739699805,0.007508029249894795,0.0015004390541499602
11.189999999999806,140.39995708273207,0.006041187558065436,0.015722020408086523,0.00708997421988948,0.0014940195394096405
11.199999999999806,138.9500282609227,0.006126959224911937,0.01513452258768638,0.006658842858590173,0.001496965201807491
11.209999999999805,139.1172275480146,0.006235776914778314,0.014544494440219097,0.006217532062409443,0.00149907727540701
11.219999999999805,141.3073758626733,0.006388429961782571,0.01395761572678138,0.005769042219801272,0.0014999601494245292
11.229999999999805,144.77575214311233,0.00650466733478939,0.013377434947107211,0.005642166318445169,0.0014992165878567488
11.239999999999805,147.7016647801556,0.006607180084155273,0.012807251133617087,0.005693593440087544,0.0014964514038343238
11.249999999999805,149.85266688697772,0.006717960111411359,0.012249591684202988,0.00572585072961187,0.0014926890897989135
11.259999999999804,151.13485747788488,0.0068551246433472685,0.01170428155740784,0.005854302760897371,0.001493132820477192
11.269999999999804,151.39553865855666,0.007033483426408391,0.011170210650317916,0.005947111307389722,0.0014901518530050473
11.279999999999804,151.6217509360757,0.007268400403801025,0.010646823868008071,0.005987193175045619,0.0014833768010804437
11.289999999999804,151.84970541220974,0.007510532169764491,0.010133280961828998,0.0059801873842669625,0.0014724642218439429
11.299999999999804,151.33999565799158,0.007754005266494553,0.009627690375214356,0.005937422785381444,0.0014570999563504744
11.309999999999803,150.25237335564137,0.008024043883904947,0.009126588998839781,0.005913875880517002,0.001437003535843345
11.319999999999803,148.75149922457544,0.008280058498163372,0.008626064281848884,0.005872517457053865,0.001411933197499845
11.329999999999803,146.9245305512289,0.008502470999106566,0.008123662787169838,0.0057704503758958066,0.0013816899841168425
11.339999999999803,144.8748117543427,0.008670648389540403,0.00761889363818525,0.005596292452906742,0.001346120301681204
11.349999999999802,142.65781381974838,0.008764596645483461,0.007113852498905381,0.0054737010963337215,0.001305117824302398
11.359999999999802,141.6255365159499,0.008766224325383527,0.006613953400408971,0.0053559240072273495,0.001258625584625045
11.369999999999802,143.92536430759384,0.008660049460923615,0.006130419558599789,0.005400642800191505,0.0012066376644366465
11.379999999999802,145.55745661922592,0.008434245517781146,0.005862390210530653,0.005320461374913288,0.0011491993202165367
11.389999999999802,146.46352591489526,0.008083852259338414,0.005599296406728244,0.00509595904678776,0.0010864055931225634
11.399999999999801,146.67968571324428,0.007612384397115775,0.0053416307476776325,0.004738225418902507,0.0010183998024453334
11.409999999999801,146.39196329901947,0.007029721437707313,0.0050886325339087116,0.004779732588534766,0.001029050687844638
11.419999999999801,146.6602977880687,0.007079642289442118,0.0048395523156728815,0.005336145139826759,0.0012262764063855724
11.4299999999998,146.3251044718054,0.007202055480787354,0.004593169358171634,0.00580968512318635,0.001389620965488505
11.4399999999998,145.53869384235279,0.007205113097966772,0.004347930257207967,0.006142294940007833,0.0015046924530170635
11.4499999999998,144.44262873847538,0.007073845876218527,0.00410194067099145,0.006290257392084287,0.0015606641022766151
11.4599999999998,143.13630171206415,0.006799054941520537,0.00385089262279009,0.006228386444475323,0.0015512560312056205
11.4699999999998,141.66281288443827,0.006378942764905107,0.0035885567725717745,0.005951670667255751,0.0014750924402454938
11.4799999999998,140.0052184568945,0.005819127267596063,0.0033069186105879867,0.0054748423316290816,0.0013355204613420693
11.4899999999998,138.09835645675338,0.00518424431324915,0.0029985396410770193,0.004953839810195931,0.0011399251553624369
11.4999999999998,135.8593817984634,0.004552304009766542,0.0026597623001402785,0.004457970525099746,0.0009104028720422304
11.509999999999799,133.2487660854785,0.0038367234910043177,0.0022905483672912173,0.0037797521405055655,0.0007706710082985695
11.519999999999799,130.87885323766707,0.003047641304852661,0.0018938886385732275,0.003126503955510733,0.000669501245654619
11.529999999999799,130.21644472779866,0.002198980011948244,0.0014750698540546326,0.0027640068954486075,0.0006136164047384447
11.539999999999798,130.22330139608275,0.0013103104724253038,0.0010401688748131156,0.0024828847787760457,0.0005545604993251564
11.549999999999798,132.0982018669162,0.0008406429769377353,0.001116605070931297,0.0026642161983376576,0.000626490937126734
11.559999999999798,133.03363036805737,0.0016846789839894372,0.0015324929718354072,0.0032678977731006023,0.0008743257768265949
11.569999999999798,136.89209325086912,0.0024486493092053907,0.0019324958689577976,0.0038834090733636992,0.001081367811556084
11.579999999999798,140.2662394970929,0.0030848474181447687,0.0023065272525117854,0.004422008644796843,0.0012382193242008218
11.589999999999797,142.81612511153418,0.0035751979903053442,0.0026474123680777146,0.004762595611224028,0.0013375600445068078
11.599999999999797,144.53026007722048,0.004002619151216245,0.0029530052194721864,0.004888445784802364,0.0013749688577806016
11.609999999999797,145.4847399816719,0.004545377550391216,0.0032261633787696517,0.004796168070759092,0.0013496505274909294
11.619999999999797,145.8297020641612,0.00495243321697392,0.0034732686089084235,0.004679783372726626,0.001318049189597588
11.629999999999797,145.75016830351402,0.005211566589714218,0.003702995938630298,0.004917729655938994,0.0013892761772838454
11.639999999999796,145.41477298990745,0.005317278174442842,0.003924250556110606,0.004984447060661999,0.0014110774637605837
11.649999999999796,144.97257899431892,0.005271991042543603,0.004143107659005546,0.0048710204827403045,0.0013810559436036583
11.659999999999796,144.45176816901872,0.005087587206750475,0.004363021492889921,0.005063317568889541,0.0013002257019254899
11.669999999999796,143.78277974101738,0.004784136666818683,0.004587089995070048,0.005308485458695648,0.001294087746947402
11.679999999999795,142.89835912732315,0.004386487718662627,0.004819443132409127,0.005433186744620895,0.00133096082280635
11.689999999999795,141.58196028378617,0.003922293365658141,0.005082654563776346,0.00542554648357125,0.0013610082662227326
11.699999999999795,139.8118934243992,0.0038015245359854263,0.005383823499148128,0.005308215032019977,0.001384217516520688
11.709999999999795,137.50251672069385,0.003828160409882238,0.005707339214947421,0.005193250586269548,0.0014006331654987136
11.719999999999795,134.72112479198486,0.0038235269870138286,0.006054650572311764,0.005309092887407928,0.001410355240845263
11.729999999999794,134.08797968739577,0.0038092679140163165,0.006423867470435813,0.005347492169224394,0.0014135378564186752
11.739999999999794,137.46249568033429,0.003806887596422072,0.0068090684323012015,0.005309134674684264,0.001410388444414995
11.749999999999794,140.72426742019027,0.003924766565834935,0.007202029622101902,0.005212798197009941,0.0014011664342108647
11.759999999999794,143.67287506516226,0.00421497256897977,0.007597408698092752,0.005223217081931581,0.00138618046014313
11.769999999999794,146.09263664761846,0.004523979967833207,0.007993892724384813,0.005253753908410341,0.0013657845888902554
11.779999999999793,147.85139158028616,0.004824722776808599,0.00839026384376181,0.00517474525711151,0.0013403748408018661
11.789999999999793,148.84357233133213,0.0050915836550918065,0.008782689203668466,0.005422702055804889,0.0013103863979309933
11.799999999999793,149.02030343168053,0.005304639663204791,0.00916404265424976,0.005733952438571793,0.0012762905870388297
11.809999999999793,148.43494806739795,0.005453885767529737,0.009526410004942329,0.0058821187006829,0.0012385908850522213
11.819999999999792,147.22835747347608,0.005538576161233343,0.00986475827039118,0.005854942278928269,0.0011978184679617798
11.829999999999792,146.35272949188504,0.005646070141566997,0.010176929923720318,0.00565047897400862,0.001256488268197285
11.839999999999792,145.65361397734625,0.005893287501643679,0.010462065792670821,0.005369007466994817,0.0013465844690396574
11.849999999999792,144.73506669256673,0.006079837364496147,0.010720846482487278,0.005345243006028668,0.0014345558686175337
11.859999999999792,143.50098166432332,0.006186327463442366,0.0109564316043704,0.005477398790238107,0.0015197100217602159
11.869999999999791,141.84242557365127,0.006199988363266722,0.011175325421248605,0.00577578493541576,0.001601341333456323
11.879999999999791,142.5096502636309,0.006117001454825421,0.01138648851679288,0.006047398614992426,0.0016787410688176541
11.889999999999791,142.78860732338615,0.00594037778676404,0.011598868141177141,0.006303154092975492,0.0017512201177959338
11.89999999999979,141.648658745945,0.0056762829248391475,0.011819952452957166,0.006547701634331745,0.0018181369005631314
11.90999999999979,141.57145307049117,0.005332774998819483,0.012053576275634576,0.006890604714887257,0.001878916258186503
11.91999999999979,143.87652446350432,0.00491978232399024,0.01229849965126184,0.007196228356609505,0.0019330547919512338
11.92999999999979,145.68008431638205,0.005150073196919989,0.01255083854547266,0.007421014792979536,0.001980121626245563
11.93999999999979,146.78355034405854,0.005553591841646613,0.012806794849540693,0.007540089066876788,0.0020197641833450152
11.94999999999979,147.94066126203396,0.005848082152671224,0.013061944613705865,0.007558285478095853,0.0020517159714084363
11.95999999999979,150.01181625815784,0.006015532661548883,0.013310613826358932,0.007597763554042294,0.002075795770893995
11.96999999999979,151.11553524755124,0.006041698385924282,0.013547654994242628,0.0076883817490022,0.002091896550075258
11.979999999999789,151.1319095952545,0.0059136965041628785,0.013769365717103585,0.007693688687308162,0.0020999750629803597
11.989999999999789,150.04925806080007,0.005620786408765496,0.013974610567949835,0.007620149688975819,0.002100051387363754
11.999999999999789,147.96714953463493,0.005158899437256665,0.014164574969577303,0.007492829575333224,0.0020922145889056792
12.009999999999788,145.08225017001803,0.00453435249576192,0.014339195581663272,0.007345101698008499,0.002076661479974791
12.019999999999788,141.7277911328072,0.0037633732011329466,0.01449730818040029,0.007231512989410689,0.002053573972852553
12.029999999999788,138.13287803748688,0.0030759494342621724,0.014638810499894218,0.007116175374940145,0.0020232032369992222
12.039999999999788,134.50437723609915,0.0022977887623938237,0.014763226237296187,0.00696671532324614,0.0019858768611406468
12.049999999999788,131.84029493225196,0.0014405915528094765,0.01486966317510245,0.006840410938172966,0.001941986056712295
12.059999999999787,131.726072779444,0.0005870376864457943,0.014958742382425828,0.006685799920951143,0.0018919827493982702
12.069999999999787,132.5862040303287,0.0016136681299523865,0.015032924426766254,0.006494540606339707,0.0018363877009875326
12.079999999999787,135.83832935502167,0.002578295089567294,0.015096378080258491,0.006270641910740588,0.0017757437990603155
12.089999999999787,139.71948467530564,0.003448147262778969,0.015153969279342339,0.006025066517920008,0.0017106141134515438
12.099999999999786,143.0910487126392,0.004197249274291825,0.015210449160509244,0.005798858791250019,0.001641639892578576
12.109999999999786,145.02060392381935,0.004808618962331017,0.01527189345224993,0.006053677012765839,0.0015695200585673027
12.119999999999786,147.43578057308375,0.005311282557578598,0.01534548943896106,0.006105801542615088,0.0014950044844394249
12.129999999999786,149.81017364635943,0.005981017123196155,0.015437159251243062,0.005970774021671476,0.001418888767367164
12.139999999999786,151.73437210945863,0.006537061209128221,0.015551336058834535,0.005837022638762034,0.001351358313238578
12.149999999999785,153.06145776192326,0.0069709663428612735,0.015690485993949812,0.006028262857154462,0.001402970650464033
12.159999999999785,153.6841506822339,0.007279778274751979,0.015853607586311425,0.006214108296094361,0.0014272397309173187
12.169999999999785,153.55325524755332,0.007464184974974378,0.016035631554422506,0.006392742697135249,0.0015153829861885308
12.179999999999785,152.68432108682305,0.007525319078021586,0.016227154474071782,0.0065623389501224755,0.0016060029241011615
12.189999999999785,151.16491475069023,0.007464944980181925,0.016416348481097378,0.006721070227587321,0.0016950602581775561
12.199999999999784,149.14399344981734,0.0072884777097194115,0.016592030617525486,0.006867122158706114,0.0017787104903124764
12.209999999999784,146.8065564196002,0.007005754916017911,0.016746047098386254,0.0069987056120349375,0.001854003203672946
12.219999999999784,144.33498805885984,0.006630112497211523,0.016873658696684477,0.00711407210753176,0.0019190137867296875
12.229999999999784,141.875127083625,0.006177465850880103,0.016971649688356627,0.0072115355272269034,0.001972319944836982
12.239999999999783,139.61772261814698,0.0057479715676045625,0.017037910050710536,0.007289500604760565,0.0020128887352294043
12.249999999999783,149.50618300762395,0.005782614847562411,0.017072168333039435,0.007346495790678155,0.002040286393402777
12.259999999999783,157.73767969337834,0.006148648869314959,0.017077171766264897,0.007381208983432628,0.0020550183359184463
12.269999999999783,163.59918803759163,0.006518951017186225,0.01705847155308208,0.0074242423869127095,0.0020584736931379593
12.279999999999783,166.80156333497592,0.006854111498461661,0.017022422884920264,0.007455492244869276,0.0020523548732202046
12.289999999999782,167.46303718194855,0.007115423064139686,0.016975557971760317,0.007434462050056194,0.002038489275805566
12.299999999999782,166.00054438591945,0.00726812965222934,0.016923428788305904,0.007365898084229727,0.002018484938217541
12.309999999999782,164.34154486032799,0.007283973418717314,0.016870412752358552,0.0072588356827022115,0.001993667031201104
12.319999999999782,160.992354045098,0.007146370541868126,0.01682051881987875,0.007131070249957672,0.0019653076820347662
12.329999999999782,156.50847588132257,0.007283636007029519,0.016776765645331985,0.006989256129132785,0.001934446832472123
12.339999999999781,151.7484850779379,0.007314534454983115,0.016741018476129476,0.006838354266521398,0.0019018369437049743
12.349999999999781,147.53372544591676,0.007209089977559208,0.01671363681173584,0.006699951889146762,0.0018678311978710849
12.359999999999781,144.4339500304902,0.006963308170109774,0.016692760576038856,0.006584831086792114,0.001832175449537739
12.36999999999978,142.55939438731795,0.006584738698432654,0.01667349583954465,0.006435790831156094,0.0017937803514545257
12.37999999999978,141.52591570353366,0.006090986250520376,0.016647676576799494,0.006249948311941104,0.0017506595877025426
12.38999999999978,143.6341336696421,0.005507821603420341,0.01660645867336751,0.006092672758281294,0.0017006727399525882
12.39999999999978,146.38545880182122,0.004865203968851606,0.01654356201699155,0.005896077223433036,0.001642436002876144
12.40999999999978,147.49231700205817,0.004195641208800032,0.016455074400687407,0.005757252483907087,0.001592322205768306
12.41999999999978,146.3115668960974,0.003531264281396604,0.016339112233127617,0.005652284405926825,0.0015729104463450315
12.42999999999978,142.70977526169287,0.0028985913616978126,0.01619777989198512,0.006059763045791171,0.0016026477596236199
12.43999999999978,137.08547382917752,0.0030147027396404394,0.016036178488883973,0.006390562821048704,0.0016969122172177985
12.449999999999779,137.40928722015076,0.003260689074242725,0.01585869788839374,0.006637774853393707,0.0017903285951515466
12.459999999999779,137.24589655837067,0.0034595150876953573,0.015668807620346083,0.006845857762971834,0.0018818187861943951
12.469999999999779,137.96955162309322,0.0035847421815992995,0.015469599940579112,0.007206769943856757,0.0019703016512957875
12.479999999999778,138.61354611507832,0.003614125388756592,0.015262190812009245,0.007506401139993535,0.0020547044846448885
12.489999999999778,139.50440441555375,0.003532522974833609,0.01504627205368012,0.00773520324383518,0.0021339814927641993
12.499999999999778,141.00125602118095,0.0033343524205967424,0.014822016661591473,0.007904373741549928,0.002207131817382948
12.509999999999778,142.11349602782204,0.0030221692548931473,0.014590444321602383,0.008041573487058945,0.0022732086418884344
12.519999999999778,142.74815324451853,0.0026037191502489183,0.014353555161608467,0.008280307434356092,0.002331322050698293
12.529999999999777,142.82516369559133,0.002090875120955319,0.014113818457305917,0.008459876447127864,0.002380646575693339
12.539999999999777,145.81162020190527,0.0014978757982989825,0.013872735197742373,0.00862567336633553,0.002420437352268468
12.549999999999777,147.06489449579888,0.0010868987981360566,0.013632188614196213,0.008725998095798694,0.002450046071851692
12.559999999999777,145.9155523643298,0.0011721257893083175,0.013395495072949867,0.008778433036160604,0.0024689277873955733
12.569999999999776,142.89456565477144,0.0012974741194008398,0.01316446550090074,0.008826883043972984,0.002476641088529883
12.579999999999776,140.19751025658775,0.0017162510727176566,0.012938771260620678,0.008798786406090041,0.002472850990357864
12.589999999999776,137.82214854208047,0.002437210100588613,0.012717234741413,0.00870370844080717,0.0024573377745133063
12.599999999999776,137.55317505048802,0.003126219134754642,0.012498736017414405,0.008561268531670167,0.0024300041091101948
12.609999999999776,137.3464402510536,0.003766161419588651,0.012283584728824364,0.008389283251615011,0.002390872619693654
12.619999999999775,139.4190390847294,0.00434027229573195,0.01210279000856133,0.0082081446506898,0.002340078070302538
12.629999999999775,140.76226531963383,0.0048316457765239405,0.01214825624757368,0.00804204547738315,0.0022778648707500984
12.639999999999775,141.4536856861467,0.005223859910110048,0.012177941282993293,0.007881710475349019,0.0022045915611712103
12.649999999999775,141.66165877306705,0.005805318718558531,0.012188770810472305,0.0077226318721222344,0.002120732646431747
12.659999999999775,141.60780907898135,0.006335676140351252,0.012179997499402706,0.007545173746651293,0.002026870599542852
12.669999999999774,141.4991464740416,0.006760434331960053,0.012151552582210453,0.00732305947199977,0.0019236828556141235
12.679999999999774,141.46687146759083,0.0070626120794124005,0.012104607470031576,0.007034616872780989,0.001811934775826386
12.689999999999774,141.57175649292785,0.007233810678326195,0.012041554612736198,0.00667100525386347,0.0016924818497410644
12.699999999999774,141.78482882958855,0.0072746479138687415,0.011966214123587214,0.00631321205207933,0.0015662720478450724
12.709999999999773,145.41497436208098,0.007194736070564575,0.011883550331838959,0.006170038524908802,0.0014343393272530927
12.719999999999773,147.7039648293941,0.007010687416477882,0.011796377435667128,0.005955863468927184,0.0013374127004662237
12.729999999999773,147.9381812196687,0.0067431570414302686,0.011703361081474456,0.005629427270912677,0.001303186826977709
12.739999999999773,146.06087550594705,0.00641453484858276,0.011599589591004064,0.005514222680288727,0.00126193932289877
12.749999999999773,142.23087206600894,0.006766695145701197,0.011477058824268556,0.0054673928933777075,0.001214069262010542
12.759999999999772,140.64477378980897,0.007340950546665106,0.01132600776123157,0.005452491993106262,0.0012120216771435634
12.769999999999772,139.2953329992972,0.007943668313655458,0.011136912355554297,0.005663491329505321,0.001229676823471287
12.779999999999772,139.75248613042498,0.008531204379777344,0.010903211823792242,0.00591217504328984,0.00124460276405249
12.789999999999772,141.6409214285393,0.009057154009004581,0.010623634323833732,0.005997413351402879,0.0012563384133092333
12.799999999999772,144.62709354526203,0.00947716012694232,0.010301856298689308,0.005917868205413184,0.0012644543353367492
12.809999999999771,147.45629057920436,0.009753961324469575,0.00994413853615555,0.0058592237552304565,0.0012685571478254088
12.819999999999771,149.8501713330869,0.009862074934974737,0.009558068224082407,0.006177200623380561,0.0012682933486627837
12.829999999999771,151.58279193692982,0.009788414867250142,0.0092738110467086,0.00627069072758487,0.0012633536556995036
12.83999999999977,152.45437109130395,0.010012544473522506,0.009082105805770279,0.006144728430840411,0.001253477076434796
12.84999999999977,152.34087891715618,0.01013904730165568,0.008882078917304088,0.005820184553998211,0.001308067384094505
12.85999999999977,151.58464461920923,0.010035923636348493,0.00867827922236447,0.005535188416481784,0.0013100374983689685
12.86999999999977,151.5226985771783,0.009689863273429465,0.008476231347462686,0.005288461393745443,0.0012160549049081975
12.87999999999977,150.85418215062373,0.00911239312945538,0.008281441849827632,0.005043928550977772,0.0011611643360621565
12.88999999999977,149.57007961545804,0.008340191555629225,0.008099217605304965,0.004888530936915982,0.0011392394458320226
12.89999999999977,147.70496232617498,0.007429230874479744,0.007934185839059185,0.0046360882691425034,0.0011488746230923041
12.90999999999977,145.32049916699316,0.006446527242102694,0.00778879843449403,0.004464578069529023,0.0011601405182280829
12.919999999999769,142.5081053049306,0.005461350642367943,0.007660279091341961,0.00448140288047083,0.0011722068460855997
12.929999999999769,142.23483933329933,0.004537763880719965,0.007539938857188697,0.004455700751542266,0.0011825808212996927
12.939999999999769,142.77970232389399,0.00372932781285981,0.007417009664337839,0.004477513734284735,0.001188205405922612
12.949999999999768,143.96954706563835,0.003078836008671361,0.007282332180110331,0.004362539499360948,0.0011865188935791366
12.959999999999768,144.21238570618277,0.0030163696111560954,0.007129658075990017,0.004170761219707711,0.001175839196386487
12.969999999999768,143.45589784710728,0.0029867009185720957,0.006956269504309941,0.004158013319215365,0.0011555535385569036
12.979999999999768,141.7516911538818,0.0029702778511256685,0.006762811347814042,0.004149358330950314,0.001126073533912893
12.989999999999768,139.2623128160635,0.0029443073616483794,0.006552534227565275,0.004141335241578012,0.0010886229989810945
12.999999999999767,136.24102548191368,0.002884496893059331,0.006329791601746341,0.004115162657522135,0.0010447640468814452
13.009999999999767,134.321376513116,0.002766188831344204,0.006098757759993978,0.004134696806439694,0.0009960461749280185
13.019999999999767,133.61986882828592,0.0025656967081852124,0.0058629912438908,0.004340079295862562,0.0010286939409867584
13.029999999999767,134.55039352357005,0.0022630694441566892,0.005624170793811691,0.004374052787337327,0.0010525672631011907
13.039999999999766,134.12057365299668,0.0018457028914135901,0.00538118607545315,0.0042032374342494344,0.0010093566571264183
13.049999999999766,132.25757719646722,0.00131044507976425,0.0051309118564420286,0.004006098428104313,0.001013926249276258
13.059999999999766,131.54819288528464,0.000701226549004905,0.004869288555152778,0.004052483389702513,0.0010373977728952751
13.069999999999766,130.7706181974064,0.0006711356147657087,0.004592538177556856,0.004014954429367917,0.0010532406602242756
13.079999999999766,129.99227788711153,0.0012761983123954167,0.004298392891124803,0.003909191169126736,0.0010602365489663008
13.089999999999765,129.33633785951093,0.0021229276273960042,0.003999992921495095,0.003879303292643416,0.0010576344167692812
13.099999999999765,128.91799905141565,0.0029720305482271742,0.003693492559971268,0.003987137905823643,0.001044914175905558
13.109999999999765,129.514463930501,0.003787736262847523,0.0033676359149232772,0.004038703213986491,0.0010219999350435662
13.119999999999765,132.34189075853698,0.00453378160498608,0.003024535383332153,0.004003401023166485,0.001036005013522987
13.129999999999765,134.78692412001743,0.00517512883120364,0.002668449281951409,0.004495705717887384,0.001242104300478532
13.139999999999764,136.59483667815095,0.0056813668188083,0.002305347976988575,0.004956912251080402,0.0013847086954197636
13.149999999999764,137.58091870204697,0.006031229080863772,0.0019418186569553461,0.005179299849508595,0.0014559097209639515
13.159999999999764,137.67933093489776,0.006214664540264497,0.0015825411456444967,0.005148067665991928,0.001452725231709556
13.169999999999764,136.94853075091544,0.006231139926964618,0.0013174899979325914,0.005211756311926653,0.0013771672055836977
13.179999999999763,138.01875776138996,0.006257858304107564,0.0013128259720711296,0.005520766445193531,0.0013457290465769755
13.189999999999763,138.68582953654024,0.006338370717996117,0.0013103573250359492,0.0057043901150020705,0.0013853298664863686
13.199999999999763,138.6594846896571,0.006307505328878301,0.001307847925631327,0.005761104603925954,0.0014136800317717994
13.209999999999763,137.99120199319552,0.006175164394937564,0.0013043376042168337,0.00585874600634246,0.0014304288592067763
13.219999999999763,137.6949837590247,0.005954005541974118,0.001298483857828252,0.006159774978107993,0.0014353330722574886
13.229999999999762,139.6615494809821,0.005658712142845243,0.001289535959732428,0.006313112225518476,0.0014282593976832486
13.239999999999762,140.57279447799937,0.005307568593957225,0.0013307790047718314,0.0062765049370347315,0.0014091936513607253
13.249999999999762,140.44637467870757,0.005011563258229562,0.0016348892500744666,0.006046659911067598,0.0013782466210060745
13.259999999999762,139.86191683585898,0.005734319151874788,0.0019201028608857341,0.005658826773336424,0.0013356501271441087
13.269999999999762,138.8271263443432,0.006488685690853737,0.002188948873292837,0.005176651426334733,0.0012817477002090452
13.279999999999761,137.32832038636644,0.007217049659126265,0.002446349905732565,0.004672815894222484,0.0012169879539280799
13.289999999999761,135.68799310702892,0.00785917081076741,0.0026944169751875378,0.004802309223221489,0.0011419209097508478
13.299999999999761,138.64749824941077,0.00835888167293778,0.0029495998572775144,0.005364991886315605,0.0011808429723589513
13.30999999999976,141.42713304453886,0.008671023545544146,0.0031969289555495244,0.005899313580754232,0.0012725288295234892
13.31999999999976,143.95420012510561,0.008767513363130799,0.003421339013539873,0.006192096588545733,0.0012702798493793427
13.32999999999976,146.8010221523356,0.008641534305271658,0.003620580488962984,0.0062234087168291435,0.0011735828399637221
13.33999999999976,148.8681976386525,0.00875423870502973,0.0037956920318902377,0.006014018232421934,0.0011216526002411685
13.34999999999976,150.0987378720511,0.008804576219161052,0.003949174790184208,0.00560491389270719,0.0011417695386693448
13.35999999999976,150.48699265565216,0.00866931461675802,0.00408459195102414,0.005454862688657719,0.0011632391951736612
13.36999999999976,150.07432483784442,0.008367421701130332,0.004206461289896093,0.005183864324733397,0.0011776251266322152
13.37999999999976,148.94820048277091,0.007933275676558242,0.004319430028571797,0.0048026409444589194,0.0011846992772034661
13.389999999999759,147.20788054650797,0.007410499311363332,0.004426659498000983,0.0046653537843171855,0.0011842829750707004
13.399999999999759,146.27491322638338,0.006847994102678025,0.004527426623389318,0.004589265967662069,0.0011762488192236127
13.409999999999759,145.89686659987382,0.006296069553187558,0.0046170332373996386,0.0045009232739148235,0.0011605225409567523
13.419999999999758,145.1975346795646,0.005801048567198711,0.004689542654985254,0.004394758345049489,0.001137085267746853
13.429999999999758,144.11054260106238,0.0054014611538292364,0.004740568639270806,0.004241271438966737,0.0011059758763978071
13.439999999999758,142.6007406827634,0.0051246174286753345,0.004769185163446844,0.004259224070025351,0.0010672927018690703
13.449999999999758,140.69702957020246,0.005004238851530214,0.004778306485088938,0.004117439159767756,0.0010211943430235855
13.459999999999757,142.35649872946274,0.00517133922873666,0.004772442227574627,0.004259253316179222,0.0009972374343217697
13.469999999999757,142.8750110736992,0.005300114693263692,0.0047548414511363445,0.00433338489476486,0.0010011383736928906
13.479999999999757,141.91825821069497,0.005357049177599089,0.004726536710634605,0.004368901560501029,0.0010527556426192866
13.489999999999757,139.50732392091084,0.005418043401263278,0.004686527589099353,0.004575838746377159,0.001136316279507066
13.499999999999757,137.56268080557004,0.005582381352188828,0.004633098486222679,0.004795005391128768,0.0012108556049544082
13.509999999999756,137.57880236497323,0.005674068198511942,0.004566177333530755,0.004968651908119886,0.0012758823399311686
13.519999999999756,137.2949123026588,0.005656386439788084,0.00448824519758715,0.005086415503322104,0.001331006760395316
13.529999999999756,137.18182247217229,0.005507584531510371,0.004403872874936146,0.005149274812352833,0.0013759414465186503
13.539999999999756,138.36163833102788,0.005440899604354489,0.0043177906914200126,0.005168778432156734,0.0014104997198385522
13.549999999999756,138.85424213553077,0.005279944332038505,0.004231524139219339,0.005161705656700657,0.0014346002341655052
13.559999999999755,138.45847560747836,0.0050081669464609796,0.004144545894747608,0.005154245550382067,0.0014482760210043151
13.569999999999755,137.08694439352283,0.004615939782377139,0.004055259470126,0.005182658050552792,0.0014516768901908343
13.579999999999755,135.73533762512332,0.004223612613354704,0.003960401676467029,0.005236423682682546,0.0014450584258596582
13.589999999999755,134.28097733885113,0.003817053334312162,0.0038567804938809077,0.005260343711529941,0.0014287644577796923
13.599999999999755,132.745355054777,0.0033187245958930427,0.0038779488447007963,0.005225173971867378,0.0014032157684618096
13.609999999999754,131.6533098217073,0.0027289249102736444,0.003961875175350018,0.0051046585784600374,0.001368907534941338
13.619999999999754,130.23866418051145,0.002052399256316247,0.004033248184955808,0.004891178645593501,0.0013264058780700883
13.629999999999754,128.62700319909396,0.0017280886132882735,0.0040942033708045245,0.004610591975135562,0.001276336664077555
13.639999999999754,127.85365177008303,0.0015556925177878532,0.00414682215342244,0.004474704399506287,0.0012193721344447566
13.649999999999753,130.2529331782279,0.0020226579771302124,0.004192946458163415,0.004347057203935003,0.0011562250361248825
13.659999999999753,135.41985551729846,0.002776434898640215,0.004247828116130951,0.005100969623418069,0.00119296047839843
13.669999999999753,139.00687690386297,0.003408359661075392,0.0043785304364083386,0.005637240094708324,0.0013346597144427263
13.679999999999753,140.7659117503686,0.003894828250234456,0.004516502808107076,0.005916862506147191,0.0013916240677100888
13.689999999999753,140.62039781338075,0.0042219353775192,0.004663723673667441,0.005937765157108189,0.0013621960063962995
13.699999999999752,138.6674412824241,0.004409028035296612,0.004819670870053701,0.0057427281500665025,0.001252116711542654
13.709999999999752,135.59751998244798,0.004820609164220184,0.004981569456450587,0.0056338714386070885,0.0011750472870623776
13.719999999999752,137.49469664596228,0.00509516919085324,0.005143268803659136,0.005662405989824091,0.0011606690343080434
13.729999999999752,138.95290029214112,0.00523716481985661,0.00529688361072705,0.005554263988647224,0.0011840369426337036
13.739999999999752,139.83853943803405,0.005258114664611477,0.005436483561821291,0.005345570562229329,0.0012006134266966918
13.749999999999751,140.09490921630098,0.005176277026981443,0.005558076587369946,0.005077648099540844,0.0012076540726535575
13.759999999999751,144.6770418096799,0.005936330055759935,0.005661192889231843,0.005074472035479129,0.0012050190920661341
13.76999999999975,147.82599085241202,0.006682780679387729,0.005749633788971878,0.0052555880945386775,0.0011926424242022233
13.77999999999975,148.7645970355501,0.007349407863821529,0.005828593267706391,0.005300555596037259,0.0011705329501822475
13.78999999999975,147.6054052769446,0.007906843758097032,0.005903036906597448,0.005213053511584404,0.0011684894074671997
13.79999999999975,144.53316774803977,0.008326500364563755,0.005978832766029053,0.005318466265148071,0.001158658126473559
13.80999999999975,141.77069606376818,0.008585361622341975,0.006061313781837253,0.00529124965773844,0.0011404933435105538
13.81999999999975,139.24397567430987,0.008671665311159513,0.006152167300486324,0.005433730346383253,0.001114407163091678
13.82999999999975,142.31148621610777,0.008590029125321263,0.006249356720905706,0.005553378392075512,0.0010808572064580958
13.83999999999975,145.28732587289068,0.00878283516375825,0.006349021136992203,0.005514179658581156,0.0010404253579489554
13.84999999999975,147.60797827900396,0.008830533921804247,0.006447427580797099,0.0053297164738864465,0.0009937740298689543
13.859999999999749,149.1995405892913,0.008726043506732166,0.006541116708850747,0.005020044833813491,0.0010144568977784592
13.869999999999749,149.84953035518515,0.008471953199453135,0.0066258531043861405,0.004611502436253353,0.0010394113984011442
13.879999999999749,149.56227232498793,0.0080836645123591,0.006696688991025351,0.004641310614163685,0.0010599660284285068
13.889999999999748,149.47983115446323,0.007587823933824295,0.006773065843641808,0.0046200364668934285,0.001074540179717319
13.899999999999748,149.24776935294793,0.007019304484180818,0.006913361285714792,0.004491216175392128,0.0011302415764554005
13.909999999999748,148.6012632584995,0.006419270763758239,0.007029045075962345,0.004315844571399881,0.0011295663761809228
13.919999999999748,147.47992181133893,0.005829992105379134,0.007118479668638495,0.004305932943769033,0.0010857107160441475
13.929999999999747,145.869346439362,0.005288514667996704,0.007183531963346541,0.0041583823095233995,0.0010745079536679228
13.939999999999747,143.7493090111686,0.0048230757127871995,0.007226687536302428,0.004041399330762855,0.0010566379775384781
13.949999999999747,141.11541610003954,0.0044509213912818394,0.007249643600365888,0.004046277623775879,0.0010331605455632365
13.959999999999747,138.01259547507462,0.0041763317776918945,0.007254553401967465,0.004019162044654465,0.0010052860789835057
13.969999999999747,138.85033409355046,0.003988508573724001,0.007244260182247817,0.003955108367587217,0.0009743402058676936
13.979999999999746,140.442114690137,0.003862046701509374,0.007459446148501077,0.004022252998180454,0.0009416571802493284
13.989999999999746,141.39993527572656,0.0037622640974300263,0.007736799018599111,0.004061424411692136,0.0009682353307336909
13.999999999999746,141.4698016221823,0.0036509840029147734,0.00801534522454076,0.004297937521923859,0.0009553631956952124
14.009999999999746,140.38831278990685,0.003490238042745882,0.008294946643536645,0.004406154371740507,0.0010501530476724247
14.019999999999746,138.0758341866139,0.003247237900246217,0.008572188198313527,0.004364388730730057,0.0011384866496357117
14.029999999999745,135.73360298879638,0.0029010405521501317,0.008841454259782073,0.00461352050965163,0.001219666418826983
14.039999999999745,136.41158680512996,0.0024460240658939203,0.009096586951135969,0.004831156037240462,0.0012930452019048624
14.049999999999745,136.37133108364102,0.0018913092642344766,0.009332188571612708,0.005041109208023699,0.0013580309861119819
14.059999999999745,137.73848854893373,0.0012598574361728221,0.009544245964470522,0.0054173633110833,0.001414091829102599
14.069999999999744,138.38936949711737,0.0010948477540540886,0.009728707566068726,0.005735816464901071,0.001460761262835132
14.079999999999744,138.38364043417974,0.0013128723793396986,0.009881099311967796,0.00596136609648897,0.0014976436611945365
14.089999999999744,138.05743913636792,0.0014241050957586735,0.00999891285498485,0.006053212369835739,0.0015265851951875287
14.099999999999744,139.44547718052675,0.0015126855047080036,0.010081946080956432,0.006177769000591393,0.0015490651105084013
14.109999999999744,139.44946899682327,0.001948907602911471,0.010131693149359845,0.006426776385626257,0.001561026968192843
14.119999999999743,137.9728446479824,0.002545330233353985,0.010153501476534044,0.006640279922870855,0.0015623710919357128
14.129999999999743,135.32438501580833,0.003251563832504964,0.010155971889485332,0.0068161994398995285,0.0015530793564989276
14.139999999999743,134.54728817210324,0.004000429762978208,0.01014725808515391,0.006952815454579717,0.001533215227909128
14.149999999999743,133.94620688899553,0.004761781513340802,0.0101335542868364,0.007048795141198267,0.0015029232703372437
14.159999999999743,133.45472554455057,0.00550054643364753,0.01011933422953451,0.007103207537140244,0.00146242851769048
14.169999999999742,138.23575630344962,0.006179156478867053,0.010106607355820363,0.007115528748294932,0.0014120359108939402
14.179999999999742,142.2377297806429,0.006760585016536548,0.010094627150055147,0.007085711109384692,0.0013521295215170792
14.189999999999742,145.12710699099884,0.007211213627890975,0.01008018406739311,0.007013946981757503,0.0015264419931907804
14.199999999999742,146.63093919050348,0.007503466185709023,0.010056829724443389,0.006967030847596251,0.0016261190559059867
14.209999999999742,146.57003679219588,0.007618931403391559,0.010015500249775211,0.006823764270108679,0.0016371357805844906
14.219999999999741,144.88633210887392,0.0075519022131516995,0.009947398422883544,0.006555102838417213,0.0015568989444794225
14.229999999999741,144.4645505102837,0.007438376144467304,0.00984772598567449,0.006325682593414387,0.0013904263046319104
14.23999999999974,143.48715889163628,0.007532298372188564,0.009716350257787833,0.006061113280123636,0.0013943236762666202
14.24999999999974,141.3608162243079,0.0074867639019854685,0.009555100144359329,0.005881021976075502,0.001359175221646742
14.25999999999974,138.05885866576494,0.0076126315076115725,0.009368272069727991,0.0058012213876769015,0.001264980247120177
14.26999999999974,136.8815046792922,0.007989205735580731,0.009163916970256683,0.005690953977667721,0.0011210333052183552
14.27999999999974,138.41534161402487,0.008258563266870637,0.008952300510413768,0.0055513418333151794,0.001074107578091336
14.28999999999974,140.3617416593817,0.008416147538571868,0.008745131037087999,0.005383026590751913,0.0010453645537874736
14.29999999999974,141.91937796172078,0.008461255039517349,0.008536438394759883,0.005187263672584579,0.0011053718233585612
14.30999999999974,142.8908170271704,0.0083980795417671,0.008330028646648651,0.005315027951056988,0.0010917014095753307
14.31999999999974,143.04433701762946,0.008279586052865329,0.008126318862776882,0.005670423172268679,0.0010983481600925831
14.329999999999739,142.1845939179992,0.00823937202107815,0.007923080577552883,0.005828765117462517,0.0011915654330621214
14.339999999999739,140.20428955558532,0.008133724168190928,0.0077171788154064905,0.005812916851735752,0.0012809010175141473
14.349999999999739,137.11240557628713,0.007980865518423814,0.007506489574948518,0.005861993988977096,0.0013655793593734733
14.359999999999738,135.46341673079996,0.0077944246699618944,0.0072922668438556515,0.005987033869149764,0.001444862169061839
14.369999999999738,138.10190837930253,0.007583112378326658,0.007078102089420615,0.006047920273339645,0.0015180541762878765
14.379999999999738,140.58121868948368,0.0073521787256822175,0.006866781429726411,0.006141855371067362,0.0015845080030620945
14.389999999999738,142.69140572215161,0.0071059121142709744,0.00665912984887434,0.006264171670073024,0.0016436303614344645
14.399999999999737,144.22939284464226,0.006848560574721039,0.0068310573782519165,0.006346276852860373,0.001694889542981458
14.409999999999737,145.03748594234332,0.006584225514461471,0.007001845729342106,0.006387804283018349,0.0017378217318018458
14.419999999999737,145.03804135557974,0.0063185712015752125,0.007161494527806715,0.006521018387337607,0.0017720344406464302
14.429999999999737,145.17756198007768,0.006059937730698234,0.007313889937782515,0.006571554348497019,0.0017972082405511255
14.439999999999737,145.72902939367137,0.005817115947868716,0.007461916585955903,0.006546361713366328,0.001813098982557437
14.449999999999736,145.48638027943596,0.005596588207675956,0.007606482172029135,0.006522460524804721,0.0018195406652846639
14.459999999999736,144.39519137768687,0.005402057973292014,0.007745559544828417,0.006519531059311833,0.0018164470436847538
14.469999999999736,142.48700762102507,0.00523471494237384,0.00787334419237211,0.0064679540351294295,0.001803810963450904
14.479999999999736,139.8636480191476,0.0050928270257996015,0.007981803512534011,0.006362553389274782,0.001781702906556437
14.489999999999736,137.16033176114362,0.004970434603610378,0.008062162504367885,0.006388960167814514,0.0017502707681517683
14.499999999999735,139.5408128673663,0.004855408269466221,0.008105489945024484,0.006513578456672408,0.0017097407311027887
14.509999999999735,146.93721943301617,0.004730373729364109,0.008104840639574144,0.006628328282249564,0.0016604171560851196
14.519999999999735,151.69498440279295,0.0045778939275125975,0.00805811092344669,0.006660314095628197,0.0016026801764064645
14.529999999999735,152.32985922906542,0.004384664504950468,0.007968316869445753,0.006544982261106174,0.0015369820350895455
14.539999999999734,148.3439086256543,0.004142365186473389,0.007841596010796575,0.0062449182493363314,0.0014638438592049772
14.549999999999734,139.75346354200545,0.0038501480992092683,0.007685192429198713,0.005762279526475524,0.0013838526310792029
14.559999999999734,136.5436602627454,0.0035175103931614875,0.007505862792290877,0.005458814683906473,0.0012976563813060335
14.569999999999734,137.2971340802112,0.0031611412168657546,0.00731123197446422,0.00522318359777306,0.0012059565862805606
14.579999999999734,137.51604381409365,0.002800115835742189,0.007110529804893188,0.005022925227154838,0.0011803517715759768
14.589999999999733,137.00705122406444,0.002454016312776951,0.006910954262139456,0.0048149128901711965,0.0011831303695208786
14.599999999999733,136.75362593293124,0.0024361077014492315,0.006743129792300548,0.004530672749580844,0.001178724504728162
14.609999999999733,143.85493864502735,0.002368649598743536,0.006710316000273381,0.004752965387647852,0.001166917725224048
14.619999999999733,147.81104789304013,0.002465469163569814,0.006670101128189782,0.004877830981732499,0.0011475895072053524
14.629999999999733,148.32599690094085,0.002509845933080253,0.006616467212948735,0.004762015271111266,0.0011207019546801969
14.639999999999732,145.496179640439,0.002398959479000085,0.006540997848012537,0.004607392678741228,0.0010862998169849805
14.649999999999732,140.10371695402577,0.002106320215876584,0.006435173808649109,0.004650326395608712,0.0010564773075347424
14.659999999999732,138.94374468049367,0.0016224055977823919,0.0063634317233811945,0.004523290750456054,0.0010283538574136942
14.669999999999732,136.82272977235104,0.0012824536539501683,0.006429581874680147,0.00417108506294362,0.0009397237024290651
14.679999999999731,136.3582227611835,0.0021106823470718123,0.006471023605201453,0.0036473038358821124,0.0008774135033250595
14.689999999999731,137.271070744487,0.0029154209325397587,0.006487425442865765,0.0038576007747869673,0.0008384409319414285
14.699999999999731,137.20849482301224,0.0036555782722982647,0.0064783674773641635,0.004306305036850137,0.0009323804498290578
14.70999999999973,136.08734151373076,0.004295836447029504,0.006444932108456768,0.0051544514046113175,0.001079977271235911
14.71999999999973,137.25364728995834,0.004809398289123485,0.006388819673566906,0.005839808971072696,0.0012614698622151262
14.72999999999973,137.98790553687152,0.005179558832174964,0.006311792760209891,0.006311197970336063,0.001367356187102462
14.73999999999973,137.85562884005458,0.005805862682978372,0.006216287709646737,0.006549936720995505,0.0013922494310316487
14.74999999999973,138.99524981428988,0.006507827922951099,0.006104661423287652,0.006566319081466844,0.001336654904512449
14.75999999999973,140.6823567729035,0.007077886600714642,0.005978713390965514,0.0067306726588273694,0.0013890501888182735
14.76999999999973,141.8378334108914,0.007516738561457531,0.0058407057459766085,0.00704814289703368,0.001435281625464986
14.77999999999973,142.3741035977374,0.007834252966520301,0.005693042984853405,0.007190056026663496,0.0014710219438394464
14.78999999999973,142.29522198815,0.008046920931638826,0.005536993583497868,0.007156447909977616,0.0014961283812824984
14.799999999999729,141.93439704148344,0.008398545223743122,0.0053724620264953005,0.006961346373579966,0.0015103073541493596
14.809999999999729,144.84279642586603,0.008587658515189268,0.005198126955691937,0.00663322776245267,0.0015134172734241268
14.819999999999729,146.9172819323393,0.008631731980120115,0.005011226275073059,0.006215298098903726,0.0015054101130356982
14.829999999999728,147.66098562818394,0.008561329912274486,0.004808305666534718,0.005886750987479354,0.0014863317698202854
14.839999999999728,147.0813359181686,0.00841267469705621,0.004586611041681507,0.00603269433294117,0.001456320878997226
14.849999999999728,145.28261196613093,0.00822117455100819,0.004344380336779563,0.006045724766800168,0.0014156065211623405
14.859999999999728,142.44811390042204,0.008016624206217775,0.004079962509734102,0.005949077575663214,0.001364505402402569
14.869999999999727,138.87046622565003,0.007820125024791498,0.0037917764179840256,0.005767092858861156,0.0013034184793456506
14.879999999999727,136.88595646988605,0.007642979140173317,0.003480042143911339,0.005523130728837138,0.0012328265860337678
14.889999999999727,135.24154912330928,0.007486272784990966,0.0031463980653699984,0.005273112423648349,0.0011532850427350856
14.899999999999727,135.09660314783093,0.00734122769263198,0.002792494636229195,0.005339292721077526,0.0010654178235587506
14.909999999999727,137.81130797422392,0.0071916175779470504,0.0024205564757210254,0.005266687548293047,0.0010645075296480014
14.919999999999726,140.17438267665594,0.0070176094885870425,0.0020339081121296143,0.005062082744850328,0.0010865072026398591
14.929999999999726,141.92743324859964,0.006801210873393322,0.002064964013869328,0.005112272784377578,0.001050262439445507
14.939999999999726,142.8338585942636,0.00653111879506777,0.00223329428957618,0.0051555372015283955,0.0009604491877854735
14.949999999999726,142.73210517617775,0.00620295294888129,0.002384448185922334,0.0050938644395966005,0.0008975668925422957
14.959999999999726,144.1103509701806,0.0058182148832507646,0.0025159456417844697,0.004923416283549649,0.0008800068153106263
14.969999999999725,144.87989373120465,0.0053846313810523684,0.0026258101976658343,0.004647082253115787,0.0008147957028707179
14.979999999999725,144.7343011982367,0.004915817345499622,0.0027121828515764327,0.0042758270557521315,0.0008362211709098719
14.989999999999725,143.6579068587965,0.004429257975758621,0.0027742984508036125,0.003829423522741792,0.0008542435359186986
14.999999999999725,141.7375437988933,0.003943423696895519,0.0028130044677497023,0.0038312669374397203,0.000849950889038167
15.009999999999724,139.14080179956744,0.003475820522512382,0.0028311950952657414,0.004034180665988882,0.0008987469104208091
15.019999999999724,136.07133587637077,0.003041799061239897,0.0028339438314126126,0.004055897348067323,0.0008865495717668254
15.029999999999724,135.33981299625893,0.0026542574665106723,0.002836092253806058,0.004194638986475639,0.0008097677346242423
15.039999999999724,136.73843314947482,0.002324365590445081,0.002858563477506623,0.004339906776043962,0.0008100093249453065
15.049999999999724,136.71143349855828,0.0020613347068758523,0.0028784929007800767,0.00434213957746109,0.0008318121093075605
15.059999999999723,136.72672988297433,0.0018698247884553086,0.0032022645466842116,0.0041738082392722,0.0008176390137981603
15.069999999999723,135.6999661853328,0.0017477861331851878,0.003530679273879206,0.003821657580437761,0.0009008885949144959
15.079999999999723,133.98762897735872,0.0016878414784054399,0.003849041983238696,0.003624855410646635,0.0009941749816981106
15.089999999999723,134.81708363703555,0.0016807147696343346,0.004157437765185064,0.003823607537902666,0.0010800243279996
15.099999999999723,134.6872895465025,0.0017820013679904123,0.0044571774992259,0.00418223343849825,0.001157887860345603
15.109999999999722,133.6007094937092,0.002218201094659519,0.004749390538170609,0.004699774316596097,0.001227286178784027
15.119999999999722,132.9618807528685,0.0025893615416315214,0.0050334673645266725,0.005235691210809556,0.001287812774698833
15.129999999999722,134.38575772525826,0.0028438173023597234,0.0053072913477050804,0.005689332269460488,0.0013391374352722035
15.139999999999722,135.32109652230196,0.002940548066036128,0.0055686102331687515,0.005980916439800129,0.0013810092346970965
15.149999999999721,137.28324757104977,0.00285447765688186,0.005815546801413574,0.006067670893712032,0.0014132581803711628
15.159999999999721,138.1644917423084,0.0025795671736729836,0.006046849087989839,0.00595291604381615,0.0014357950352364025
15.169999999999721,137.95306091894335,0.0021309049252889833,0.006262169123156113,0.005689217125921997,0.0014486098464825204
15.17999999999972,136.74963999910165,0.001981522699225333,0.006461813194786069,0.005624601556857035,0.001451769989929566
15.18999999999972,134.72800344976503,0.0017519653075521182,0.006646216668618001,0.005578275171839384,0.0014454178145798392
15.19999999999972,133.6333729266315,0.0014885794711745133,0.006815385531755162,0.005432963550486898,0.0014297673114522156
15.20999999999972,134.31280714114985,0.0012686822796276452,0.006968446245566257,0.0052059657563007415,0.0014050995292690493
15.21999999999972,134.61286752200562,0.0013154303695761317,0.007102427080299183,0.005321133598465609,0.0013717573005450803
15.22999999999972,134.6948227446438,0.0017582795541672613,0.007212463325573425,0.005587202035210191,0.0013301401694450874
15.23999999999972,137.5922926449927,0.0020430168269747516,0.007295564549006268,0.00576782725520078,0.0012806998766559763
15.24999999999972,139.14557203988554,0.002167456738347243,0.0073532773512495235,0.005769423104326301,0.0012239360451711321
15.25999999999972,139.69742567624724,0.002149630067349049,0.007391330744592473,0.005556687201881621,0.0011603916550936458
15.269999999999719,138.9960315198491,0.002024486622741603,0.007418247155813297,0.005339891964161027,0.0010906484393524525
15.279999999999719,137.01939910459308,0.00223307574582915,0.007441984185024824,0.005351940567806269,0.001015322624096424
15.289999999999718,137.7366975670021,0.002367692858613166,0.007466706001779391,0.005341382941757694,0.0009364547436856611
15.299999999999718,138.34620401438258,0.0024074693534831557,0.0074931274245033565,0.0053088080749707335,0.0009759963044405357
15.309999999999718,137.77655018237382,0.002375274091182831,0.007520662103672127,0.005254880507448057,0.001015203670448554
15.319999999999718,136.1239810032329,0.0024415252245329733,0.007548000994125497,0.0051803233768286,0.0010510178960015672
15.329999999999718,133.56085655263246,0.002906916365873205,0.007573222310545189,0.005085909333407048,0.001082553114908936
15.339999999999717,136.68579118655234,0.00325541608419669,0.007594184038365184,0.005188382649262116,0.0011088906620595831
15.349999999999717,139.9617424176075,0.0034647257956954415,0.007607937027451994,0.005401193211758666,0.0011463507801366874
15.359999999999717,141.78400989374646,0.003524534834003957,0.0076120099212569885,0.005532757882482746,0.001227782137869304
15.369999999999717,142.07861378826826,0.003434883011495023,0.007604701483418082,0.005585361230274505,0.0012274264969302357
15.379999999999717,140.87704100279112,0.0032052327519296584,0.007585873852917299,0.005558512880684379,0.0012201311307736959
15.389999999999716,138.30842464148975,0.0033431712197472406,0.0075574862627680196,0.005449144104348767,0.0012639146567428863
15.399999999999716,136.11846952770833,0.003381189033438078,0.007523140467919296,0.005253103314025938,0.001299974827118231
15.409999999999716,137.03662339465018,0.003313058218297616,0.007488425586824904,0.005240422272488389,0.0013294500459222378
15.419999999999716,137.91875399720513,0.0034845058182367285,0.007459770587511774,0.005056670940944725,0.0013537887679792486
15.429999999999715,138.69394698865779,0.0035741868013628884,0.007443122470266386,0.005170860702771571,0.0013743705722188998
15.439999999999715,139.29033694148512,0.0035665475028734623,0.007443730412260134,0.005256351477213937,0.0013924433028407405
15.449999999999715,139.6154786339469,0.003458832823639751,0.0074642540963498726,0.005279776545492122,0.0014085796991658009
15.459999999999715,139.56240229469086,0.0032619832154372206,0.0075047146184629675,0.005251320298546184,0.0014226585234013824
15.469999999999715,143.639050342494,0.0029991396142526414,0.007562868446931886,0.005193099400824616,0.0014339684708467415
15.479999999999714,146.55367498716188,0.002701965152786023,0.007633902374733668,0.005213486389611369,0.0014411229753777195
15.489999999999714,146.8523422894027,0.002405813652052668,0.007713350962255796,0.0052419030239763,0.0014428980947523834
15.499999999999714,144.75599645923134,0.0021443063549551346,0.007798773971472495,0.00523019036103802,0.0014387194884430308
15.509999999999714,140.94591454038647,0.0019451037372971549,0.00788873756296389,0.005173766478109389,0.0014283589260312252
15.519999999999714,136.37955589514777,0.0018262118959087863,0.007989497927551095,0.0050762607710841704,0.0014118587027170237
15.529999999999713,132.02301065461708,0.0017925245586482034,0.008110432615390854,0.004948702634716056,0.0013895306403282279
15.539999999999713,133.5939235730708,0.0018348551922489635,0.008235012551726775,0.004992707593299698,0.0013619733088280617
15.549999999999713,135.25323478413645,0.0019316713075015904,0.008364959909908412,0.005228791744646409,0.001446828035754942
15.559999999999713,136.18118000964253,0.002053966585533817,0.008502027009512948,0.005698186237536822,0.0015623719481348778
15.569999999999713,136.295786952404,0.0021711866840158373,0.008723333097889283,0.006146204598106901,0.0016742635568278428
15.579999999999712,135.54813471486042,0.0022544730167806514,0.009071325401255732,0.006539348273172203,0.00178161495506761
15.589999999999712,134.8287633373697,0.0022803306140933796,0.009423831681523397,0.006868758905152104,0.001890646740044517
15.599999999999712,135.95121400290495,0.002349838008048448,0.009782394970229822,0.00713833503964826,0.001993311805592134
15.609999999999712,136.89689744434753,0.0023637042040871225,0.010145153094152749,0.007437715040910836,0.0020887491155543885
15.619999999999711,137.2490463696235,0.0022590749944963826,0.010506524580096774,0.007716485912318314,0.002176174431360456
15.629999999999711,136.9585564281307,0.0020343797648295216,0.010859948083108868,0.007947285297042061,0.002254877666434548
15.639999999999711,136.04358792285768,0.00201996465723974,0.011199139783976705,0.008171353020451574,0.0023242241611554897
15.64999999999971,136.78453322832695,0.0020667286367569405,0.01151830685707798,0.00842846445230032,0.0023836482316135577
15.65999999999971,139.3863829820973,0.002042374540915578,0.011813623787182061,0.008634890127547333,0.0024326499513548806
15.66999999999971,142.06589930593674,0.0019387632628279437,0.012084120527149135,0.008771709387154943,0.002470802661553754
15.67999999999971,143.8824136864114,0.001755391018485189,0.012331789735416062,0.008838952063368155,0.002497766055835366
15.68999999999971,143.85208109433663,0.0014993720104246296,0.01256057442724801,0.008851871449845011,0.002513294769564032
15.69999999999971,142.0978619240998,0.0016737713838056159,0.012773859039369697,0.008829985505113795,0.0025172408745670074
15.70999999999971,141.4806124961599,0.002102040092198422,0.0129748318696847,0.00879010294297251,0.0025095580480310247
15.71999999999971,145.39719979959534,0.002429967360983355,0.01316779722130729,0.008732042509700005,0.0024903129258664358
15.729999999999709,146.47972120297908,0.0026463041997722963,0.013356172099368192,0.008655008511882804,0.0024596977970246896
15.739999999999709,144.35413452045216,0.0027532092755274966,0.013540326034292607,0.008551959694205077,0.002418033670272101
15.749999999999709,144.79643182944739,0.002767480591719572,0.013718773462957603,0.008404423953917708,0.0023657622900301626
15.759999999999708,144.44776971531485,0.002716975467948698,0.01389056227479834,0.008200899463083047,0.0023034374168664465
15.769999999999708,142.50815367363043,0.0029240393717725084,0.014055825616195195,0.007939030895182443,0.0022317233035868606
15.779999999999708,143.0777727178785,0.003207364196474975,0.014214740099238678,0.007627254919353635,0.002151395639410966
15.789999999999708,145.02910262607506,0.00343340967844429,0.014366031324310543,0.007322709606382196,0.00206333497613832
15.799999999999708,144.67735622367388,0.0035838947447495097,0.01450564311923036,0.007048344698122369,0.001968510880765641
15.809999999999707,142.07327858669615,0.0036455634582930685,0.014801142354788898,0.006752621984766646,0.001876216868730417
15.819999999999707,137.51732522062292,0.003613783145095324,0.015136793288925905,0.006404451895444541,0.001779816436622147
15.829999999999707,140.82812442883304,0.0034940026764844713,0.015444348510279642,0.006019642846361899,0.0016801174141385143
15.839999999999707,146.09897254408537,0.0033007217449198254,0.01571554784247562,0.00584680826142413,0.0015781882471046075
15.849999999999707,149.06658932486107,0.0034222272126853046,0.015942697984541444,0.005684452867340589,0.001541901765747843
15.859999999999706,149.3300313948018,0.0035451544644939555,0.01612090603054044,0.005733699795568108,0.0015508574548894745
15.869999999999706,146.84768521731095,0.003562336856200805,0.01624850899827829,0.005765404166082164,0.0016009149277631716
15.879999999999706,141.95595405869636,0.003442226125495136,0.01632558195759102,0.005807448213696199,0.001642202341328434
15.889999999999706,141.23625988821414,0.003519102418828794,0.01635204392493582,0.005921386810426169,0.0016743877195699974
15.899999999999705,140.87373749774963,0.0036121158186755735,0.016365281706301926,0.00599565167042066,0.0016973015326511816
15.909999999999705,137.6010585554824,0.003589246652109581,0.016485425514334098,0.00603748978619256,0.001711509942266105
15.919999999999705,134.54740813189272,0.003461647319961916,0.016582163310654666,0.006075663576542352,0.0017179187108381125
15.929999999999705,140.42989752561988,0.0035160070899473025,0.016658822734386593,0.006084683066322912,0.0017173843472277537
15.939999999999705,145.90610214490314,0.003943515942226695,0.016719023519593867,0.006063982154031784,0.0017108800166457873
15.949999999999704,148.32283814777307,0.00426007940247795,0.016765517051579425,0.006014250332141966,0.001699164945584952
15.959999999999704,147.72691813152306,0.004456926937141401,0.01679802071789888,0.0061124619471548715,0.0016821671464800055
15.969999999999704,144.41792473828886,0.004530017006258612,0.01681391524721152,0.0064222306544183035,0.001714603397315515
15.979999999999704,140.40203899184914,0.004480532388518962,0.01681031635864798,0.006673143383705688,0.0017685348167306488
15.989999999999704,140.50100842967598,0.004316448078962794,0.016785023443046304,0.006851412193483914,0.0018179415994169618
15.999999999999703,140.5193256921715,0.0040513685373838575,0.016736568098421903,0.006956701966603009,0.001862562775323016
16.009999999999703,138.29973324998411,0.003702929459463754,0.016663735181816772,0.0070009527839618975,0.0019021813419639784
16.019999999999705,135.41802813760975,0.003291877202321078,0.01656566453055076,0.007005396988272609,0.001936627151581448
16.029999999999706,134.86023132457126,0.002841041566887354,0.016442015490025944,0.0071282591321280234,0.0019657782341096375
16.039999999999708,137.21224048823046,0.002374615278924263,0.016292238419059673,0.0072598316864733335,0.001989559761726394
16.04999999999971,140.20088945105778,0.0019169089649649384,0.016115257277495777,0.007415854478989997,0.002007942290680065
16.05999999999971,142.39639905341227,0.0014906516588024106,0.015910179624099918,0.007625424245355845,0.0020209409471003536
16.069999999999713,143.48199402340444,0.0012818791430522036,0.015677006649987685,0.007806457267808575,0.0020286148533342476
16.079999999999714,143.01798053226253,0.0012647016988311134,0.015464102837552035,0.007957619516429653,0.002031064688765611
16.089999999999716,140.54839110719448,0.0012146563042058154,0.015235501734835066,0.008077801175927582,0.002028427874403583
16.099999999999717,140.48262654923727,0.0011268813109728886,0.014984000190486638,0.008166136375043612,0.002020873337582084
16.10999999999972,140.10798128329404,0.0010002532100522982,0.014711390688503342,0.008222021335889399,0.002008597792093875
16.11999999999972,137.2248109820988,0.0008386144025782313,0.014420336979379202,0.008245129514541677,0.001991822997477325
16.129999999999722,137.8014102660413,0.0008002927738734857,0.014113398854332134,0.008235421977622745,0.0019707919610175368
16.139999999999723,139.98364822905208,0.0011060199505817246,0.013792314608409342,0.008193151279888622,0.0019457635908520028
16.149999999999725,141.6092220852363,0.0014422247256482472,0.01345810371147678,0.008118859010873945,0.0019170077006875363
16.159999999999727,145.22995843765034,0.0017928043975499787,0.013110738859437775,0.008013368227961155,0.0018848021170629597
16.169999999999728,148.8372044742934,0.002142768670239179,0.012749559541394522,0.00787777092465894,0.0018494310471304904
16.17999999999973,148.32071373097372,0.002478037640169461,0.01237391362000405,0.007713411738755461,0.0018111823187608597
16.18999999999973,143.24136131500907,0.0027847113657102946,0.011984112304177752,0.007596049812461896,0.001779884240945005
16.199999999999733,141.29640492079236,0.0030498102149479397,0.011580960715539126,0.007634583624045406,0.001748521631692214
16.209999999999734,139.65291361133973,0.0032648705663463617,0.011164262558565096,0.007638789157389991,0.0017147742039476943
16.219999999999736,137.5365752200369,0.003428042808350638,0.010733848173660571,0.0076085129133086505,0.001678857349302801
16.229999999999738,135.03060809684425,0.0035436946717357087,0.01029015821205831,0.0075438948824684115,0.0016409748923674077
16.23999999999974,132.69226778507257,0.003667850702121915,0.00983371108604611,0.007445361819614131,0.0016013153654407695
16.24999999999974,135.4412142886394,0.003910734119292372,0.009365137356508471,0.00731361857072191,0.0015600489199422715
16.259999999999742,137.74419543562462,0.004173893808050586,0.008885023973553433,0.007149639598829307,0.0015173264434924318
16.269999999999744,139.5610634743554,0.004451865891212101,0.008393546722057598,0.006954659169333526,0.001473279602116043
16.279999999999745,140.92094460663358,0.004731385566646707,0.007890643072189351,0.006730160397251311,0.0014280194597606907
16.289999999999747,141.895135722896,0.00499325533902461,0.007377209247168946,0.006477864666586917,0.001381633523476287
16.29999999999975,142.59093488176242,0.005214008886407698,0.006855677326358147,0.00619971920195049,0.0013341834133559448
16.30999999999975,142.97291207798915,0.005369504401080266,0.006328994488235364,0.005897880906786213,0.001285704671812899
16.31999999999975,143.08899243196402,0.005438739259136327,0.005800231267368226,0.0055746969929483334,0.0012362075837565642
16.329999999999753,142.91053030177244,0.005405909304577439,0.005274025742040835,0.005232681106831835,0.0011856769439167194
16.339999999999755,142.35005707435377,0.005263054955969683,0.004756276599053932,0.004874483754291148,0.0011340707879848285
16.349999999999756,141.32636583301993,0.005222070474666141,0.0042512496780504165,0.004502857843341685,0.0010813203988051742
16.359999999999758,139.77905620923755,0.0051928774227267055,0.003760220492924715,0.0043267024326141814,0.0011311095043290953
16.36999999999976,138.44090444490496,0.00500248231042526,0.0032822329926640186,0.00454842457274413,0.0011944733401502397
16.37999999999976,137.09940563063705,0.004627947060282968,0.002815732177360694,0.004572920787593064,0.001199195734750052
16.389999999999763,136.38906534670159,0.004062904455717759,0.002358863762927952,0.0043834011022208874,0.0011398639933218697
16.399999999999764,136.1747994809282,0.0033206761842145085,0.001907704491468147,0.003978197089800732,0.001014516265859668
16.409999999999766,135.30455994738327,0.002433618335709682,0.0014562108622529215,0.003582438493767751,0.000825335425861304
16.419999999999767,133.78277484689661,0.001945302795904977,0.0009987253270712462,0.0033687144608154558,0.0006702181234412583
16.42999999999977,131.88626851829508,0.0021402390275807627,0.0009753772123258553,0.003225269625338964,0.0006706603200396722
16.43999999999977,132.88787659648844,0.0022385597367300066,0.0012375288309800475,0.00307759699626446,0.0006572089274898674
16.449999999999772,133.4612564465469,0.0025353558387317156,0.001525451168873741,0.0029125340729255194,0.0007361856607958421
16.459999999999773,134.64594422124802,0.00323477602110635,0.0018381135941445336,0.003683087716704234,0.0009695865331009028
16.469999999999775,135.86856764091306,0.00384765451752328,0.002173612140743248,0.004197438632186382,0.0011207162787350011
16.479999999999777,136.99106087346573,0.004344005441131955,0.0026143687202130413,0.004743675513765926,0.0012821754566568297
16.489999999999778,137.8584775639337,0.004700806468482111,0.0030887977513170423,0.005288561670126308,0.0014443237551158212
16.49999999999978,138.31692532479678,0.004905363497100331,0.0035603007367558644,0.0055651169726089345,0.001527420417691172
16.50999999999978,138.23552199752228,0.00495663743424708,0.004024081685387114,0.005558362305925078,0.0015279962074553465
16.519999999999783,137.52994900584702,0.004863804430708447,0.004476642655893592,0.0052782374221395445,0.001449281753594037
16.529999999999784,137.46906781813263,0.004644194370316621,0.004914712759959185,0.004756829550513154,0.001300584300319366
16.539999999999786,137.93360616650287,0.004319722173801372,0.005335546810977271,0.004043919309155788,0.0011028734847305783
16.549999999999788,137.7944359774106,0.003913419016935685,0.005738962492450761,0.004226334813417582,0.0011841891941438865
16.55999999999979,136.88487210515382,0.0034477560694663044,0.0061284335993473035,0.004508618721348509,0.0012577792670536853
16.56999999999979,135.20528801162263,0.0029437620600495313,0.006509614643863666,0.004750718638722266,0.0013231870418660284
16.579999999999792,134.63678255655978,0.0024209978598797427,0.006887915677282112,0.00508866560548817,0.0013800258685848178
16.589999999999794,137.4739447001143,0.002158432333781866,0.007267644131808761,0.005409648681614148,0.0014279934720346085
16.599999999999795,139.76074860129293,0.002255056312745128,0.007652074102938601,0.005670014881938303,0.001466886735166838
16.609999999999797,141.41460219407512,0.002372762647782251,0.008043351280122468,0.005833470937236359,0.001496607656712496
16.6199999999998,142.39544169766853,0.002491724837424421,0.008442856008356918,0.005883883454117056,0.001517160523353816
16.6299999999998,142.7119205565774,0.002595645812750004,0.008851018764130624,0.005830675800551041,0.0015286492166915308
16.6399999999998,143.4610528754207,0.00267382473058461,0.009266811926303879,0.00570521331256668,0.0015312798122343416
16.649999999999803,145.7280791153755,0.0027228861773492766,0.009688169234056758,0.005659960712069345,0.0015253626795761167
16.659999999999805,147.81778231052243,0.0027469705002347356,0.010112014029086304,0.005692602543495514,0.001570891066155403
16.669999999999806,149.63153426289858,0.0027563827485655138,0.010533784896959044,0.0058959085013838295,0.001674491436551237
16.679999999999808,151.0786034379963,0.002765122077898796,0.010948353102714602,0.006280221522251429,0.001775511459802083
16.68999999999981,152.05519723157198,0.0027870567060216916,0.011351909258955224,0.006696772735559111,0.0018734108166023505
16.69999999999981,152.4325402947098,0.002832294949819552,0.011743095149920954,0.007114384948876583,0.0019676495944151028
16.709999999999813,152.0819051591715,0.002905901470461664,0.012123549977720001,0.007511430312568088,0.002057691775193688
16.719999999999814,150.9165678194899,0.0030761729233923347,0.01249701259227953,0.007861671723601617,0.0021430085706165493
16.729999999999816,152.2231227078017,0.003292332986421825,0.012867525057151236,0.008142468372875421,0.0022230838485715965
16.739999999999817,153.8483312181637,0.0034899088850782896,0.013239522473281655,0.008344975693019873,0.0022974210784801686
16.74999999999982,151.3554952857386,0.0036728801225056223,0.013617734985855442,0.008481563940131833,0.002365549188662639
16.75999999999982,144.77993538496563,0.003846801812795277,0.01400567264176278,0.008653827984967012,0.002427026349791322
16.769999999999822,136.76429769572474,0.004015448509037094,0.014405287638966825,0.008904041287621494,0.002481443577603349
16.779999999999824,136.43550537735337,0.004178040678439105,0.014816741039853091,0.009106245542404044,0.002528430092485377
16.789999999999825,144.64833563373878,0.004328074722278647,0.015237714331081783,0.009253436525909892,0.0025676596757584135
16.799999999999827,156.7953344019796,0.004453815951034994,0.015663842273454895,0.009424049967472583,0.0025988555888494737
16.809999999999828,165.614095460203,0.004614001787739856,0.016090638769842208,0.009566424020407202,0.002621793137531892
16.81999999999983,169.758056171316,0.004745501734217323,0.01651466508118609,0.009654552533736163,0.002639113020755839
16.82999999999983,168.97405091952206,0.004831295691334333,0.01693277379362386,0.009703726100193235,0.0026565341857269784
16.839999999999833,163.78273319051902,0.004856975340683791,0.01734256842248179,0.009683288839282505,0.0026663166859287268
16.849999999999834,155.33819408636663,0.004807399864716646,0.017744076839121055,0.00960438470314579,0.002668382266095953
16.859999999999836,145.21505493823997,0.0046680192390420126,0.018138633354652125,0.009487601889241765,0.0026627073430322504
16.869999999999838,140.10161915931027,0.004425721724017895,0.018526423997216906,0.00936469706050806,0.0026493228221192277
16.87999999999984,137.73145515777193,0.004071495161588747,0.018906037533027113,0.009288816488613922,0.0026283151996336187
16.88999999999984,139.37054235840966,0.0036043092822104,0.019275094215157853,0.009183882915077678,0.0025998285074631446
16.899999999999842,143.10280756334373,0.00303244198591687,0.019630451772420447,0.009046560852152512,0.002564064708800485
16.909999999999844,145.38067431530874,0.002372781557798642,0.019969553584169415,0.008908535637371755,0.0025212816899826728
16.919999999999845,146.16650471355842,0.0017942048432313409,0.020291105538107986,0.008758638280574946,0.0024717907293069718
16.929999999999847,145.16762210611913,0.0014235360906610776,0.020593575189832618,0.00857092958168233,0.0024159554657198165
16.93999999999985,147.75163514433504,0.0012907875856668948,0.02087434874199681,0.008365420123623785,0.0023541917802120346
16.94999999999985,149.017752223964,0.001309605245602609,0.021129969898339068,0.008131938213587353,0.0022869662417023856
16.95999999999985,146.42234654206615,0.0013377452674677315,0.021355784659771955,0.007872256643034538,0.002214792321757515
16.969999999999853,140.87355942850047,0.0017946573047442238,0.021546994336630286,0.007587716960409045,0.0021382262213612085
16.979999999999855,137.44410466999344,0.0021067660500710024,0.021701151108457897,0.007341940497123198,0.002057868989671813
16.989999999999856,138.94599327758604,0.0022765927995230025,0.021818329485123824,0.00719911795043174,0.0020417809457679618
16.999999999999858,143.82696906815767,0.0027933609003853977,0.021899759473973806,0.007199774604747038,0.0020425288116931806
17.00999999999986,146.68608993379772,0.0032455241701604175,0.02194755054959203,0.007159175317435903,0.0020336299201816474
17.01999999999986,146.39101009601373,0.0036072568147992104,0.02196431195608473,0.007092178114941785,0.002016283604577138
17.029999999999863,145.50626955161724,0.0038583935292477644,0.021952275131844765,0.007009532805873837,0.00199161737336248
17.039999999999864,143.86294340357085,0.00398559262958035,0.021913487647687243,0.006969605694101368,0.0019607295241893777
17.049999999999866,142.93864015868056,0.0039821204451599805,0.021850476130015783,0.0069674709535218985,0.0019248644509327242
17.059999999999867,140.90158805941255,0.0038470395060113583,0.021766292242109766,0.0069571055854608125,0.0019269584610654643
17.06999999999987,137.4746464572124,0.0035863556293055303,0.021664372799140488,0.007276428560539014,0.002041289282546537
17.07999999999987,133.91159871200173,0.003215144579675824,0.021548434418604108,0.0077000477535720015,0.0021539705312049206
17.089999999999872,135.14217470626383,0.002756719541297272,0.021422953908992928,0.008091476565796247,0.002263937036777912
17.099999999999874,136.39242498656648,0.002527584414088237,0.021293069572141936,0.0085361899629921,0.002370163924421577
17.109999999999875,137.58526783062126,0.0028261876300355766,0.021163121111758432,0.008955823160764462,0.002471681034791024
17.119999999999877,143.591247227236,0.003102178514051896,0.021035180545503143,0.009323948837430847,0.002567581548872018
17.129999999999878,147.268616813972,0.003332795971617205,0.020907730358795052,0.009628212954790149,0.002657032143735289
17.13999999999988,148.05567931408558,0.0035061765910472356,0.020776322957810327,0.009869738529391443,0.002739285057506478
17.14999999999988,145.8318504246422,0.0036224083057262695,0.02066305308838406,0.010061450242622937,0.002813683571192757
17.159999999999883,146.63026584257062,0.0036915606631376286,0.0205349946075586,0.010221232152835847,0.0028796554669009815
17.169999999999884,148.98544266171868,0.003731452820774857,0.020387792724504472,0.010394346011261088,0.0029367011680737297
17.179999999999886,152.97522813541295,0.003765563067568619,0.020219570542251996,0.010577950456759124,0.0029843887505568256
17.189999999999888,154.21612063727176,0.0038183483768151603,0.020030459085499133,0.010725135436692802,0.003022358994816278
17.19999999999989,153.97243057141708,0.0039098313184902705,0.019821906401648184,0.010829944188370499,0.0030503316514810274
17.20999999999989,152.88649983744486,0.004171407113440223,0.019596060595072046,0.010888311168910234,0.0030681048196664214
17.219999999999892,149.97057999084342,0.004525518461799637,0.019354859503193267,0.01089954446242556,0.0030755506959723976
17.229999999999894,150.9797150592902,0.004809912578535581,0.019099762052613746,0.010866556656987486,0.003072616538715546
17.239999999999895,156.698878793474,0.005013741442773064,0.018832800938063582,0.010889516862182869,0.0030593323690179374
17.249999999999897,159.62043526023368,0.005135031131440161,0.018558057625782023,0.010886747696066788,0.0030358176538219438
17.2599999999999,158.99173241335578,0.005270649659641197,0.018280384486886632,0.010836050674808187,0.003002280681251473
17.2699999999999,154.76084686888643,0.005484946067491487,0.018004448481508898,0.010714904007167821,0.0029590144384968246
17.2799999999999,151.0512966865278,0.005639439957505146,0.01773362428857314,0.010510619245169871,0.00290639719518348
17.289999999999903,145.68036353402618,0.005718805441961633,0.017469559420707426,0.01022811666440227,0.002844897623412234
17.299999999999905,139.5125898015602,0.005714571085028794,0.017213184620539515,0.009890022778466198,0.0027750750329481664
17.309999999999906,139.65917209294122,0.0056262559077174135,0.016964827716532634,0.009528214523707852,0.0026975687553105372
17.319999999999908,140.01424236409272,0.005459255098381775,0.016724232410556306,0.009239893721182073,0.0026130824207245993
17.32999999999991,138.34459415110135,0.005221885320608341,0.016491218058108034,0.008947824710525945,0.0025223734002586475
17.33999999999991,138.3026423483705,0.00492292201907491,0.016265277249943897,0.00862926715417755,0.002426248896910907
17.349999999999913,140.22926822074257,0.00456896533668061,0.016044906343800944,0.00827939827107929,0.0023255596960968473
17.359999999999914,142.10725533000212,0.004163555787149298,0.01582751883191138,0.007897529793476741,0.0022211848729488887
17.369999999999916,143.15937064072142,0.003708447055519508,0.015609825190381139,0.00748980575862573,0.002114012460116581
17.379999999999917,143.16904825349704,0.0032046719848810514,0.015388727685071399,0.007111271283140302,0.00200492586498016
17.38999999999992,142.23238438770065,0.0026538532961525585,0.015162723657732106,0.0069385312134909284,0.0018947976765476655
17.39999999999992,140.79490234201137,0.0020599535542831877,0.014933854212675877,0.006936527741067935,0.0017844837222149707
17.409999999999922,138.73362492652052,0.0015386573324114715,0.014708023286722709,0.00692284795460765,0.0017840564560092699
17.419999999999924,136.29076291862737,0.001037611585105757,0.014492001299287578,0.006896739948417844,0.0018408096052596123
17.429999999999925,133.78971797764964,0.0009578180476749518,0.014290523278794905,0.006857529676941813,0.0018916439355846798
17.439999999999927,141.52656658877046,0.0009204353768123221,0.014107101777377779,0.007037072449506388,0.001936028762541926
17.44999999999993,150.1234491481332,0.001376417823708797,0.013945456637087456,0.00733679911231406,0.001973491828864381
17.45999999999993,154.53591384330733,0.0019192882897786816,0.013808197150639906,0.007551549175497995,0.0020036214735038335
17.46999999999993,154.73213525890952,0.0023756194127933037,0.013696154971377697,0.007651481225327177,0.0020260692955429874
17.479999999999933,151.2023906872468,0.002728032522343769,0.013608938542425428,0.007640229081516454,0.002040554823911306
17.489999999999934,144.82755055870507,0.0029671721898598307,0.01354467869539357,0.007545611844087071,0.0020468703142812617
17.499999999999936,145.20903321537864,0.003093652097500504,0.013499861014096472,0.007405268044892167,0.0020448829292600873
17.509999999999938,143.22549626551216,0.003118561308517134,0.01346917012595548,0.007268850738079728,0.002034534393257931
17.51999999999994,139.12839306323403,0.003062520577197857,0.013444930777416,0.007180868027764591,0.002015840796519116
17.52999999999994,139.72808618596073,0.003239460260561011,0.013417880463153018,0.007154303848734541,0.001988893989193354
17.539999999999942,139.8833306355086,0.003604437004445577,0.013379896716845974,0.007102025162462255,0.001953862677348492
17.549999999999944,139.79818387718774,0.003848025522922029,0.013325719768745633,0.007003448784346984,0.0019109906019445825
17.559999999999945,141.4949833169965,0.00395299254927263,0.013252687939417624,0.006838600508792434,0.0018605921416246804
17.569999999999947,141.8777549694983,0.003910434748104797,0.013159574349466244,0.006598429509733564,0.0018030481823959417
17.57999999999995,140.90641503272207,0.0037194086308032104,0.013045880805795383,0.006292142800874531,0.001738803632539353
17.58999999999995,138.60876880669633,0.0033870454788336494,0.012911793156243514,0.005947399328553046,0.0016683646618870667
17.59999999999995,135.0799538421715,0.002928201540907559,0.012758786757385582,0.005618929994254809,0.0015922932878427104
17.609999999999953,130.74732699515573,0.002931899410486146,0.012590279989009584,0.0053143273006363055,0.0015111998750281805
17.619999999999955,129.0454927312372,0.0030672873218458635,0.012411303958348765,0.005006715517650604,0.0014257362478949421
17.629999999999956,128.90862001030243,0.0031739105151695913,0.012227534756552557,0.004747419514647851,0.0013365904834828001
17.639999999999958,131.89427399729408,0.0032349224269819375,0.0120442560742567,0.004472805937717141,0.0012444814286286388
17.64999999999996,133.7618818675405,0.0032437072432161033,0.011864431460621664,0.004172695801742703,0.0011501508537350952
17.65999999999996,134.4062074574194,0.0032042283965513273,0.011687486185140261,0.004318335227351567,0.0010543540740398588
17.669999999999963,136.79289373352577,0.003128778308541531,0.011509714351073322,0.004976333924277183,0.001052826778466503
17.679999999999964,139.61703446378817,0.003036318844738013,0.011325770872481081,0.0055569224921817265,0.001149053698264631
17.689999999999966,140.98608177406177,0.0029504624481716283,0.011129905761187862,0.005938218293631668,0.0012236002683435982
17.699999999999967,140.8307328716788,0.0031316956737818267,0.010916635801716767,0.006109872924662302,0.001288725918572698
17.70999999999997,139.22075961856714,0.0034361870596225307,0.010681419939568977,0.00609563531872086,0.0013546620157090796
17.71999999999997,136.35943579558,0.0036823906193650994,0.010420402588231565,0.00594951632968478,0.0014132922772488801
17.729999999999972,134.77811063504365,0.003859206780394057,0.010130179212260913,0.005747052815134585,0.001464118877399627
17.739999999999974,136.5657859851185,0.003965533742077646,0.009808706262815972,0.005593228141627597,0.0015067015160673243
17.749999999999975,138.01833238658256,0.004010008547409224,0.009455889123365821,0.005601898783035033,0.0015517454019419756
17.759999999999977,139.01795342630302,0.004008925403631436,0.0090729882770284,0.005719692049662127,0.0015890532069717084
17.76999999999998,139.478681575487,0.0041721784923666955,0.008661848662515171,0.005785060195489923,0.0016168385721612969
17.77999999999998,139.35178364105104,0.004463524370546749,0.008225367473080208,0.005852781701334353,0.0016348286833015443
17.78999999999998,138.63713642677988,0.0047087012520493875,0.007767870777937504,0.005983476220584495,0.0016428237761623664
17.799999999999983,137.37597404350976,0.004885016916130118,0.00729438738695366,0.006068215053566766,0.0016406999717011026
17.809999999999985,135.63554132472544,0.004976091081895719,0.006809209725947186,0.0060849748381934885,0.0016284113726618126
17.819999999999986,133.5082943899843,0.004974646258916721,0.006494665511017326,0.006023350509198915,0.0016059908328869435
17.829999999999988,131.1142542493804,0.0048828446948597564,0.006228105936063844,0.0058852108093879986,0.0015735495637004993
17.83999999999999,132.09914207028308,0.004709752039523259,0.005944839422471793,0.005681619116369551,0.001531276245085298
17.84999999999999,133.95009895310986,0.004468686292611901,0.005644166804152007,0.005428011616552602,0.0014794358830919347
17.859999999999992,135.37268256477327,0.004332217150320144,0.00532393837129963,0.005273930044883521,0.001418367838639402
17.869999999999994,136.4394806300923,0.0043123551503864805,0.004981422250637999,0.005063961331130235,0.0013484824352662423
17.879999999999995,137.24378117339913,0.004220760673262456,0.004614136775152847,0.0047873714936756614,0.0012702564865436712
17.889999999999997,137.86185156838556,0.004050072184542516,0.004220184343583365,0.004459302317005413,0.0011842287097679188
17.9,138.3270991382652,0.0038014118125274474,0.0037978937272757393,0.004076793702974262,0.0010909954068000522
17.91,138.61814732135062,0.003483895939846438,0.0033457781709520682,0.003686632181840772,0.0009912058083391651
17.92,138.6644591477025,0.0031135313207379675,0.0028623523906776884,0.003538342560234322,0.0008855564643092502
17.930000000000003,138.41478881085123,0.0027108564410365287,0.002346239499198365,0.003267682549974743,0.0007894994714657808
17.940000000000005,137.6983446267274,0.002874385533441938,0.0017970031587184788,0.003175967206916535,0.0007970586437686956
17.950000000000006,136.44782611843124,0.0030924876330372403,0.0013142431453732597,0.0031852485921527902,0.0008071534500863022
17.960000000000008,134.66890812787238,0.003265681090842118,0.00204216316181413,0.0031649241308374255,0.0008197283239367509
17.97000000000001,132.82480886899268,0.0033719742359537693,0.002785027578496306,0.0031278607464969173,0.0008337303787314831
17.98000000000001,134.33889481335328,0.003392665460218314,0.0035336143957010293,0.003118592485920723,0.0008472534890345762
17.990000000000013,136.20685433002612,0.0033149021780856,0.0042767115855419,0.0032106796689351296,0.0008578261986366349
18.000000000000014,137.4082017643783,0.0031329048126747996,0.0050033144045834805,0.0032589916914638945,0.0008630460638796343
18.010000000000016,138.05899165647753,0.002848562410875906,0.005705268687792202,0.0034156610942783277,0.0008612802392192329
18.020000000000017,138.57585185296048,0.0024719796078301074,0.0063772137336454236,0.003663159525480558,0.0009246595738907836
18.03000000000002,138.50866725769495,0.0020218271705661085,0.00701671677063797,0.003855851616255078,0.0010185478756299764
18.04000000000002,137.91830644670887,0.0019128271954317988,0.0076236235565106105,0.004029460764722308,0.0011090607037517214
18.050000000000022,136.9087364079521,0.0019231938898404586,0.008199335217506177,0.004250290242384762,0.0011955493700542368
18.060000000000024,135.61870232358785,0.0019202324894167155,0.008746615464587219,0.004499497016996842,0.0012773785633462687
18.070000000000025,134.20246814801365,0.0018944732151290429,0.009269633650159852,0.004765167595727806,0.0013539877576297593
18.080000000000027,132.82368219902054,0.0018370980425163501,0.009773065663682984,0.005080178123567441,0.0014247608426244676
18.09000000000003,135.43523593803266,0.001740747466580573,0.01026102273588227,0.005380582195595555,0.001493419289578045
18.10000000000003,137.22440305507388,0.0016010602719666667,0.010737612667986968,0.00564702835468411,0.001557539952114782
18.11000000000003,137.67386098216127,0.0014180016584044153,0.011207596318405165,0.005846676955922304,0.0016141785696406968
18.120000000000033,138.2768392765395,0.0016333717799049273,0.011675452907557055,0.00598303507182872,0.0016630231745846248
18.130000000000035,138.3845390253844,0.0019143269132145381,0.01215573727483644,0.006079142261266919,0.0017038673132604334
18.140000000000036,137.27402427744002,0.0021530258463413696,0.012642007777794938,0.0062276937195320575,0.0017366100557795019
18.150000000000038,134.90609672349706,0.0023369577617278325,0.013123383463029483,0.006345938504302559,0.001761256499838836
18.16000000000004,132.68659097616282,0.002463972797657483,0.013594731286805028,0.006413267883750742,0.0017779192455675437
18.17000000000004,132.67717774777253,0.0025418063035935728,0.014049789074449382,0.006430600281802881,0.0017868137326400664
18.180000000000042,132.55130043906075,0.002586023530681071,0.014483062139177869,0.006406760179332374,0.0017882437372093475
18.190000000000044,132.4170325707838,0.002618202132907305,0.01489052836727801,0.006354029661644085,0.0017825839889028506
18.200000000000045,135.06633457246474,0.002662858537921282,0.01526918997982191,0.006292780047307237,0.0017702695954227876
18.210000000000047,136.41552146983278,0.0030352821835735798,0.01561701426322286,0.006356742987600816,0.0017517927530816264
18.22000000000005,136.32447579016178,0.003353798522491641,0.015932861098246983,0.0064007710881770355,0.00172770049248663
18.23000000000005,134.87977668771734,0.0036016012277198988,0.016216992868910495,0.006425212968136992,0.0016985971405335263
18.24000000000005,133.88934605934023,0.003773642278822304,0.016471900326366556,0.0064305616674172625,0.0016650817935608883
18.250000000000053,133.43361290513909,0.003871366506727995,0.01670215735378941,0.006417454048681233,0.0016278033198613212
18.260000000000055,131.29197525312878,0.0039055590757999074,0.016913323582283278,0.0063866728236074925,0.0015874403757576796
18.270000000000056,131.72576845293025,0.004194430168859788,0.017110226324540956,0.006339150625647238,0.0015447031266517274
18.280000000000058,133.66215191156448,0.004440375791001397,0.017296503597397286,0.006275975213426452,0.0016408400894965855
18.29000000000006,134.7975224246195,0.004615349483501982,0.017490690143998948,0.0066815331423413175,0.0017757181158785556
18.30000000000006,135.23789498358724,0.004696945719814238,0.01768895128023195,0.007204749998492243,0.0019090684571188884
18.310000000000063,137.9603536482342,0.0046705336886730025,0.01788271006671438,0.007665599214451927,0.0020400338414551353
18.320000000000064,146.17962554348568,0.004531304291351594,0.018071521200213114,0.008059090688096904,0.0021677636313699746
18.330000000000066,150.68481293238514,0.004285524532744544,0.018255023266841558,0.008394835907085431,0.00229141989343997
18.340000000000067,150.97027764166165,0.003949062231186625,0.018431867350760838,0.008693252035768574,0.0024101840839766166
18.35000000000007,147.1974089677634,0.0038548268849706575,0.01860007941881027,0.008977745576126558,0.0025232658659033133
18.36000000000007,140.6339556604909,0.003855388865574488,0.018758029729318754,0.009303477428606708,0.002629912640006635
18.370000000000072,137.04057259254003,0.0038047354144371184,0.018904250941798515,0.009639165697316683,0.0027294172098041567
18.380000000000074,150.4223441157354,0.0036849138971698477,0.01903758363286697,0.009936030752637012,0.0028211232151508724
18.390000000000075,163.2294547515575,0.0034844522963050845,0.019157895480685107,0.010318299130134889,0.002904430421650534
18.400000000000077,172.97573187810207,0.0032002930519667637,0.019265750121336234,0.010683530272254134,0.0029788012508703923
18.41000000000008,178.9049326247573,0.002902299404322253,0.019361424007509623,0.010992740687173909,0.0030437671591738388
18.42000000000008,180.52833787623157,0.0028695503888298305,0.01944445678675715,0.011223380097563932,0.0030989403423361066
18.43000000000008,180.4638060164488,0.0027965580475366922,0.019514036114056187,0.0113700773909839,0.003144009950615272
18.440000000000083,177.94809755956055,0.0026910512299814634,0.019569586613813528,0.011442059385274575,0.0031787248050084748
18.450000000000085,173.62011481849177,0.00272755286934054,0.01961195834088544,0.011456268348825724,0.0032029095275702656
18.460000000000086,168.32405879236228,0.0028366151079939335,0.01964358969641318,0.011429962741848588,0.003216484965899399
18.470000000000088,162.730994699132,0.0029587777179174326,0.019667532932181556,0.011375659823884566,0.0032194565777445426
18.48000000000009,161.77714618024945,0.003082969131170382,0.019687174896239917,0.01132296479079154,0.003211898845999046
18.49000000000009,164.35713596848416,0.0031976891144452394,0.01970595914044615,0.011286761988375806,0.0031939589642863355
18.500000000000092,165.01060277967818,0.0032910990155335202,0.019727004621902928,0.01120378658323463,0.003165869661412755
18.510000000000094,163.60977347185755,0.0033520896022806116,0.019752911755000678,0.011070931818133128,0.0031279457593703236
18.520000000000095,160.27862943839776,0.00337180598033519,0.019785267503740926,0.010890126517122687,0.0030805658289770714
18.530000000000097,159.02642338587523,0.003344042118396513,0.019824081927456813,0.010667802714429093,0.003024164007169963
18.5400000000001,159.24120229217368,0.003265091310600403,0.01986846197048849,0.010412713886127406,0.002959239592866988
18.5500000000001,156.49181619954413,0.0031335358151838412,0.019917820782827278,0.01014821971540807,0.0028863635126427103
18.5600000000001,153.35731951814873,0.0029515456708117662,0.019971576654239917,0.00987200576645717,0.0028061661143936193
18.570000000000103,151.65740172359375,0.003067948062244867,0.02002873669783348,0.009558749724275372,0.0027193182991153034
18.580000000000105,147.13139899224439,0.0032277794993035374,0.020088025087503715,0.009213550257708909,0.0026265240700416937
18.590000000000106,139.72801232602887,0.0033542772445546063,0.02014747282202693,0.008871031277674385,0.0025285217285639767
18.600000000000108,138.4200264031656,0.0034375908186279783,0.020204610904349957,0.008547206510671573,0.0024260789867562283
18.61000000000011,140.36346638786858,0.0034707162917816344,0.02025751867059998,0.008255806356920154,0.0023323577866359397
18.62000000000011,142.29978246996998,0.003450449868848962,0.020305374099003442,0.007981013658379487,0.002236252663307164
18.630000000000113,146.01763241244933,0.0033776115363543225,0.020347346243429907,0.0077719734522875015,0.002190302856535628
18.640000000000114,149.28383203856455,0.0032555152527840624,0.020381500787629434,0.007869838731303381,0.002241704657139625
18.650000000000116,151.15291261747367,0.0030886633646809874,0.02040550273455156,0.008054799880282633,0.0022882540137193694
18.660000000000117,151.0892482158157,0.0028832283020705047,0.02041736672997105,0.008221811746952391,0.0023294459221227756
18.67000000000012,149.0998351757577,0.0026474265601296463,0.020415365509884795,0.008356689469829287,0.0023648283930796724
18.68000000000012,145.72396498351603,0.002391244114500465,0.02039730986964359,0.008455024525186493,0.002394002204377627
18.690000000000122,141.899673815219,0.0021555429780269336,0.020360526598934867,0.008519062522788735,0.0024166191752665513
18.700000000000124,138.7219595136513,0.0024224713097130454,0.020302442292496364,0.008554870802383745,0.002432385262685502
18.710000000000125,137.1430147849034,0.0026630067699152373,0.02022051662269727,0.008568254171803132,0.0024410666399151456
18.720000000000127,137.7023834020117,0.0028505830077401287,0.020112407463566767,0.008561955528615807,0.0024424912560205418
18.73000000000013,140.3734138495002,0.0029623318517266106,0.01997705816843382,0.008535507498743104,0.0024365437987646007
18.74000000000013,144.54939128479134,0.002980860580504919,0.019815298597027853,0.008505771627892724,0.0024231612359943864
18.75000000000013,149.1677591092938,0.002895274426286933,0.019629585602082528,0.00845976308201726,0.00240233609784961
18.760000000000133,152.95005188919362,0.0027020106097630624,0.01942319268199248,0.008383681863748393,0.0023741252211995534
18.770000000000135,154.69612154663844,0.002540440005257452,0.019199250736249417,0.008267696772092955,0.00233865537047599
18.780000000000136,153.56565012758637,0.002866418849459547,0.018960634686961866,0.008127436360544889,0.0022961221155146532
18.790000000000138,149.26564790588634,0.003122826960808152,0.01870951819654812,0.007943100414452415,0.0022467873877759746
18.80000000000014,142.12907288707757,0.0032893597773533787,0.018446622332540852,0.0077159802580516875,0.002190981477677673
18.81000000000014,136.3814832816484,0.00335465319436404,0.01817124823456377,0.0074799838404900525,0.002129106660565617
18.820000000000142,137.10874661492855,0.0033174079594710604,0.017881651928807182,0.007231239181654785,0.002061634444638275
18.830000000000144,136.51081455159667,0.003185886294098536,0.017575508127504483,0.006969556778511518,0.0019890940539169137
18.840000000000146,134.71436193637177,0.00297602623517827,0.017250781024220778,0.006710794896501075,0.0019120637366973714
18.850000000000147,132.11064435594267,0.0029260133347706898,0.016906536496270694,0.006432668597664959,0.0018311588784331837
18.86000000000015,133.2304880619469,0.0030488348541162814,0.016542212743999193,0.0061331213491877135,0.0017470112809367857
18.87000000000015,134.06162454523192,0.0034063259870079497,0.016156905899926407,0.005820705846465494,0.0016602885573752087
18.88000000000015,134.5225187209449,0.003752923691456361,0.015750235441398763,0.005508443780357332,0.0015716714193170108
18.890000000000153,134.5685330481452,0.003990552359439718,0.015322944881511112,0.005232574849145697,0.0014818408940510943
18.900000000000155,134.19975371625287,0.004116032195214028,0.014876883063067977,0.005278600477838824,0.0014943385701656374
18.910000000000156,133.4998068160646,0.004134223825484167,0.01441473636219496,0.0053600618437790746,0.0015164312184744913
18.920000000000158,134.72358417662164,0.004057172913437381,0.013939033415728913,0.005439569525799419,0.0015347420057843682
18.93000000000016,135.47338887001666,0.003903371656122401,0.01345230092959994,0.005497572814476281,0.001549282216561223
18.94000000000016,136.63685201373684,0.003696110202181567,0.012958004836704529,0.00553250866282841,0.0015603422228770796
18.950000000000163,137.3335215358105,0.0034607928620388737,0.012460117313536486,0.005546926938164277,0.001568371287046349
18.960000000000164,137.63611340301594,0.0032224245222475445,0.011962580475967363,0.00555845732819759,0.0015738240317448955
18.970000000000166,137.7598324214036,0.0030040860394756393,0.01146927738268548,0.005567787266095708,0.0015771305532159684
18.980000000000167,137.82255683911941,0.002824443047612344,0.011098072857824472,0.005570029889509379,0.0015785930939566204
18.99000000000017,137.81153559502053,0.002694654154110164,0.010970166587972969,0.00557747294336254,0.0015782428665656264
19.00000000000017,137.60185158949483,0.0026176180740488386,0.010844349357547498,0.005588320690537349,0.0015758780535974908
19.010000000000172,137.00127664224155,0.002588183114120739,0.010718561550451935,0.005583890658837592,0.0015711609055561356
19.020000000000174,137.2192242368414,0.002593794977033289,0.010590021735119968,0.005556171315530027,0.0015635398338813783
19.030000000000175,139.42290924827086,0.00261728662266468,0.010455207104642613,0.005501120951161725,0.0015523424144978358
19.040000000000177,141.46410734465428,0.002640266735771293,0.010310623265404549,0.005421225535351267,0.0015369136382479825
19.05000000000018,143.1774424295768,0.0026456342020148163,0.01015217533000655,0.005346850464125181,0.001516436532910996
19.06000000000018,144.4615018819316,0.0026189223645366267,0.009975112803077122,0.00531683573323455,0.0014899199957723172
19.07000000000018,145.24066019640162,0.00254848204095965,0.009775581201862619,0.005289282431282279,0.0014566367268696177
19.080000000000183,145.47478504901187,0.0024263831441623195,0.009551542583291925,0.005242178081262407,0.0014163842783171284
19.090000000000185,147.5155974614742,0.0024704212701475584,0.009301752580511063,0.005144498595265022,0.0013691914574396214
19.100000000000186,146.0067131987615,0.0024590165949670553,0.009025013825357588,0.004969239495275898,0.0013151003886514565
19.110000000000188,143.01885045627998,0.0024052763932527715,0.008721504868761493,0.004707965456228404,0.0012545387847947974
19.12000000000019,141.24661954376,0.0024216837638943696,0.008393004891916862,0.004377814724422616,0.0011883778721456927
19.13000000000019,139.0771933604908,0.002368802671687393,0.008040416140858661,0.004016291935466407,0.0011172215725630682
19.140000000000192,136.58572048260183,0.0022438169369668843,0.007662825359739389,0.0037134573120172192,0.0010411373244602908
19.150000000000194,133.85695544796806,0.0020498563142274735,0.00725916564106925,0.00344986748366023,0.0009601285649674612
19.160000000000196,135.9063219472575,0.0017953311547549166,0.006829574671442135,0.003274576506261501,0.0008745181016974642
19.170000000000197,137.59639695455382,0.0014939620643997485,0.00637582618577585,0.003487313271894788,0.0007850673133206999
19.1800000000002,137.8194695006281,0.0011629091216548068,0.005901033801627981,0.003595200545433658,0.0007595049759903846
19.1900000000002,136.6199057261538,0.0008202997546286795,0.005408974877681932,0.0035689317035087578,0.0007543398262225017
19.200000000000202,134.24882833594882,0.0006581505463852162,0.004903741891967553,0.0033986586808663123,0.0007453570786267045
19.210000000000203,134.22352267114726,0.0005941242776916869,0.004389381699012629,0.003102895435103674,0.000731163336786583
19.220000000000205,134.01517721612387,0.0006439607681423471,0.0038694123293101746,0.002742659581809682,0.0007119649366392067
19.230000000000206,133.26260448798573,0.00083293421105846,0.003346516077289545,0.002613668050593364,0.0006879948076507386
19.240000000000208,132.02746643878663,0.0010624539671954156,0.0028227108637355804,0.002601040825442303,0.0006870668785937153
19.25000000000021,131.36612337748667,0.0013296510778068717,0.0022999001407406432,0.0026745867461874305,0.0007142718881925999
19.26000000000021,130.79991318998012,0.00162391342049403,0.001779580962393994,0.0030159535224972595,0.0007378326149230344
19.270000000000213,130.1782417470528,0.0019285898304829067,0.001262791973531191,0.0034908686509378013,0.0008780029514508721
19.280000000000214,129.76668859963183,0.0022231475380631903,0.0008001695194037333,0.0038627146560270375,0.001022914277671672
19.290000000000216,131.16216927170944,0.0024859320973037724,0.0006503426987612116,0.004037337507424066,0.0010979025161918737
19.300000000000217,132.44752121581112,0.002697224100042089,0.0005063699164699431,0.003961488409607697,0.0010939156300851162
19.31000000000022,133.49546374771558,0.0028414025643258224,0.0007592604250128345,0.003640337940642091,0.0010090178174081983
19.32000000000022,134.64092365321136,0.0031266299721609873,0.0012521760297576725,0.0031799057194748176,0.000848516000083415
19.330000000000222,135.2679073691161,0.0034240931568015817,0.0017415421435550624,0.003038154017151239,0.0007796688234898117
19.340000000000224,135.0499002569413,0.003682401095884128,0.0022263396470242037,0.0030821190131591967,0.0007644612670406099
19.350000000000225,134.03218411664605,0.003885244888597463,0.0027042333419356798,0.003055005896328841,0.000741728297060847
19.360000000000227,133.70015075690438,0.004017569769274377,0.003172674729457473,0.0029316288768846195,0.0007113377999163609
19.37000000000023,135.33708192096898,0.004331917150498172,0.003629824092520733,0.0030439267532476545,0.0006732278030500957
19.38000000000023,136.85759859776752,0.004983092113980441,0.004074127373972855,0.0036531387590902336,0.000880624287285881
19.39000000000023,138.05766570689417,0.005541109744630964,0.0045038333599456545,0.004316468961782547,0.0010905164974084147
19.400000000000233,138.75780333577356,0.005982051604973096,0.004917189638620761,0.004820196524847631,0.0012430249447097316
19.410000000000235,138.83897430974,0.006290663461977837,0.005312994964555638,0.005128247002609563,0.0013319929693843642
19.420000000000236,138.25223812413333,0.0064600161746158945,0.005689426577844261,0.005227939370229874,0.0013553346709895154
19.430000000000238,137.01962416068503,0.006490972312173322,0.006044454118875764,0.0051246088821883555,0.001314733640941271
19.44000000000024,137.2192272500402,0.00639148383400044,0.006376191616486297,0.005085384948298252,0.0012153052467086447
19.45000000000024,137.36583806903414,0.0061755789821102604,0.00668330822651435,0.004920080470489153,0.001065266663041613
19.460000000000242,137.18935492246007,0.00586248068010727,0.006965446947871706,0.004648278173185712,0.0008755770146493673
19.470000000000244,136.72899129852135,0.005475843752424298,0.0072233551331065,0.004296525433829488,0.0008783103853447844
19.480000000000246,137.1175219505594,0.0050415479998652014,0.007458024406866869,0.004029828492206613,0.0008819055920816597
19.490000000000247,139.48984265081577,0.004585198517418927,0.00767016993786372,0.00392678637011354,0.0008865829471807199
19.50000000000025,140.63757565577802,0.004131240882883817,0.007860793895959964,0.003969635371299499,0.0009332566887737036
19.51000000000025,140.60163441098527,0.0037017770285247614,0.008031325704668765,0.004158299953793005,0.001000859025032574
19.520000000000252,139.5800798781801,0.0033148411433198137,0.008182093182482577,0.004209883526266275,0.001020079445181476
19.530000000000253,138.6001664704458,0.0029833031869139558,0.008313182901357751,0.004094178303453304,0.000980338781936598
19.540000000000255,139.25602361824494,0.002713845045134791,0.008425652336717878,0.0038057268954586943,0.0009603493577802895
19.550000000000257,139.05338752550202,0.002505939209130377,0.008521068243922939,0.004064648461613429,0.001073668526928982
19.560000000000258,137.93190539290612,0.00270478111618516,0.008601726252678113,0.004425561758255892,0.0011849095461253915
19.57000000000026,135.94272820407878,0.0028807639232489276,0.008671389334964977,0.004761365342723039,0.0012933393154855213
19.58000000000026,135.36247360265915,0.002950815543010975,0.008733499759315538,0.00507519115014684,0.0013982472407973062
19.590000000000263,137.22631171588068,0.0029069840984966102,0.008790429720066094,0.005378203312665976,0.001498957058207109
19.600000000000264,138.62010146786744,0.0027539952413010577,0.008843633526770192,0.00572748841623993,0.0015948304813269505
19.610000000000266,139.3952551326725,0.0025085172807278937,0.008894313841412677,0.006031087150479449,0.001685267288995197
19.620000000000267,139.4355770611076,0.002195877200933941,0.008944086112453495,0.006289817327637258,0.0017697099464596135
19.63000000000027,138.66863827015683,0.002012232811112292,0.008994788151208065,0.006516809293225134,0.001847653372527647
19.64000000000027,137.0755692819425,0.0019200839566805405,0.009298453882441549,0.006729039230510509,0.0019186524655099605
19.650000000000272,134.68985288346923,0.0017679939081272642,0.009698785149642897,0.006949206616228511,0.001982322312249983
19.660000000000274,134.19091596372652,0.0015520144320809164,0.01009624419905374,0.007169741596179675,0.0020383353289937537
19.670000000000275,133.49764496436697,0.0012737275820834772,0.0104896146151876,0.007362512261070847,0.0020864228280677204
19.680000000000277,130.9909337139686,0.0010192538669291516,0.010878316404932167,0.0075143313972154705,0.002126381417212419
19.69000000000028,129.78001628150716,0.0013800645108991382,0.01126289567024918,0.007619375005361019,0.002158077749610536
19.70000000000028,132.28492726963893,0.00169187712968859,0.01164428656345671,0.007681353072108284,0.002181447728932255
19.71000000000028,134.80983168306858,0.0019417993820742148,0.012023798874990853,0.007710425420815033,0.002196494226414959
19.720000000000283,136.9739483720849,0.0021210968709667547,0.012403323358336313,0.007716962800445127,0.002203289816115177
19.730000000000285,138.67415769899063,0.00222628380143123,0.012784373769572713,0.007712077918464437,0.002201984073046308
19.740000000000286,139.86666353072886,0.0022597299895125425,0.013167576241477182,0.007691008506552481,0.002192807847996429
19.750000000000288,140.540531707564,0.0022294361724346534,0.013552047421738506,0.007652897717220098,0.0021760696364351334
19.76000000000029,140.71434931712696,0.002280955896781374,0.013935571337548818,0.007597294890541446,0.0021521478239891058
19.77000000000029,140.43411677996744,0.002446864545076611,0.014316203241318935,0.00751960716880046,0.002121485813610266
19.780000000000292,139.77046190956082,0.0025593942295992454,0.014692722595094306,0.0074346657305655395,0.0020845909610671008
19.790000000000294,138.81779125916347,0.0026985789064421285,0.01506440272439168,0.007352291570508514,0.002042031321446017
19.800000000000296,141.3801471309657,0.0031735019594343328,0.015430906421829751,0.007233428455032953,0.001994426355950928
19.810000000000297,144.47753958666434,0.0036119434712441455,0.01579149206710981,0.007064782780449718,0.001942435629224659
19.8200000000003,145.15906033718872,0.00398817628858344,0.01614451427392644,0.00684702827992919,0.0018867514280008744
19.8300000000003,143.86159841490104,0.004280682359894788,0.016488154752153535,0.006594749009891741,0.0018280946946239878
19.840000000000302,141.3874496125715,0.004473460557245934,0.016821340430985,0.0063290576579284824,0.0017672082714374306
19.850000000000303,138.6839149186029,0.004557254146557801,0.017143299441527975,0.006068142942203603,0.0017077802589770157
19.860000000000305,139.247356251477,0.004530698007215174,0.017453483129805363,0.00610308727521957,0.0017306023464259358
19.870000000000307,139.92359538285135,0.004399935321218806,0.017752031480810025,0.006186608571707585,0.0017492408363873465
19.880000000000308,140.42393726706717,0.004177057664161402,0.01803929104413752,0.0062423270125694565,0.0017636577478769365
19.89000000000031,140.77218646734397,0.00413862026936601,0.01831586491500649,0.0062696627474019585,0.0017739100209098033
19.90000000000031,140.97713660396238,0.004636885725471019,0.018582683303430696,0.00636002402776862,0.0017801648522494141
19.910000000000313,141.18248424404337,0.005086635511351591,0.018840642327297128,0.0065002770546909675,0.0018067435070979548
19.920000000000314,141.70458412231756,0.005458168547187644,0.01908953547781071,0.006653221726215899,0.001874309818443863
19.930000000000316,140.69105309381447,0.005726965521848912,0.019327604536435995,0.006821337344901536,0.0019382191931684562
19.940000000000317,142.63923473058387,0.005874600325630769,0.01955255056792869,0.007001113837778273,0.0019981118615124776
19.95000000000032,143.25015241891694,0.005889810530274052,0.019761928886358325,0.007198153238476841,0.002053661493859074
19.96000000000032,142.4767590681912,0.005769398069468683,0.01995318704658333,0.00739356989329316,0.0021045782446780232
19.970000000000322,142.03906313588246,0.005518255727031074,0.020124368037444003,0.007564316147890178,0.002150612942740349
19.980000000000324,142.67300290068783,0.005148852886470998,0.020274196452280752,0.007704221798884707,0.0021915603758095466
19.990000000000325,142.89706574285216,0.004680148565372452,0.02040166249906735,0.007877487908726192,0.0022272603723927217
20.000000000000327,142.61976706632967,0.004135828871151514,0.020505780996397827,0.008045866956100522,0.002257597743021938
20.01000000000033,141.83703927850468,0.003542093748422653,0.020585282071252146,0.008195243340445583,0.002282502974027145
20.02000000000033,144.31555919047835,0.0029255712907038786,0.020638484739406632,0.00832214993741512,0.0023060042867921846
20.03000000000033,146.72395053499937,0.002311498716791024,0.020663750211342955,0.00844881210393728,0.0023344243336513365
20.040000000000333,147.73909481777287,0.0023400830221011588,0.020660165220971197,0.008533366374166199,0.002357571931651303
20.050000000000335,147.55922401596692,0.0025227147389409866,0.020627945502174748,0.008577239659291722,0.002375459269557308
20.060000000000336,148.49798159046645,0.0026505881008689587,0.020568517671792838,0.008584168415582807,0.002388147324717176
20.070000000000338,149.317014983739,0.002707573625733132,0.02048359918796419,0.008589188114332057,0.00239571121632225
20.08000000000034,147.6411734777605,0.002683926447929371,0.02037395910652371,0.008566966494601222,0.002398282507222291
20.09000000000034,143.58522602625214,0.002577213198008924,0.020239896637227833,0.00850568743894343,0.002396050907455143
20.100000000000342,137.53306836500283,0.002393458140787882,0.020082714303473134,0.00842294927477627,0.002389215138400228
20.110000000000344,133.89475444922925,0.0021471662023441512,0.019904590439160146,0.008351832400400995,0.0023779882714372535
20.120000000000346,135.664486257052,0.001858896464383502,0.01970791579887216,0.008340496112760066,0.002362629169135476
20.130000000000347,137.5393927366056,0.001552843996954267,0.019495255175505016,0.008329436948573904,0.0023434169482722824
20.14000000000035,142.77650165657624,0.0015440584169056713,0.01926875067751064,0.008353830496128653,0.002320638089271302
20.15000000000035,149.35265843565583,0.0016807622805091109,0.019029875074066307,0.008397048054713016,0.0022945855395833255
20.160000000000352,153.73462149876914,0.001840888001899961,0.018779923177671694,0.008408366833762051,0.0022655605344086634
20.170000000000353,155.2332089011386,0.0020306090320048745,0.01852029158368514,0.008355060200988081,0.0022338665167836507
20.180000000000355,153.3491227800649,0.0022503025307117107,0.01825221710124306,0.008218854020844372,0.0021998008948038946
20.190000000000357,147.87019064975243,0.0024937152739863766,0.017975903989972664,0.008004090842840613,0.002163654408674419
20.200000000000358,141.91732493761927,0.002749470387358052,0.017690102863022895,0.007737969748457298,0.002125724795903113
20.21000000000036,138.70988297813318,0.0030029464661830148,0.017392073523087172,0.007461722445692971,0.002086314656349634
20.22000000000036,136.6876047387405,0.0032379690798953024,0.017078148146904074,0.007224250657843862,0.0020456296348619666
20.230000000000363,134.74490944813087,0.0034384972582152127,0.016745537426015325,0.007067209339198338,0.002003909999563124
20.240000000000364,135.6716461929826,0.0035899603415398616,0.016392800633931438,0.006972809876981314,0.00196137356569786
20.250000000000366,137.88505250474378,0.003681059457137612,0.016019419270210326,0.00688528979103816,0.001918203511942292
20.260000000000367,139.73633202299126,0.003706179081640558,0.015625980705073227,0.0067753587061084785,0.0018745546556164006
20.27000000000037,141.14167374233128,0.003666359754692105,0.015213601613327032,0.006633433989720972,0.0018305625673065986
20.28000000000037,142.0410934575809,0.003568329924710426,0.0147833514091785,0.00646118954945468,0.0018111788701490152
20.290000000000372,142.39102073690196,0.003603240607111264,0.014336520701007573,0.006318520475749424,0.0017888559390969575
20.300000000000374,142.16841165977337,0.0036382588796581633,0.013874597164425722,0.006230050303270342,0.0017588426164348101
20.310000000000375,141.39523415594329,0.003625511998722599,0.01339880714667749,0.006118521330875692,0.0017211109464320697
20.320000000000377,140.15131401986616,0.003702994897033144,0.012909996905601686,0.005980562188416479,0.0016757021533250643
20.33000000000038,138.55502058669083,0.003945162076196344,0.012408697850722024,0.005812414344977396,0.001622732260211295
20.34000000000038,136.7444303287179,0.0040488007975403835,0.011895506337133339,0.0056562430492977265,0.0015623925179939458
20.35000000000038,137.02206114813418,0.004006706024658011,0.011371841995273387,0.00551298330402631,0.0014949433220580262
20.360000000000383,139.07339057297304,0.0038246817823978222,0.010840094338975204,0.005366463144919814,0.0014264268363562915
20.370000000000385,140.0559758566699,0.003520577122101438,0.010302988434978021,0.005248512698751641,0.0013798038401350004
20.380000000000386,139.76873547654648,0.003122776445605597,0.009762876562917295,0.005190455683790438,0.0013323871869288673
20.390000000000388,138.20945087332797,0.0028979238478627155,0.009221382603888916,0.0051228491801706124,0.0012840035106511443
20.40000000000039,136.06369180135684,0.0028864067591506818,0.008679222598715307,0.0050446786615750295,0.001234461607130994
20.41000000000039,136.91808635619495,0.002910982242800143,0.00813616785536825,0.00495497293839557,0.0011835326473906428
20.420000000000393,137.53108849253627,0.0029928480196884837,0.007591295441312131,0.004852852851667521,0.0011309993011145445
20.430000000000394,137.76209455633284,0.0032506452626767626,0.007043688328542229,0.004737555287437972,0.0010766566714626082
20.440000000000396,137.5317570202591,0.0035119477322321383,0.006492821097589793,0.004608427180436877,0.0010203029018291095
20.450000000000397,136.84337558072073,0.003755662445828871,0.005938140552646737,0.0044649286555516615,0.0009702588208262118
20.4600000000004,135.78503305512334,0.0039599179467728705,0.00537930182867282,0.004306666213318784,0.0009261136082115105
20.4700000000004,134.51018211862328,0.004103364739788459,0.004816868158233408,0.004133424847429097,0.0008793044534373259
20.480000000000402,133.6548963460956,0.00416707075031102,0.004251522882113737,0.003945166864165651,0.0009606293625504112
20.490000000000403,134.78481925883602,0.004136539622852954,0.0036838867568723763,0.003742016668730954,0.0010003316523856472
20.500000000000405,135.69699124137145,0.00400308734648603,0.003115654788347931,0.003560503691662624,0.0009815521945789748
20.510000000000407,136.07744795343189,0.0037648434339846125,0.002548899129932201,0.0034399106210369476,0.000904615124527221
20.520000000000408,135.86098401853943,0.0034270163159155166,0.001985320014084149,0.0033010758731449098,0.0007753038971751616
20.53000000000041,135.05340900424514,0.0030016185739962825,0.0014265590300942617,0.0031439833248805816,0.0006042862735251438
20.54000000000041,133.73404002676173,0.0027735898334277733,0.0017554958455154883,0.0029688159045800503,0.0005807668085265786
20.550000000000413,132.03294360412875,0.0029105047553683815,0.0020922046131341206,0.0027759580554350067,0.0006323654175704578
20.560000000000414,130.1089675646499,0.002971124828233109,0.002416884335665832,0.002758934958002239,0.0006791460646280214
20.570000000000416,128.3125371412273,0.0029583476572498132,0.0027296318782340195,0.0030225348443466875,0.0007210294543933633
20.580000000000418,129.36177448680868,0.0028815738721769115,0.0030916707400373863,0.0031927708130569683,0.0007579874769641099
20.59000000000042,130.03283231094827,0.00275583013210008,0.003542271804754867,0.0032625886272122703,0.0007900422650092949
20.60000000000042,130.27151696683097,0.002599919850341994,0.003983883723825875,0.003249344218533134,0.0008194281324807247
20.610000000000422,130.12699316455667,0.002433618736195896,0.004415440554489323,0.0033630559239758388,0.0008634882131294509
20.620000000000424,129.67533530723233,0.00239278916780643,0.00483500313148835,0.0035735156873165762,0.0009000239487667011
20.630000000000425,129.00676222365433,0.002344290227479514,0.005240018995207629,0.003677425800186421,0.000929028744470833
20.640000000000427,128.21833475345912,0.0022601872146271133,0.005627923051798123,0.0037773520240644166,0.000950568179513118
20.65000000000043,127.44312897931565,0.002137415518430469,0.005995282734855722,0.003817261806083244,0.0009647825372051962
20.66000000000043,128.44687539708005,0.0019749345166736564,0.006338065432015507,0.0038144565427936884,0.0009718932155336292
20.67000000000043,130.43671035463024,0.001972431079048615,0.006653181966704145,0.004031133459901015,0.0010034301345243015
20.680000000000433,133.4573274272963,0.0019894506750417805,0.006939149364604103,0.004238820946398014,0.0011101534226791792
20.690000000000435,135.32915826794047,0.0019941610826767816,0.007195465373452198,0.0047017631116184,0.0012156142916222687
20.700000000000436,135.84079454730352,0.001961965678017829,0.007422369434984743,0.005130434647991283,0.0013193281906317223
20.710000000000438,134.99461034396435,0.0018693187109147219,0.007620752321761995,0.005511053101550907,0.001420799968155916
20.72000000000044,134.29154183121534,0.001696563356417279,0.007933469914439169,0.005833161777926185,0.0015195200302447428
20.73000000000044,134.14154630081453,0.0017649374563352288,0.008337141854429735,0.00609390876454519,0.0016149785366402663
20.740000000000443,133.64493666264698,0.0018927206793673778,0.008730756131442974,0.006302079172396284,0.001706683170019813
20.750000000000444,132.98116924398036,0.0020399500817484518,0.009114806418280403,0.006479187188463676,0.001794161294933658
20.760000000000446,132.39785693819627,0.0021929250390901878,0.00949088731292681,0.006709837856629318,0.00187695142015256
20.770000000000447,134.41065130662497,0.0023351159958577843,0.009861707550833565,0.006980874371403004,0.001954603106700496
20.78000000000045,136.36355906715502,0.002448892852128944,0.010230152529972837,0.007218845093929396,0.002026688824000211
20.79000000000045,138.0931371426519,0.0025179810912713397,0.01059817350612519,0.007423436808505951,0.002092812763477308
20.800000000000452,139.49004654047187,0.0025293102927123846,0.010966721727086492,0.007626047394129231,0.0021526087749026836
20.810000000000453,145.45309512872782,0.002735279544858273,0.011336047941644285,0.007856620072522124,0.002205738478049904
20.820000000000455,147.78306765946203,0.0029849387480233875,0.011705517641953649,0.00802957039543636,0.0022518995246567732
20.830000000000457,146.3724646597332,0.003082876792888407,0.012073134550045661,0.008139879051962106,0.002290835651484522
20.840000000000458,141.6817792984246,0.0030239666447729307,0.012435392213099606,0.008200962371702156,0.002322336374633553
20.85000000000046,137.51182066164458,0.002816213126703084,0.01278784013843955,0.008266958575197674,0.002355352218256156
20.86000000000046,135.75275790848247,0.002480155106994961,0.013125853556466128,0.008359326812264865,0.0023865763040439177
20.870000000000463,136.24882365195555,0.002046958828048286,0.013445489000427097,0.008451729885030304,0.002409509643520405
20.880000000000464,140.87753020531517,0.0015557146672619477,0.013744153332062756,0.00853469549540293,0.002424026346760637
20.890000000000466,146.4921044423196,0.0011532435002858394,0.014021101773657868,0.008605944234523986,0.002430059681515315
20.900000000000468,149.72089709493352,0.0009267325900863895,0.014277376237929067,0.008640600962111184,0.0024276040504876916
20.91000000000047,150.55927649864276,0.000734071373725917,0.014515124384841432,0.008626476619475514,0.0024167146851672107
20.92000000000047,149.2868946838489,0.0005850266588283742,0.014736900879088641,0.008560129836892643,0.0023975061746249545
20.930000000000472,146.35841172693804,0.0005865110036615968,0.014944814766219465,0.008455533296589973,0.002370151522819669
20.940000000000474,142.27887146870037,0.0006576747528719467,0.015140533473937581,0.00854816611715866,0.0023348817980694105
20.950000000000475,137.48286456375848,0.0006097978643142348,0.015326026875934146,0.008665414260369268,0.0022919848475527515
20.960000000000477,134.41898139593843,0.00047299180436575887,0.015503223867119022,0.00875938882449829,0.0022418020675746566
20.97000000000048,132.9841917580948,0.000669995567960744,0.01567280830254415,0.008849324929780394,0.0021847241909553608
20.98000000000048,133.44172166521278,0.0008741639515701961,0.0158340609729829,0.00903388324481212,0.002121187934264075
20.99000000000048,133.95245012739193,0.0010667495756307211,0.015985396836955802,0.009183750366114242,0.002051673889605813
21.000000000000483,135.98450178318498,0.0012297595012558747,0.016124377290396532,0.009297542635094847,0.001976703996547546
21.010000000000485,138.61302062756513,0.0013469734082052394,0.016247427129688824,0.009374166837988591,0.0018968370363245635
21.020000000000486,140.58876101661357,0.001468142108113759,0.016349898275966165,0.009412827455426778,0.0018126629049898862
21.030000000000488,141.76113032399078,0.0016717120175031826,0.016426934573041986,0.009413029324194504,0.001724797797703725
21.04000000000049,142.0132085935908,0.0018268123664750783,0.016474278126992925,0.00937457833206781,0.0016338808359771927
21.05000000000049,141.28070440753498,0.001937163490788616,0.016488981939495984,0.009297581612040343,0.001540570338553841
21.060000000000493,139.5703658917335,0.0020210035302320613,0.016470511155126055,0.009182444851712717,0.0014455381431178504
21.070000000000494,136.97157760777796,0.0022249409963522654,0.016420225628543367,0.009029868180606646,0.001349462741303732
21.080000000000496,133.65763407654896,0.0024367337632626306,0.016339808866461025,0.008840843154932035,0.0012809083480317084
21.090000000000497,132.6836543059719,0.0026453562207703067,0.016231453229308152,0.008616648886240403,0.0013669127193995424
21.1000000000005,132.05713222737467,0.002837647041125871,0.01609879155667824,0.008358846347595227,0.0014522339819283932
21.1100000000005,132.57575030952748,0.0029999792778676996,0.015946787327788977,0.008069271143659183,0.0015360925607565436
21.120000000000502,133.58151499284222,0.0031191625099640783,0.015780443300257734,0.007750023140256316,0.0016177189516595517
21.130000000000503,133.88594406519073,0.0031839608230683917,0.01560341478213695,0.0074034531553248415,0.0016963629821606235
21.140000000000505,133.45372904527156,0.003186570026836999,0.015418193601309808,0.007044398022507031,0.0017713071579067324
21.150000000000507,132.30345940798196,0.0031227189824971544,0.015226805935853533,0.006821935369007075,0.0018418815189161514
21.160000000000508,131.93843338891608,0.00299174210345805,0.015030467784452073,0.006713668990637787,0.0019074730392721166
21.17000000000051,131.81147803174733,0.0027968364866565983,0.014829355516188596,0.006892974910526804,0.0019675698549581526
21.18000000000051,132.75276383835103,0.0028217647801194595,0.014623212581550507,0.0070859063405505655,0.0020216411530943742
21.190000000000513,133.49152109418097,0.0028336037936420675,0.014411743542092839,0.007261625407089006,0.0020692346920721276
21.200000000000514,133.91164547343368,0.00277264862294486,0.01419448170060951,0.00741430477480687,0.0021099855442750877
21.210000000000516,135.7869333439952,0.0026253965158971122,0.013970985560194906,0.007541647226292158,0.002143603750503499
21.220000000000518,137.407288796416,0.0023840626381216334,0.013740995794678988,0.007630137060097476,0.002169870411976482
21.23000000000052,138.42004442394892,0.002047597363000828,0.01350391936313039,0.00768937959302262,0.0021886334293304997
21.24000000000052,138.81163648944482,0.001622237755310648,0.01325897820929861,0.007722417839267268,0.0021998081184154777
21.250000000000522,140.10480437050487,0.0011215000450825112,0.013005489232830096,0.007762764355513619,0.0022033798091291665
21.260000000000524,140.28620685815807,0.0007969402398959735,0.012742935853324339,0.007779139863286515,0.0021994017000330473
21.270000000000525,139.26965444401407,0.0008093992990713609,0.012471262381694671,0.007760875027446722,0.0021879869584367625
21.280000000000527,137.16001270014368,0.0009615176127703255,0.012191053346313775,0.007699861403793618,0.002169301529370622
21.29000000000053,134.53947087832285,0.0013913784089873947,0.011903483226220878,0.007594924616450903,0.0021435629672337986
21.30000000000053,133.19178215021762,0.0018736739228564557,0.011610209460445674,0.0074792507836975095,0.0021110423472852882
21.31000000000053,133.71581431473257,0.002259626331803035,0.01139397486205642,0.0073391943864799325,0.0020720624353108594
21.320000000000533,136.51312621312084,0.0025272075909980635,0.011399949147909063,0.007164441782468709,0.0020269910650704565
21.330000000000535,138.3637905727077,0.0026635189763647574,0.011382439312767636,0.006962512828045302,0.0019762357246240546
21.340000000000536,139.08084603116242,0.002666516644666235,0.01134257447079066,0.006742664098392278,0.0019202436792253078
21.350000000000538,138.65175953795764,0.0025456116878488522,0.011281126910968862,0.006521011686710245,0.0018595038000210739
21.36000000000054,137.22167390502918,0.002326923532027882,0.011198302142571434,0.00630128458946194,0.001794542779781103
21.37000000000054,136.05251548367696,0.0022839358470361417,0.01109406527085849,0.006065031798122371,0.0017259146557120084
21.380000000000543,135.76597220330004,0.002193182432307392,0.01096905943535352,0.005866762392775167,0.0016541905461448726
21.390000000000544,135.17169088114292,0.002066592022005268,0.010824944054970741,0.005650461456875624,0.0015799545957085872
21.400000000000546,134.40045984736048,0.00191869034833186,0.01066380406647121,0.005414834405811475,0.001503803520348589
21.410000000000547,133.48692591030704,0.0017653932969219275,0.010486908950857734,0.005161707203544923,0.00142634234693527
21.42000000000055,133.73277148329245,0.0016224993990904863,0.010294103760535791,0.0051312524628040965,0.0014256331888828516
21.43000000000055,134.81488049395688,0.0015041664484682677,0.010084652915196602,0.0051655857767804614,0.0014242781002668662
21.440000000000552,135.45895175227116,0.0014221469479049993,0.00985857152372163,0.005172304436610029,0.0014188625839116644
21.450000000000554,135.51890149076596,0.001385406953007981,0.009616619591382167,0.005147792185135605,0.0014089772530547244
21.460000000000555,135.96246812124716,0.001434205452807422,0.009359893842935837,0.005092536831147199,0.0013942841680610247
21.470000000000557,135.48848115755976,0.0018133073860901652,0.009089865149715751,0.005009917606674213,0.0013746289001432702
21.480000000000558,134.96539041563457,0.002220893750872206,0.008808344836232173,0.004979723285783923,0.0013499767660404669
21.49000000000056,134.40216990958072,0.002624584321556646,0.008517024584343292,0.004942401756183006,0.001320284497887769
21.50000000000056,133.17808641611524,0.0029958662618606896,0.008217868763317796,0.0048784181220434455,0.0012856307248942196
21.510000000000563,132.12195264884014,0.0033136280012213653,0.007913351660952948,0.004779414443795196,0.0012462893146014862
21.520000000000564,133.26770822388508,0.0035657469299567868,0.007606077998486713,0.004638570052908281,0.0012026284341708961
21.530000000000566,134.2314607192518,0.0037492769814359206,0.007298336249888548,0.004451921407374855,0.0011549894735431807
21.540000000000568,134.90967410879304,0.003869867484139966,0.006991634463328161,0.0042197713934275065,0.0011035572514835447
21.55000000000057,135.20511099474024,0.003939744806206442,0.006686590865602622,0.003947802183718996,0.0010483293199562889
21.56000000000057,135.04830202889352,0.00397540415362949,0.0063831293232124876,0.003731787563939058,0.0009891726771940586
21.570000000000572,134.41104034692887,0.00401228392923096,0.006132930818375636,0.003864252428902084,0.0009259198605292579
21.580000000000574,133.3520833946804,0.00425454256219453,0.006039345221988979,0.0039273964953297925,0.0008885187075580146
21.590000000000575,131.84080708320826,0.004479336132147166,0.005947009534751488,0.0039329505179874266,0.0008862195651456943
21.600000000000577,130.50723433484376,0.004669844412318202,0.005855106055081565,0.0039736805422781575,0.0008802504902223217
21.61000000000058,129.41456279626343,0.004806862701639207,0.005763096924331011,0.004009400361466683,0.0008707464022092479
21.62000000000058,128.20654100675517,0.00487176293434217,0.005670798502634305,0.0039758432837967254,0.0008578745938274886
21.63000000000058,127.03302330994914,0.004849042172133562,0.005577919833729788,0.003882513352993383,0.0008418324105082751
21.640000000000583,127.11130927011706,0.004728582107814992,0.0054837695370282555,0.0037430446772745594,0.0008228459061140555
21.650000000000585,127.8865362442289,0.004571689809611451,0.005387875719711681,0.003931167405769842,0.000801166835246191
21.660000000000586,129.68983108430598,0.004590732229928805,0.005290237494605413,0.0040021540064105925,0.0007770671392630441
21.670000000000588,131.2450585927168,0.004543377444482155,0.005190817917692765,0.003941742864621008,0.0007508333305513286
21.68000000000059,132.43688336885046,0.0044146058850558076,0.005089331265314948,0.003812302444961533,0.0007227631924906465
21.69000000000059,133.1667940973853,0.0041945583344699154,0.004986126425755068,0.003662069256376247,0.0006931638578394012
21.700000000000593,133.37242377802966,0.0038796683813622466,0.004881348923499721,0.0033891727613654856,0.0006623484009815468
21.710000000000594,133.050439447757,0.003472638726474255,0.004774044272459773,0.003193907631548077,0.0007058618303706091
21.720000000000596,132.29048141973473,0.0029821759929288907,0.004662727257430363,0.0032368793790716207,0.0007852621079499664
21.730000000000597,131.21851567029057,0.0024219934612220084,0.004546194228487465,0.0032758239605585517,0.0008609940524268453
21.7400000000006,129.98455764417224,0.0018092318553837947,0.004423436994339008,0.0034176912380572584,0.0009320941436900711
21.7500000000006,131.29483005334836,0.0011638744977759698,0.00429378063542086,0.0036977280087970923,0.000998035329207708
21.760000000000602,132.85774218194567,0.0007989346448148847,0.00415686855374631,0.003940359773758611,0.0010583294871988548
21.770000000000604,134.01656784067333,0.001089170108675491,0.004011953488691098,0.004145509053233413,0.0011125335477447718
21.780000000000605,134.78562608899043,0.0013260146307834467,0.003857605832723509,0.004348724370300224,0.0011602494328982684
21.790000000000607,134.99856976616366,0.001511523456502043,0.003691793242000915,0.004671327630824934,0.0012011219998384656
21.80000000000061,134.61623424007223,0.001941889082985753,0.0035122674266669573,0.004945304946867835,0.0012348427023043402
21.81000000000061,134.82358307778162,0.0022826094790964146,0.0033167369856539333,0.005139140338630214,0.0012611580430536662
21.82000000000061,134.50718497078444,0.0025096068800496626,0.0031027141772731895,0.0052327412510101475,0.0012798820526063914
21.830000000000613,134.09585664857175,0.0026199651393745776,0.0028679720837201128,0.005220084397438941,0.001292781058319088
21.840000000000614,136.16331114354372,0.002618508150458984,0.002611181001976299,0.00511083465241075,0.0012981806438738803
21.850000000000616,138.0991945401035,0.0025173256817382574,0.0023319446461131928,0.004939385973811399,0.001296026060884739
21.860000000000618,139.76815553659105,0.0023355622134961923,0.002030121903699843,0.005009509429532811,0.0012863127686532287
21.87000000000062,141.05899143263724,0.0023685849001587427,0.001724995313886809,0.005004281537994656,0.001269086320591243
21.88000000000062,141.9008480137217,0.002374639552696081,0.0014053939963909973,0.004909048078797157,0.0012444411355247887
21.890000000000622,142.27178418976973,0.0023071140038549657,0.0011225723151083128,0.004722973144948118,0.001212519430459081
21.900000000000624,142.18021784852073,0.0021713073640772804,0.0013497367603652823,0.004460932242107736,0.0011735110452358627
21.910000000000625,141.64032431536944,0.0019772744084156557,0.0015823104086258098,0.004160397657633802,0.001127652985405159
21.920000000000627,140.67195794925192,0.0017392835405184491,0.0018189066976807547,0.004079183621514271,0.0010752273473033363
21.93000000000063,139.31752297604254,0.001475152661482708,0.002058350891910347,0.004002557893522595,0.0010165583027901923
21.94000000000063,137.64391111692345,0.0012445292756188206,0.002300264437786198,0.004088482277752712,0.0009520097026397836
21.95000000000063,135.72957459357536,0.001429975590007697,0.0025455389599984414,0.004160619297707835,0.0008819832091494349
21.960000000000633,137.15605873384487,0.0016818136939401383,0.0027959490835573393,0.004217569954919915,0.0008686130759027618
21.970000000000635,138.44541779433482,0.001977735409194223,0.003053373966967103,0.004258114851940267,0.0008679486510560882
21.980000000000636,139.32940208038596,0.0022928471054103144,0.0033190680318603842,0.004281231665016382,0.0008684681575686167
21.990000000000638,139.6489111419036,0.002602946490658691,0.003711804969386468,0.00428610499714979,0.0008706363055779614
22.00000000000064,139.2885951347142,0.0028874716062849055,0.0042793886872306034,0.004272143338639256,0.0008754321638936653
22.01000000000064,138.19875727097673,0.003131358604292675,0.0048615434963838085,0.0042390076831965535,0.0009295989717857429
22.020000000000643,136.39887531279825,0.0033262429368928633,0.005454226689231561,0.00418663860516539,0.0009820274970796608
22.030000000000644,133.99942614325917,0.0034718120738061616,0.006052901400700886,0.004115264489724501,0.0010324474218247118
22.040000000000646,131.20546168276823,0.0035756564916681792,0.006652995070051717,0.004032273791980614,0.0010806070192653256
22.050000000000647,129.4832382038696,0.0036509650219622046,0.007249635388977833,0.004182496981663073,0.0011262687274149782
22.06000000000065,129.8862869518563,0.003718661479605991,0.007837733489607195,0.004325294793717299,0.0011692095205404155
22.07000000000065,131.26943020637128,0.004016273696199615,0.008412709845402395,0.004461764857104987,0.0012092240904639751
22.080000000000652,132.16365097023757,0.004303258065002828,0.008970987356179511,0.004592131513478441,0.001246125017729025
22.090000000000654,132.49668396484083,0.0045650301576769135,0.009510284457111847,0.004715353823026906,0.0012797388211932513
22.100000000000655,132.79412170113474,0.004783434056406609,0.010030004056694195,0.0048288901975517854,0.0013099038039573207
22.110000000000657,133.23987826717632,0.004938532675241098,0.01053120962615074,0.0049287007415717045,0.00133647504494557
22.12000000000066,133.21802971458382,0.005010647855158467,0.011015418885848342,0.005009699585214468,0.0013593338445514016
22.13000000000066,133.7735867867492,0.004983288290694913,0.011484540865354014,0.005105789627869665,0.0013783941541971184
22.14000000000066,134.5457109625458,0.004863927875262382,0.011940020630516943,0.005318476613107009,0.0013936033565603361
22.150000000000663,135.37521992875227,0.004969241681530015,0.012382284684695658,0.005516123197518029,0.0014049421865238018
22.160000000000664,136.16428362900413,0.004994197043894088,0.012811092125052884,0.00569824787024624,0.0014124285071898896
22.170000000000666,136.82677605954987,0.004918094157532626,0.013225883600737972,0.005864449599372287,0.0014161226651018032
22.180000000000668,137.26101833979752,0.004728011420014176,0.013625645928608413,0.006014389980035722,0.0014161282104610993
22.19000000000067,137.50440199496074,0.004420055811479281,0.014008831832029287,0.006147781855962325,0.0014125866821425588
22.20000000000067,141.8918423371646,0.003999200409931975,0.014373381329830355,0.006274312866590593,0.0014056721724868793
22.210000000000672,144.53968977119325,0.003478872787047468,0.014716802328420237,0.006458079172410049,0.0013955904004209923
22.220000000000674,144.7712138948573,0.0028796770566552475,0.015036615825511607,0.006619279099776805,0.0013825793531478314
22.230000000000675,142.3294727597583,0.0022272303727434973,0.015330516150195666,0.006756629837661774,0.0013669051010565796
22.240000000000677,137.44023433027795,0.0016496010273077284,0.01559649096563436,0.006869000883559111,0.0013488520987364183
22.25000000000068,130.7728647007551,0.0016553309263674725,0.015833176713668715,0.006955422383478422,0.0013287144293037464
22.26000000000068,130.52425999368165,0.0015964049314573755,0.016039872811136686,0.007015088565841174,0.0013067930941296755
22.27000000000068,131.58022139282292,0.001487376698784756,0.01621676936495751,0.00704736102786468,0.001345808645747162
22.280000000000683,131.94263529236596,0.0015406053750750765,0.016365259993058615,0.0070517721286298555,0.0014312822188109525
22.290000000000685,132.2621092659768,0.0017056699977514246,0.016487612566521016,0.007028027318137394,0.0015164270388824716
22.300000000000686,133.25157295550795,0.0018791350467072308,0.016586032404296687,0.006976057658664606,0.0016007910039255566
22.310000000000688,134.1464656212722,0.0021209110701038646,0.016662220293442827,0.006895954277071278,0.0016839164583621702
22.32000000000069,136.41755138590577,0.002271869804783976,0.01671771664588956,0.006787843317629175,0.001765344105602479
22.33000000000069,141.05663636689894,0.002340224344323288,0.016754119671558227,0.006960170689365979,0.0018446155923940305
22.340000000000693,142.80314898170687,0.002337611262256739,0.016773095715855255,0.007170150693290303,0.001921275457205659
22.350000000000694,141.0911683623417,0.0022778476287260286,0.01677641689920618,0.007310861202584855,0.001994874195841554
22.360000000000696,136.11521986429958,0.0024552633986856267,0.016766121665142242,0.007415734596406643,0.002064972779832181
22.370000000000697,132.21639173176288,0.0026594827236062083,0.01674430634810485,0.007560112036451903,0.00213114702286706
22.3800000000007,132.68250999292684,0.0028028768342859165,0.01671274679746054,0.007757195241417021,0.002194935409342404
22.3900000000007,134.68131501044354,0.0028704245225791634,0.01667288520215531,0.007975626654052083,0.002264728138788105
22.400000000000702,139.18229573601505,0.0028510750386188245,0.016625542016070277,0.008221647358947886,0.002329623949511324
22.410000000000704,147.59811500872203,0.0027394371042654664,0.016570652710748944,0.008505801801941567,0.0023892020164341986
22.420000000000705,152.87037679567197,0.002537162420893881,0.01650774542304759,0.008752586375992986,0.002443096234562409
22.430000000000707,154.69648498925653,0.002253170538311954,0.016436610070959208,0.008937957103256566,0.0024909768147112175
22.44000000000071,153.19349745338718,0.0019029065742005055,0.016357579556386,0.009057146275256053,0.002532537381996115
22.45000000000071,148.8509953311243,0.0015071602193669211,0.01627087048871488,0.009122658477352545,0.0025674920586921226
22.46000000000071,142.42444315193222,0.0014995244518920018,0.016176209186516483,0.009156454230136968,0.002595596543047112
22.470000000000713,139.4862305949969,0.0015974716953058852,0.016073207185551754,0.009181901012070512,0.0026166454694055473
22.480000000000715,146.18304427105608,0.0017185249998739474,0.01596152071544788,0.009265852623416782,0.002630479470841897
22.490000000000716,151.66135614841835,0.0018544754770296711,0.01584062373053724,0.00932941224294004,0.002636983797364287
22.500000000000718,155.28440786341895,0.0019969102985089304,0.015709722705870385,0.009358800015777666,0.002636081151273166
22.51000000000072,156.55210784113655,0.002138706393224057,0.015568089341129649,0.009341775122439937,0.002627731923776752
22.52000000000072,155.18880819654927,0.0022753561437325307,0.015415721627784009,0.009272737353523897,0.002611943902905968
22.530000000000722,152.66670052856676,0.0024058046944861015,0.015253859674671999,0.009219349862644506,0.0025887774560000246
22.540000000000724,152.34069394093297,0.0025328307014252866,0.015084935480035833,0.009126117158196634,0.0025583383401966077
22.550000000000725,150.42469119653245,0.0028783577259534677,0.014911962445631257,0.008988087374745218,0.002520769953853365
22.560000000000727,146.95542161475007,0.003230346462401505,0.014903847904672207,0.008807124937753106,0.0024762574647118956
22.57000000000073,141.9604297188048,0.003571725112092839,0.014942088438622264,0.008634218137987091,0.002425055776693514
22.58000000000073,139.6453909142575,0.0038889357921591504,0.014955716750737967,0.008484840411435355,0.00236743198577087
22.59000000000073,142.38740428409156,0.004167304943000963,0.014944081978777952,0.00830315105955168,0.0023036716723195635
22.600000000000733,142.8488141151999,0.004391340664994964,0.014906234733913134,0.008095112081094896,0.002234120110756707
22.610000000000735,141.18956147804184,0.004545537317176623,0.014841447388972851,0.007888551761058736,0.002159158213994645
22.620000000000736,137.68511977362914,0.0046159996026825575,0.014749525401179088,0.007638447485707131,0.0020791935192961976
22.630000000000738,138.2971354858857,0.004592214667331023,0.014630719122267107,0.007343360794777456,0.001994657387205423
22.64000000000074,142.66003533725942,0.004482313306810587,0.014485485619562914,0.0070084258265658075,0.0019060067998132536
22.65000000000074,143.9977792749894,0.004601394771403609,0.014314240541836214,0.006643516522527525,0.0018137222992555173
22.660000000000743,142.02093217977853,0.004634098331605982,0.014117416757915904,0.006260293776853445,0.0017183014106070995
22.670000000000744,136.74574821652465,0.004563162154091236,0.013895205271308737,0.00586933486742378,0.001620254668402453
22.680000000000746,132.67835086094829,0.004377260000877271,0.013647412295578303,0.00550900795087664,0.001520105058975904
22.690000000000747,132.4243118180599,0.004072325979312934,0.013374169437520832,0.005144006690478067,0.0014183831136336048
22.70000000000075,132.06245795706252,0.0036526132104082874,0.013076205614286992,0.004890701767552832,0.0013846956656057069
22.71000000000075,133.20695763207277,0.0031312061873478496,0.012754396011672229,0.004893073747904457,0.0013930611569005717
22.720000000000752,133.73105649355455,0.0025294052308712654,0.012409469547186245,0.004907867050986499,0.0013986044301354005
22.730000000000754,133.5960368082072,0.0018748108526493719,0.012244266350841713,0.0049195840383110334,0.0014012366000408227
22.740000000000755,132.9583257308767,0.0011983725772376046,0.012079381427254164,0.004915834687844509,0.0014008913129188818
22.750000000000757,133.10134958266244,0.001027409176434692,0.011903280934526316,0.0049070725726669175,0.0013975216402400796
22.76000000000076,132.63641802690515,0.0012207558739273693,0.011720815839088256,0.004889449469095931,0.0013911029434120641
22.77000000000076,131.62372562554484,0.0013283480787817112,0.01154181651805404,0.0048625459525093425,0.0013816364730837927
22.78000000000076,130.16013475366478,0.0013922115788187245,0.011352246618868321,0.004825088055645245,0.001369147706669762
22.790000000000763,128.4807289639745,0.0017581989233166253,0.011153104742576352,0.004774924314158334,0.0013536813858863403
22.800000000000765,128.23680360646628,0.0020477305900102665,0.010945860774874177,0.004709731709028559,0.001335300428813643
22.810000000000766,129.54017765214465,0.002246397542595748,0.010732048841527763,0.004628423932163912,0.0013140910665707995
22.820000000000768,130.23060585265384,0.002364714865930974,0.010512722214568351,0.004554299184625803,0.0012953900987875764
22.83000000000077,131.1051015180394,0.002417778624846782,0.01028796735850033,0.00448133562758285,0.0012784361129890224
22.84000000000077,134.37955786865012,0.002423552270038543,0.01005692813362665,0.004412295586002484,0.0012582829152080438
22.850000000000772,138.13254780844804,0.0024004770276069053,0.009818217512234748,0.004345118542674801,0.0012350471013206203
22.860000000000774,139.4736775550867,0.00236531875149734,0.009570658636355346,0.004274767281547043,0.0012088761396977156
22.870000000000775,138.2024870461805,0.002331560478972263,0.009313304312806388,0.004203234885900275,0.0011799466547507628
22.880000000000777,134.57582150413856,0.00230898846833971,0.009045082262794227,0.004180457220050525,0.0011484611867672268
22.89000000000078,129.68854350477702,0.002303713669197979,0.00876501973060079,0.0041700845681169425,0.0011664742345570919
22.90000000000078,130.16699613720894,0.0023180400669203195,0.008472640684734753,0.004194621027803942,0.0011819605198995695
22.91000000000078,131.9885894628384,0.0023509620405608215,0.008167947856413348,0.004294741429377323,0.001193992675906878
22.920000000000783,132.83630274923027,0.0023992928661739745,0.007851282094144162,0.00439284164896575,0.001202387231276695
22.930000000000785,132.60979223368489,0.0024584648826278146,0.00752357908442662,0.004476967109420194,0.0012071151515424465
22.940000000000786,132.1553392321778,0.002523258352216571,0.007186703290548609,0.0045657713938870165,0.0012136043431813614
22.950000000000788,134.39664088053732,0.0025890099297925474,0.006843290981254164,0.004621898640892998,0.001221118827324405
22.96000000000079,136.20748559541943,0.0026523849091862604,0.006495796284787265,0.004719600312271325,0.0012261616405605147
22.97000000000079,137.45278854371776,0.0027117859170266304,0.006146114702665633,0.00481541465541594,0.0012289034381639122
22.980000000000793,138.045579408999,0.0027678508635806858,0.005795600226567474,0.004864150139604301,0.0012293553374226659
22.990000000000794,137.95926696347746,0.002823527406041106,0.005444879017285663,0.004858640086133883,0.0012273162434793278
23.000000000000796,137.24776335010262,0.0028836090932317583,0.005094089683539712,0.0048003827618373915,0.0012224433057716083
23.010000000000797,136.07352062343173,0.0029542419915519857,0.004743349580031585,0.004698505938668478,0.00121439243437811
23.0200000000008,134.87133552443376,0.003042433094635637,0.0043924459152044,0.004566463955312221,0.001202722315218664
23.0300000000008,136.59493175532484,0.0031552674870356534,0.004040516625412061,0.004417783044163214,0.0011868294019301221
23.040000000000802,137.39559349016054,0.003436389548189117,0.0038807449550617404,0.0042626769020101775,0.0011660463304492667
23.050000000000804,137.22858718629112,0.003814481101644211,0.0037560829235200226,0.004106133044815529,0.0011397673783038245
23.060000000000805,136.16019870013642,0.004183825314389906,0.0036185536980981865,0.004235496365413006,0.001107604685561387
23.070000000000807,135.61479421357063,0.00453372314659053,0.00346713948406436,0.004559619064346934,0.0010695481303016512
23.08000000000081,137.1903221676895,0.004853561700719689,0.0033018004177774595,0.004749473701640011,0.001025869749852448
23.09000000000081,137.85012205429464,0.005132495053682293,0.0031226071399923614,0.004798386231770955,0.000976874262850195
23.10000000000081,137.39951654144542,0.005359455710392097,0.002929478310586205,0.004707394265901389,0.0009228185367584449
23.110000000000813,135.72431965423036,0.0055231818055129075,0.0027225951457715194,0.004484462895680185,0.0008640245420646976
23.120000000000815,132.90205901457068,0.005612597117278858,0.0025027470467817595,0.004143578348592411,0.0008009761186736382
23.130000000000816,131.84936816139165,0.005740294551923594,0.00227107366744685,0.0037952554406684652,0.0007342451832510923
23.140000000000818,130.95920126606427,0.005923045868339027,0.002028392235849289,0.0037336552073184977,0.0007401615356834676
23.15000000000082,131.24226089198348,0.006013404236396704,0.001774874660469564,0.003905613909490175,0.0008352109776361377
23.16000000000082,132.22922686459526,0.005991644855313063,0.0015367930552495487,0.004231992594773447,0.0009439030745334016
23.170000000000822,134.98339086017322,0.005843277217860423,0.0013774442685548372,0.004681804917345741,0.0010952586859159607
23.180000000000824,136.5637942991629,0.005560816963966332,0.001200176332612003,0.00495876793794475,0.0011853711716314106
23.190000000000826,136.85342190883787,0.005145213278212958,0.0014516421715786965,0.005030993116101199,0.0012078715326378532
23.200000000000827,137.83059321002182,0.004606822456393759,0.0017356034917401439,0.004889153340856182,0.001160628616735339
23.21000000000083,138.85129586437665,0.003965110328812016,0.0020116147404513622,0.004546906780759161,0.001046061702468063
23.22000000000083,139.3382210556882,0.0032468417530293232,0.0022801666118280623,0.0040437583098252685,0.000871263856591094
23.23000000000083,139.20429565110206,0.0024836152143858704,0.0025410611283115457,0.0034514305324823092,0.0007644468337033097
23.240000000000833,138.42432669732554,0.0017092689972620903,0.0027931979399129407,0.002885066864869249,0.000740352468195379
23.250000000000835,137.0329926197447,0.000957257514287663,0.0030347883716114864,0.0025970151921995456,0.0007111499396410901
23.260000000000836,135.12573709592021,0.0005982675450951922,0.0032637962314891965,0.0026910269244050343,0.0006770271911411675
23.270000000000838,132.84770911908979,0.0006615306290754737,0.0034783333914164788,0.002789870797923963,0.0007265341142409532
23.28000000000084,131.80493491664035,0.0011717345581558813,0.003677097506595326,0.003030683930522497,0.0008042494592040106
23.29000000000084,131.1339634671491,0.001595309257057263,0.003859718762915817,0.0033200595419104733,0.000877284211083859
23.300000000000843,129.82695575488503,0.0019159230574671943,0.004027061004266106,0.003472903174710847,0.0009453531877022845
23.310000000000844,128.73346058802076,0.0021275810593154834,0.004181144646589951,0.003620312167912639,0.0010085085411052324
23.320000000000846,127.59801162379279,0.002291102882628868,0.0043245095912814785,0.0038084900842394382,0.0010669597245742104
23.330000000000847,129.69892846371198,0.0024020996383793225,0.004459443736685219,0.004002619928022429,0.0011208546354537956
23.34000000000085,131.3343490148588,0.00255047274414276,0.004587691371276612,0.004180685543634738,0.0011701999512238946
23.35000000000085,132.36592351033988,0.0026460909949379365,0.00471105479192198,0.004337367201900003,0.0012150011156875974
23.360000000000852,133.51526064730217,0.0026837463786898025,0.004831219105979909,0.004483085830247161,0.0012553084252279363
23.370000000000854,135.20575654687434,0.002660797613403744,0.005040071612217436,0.004597744397901659,0.0012911274838914434
23.380000000000855,136.3153594627802,0.0027217113267687188,0.005421922738108452,0.0046857848555151545,0.0013223164159773897
23.390000000000857,136.75323598823542,0.002809103773789594,0.005799889552453887,0.004794761174301706,0.001348729683463482
23.40000000000086,136.48399650918407,0.0029031095490721294,0.0061726011804749846,0.004891306425896409,0.0013703385164455493
23.41000000000086,135.51734898132918,0.002995673515326645,0.00653930111699637,0.004954029274489155,0.001387277707308994
23.42000000000086,134.54977925252126,0.003077410695907299,0.006899536794808248,0.0050206416811786805,0.001399742116397795
23.430000000000863,133.60337763542768,0.0031393950926409545,0.007252801914654855,0.005106281869423909,0.0014079512463655568
23.440000000000865,131.5821498460634,0.003174890862409977,0.00759904015741635,0.005175977175480649,0.0014122101804138181
23.450000000000866,128.76063898815818,0.0031807441540452125,0.007937947368529725,0.0052440744941671035,0.0014127377641941431
23.460000000000868,133.4768595951269,0.0031583739839256483,0.008268597407302541,0.005330305011774288,0.0014095592614944783
23.47000000000087,140.47213350022597,0.0031140051104066755,0.008589799814309641,0.0053849860069808495,0.0014026101276460017
23.48000000000087,146.3594386096909,0.0030578463209773674,0.008900525600453164,0.0053958329057892645,0.0013918576597815799
23.490000000000872,150.23569282175063,0.003002950767530029,0.009200221680713208,0.005356334853370511,0.0013773907724513783
23.500000000000874,151.53489737163065,0.0029641523791972143,0.009488445358665148,0.005266776253298216,0.0013593271179817691
23.510000000000876,150.13058899250402,0.0029566980168721745,0.009764855993361073,0.0051339420803852304,0.0013377528712565248
23.520000000000877,146.34897617161718,0.002994375642157293,0.01002941742626501,0.005015054690302718,0.0013306963002420221
23.53000000000088,142.74023815250155,0.00311573010787047,0.01028267655176253,0.005282078824011337,0.0013547245540946838
23.54000000000088,141.44494339950975,0.0034956934416642163,0.010525083530492243,0.005580795712552649,0.0014188866819811123
23.550000000000882,139.58203945791047,0.0038677183601116276,0.01075682849621724,0.005844232825465195,0.0014811293035494719
23.560000000000883,137.4226340257309,0.004221122882645719,0.010978025329362547,0.006059746906322421,0.0015411297005587202
23.570000000000885,138.39719836862244,0.004547819440438031,0.011189107485581308,0.006221909673649246,0.0015985712238491107
23.580000000000886,138.6480596290127,0.004841554961733958,0.01139129905640077,0.006334240492823427,0.001653148786760903
23.590000000000888,139.53148284063502,0.005097000150752613,0.011586557398141947,0.006408501020908074,0.001704575854728401
23.60000000000089,140.14160631178208,0.00530930901797848,0.011777255335440377,0.0064614600279629935,0.001752588232038447
23.61000000000089,144.8579724618492,0.005642472656011961,0.011965809908049305,0.0065099570750453434,0.0017969451628490436
23.620000000000893,147.78131716153,0.005993522560327797,0.012154292637257102,0.006566026270602624,0.0018374323097017024
23.630000000000894,147.71403625012516,0.006284517004324697,0.012344254586527648,0.006636398567202294,0.001873868327817298
23.640000000000896,144.82531726988142,0.006495519689548743,0.012536438351796561,0.006753482223291581,0.0019061108391845226
23.650000000000897,139.60792336223588,0.006609647290820867,0.012730850772277431,0.006866832244465224,0.0019340569296660854
23.6600000000009,133.91208981374734,0.006613842567716331,0.012926968257113728,0.006960403996753042,0.0019576405869863346
23.6700000000009,134.095838354276,0.006499943666357977,0.013123466940698308,0.0070299733085116695,0.00197683167448945
23.680000000000902,134.2343994988238,0.006265425336955117,0.013318362393413429,0.007073941741861422,0.001991625432643683
23.690000000000904,134.41383322280146,0.0059138597028097475,0.013509178934902454,0.007094122581204395,0.0020020569029438615
23.700000000000905,134.6746961718385,0.005455139842778882,0.013692991515124587,0.007094983174178773,0.0020081913735056195
23.710000000000907,135.00660461379653,0.004905377942537898,0.013866975380583398,0.007119828093612188,0.0020101167238026755
23.72000000000091,135.39495469584813,0.004721816146431585,0.014028954166478742,0.007140779511806758,0.002007938856823791
23.73000000000091,135.73036574913425,0.004612908651883979,0.014190321113864764,0.007143424351613322,0.002001782297692945
23.74000000000091,135.89385065675182,0.004357870862695225,0.014572777013746383,0.007122860356815387,0.0019917914512493705
23.750000000000913,136.38059126898304,0.003968919341127016,0.014946683938718779,0.007076510447715946,0.0019781280361012227
23.760000000000915,139.29780769081822,0.0034661587681214254,0.015312533332873331,0.007005003763357457,0.0019609665452410196
23.770000000000916,141.24273544425787,0.002876157510030813,0.0156711030181206,0.006911902683397637,0.0019404931403310059
23.780000000000918,141.63367495114693,0.0022744522840350157,0.016022786169144005,0.0068025468718425856,0.0019169091528848184
23.79000000000092,140.3219219529232,0.0019505732184803045,0.01636753991746106,0.006682559955478399,0.0018904342972492244
23.80000000000092,137.33643115304628,0.0016469580899427178,0.016705191918072352,0.006576883587196799,0.0018613051723351851
23.810000000000922,139.23941732589475,0.0013666558813949282,0.017035510707333144,0.0064704110491866015,0.0018297708052920562
23.820000000000924,141.2037853594508,0.0014059913883977977,0.017358090468846742,0.006346216134437057,0.0017960903776222494
23.830000000000926,141.6838463821682,0.0016510345919837099,0.01767184562386166,0.006205914041694454,0.001760534487445504
23.840000000000927,140.40915238681555,0.001840788913145854,0.01797515097556209,0.0061472785046877,0.0017233856822933275
23.85000000000093,137.18530824562114,0.0019704684943907457,0.018265907677296706,0.006306154162622264,0.001720171119385928
23.86000000000093,134.22475290660125,0.0020371675403756035,0.01854199804140077,0.006526768362759376,0.001780976404992511
23.870000000000932,136.5768473689549,0.002041175641342042,0.018801664685521784,0.006709629008455893,0.0018405318347805213
23.880000000000933,138.55315895279844,0.00198668494277192,0.01904305121965741,0.006883707163995469,0.0018986508753590175
23.890000000000935,140.1083079160614,0.0018822337131470823,0.01926402382705537,0.007106417219813056,0.0019551488184987916
23.900000000000936,141.22337826425328,0.0020097988671841974,0.019462778611744988,0.00749414971999952,0.0020098360229468385
23.910000000000938,142.83289532466043,0.002164805124354212,0.019638189144810695,0.007890054450827534,0.002062521381232655
23.92000000000094,152.03480191573564,0.002303926166777084,0.01978991685862687,0.008269063911373005,0.0021130192746539583
23.93000000000094,158.09869640566728,0.0024160707673676076,0.019918290691280174,0.008628925108814425,0.002161149723285185
23.940000000000943,160.3189823197882,0.002492499705799213,0.02002388584701106,0.008967527367605288,0.002206733995372302
23.950000000000944,158.4676751843804,0.002528529516686344,0.020107228727019876,0.009282932578789094,0.0022495948522008396
23.960000000000946,153.0299210974113,0.0025246330712121166,0.020168735569363116,0.009573398276760736,0.0022895618075656488
23.970000000000947,144.99759367852386,0.0024870751506561053,0.020208673215581743,0.00983739192122536,0.0023264729729509104
23.98000000000095,137.5788620377567,0.0024275065448759597,0.020227111235289533,0.010073603483545938,0.0023601710149604668
23.99000000000095,135.4989533395104,0.0023613055518744643,0.020224219505838262,0.010280955705539349,0.002390500918388891
24.000000000000952,136.85023234710584,0.0023058560740004067,0.020200377404048477,0.010458606928161314,0.0024173137457473236
24.010000000000954,144.38583125523934,0.0023593659406337393,0.02015569666227569,0.010605947363696982,0.0024404699853690006
24.020000000000955,151.56311926607665,0.0027207266170981253,0.020089757583879472,0.010722591991550559,0.002459838022877975
24.030000000000957,155.66890598783414,0.0030854782516451518,0.020001866053063106,0.010808371211215896,0.00247529382245142
24.04000000000096,157.21995087820036,0.003439286194728089,0.019891470738155878,0.010863320457395279,0.002486726261102256
24.05000000000096,155.97779880215833,0.003770884471264518,0.019758457991484728,0.010887668851819956,0.0024940407787733153
24.06000000000096,152.230012550266,0.004072466447306486,0.019603209458618324,0.01088199455105792,0.0024971545619378887
24.070000000000963,146.4913856571741,0.004339718845875904,0.019426336107074442,0.010846767686174007,0.002495990508034599
24.080000000000965,145.396301201789,0.004571083674803102,0.019228395686486495,0.01078264240860906,0.0024904806131037377
24.090000000000966,146.9553830420459,0.00476658111602636,0.019009643900346054,0.010690488822019959,0.002480574771817245
24.100000000000968,147.42943694381097,0.004926862706212856,0.018769899554934775,0.010571308301805376,0.0024662417707794018
24.11000000000097,146.74218248371855,0.005052258142067802,0.01850885404637927,0.010426610169021005,0.0024474615405605353
24.12000000000097,144.9069092032584,0.005311117888054106,0.018226536774025557,0.010460761708291093,0.002424222396757264
24.130000000000972,148.70770258126123,0.00557086183908034,0.017923653557487138,0.010463090754879105,0.0023965293008091203
24.140000000000974,153.4522170686091,0.0057416024488355375,0.017601252038737716,0.010432871306849171,0.002364410315501855
24.150000000000976,156.29192716909205,0.005810234492664267,0.017260004754864135,0.010369574374602824,0.0023279099119205165
24.160000000000977,156.7919803719645,0.00576874066229553,0.016900229013961987,0.010272878996901333,0.0022870790599734763
24.17000000000098,154.62024320244487,0.0056148867454044755,0.01652199706162483,0.01014268158877813,0.0022419786070330596
24.18000000000098,149.62208296241892,0.005352391152860143,0.016124804760486725,0.00997910242276387,0.002192692267141399
24.190000000000982,142.24035856951576,0.004990700326921303,0.0157078497765878,0.009782490851143967,0.00213933021288785
24.200000000000983,142.0746916291756,0.004544127454725238,0.01527073401413208,0.009553428094043095,0.0020820182066423605
24.210000000000985,142.3269902474776,0.004030649298934274,0.014813700565264603,0.009292725142897657,0.002020888668882289
24.220000000000987,142.82042156127994,0.003471024928751904,0.014337654746349012,0.009001418035642935,0.0019560860162995703
24.230000000000988,143.53896405193817,0.0034959560062295465,0.013844097456939881,0.008680761907107183,0.0018877758382617308
24.24000000000099,145.62254864716547,0.0036722827061109234,0.013334818635545491,0.00833222092995358,0.001816141469120943
24.25000000000099,146.3911973731353,0.0037167666586371767,0.012811679442259256,0.007957565132086964,0.001741371636551775
24.260000000000993,145.66671257849185,0.0036163928538264075,0.012276406024041264,0.007558505487422897,0.001663657427868963
24.270000000000994,143.4002328533804,0.0033680607367148844,0.011730445404516891,0.007137015188259187,0.0015832021766824707
24.280000000000996,140.34901680452754,0.0029789140213707537,0.011175085208995798,0.0066952470363907945,0.0015002269873797762
24.290000000000997,140.20373388564653,0.0024660118780358716,0.010611543161802782,0.006235481351938222,0.0014149611927738116
24.300000000001,139.81481957446303,0.001855445128247281,0.010040736307469393,0.0057601053011089275,0.0013276305035998116
24.310000000001,139.12873811853888,0.0011802966533552635,0.00946320614960041,0.005271592255795427,0.001238458388142202
24.320000000001002,138.0917722038383,0.0014274014620054495,0.00887910607227196,0.004772479913626039,0.0011476751928516616
24.330000000001004,136.6614204050957,0.0016312684824802426,0.008288906186536995,0.004353317533727993,0.001055519015979257
24.340000000001005,134.81713662778577,0.0017841830261403008,0.00769326494778131,0.004130589866158591,0.0009771642024544733
24.350000000001007,132.94875551987755,0.0018844223857220285,0.007093140874778829,0.003903210179972822,0.000969154610514591
24.36000000000101,134.44949072785622,0.0022815598857405667,0.006489898290740575,0.003697053827083578,0.000994937955846611
24.37000000000101,134.92015898168862,0.002623467559743541,0.005885557741354276,0.0038183673474825744,0.001075702442954444
24.38000000000101,134.20281702117896,0.0028373403518933116,0.005282836116255811,0.003852887807407978,0.0010881243873649574
24.390000000001013,132.28966164204357,0.002924504779830538,0.004684868111354015,0.0037217558516199935,0.0010357011342794359
24.400000000001015,132.59121028078715,0.0028943397771233437,0.004094868251331448,0.0034158472537003893,0.0009262757843213917
24.410000000001016,133.59840388758204,0.002763108340618061,0.0035157476265144736,0.0032479645340933324,0.0008674575250570914
24.420000000001018,134.20518240964086,0.002552690794599287,0.0031991549184313215,0.0032802233710398296,0.0008406049937642646
24.43000000000102,134.4431401323106,0.002436950172695111,0.0030999528428673653,0.0032954676356267494,0.0008107894747063168
24.44000000000102,135.58666637493448,0.0024291513095374907,0.002998130536186165,0.003432355799433439,0.000778030295113927
24.450000000001022,138.13003765309443,0.00256546283650578,0.0028923019411749686,0.0035757403566746464,0.0007423772594847459
24.460000000001024,139.47484495225078,0.0026899846130950087,0.002781097593353024,0.0037040064791045856,0.0008146389219242829
24.470000000001026,139.5643457443,0.002779735900962449,0.0026628924724895206,0.003815612020736943,0.0008624283470215628
24.480000000001027,138.49183806850945,0.002824008726155299,0.002536030750635961,0.003909150788681294,0.0008566057674916165
24.49000000000103,136.4746864539692,0.002813538455447615,0.002399080806110289,0.003983375250317937,0.0007928919882872409
24.50000000000103,133.8088546406386,0.002741585564180861,0.002250927622019327,0.004037212537512676,0.0007752981952050622
24.510000000001032,132.41729027218747,0.002605088709938646,0.0020907986883911887,0.004069984324239466,0.0007913730975316341
24.520000000001033,133.4119740136908,0.002405575072960537,0.0019181011089801604,0.004080752197076938,0.0008036102282919543
24.530000000001035,135.32473476084206,0.0023797584320997397,0.002319070290218062,0.004068997340813516,0.0008120934666760147
24.540000000001037,136.7350030754512,0.0026893773596637625,0.0027125895992917335,0.004247711282158628,0.0008483978201780828
24.550000000001038,139.35061508020294,0.0029826398993947796,0.0030919125010313428,0.0044160678947237995,0.0009160611336588359
24.56000000000104,141.9011264901039,0.0032501942480345864,0.003456875845406559,0.0045580459222561405,0.0009805259980025704
24.57000000000104,143.77854849636032,0.00348655684601237,0.003807605959519108,0.004674239514787804,0.001041687454385218
24.580000000001043,144.86796897543954,0.003689944642982202,0.004144793207474374,0.004765383040388597,0.0010994513872210404
24.590000000001044,145.10496686908525,0.003861289189342974,0.004469169306862249,0.00483234175781123,0.001153733675463641
24.600000000001046,144.47019892314478,0.004003133916322129,0.004781059272679203,0.004876143723617596,0.0012099157950112797
24.610000000001047,142.99869668407268,0.004335927349030917,0.0050804420298579955,0.004897939969592183,0.0012647868711166813
24.62000000000105,140.7923629190836,0.004622656831257938,0.005367211533997947,0.005120360808839133,0.0013165272454165895
24.63000000000105,138.01326858334548,0.00483673808972005,0.00564155229325297,0.00530884187373115,0.0013650476950679256
24.640000000001052,134.86210377130294,0.0049682340025829835,0.005903875614148997,0.005444848385993666,0.0014102624555083713
24.650000000001054,133.08961472767865,0.0050122271252908,0.00615462886966994,0.005535991424243132,0.0014520876240736577
24.660000000001055,134.60060714571404,0.004968719074845856,0.006394208170694378,0.005594889538759607,0.0014904402097935937
24.670000000001057,134.9374645013646,0.004842285059801763,0.006622778595086985,0.005863572939810456,0.0015252414982911116
24.68000000000106,136.92476160799967,0.00464143925236169,0.0068404410147801095,0.006080091409481435,0.0015564193965159864
24.69000000000106,137.95175493202467,0.0043775374340347594,0.007047431536925926,0.006210586137837995,0.0015839055665989245
24.70000000000106,136.6230295805831,0.004063304838510866,0.0072471289867037025,0.006255430868288969,0.0016076329906293285
24.710000000001063,133.5052423371874,0.0037118308468714048,0.007446394471791214,0.006228648584531379,0.0016275401272845815
24.720000000001065,134.1438162740214,0.0036227872913676172,0.007634880589100399,0.006152631124114545,0.0016435767963793007
24.730000000001066,135.07823915525225,0.003876619614399513,0.007812808938042351,0.0060534233875452655,0.0016557034090612238
24.740000000001068,135.89760677884826,0.004030004350743618,0.007980415532335739,0.005956471416989861,0.0016638864178664034
24.75000000000107,137.37283593351808,0.004077467959006502,0.008138181409045838,0.005901004897696301,0.001668099864845072
24.76000000000107,138.85910218135265,0.004019609436441681,0.00828687017855377,0.005866393108662261,0.0016683323898010786
24.770000000001072,140.14716647362454,0.0040129976684208455,0.008427120784248506,0.005868235646403118,0.0016645882540801402
24.780000000001074,142.54093294741048,0.00411088362880466,0.008559366372840164,0.0058992437405145735,0.0016568796351952445
24.790000000001076,143.64883972071954,0.004067707004992342,0.008684041647003109,0.005934669200179681,0.0016452227482938806
24.800000000001077,143.2611714507217,0.003875301426110575,0.008801562731609319,0.005958666232155119,0.0016296460733629292
24.81000000000108,141.35645978795094,0.0035346782493139352,0.00891234312946751,0.0059521574935125065,0.0016102000397993854
24.82000000000108,139.63586726403668,0.0030566354827038507,0.009016960814733981,0.005899200893202026,0.0015869542772272106
24.830000000001082,137.995690088126,0.0024616091961255876,0.009116172945091818,0.005791904655109215,0.0015599874868776102
24.840000000001083,135.97196199624597,0.0017783971006819883,0.009210797490227709,0.005632670118455842,0.0015293864994914183
24.850000000001085,133.68274641990183,0.0012306148251354113,0.009301709850922034,0.00543376057179362,0.0014952563297562635
24.860000000001087,132.6949709894657,0.0012940204210829037,0.009389907548477266,0.005232079230673545,0.0014577251810676056
24.870000000001088,132.11945021616143,0.0014378014432801089,0.00947646891550923,0.005129573934766611,0.0014169362588159708
24.88000000000109,133.69661008378162,0.0016422358858666987,0.009562187563725857,0.005111953726594612,0.0013730396833354084
24.89000000000109,136.4458933335484,0.002057335854334322,0.009660430303050188,0.005109979711156453,0.0013261981962166462
24.900000000001093,138.92467132955335,0.002507388794708181,0.009765080870063033,0.0050983146306407545,0.0012765984130486089
24.910000000001094,141.0683113700695,0.0028244595516167615,0.009870010046432523,0.005077468939341245,0.0012244498767926318
24.920000000001096,142.82831660657004,0.0030042427387178593,0.009974541115031271,0.0050480104194724,0.00116997253206053
24.930000000001098,144.16252660749913,0.0030527132934154706,0.010078187741356204,0.005010553005078318,0.00111339070347234
24.9400000000011,145.02793656106192,0.0029849385999053926,0.010180557481834877,0.0049657683723268835,0.0010549509982343982
24.9500000000011,145.43951574072395,0.0028230144377761135,0.010281043539929938,0.004914388950411915,0.0009949078639665276
24.960000000001102,145.3195844721147,0.002593478785742354,0.010379157846805591,0.004857184629731794,0.0010623229867232958
24.970000000001104,144.6533690549716,0.0026697872226892835,0.010474767664722115,0.004794936005475765,0.0011317577160970215
24.980000000001105,143.45804189135276,0.0028207126396100936,0.010567726420840893,0.004728430038925741,0.0011987005358668566
24.990000000001107,141.7892469872332,0.002934632255727663,0.01065778455761814,0.004658465103219372,0.0012628569408681533
25.00000000000111,139.74887139795567,0.003001672643265763,0.010744903756157853,0.004822432046181606,0.0013240146619589882
25.01000000000111,141.15062612314227,0.0030128203682715433,0.010829501397145254,0.005000129032217435,0.001382113569109977
25.02000000000111,141.66101989853985,0.002961145387336967,0.010912099448218925,0.005160671673837648,0.0014371454597493895
25.030000000001113,140.93012218030236,0.0028429018182708865,0.01099278044927593,0.0053095138505236,0.0014889996730896296
25.040000000001115,139.0616710103852,0.0029824530831848244,0.0110713320819517,0.005467997542908793,0.0015375298093323695
25.050000000001116,140.1148505418206,0.0032368896597976308,0.011147319267313533,0.005624167716861062,0.0015825056420421086
25.060000000001118,140.9202930593676,0.0034748884435198265,0.011219911356840669,0.005766376829599406,0.0016236195474083708
25.07000000000112,142.24322965007252,0.0036920584731641747,0.011288286092986783,0.005899416641564692,0.0016605906850034454
25.08000000000112,145.00017043959963,0.0038860965682003365,0.011351870731218336,0.006053858502542965,0.0016932323648237494
25.090000000001123,150.91087992600617,0.00410895392344912,0.011410089471453624,0.006224190372917537,0.0017213798372961151
25.100000000001124,155.24248751158305,0.0044561258179671055,0.011462160485985943,0.006358058397767913,0.0017448303197603232
25.110000000001126,156.77300291379382,0.004754840792163042,0.01150728933849305,0.006442084344609577,0.001763396119947311
25.120000000001127,155.71254018842902,0.00498652058662353,0.011545086143618504,0.0064746350219526076,0.001777022928215458
25.13000000000113,152.55320058132614,0.005138267236028286,0.011575701100562292,0.006464140725466623,0.0017858281021935001
25.14000000000113,148.0753346649863,0.005204168462764654,0.011599744377239507,0.006424501853305293,0.001790076206253593
25.150000000001132,145.88501771780162,0.005185445588944832,0.01161805552609492,0.006369778688923194,0.0017901099086760283
25.160000000001133,143.1143378568829,0.005089663334316533,0.01163160512057779,0.006310510006423414,0.0017863178637918546
25.170000000001135,139.9531220668536,0.004929409313438073,0.011641521387348495,0.006257281883745121,0.0017791389045622493
25.180000000001137,138.92637659461082,0.0047204198617293415,0.011648863299089589,0.006235159181066669,0.0017786464042814454
25.190000000001138,138.75814022335112,0.004479706120350129,0.011654171429481957,0.006228502023110282,0.0017758264195850866
25.20000000000114,139.82773719125248,0.0042238076778437494,0.01165736129535948,0.0062147057639384915,0.0017701766173712878
25.21000000000114,140.45195588432478,0.0039668535913546694,0.011658134846237778,0.0061927400166211614,0.0017616409992451511
25.220000000001143,140.62151219840914,0.0037190183662063896,0.01165629985183161,0.00616055078202124,0.0017501964427698079
25.230000000001144,140.2931628555601,0.003485985872415306,0.01165175619415678,0.006115321578582197,0.0017358505412498476
25.240000000001146,142.43054304495064,0.003495258255808831,0.011644489494721527,0.0060597102605332185,0.0017186395527364349
25.250000000001148,144.30238448717216,0.0037917246314416965,0.011634325836393322,0.006011910618796178,0.0016985576838300365
25.26000000000115,145.10755406052985,0.004000802969510087,0.011620597439403524,0.006079483968913285,0.001694630766860251
25.27000000000115,144.4825933624114,0.0041119980712051064,0.011602408122880617,0.006129517780476303,0.0017146150724415424
25.280000000001152,142.29598693478326,0.004119727164192083,0.011580228522638812,0.00616416536018915,0.0017317190371794575
25.290000000001154,139.71295588009147,0.004023752936259381,0.011556232209904808,0.006186832623783506,0.001745766143154286
